qPCR_plate,short_label,cq_well_position,clean_ID
qpcr_pl1,A3_PlDNA9,A03,A3_CviMVP_PlDNA_9_SG_1897_a4e3658f
qpcr_pl1,B3_PlDNA9,B03,B3_CviMVP_PlDNA_9_SG_2073_c2b8621b
qpcr_pl1,C3_PlDNA9,C03,C3_CviMVP_PlDNA_9_SG_2065_727d1736
qpcr_pl1,D3_PlDNA9,D03,D3_CviMVP_PlDNA_9_SG_1230_2ae16b20
qpcr_pl1,E3_PlDNA9,E03,
qpcr_pl1,F3_PlDNA9,F03,F3_CviMVP_PlDNA_9_SG_2099_8f119d72
qpcr_pl1,G3_PlDNA9,G03,G3_CviMVP_PlDNA_9_SG_2095_d4b38e21
qpcr_pl1,H3_PlDNA9,H03,H3_CviMVP_PlDNA_9_SG_1933_203e3d9f
qpcr_pl1,A3_PlDNA9,A04,A3_CviMVP_PlDNA_9_SG_1897_a4e3658f
qpcr_pl1,B3_PlDNA9,B04,B3_CviMVP_PlDNA_9_SG_2073_c2b8621b
qpcr_pl1,C3_PlDNA9,C04,C3_CviMVP_PlDNA_9_SG_2065_727d1736
qpcr_pl1,D3_PlDNA9,D04,D3_CviMVP_PlDNA_9_SG_1230_2ae16b20
qpcr_pl1,E3_PlDNA9,E04,
qpcr_pl1,F3_PlDNA9,F04,F3_CviMVP_PlDNA_9_SG_2099_8f119d72
qpcr_pl1,G3_PlDNA9,G04,G3_CviMVP_PlDNA_9_SG_2095_d4b38e21
qpcr_pl1,H3_PlDNA9,H04,H3_CviMVP_PlDNA_9_SG_1933_203e3d9f
qpcr_pl1,A4_PlDNA9,A05,A4_CviMVP_PlDNA_9_SG_1228_f84802b3
qpcr_pl1,B4_PlDNA9,B05,B4_CviMVP_PlDNA_9_SG.sharedLotterhosPuritz_1770_5603bc09
qpcr_pl1,C4_PlDNA9,C05,C4_CviMVP_PlDNA_9_SG_1149_75628f53
qpcr_pl1,D4_PlDNA9,D05,D4_CviMVP_PlDNA_9_SG_2005_7864d4b8
qpcr_pl1,E4_PlDNA9,E05,E4_CviMVP_PlDNA_9_SG_1595_bc82001d
qpcr_pl1,F4_PlDNA9,F05,F4_CviMVP_PlDNA_9_SG_2086_90eb25bf
qpcr_pl1,G4_PlDNA9,G05,G4_CviMVP_PlDNA_9_SG_1904_a0ecfc23
qpcr_pl1,H4_PlDNA9,H05,H4_CviMVP_PlDNA_9_SG_2026_d4e67cae
qpcr_pl1,A4_PlDNA9,A06,A4_CviMVP_PlDNA_9_SG_1228_f84802b3
qpcr_pl1,B4_PlDNA9,B06,B4_CviMVP_PlDNA_9_SG.sharedLotterhosPuritz_1770_5603bc09
qpcr_pl1,C4_PlDNA9,C06,C4_CviMVP_PlDNA_9_SG_1149_75628f53
qpcr_pl1,D4_PlDNA9,D06,D4_CviMVP_PlDNA_9_SG_2005_7864d4b8
qpcr_pl1,E4_PlDNA9,E06,E4_CviMVP_PlDNA_9_SG_1595_bc82001d
qpcr_pl1,F4_PlDNA9,F06,F4_CviMVP_PlDNA_9_SG_2086_90eb25bf
qpcr_pl1,G4_PlDNA9,G06,G4_CviMVP_PlDNA_9_SG_1904_a0ecfc23
qpcr_pl1,H4_PlDNA9,H06,H4_CviMVP_PlDNA_9_SG_2026_d4e67cae
qpcr_pl1,A5_PlDNA9,A07,A5_CviMVP_PlDNA_9_SG_2051_8fd6c592
qpcr_pl1,B5_PlDNA9,B07,B5_CviMVP_PlDNA_9_SG_1315_bbdc8fb5
qpcr_pl1,C5_PlDNA9,C07,C5_CviMVP_PlDNA_9_SG_1323_be0b8284
qpcr_pl1,D5_PlDNA9,D07,
qpcr_pl1,E5_PlDNA9,E07,
qpcr_pl1,F5_PlDNA9,F07,F5_CviMVP_PlDNA_9_SG.sharedLotterhosPuritz_1507_bc4a0c29
qpcr_pl1,G5_PlDNA9,G07,G5_CviMVP_PlDNA_9_SG_2076_10d3cadc
qpcr_pl1,H5_PlDNA9,H07,
qpcr_pl1,A5_PlDNA9,A08,A5_CviMVP_PlDNA_9_SG_2051_8fd6c592
qpcr_pl1,B5_PlDNA9,B08,B5_CviMVP_PlDNA_9_SG_1315_bbdc8fb5
qpcr_pl1,C5_PlDNA9,C08,C5_CviMVP_PlDNA_9_SG_1323_be0b8284
qpcr_pl1,D5_PlDNA9,D08,
qpcr_pl1,E5_PlDNA9,E08,
qpcr_pl1,F5_PlDNA9,F08,F5_CviMVP_PlDNA_9_SG.sharedLotterhosPuritz_1507_bc4a0c29
qpcr_pl1,G5_PlDNA9,G08,G5_CviMVP_PlDNA_9_SG_2076_10d3cadc
qpcr_pl1,H5_PlDNA9,H08,
qpcr_pl1,A6_PlDNA9,A09,A6_CviMVP_PlDNA_9_SG_2061_4151017c
qpcr_pl1,B6_PlDNA9,B09,B6_CviMVP_PlDNA_9_SG_1975_b2a7e292
qpcr_pl1,C6_PlDNA9,C09,C6_CviMVP_PlDNA_9_SG_2012_f47e7f81
qpcr_pl1,D6_PlDNA9,D09,D6_CviMVP_PlDNA_9_SG_1174_ee66e4d4
qpcr_pl1,E6_PlDNA9,E09,
qpcr_pl1,F6_PlDNA9,F09,
qpcr_pl1,G6_PlDNA9,G09,G6_CviMVP_PlDNA_9_SG_1632_a51500b0
qpcr_pl1,H6_PlDNA9,H09,H6_CviMVP_PlDNA_9_SG_1997_cb99d215
qpcr_pl1,A6_PlDNA9,A10,A6_CviMVP_PlDNA_9_SG_2061_4151017c
qpcr_pl1,B6_PlDNA9,B10,B6_CviMVP_PlDNA_9_SG_1975_b2a7e292
qpcr_pl1,C6_PlDNA9,C10,C6_CviMVP_PlDNA_9_SG_2012_f47e7f81
qpcr_pl1,D6_PlDNA9,D10,D6_CviMVP_PlDNA_9_SG_1174_ee66e4d4
qpcr_pl1,E6_PlDNA9,E10,
qpcr_pl1,F6_PlDNA9,F10,
qpcr_pl1,G6_PlDNA9,G10,G6_CviMVP_PlDNA_9_SG_1632_a51500b0
qpcr_pl1,H6_PlDNA9,H10,H6_CviMVP_PlDNA_9_SG_1997_cb99d215
qpcr_pl1,A7_PlDNA9,A11,A7_CviMVP_PlDNA_9_SG_1989_45751c77
qpcr_pl1,B7_PlDNA9,B11,B7_CviMVP_PlDNA_9_SG_1941_5582645b
qpcr_pl1,C7_PlDNA9,C11,
qpcr_pl1,D7_PlDNA9,D11,
qpcr_pl1,A7_PlDNA9,A11,A7_CviMVP_PlDNA_9_SG_1989_45751c77
qpcr_pl1,B7_PlDNA9,B12,B7_CviMVP_PlDNA_9_SG_1941_5582645b
qpcr_pl1,C7_PlDNA9,C12,
qpcr_pl1,D7_PlDNA9,D12,
qpcr_pl2,A3_PlDNA10,A03,A3_CviMVP_PlDNA_10_SG_2036_b141fc51
qpcr_pl2,B3_PlDNA10,B03,B3_CviMVP_PlDNA_10_SG_2071_b4afd129
qpcr_pl2,C3_PlDNA10,C03,C3_CviMVP_PlDNA_10_SG_2058_1f9da7a1
qpcr_pl2,D3_PlDNA10,D03,D3_CviMVP_PlDNA_10_SG_1117_78a75902
qpcr_pl2,E3_PlDNA10,E03,E3_CviMVP_PlDNA_10_SG_1367_848f0492
qpcr_pl2,F3_PlDNA10,F03,F3_CviMVP_PlDNA_10_SG.sharedLotterhosPuritz_1724_dfa791d5
qpcr_pl2,G3_PlDNA10,G03,G3_CviMVP_PlDNA_10_SG_1067_8d996fb4
qpcr_pl2,H3_PlDNA10,H03,H3_CviMVP_PlDNA_10_SG_1621_537d3b67
qpcr_pl2,A3_PlDNA10,A04,A3_CviMVP_PlDNA_10_SG_2036_b141fc51
qpcr_pl2,B3_PlDNA10,B04,B3_CviMVP_PlDNA_10_SG_2071_b4afd129
qpcr_pl2,C3_PlDNA10,C04,C3_CviMVP_PlDNA_10_SG_2058_1f9da7a1
qpcr_pl2,D3_PlDNA10,D04,D3_CviMVP_PlDNA_10_SG_1117_78a75902
qpcr_pl2,E3_PlDNA10,E04,E3_CviMVP_PlDNA_10_SG_1367_848f0492
qpcr_pl2,F3_PlDNA10,F04,F3_CviMVP_PlDNA_10_SG.sharedLotterhosPuritz_1724_dfa791d5
qpcr_pl2,G3_PlDNA10,G04,G3_CviMVP_PlDNA_10_SG_1067_8d996fb4
qpcr_pl2,H3_PlDNA10,H04,H3_CviMVP_PlDNA_10_SG_1621_537d3b67
qpcr_pl2,A4_PlDNA10,A05,A4_CviMVP_PlDNA_10_SG_1556_e491b857
qpcr_pl2,B4_PlDNA10,B05,B4_CviMVP_PlDNA_10_SG.sharedLotterhosPuritz_3054_b35976e5
qpcr_pl2,C4_PlDNA10,C05,C4_CviMVP_PlDNA_10_SG_1681_f4ee8856
qpcr_pl2,D4_PlDNA10,D05,D4_CviMVP_PlDNA_10_SG_2022_fe5dd5e1
qpcr_pl2,E4_PlDNA10,E05,E4_CviMVP_PlDNA_10_SG_2024_45ef0038
qpcr_pl2,F4_PlDNA10,F05,F4_CviMVP_PlDNA_10_SG_1417_d4db5fe7
qpcr_pl2,G4_PlDNA10,G05,G4_CviMVP_PlDNA_10_SG_1333_3ba1aeca
qpcr_pl2,H4_PlDNA10,H05,H4_CviMVP_PlDNA_10_SG_2075_7ce89a58
qpcr_pl2,A4_PlDNA10,A06,A4_CviMVP_PlDNA_10_SG_1556_e491b857
qpcr_pl2,B4_PlDNA10,B06,B4_CviMVP_PlDNA_10_SG.sharedLotterhosPuritz_3054_b35976e5
qpcr_pl2,C4_PlDNA10,C06,C4_CviMVP_PlDNA_10_SG_1681_f4ee8856
qpcr_pl2,D4_PlDNA10,D06,D4_CviMVP_PlDNA_10_SG_2022_fe5dd5e1
qpcr_pl2,E4_PlDNA10,E06,E4_CviMVP_PlDNA_10_SG_2024_45ef0038
qpcr_pl2,F4_PlDNA10,F06,F4_CviMVP_PlDNA_10_SG_1417_d4db5fe7
qpcr_pl2,G4_PlDNA10,G06,G4_CviMVP_PlDNA_10_SG_1333_3ba1aeca
qpcr_pl2,H4_PlDNA10,H06,H4_CviMVP_PlDNA_10_SG_2075_7ce89a58
qpcr_pl2,A5_PlDNA10,A07,A5_CviMVP_PlDNA_10_SG_2053_a99d49c4
qpcr_pl2,B5_PlDNA10,B07,B5_CviMVP_PlDNA_10_SG_1158_3bbb4b81
qpcr_pl2,C5_PlDNA10,C07,C5_CviMVP_PlDNA_10_SG_1888_a831e64b
qpcr_pl2,D5_PlDNA10,D07,D5_CviMVP_PlDNA_10_SG_2025_5bd16ce4
qpcr_pl2,E5_PlDNA10,E07,E5_CviMVP_PlDNA_10_SG_1456_68650f46
qpcr_pl2,F5_PlDNA10,F07,F5_CviMVP_PlDNA_10_SG_2094_02a78116
qpcr_pl2,G5_PlDNA10,G07,G5_CviMVP_PlDNA_10_SG_1466_596c2168
qpcr_pl2,H5_PlDNA10,H07,H5_CviMVP_PlDNA_10_SG_2078_b8a33fcd
qpcr_pl2,A5_PlDNA10,A08,A5_CviMVP_PlDNA_10_SG_2053_a99d49c4
qpcr_pl2,B5_PlDNA10,B08,B5_CviMVP_PlDNA_10_SG_1158_3bbb4b81
qpcr_pl2,C5_PlDNA10,C08,C5_CviMVP_PlDNA_10_SG_1888_a831e64b
qpcr_pl2,D5_PlDNA10,D08,D5_CviMVP_PlDNA_10_SG_2025_5bd16ce4
qpcr_pl2,E5_PlDNA10,E08,E5_CviMVP_PlDNA_10_SG_1456_68650f46
qpcr_pl2,F5_PlDNA10,F08,F5_CviMVP_PlDNA_10_SG_2094_02a78116
qpcr_pl2,G5_PlDNA10,G08,G5_CviMVP_PlDNA_10_SG_1466_596c2168
qpcr_pl2,H5_PlDNA10,H08,H5_CviMVP_PlDNA_10_SG_2078_b8a33fcd
qpcr_pl2,A6_PlDNA10,A09,A6_CviMVP_PlDNA_10_SG.sharedLotterhosPuritz_1743_a99589c6
qpcr_pl2,B6_PlDNA10,B09,B6_CviMVP_PlDNA_10_SG_1834_e5dca67e
qpcr_pl2,C6_PlDNA10,C09,C6_CviMVP_PlDNA_10_SG_1188_d3bbc7d3
qpcr_pl2,D6_PlDNA10,D09,D6_CviMVP_PlDNA_10_SG_2067_ad481849
qpcr_pl2,E6_PlDNA10,E09,E6_CviMVP_PlDNA_10_SG_1449_a339503d
qpcr_pl2,F6_PlDNA10,F09,F6_CviMVP_PlDNA_10_SG_2047_b1ff69b8
qpcr_pl2,G6_PlDNA10,G09,G6_CviMVP_PlDNA_10_SG_1042_f25060f5
qpcr_pl2,H6_PlDNA10,H09,H6_CviMVP_PlDNA_10_SG_2063_47fa25a7
qpcr_pl2,A6_PlDNA10,A10,A6_CviMVP_PlDNA_10_SG.sharedLotterhosPuritz_1743_a99589c6
qpcr_pl2,B6_PlDNA10,B10,B6_CviMVP_PlDNA_10_SG_1834_e5dca67e
qpcr_pl2,C6_PlDNA10,C10,C6_CviMVP_PlDNA_10_SG_1188_d3bbc7d3
qpcr_pl2,D6_PlDNA10,D10,D6_CviMVP_PlDNA_10_SG_2067_ad481849
qpcr_pl2,E6_PlDNA10,E10,E6_CviMVP_PlDNA_10_SG_1449_a339503d
qpcr_pl2,F6_PlDNA10,F10,F6_CviMVP_PlDNA_10_SG_2047_b1ff69b8
qpcr_pl2,G6_PlDNA10,G10,G6_CviMVP_PlDNA_10_SG_1042_f25060f5
qpcr_pl2,H6_PlDNA10,H10,H6_CviMVP_PlDNA_10_SG_2063_47fa25a7
qpcr_pl2,A7_PlDNA10,B11,A7_CviMVP_PlDNA_10_SG_2070_a576a0fa
qpcr_pl2,B7_PlDNA10,C11,B7_CviMVP_PlDNA_10_SG_2027_40c79c0d
qpcr_pl2,C7_PlDNA10,D11,C7_CviMVP_PlDNA_10_SG_1994_84a84701
qpcr_pl2,D7_PlDNA10,E11,D7_CviMVP_PlDNA_10_SG_1382_c71a858c
qpcr_pl2,E7_PlDNA10,F11,E7_CviMVP_PlDNA_10_SG_1907_e2ee8f04
qpcr_pl2,A7_PlDNA10,B12,A7_CviMVP_PlDNA_10_SG_2070_a576a0fa
qpcr_pl2,B7_PlDNA10,C12,B7_CviMVP_PlDNA_10_SG_2027_40c79c0d
qpcr_pl2,C7_PlDNA10,D12,C7_CviMVP_PlDNA_10_SG_1994_84a84701
qpcr_pl2,D7_PlDNA10,E12,D7_CviMVP_PlDNA_10_SG_1382_c71a858c
qpcr_pl2,E7_PlDNA10,F12,E7_CviMVP_PlDNA_10_SG_1907_e2ee8f04
qpcr_pl3,A8_PlDNA5,A03,A8_CviMVP_PlDNA_5_SG_1240_5c86242a
qpcr_pl3,B8_PlDNA5,B03,B8_CviMVP_PlDNA_5_SG_1558_fba7a623
qpcr_pl3,C8_PlDNA5,C03,C8_CviMVP_PlDNA_5_SG_1177_84b10c5a
qpcr_pl3,D8_PlDNA5,D03,D8_CviMVP_PlDNA_5_SG.sharedLotterhosPuritz_1850_dfd894f5
qpcr_pl3,E8_PlDNA5,E03,E8_CviMVP_PlDNA_5_SG_1555_8dbba465
qpcr_pl3,F8_PlDNA5,F03,F8_CviMVP_PlDNA_5_SG_1236_d423013f
qpcr_pl3,G8_PlDNA5,G03,G8_CviMVP_PlDNA_5_SG_1347_6fd02556
qpcr_pl3,H8_PlDNA5,H03,H8_CviMVP_PlDNA_5_SG.sharedLotterhosPuritz_1776_3c0d0ba6
qpcr_pl3,A8_PlDNA5,A04,A8_CviMVP_PlDNA_5_SG_1240_5c86242a
qpcr_pl3,B8_PlDNA5,B04,B8_CviMVP_PlDNA_5_SG_1558_fba7a623
qpcr_pl3,C8_PlDNA5,C04,C8_CviMVP_PlDNA_5_SG_1177_84b10c5a
qpcr_pl3,D8_PlDNA5,D04,D8_CviMVP_PlDNA_5_SG.sharedLotterhosPuritz_1850_dfd894f5
qpcr_pl3,E8_PlDNA5,E04,E8_CviMVP_PlDNA_5_SG_1555_8dbba465
qpcr_pl3,F8_PlDNA5,F04,F8_CviMVP_PlDNA_5_SG_1236_d423013f
qpcr_pl3,G8_PlDNA5,G04,G8_CviMVP_PlDNA_5_SG_1347_6fd02556
qpcr_pl3,H8_PlDNA5,H04,H8_CviMVP_PlDNA_5_SG.sharedLotterhosPuritz_1776_3c0d0ba6
qpcr_pl3,A10_PlDNA5,A05,A10_CviMVP_PlDNA_5_SG.sharedLotterhosPuritz_3010_78670ac9
qpcr_pl3,B10_PlDNA5,B05,B10_CviMVP_PlDNA_5_SG_1037_baf65a49
qpcr_pl3,C10_PlDNA5,C05,C10_CviMVP_PlDNA_5_SG_1699_ba3f6196
qpcr_pl3,D10_PlDNA5,D05,D10_CviMVP_PlDNA_5_SG_1673_65fa18bf
qpcr_pl3,E10_PlDNA5,E05,E10_CviMVP_PlDNA_5_SG_1339_2f706811
qpcr_pl3,F10_PlDNA5,F05,F10_CviMVP_PlDNA_5_SG_1140_2d92ccfe
qpcr_pl3,G10_PlDNA5,G05,G10_CviMVP_PlDNA_5_SG_1680_659f75bd
qpcr_pl3,H10_PlDNA5,H05,H10_CviMVP_PlDNA_5_SG_1420_9ee80cac
qpcr_pl3,A10_PlDNA5,A06,A10_CviMVP_PlDNA_5_SG.sharedLotterhosPuritz_3010_78670ac9
qpcr_pl3,B10_PlDNA5,B06,B10_CviMVP_PlDNA_5_SG_1037_baf65a49
qpcr_pl3,C10_PlDNA5,C06,C10_CviMVP_PlDNA_5_SG_1699_ba3f6196
qpcr_pl3,D10_PlDNA5,D06,D10_CviMVP_PlDNA_5_SG_1673_65fa18bf
qpcr_pl3,E10_PlDNA5,E06,E10_CviMVP_PlDNA_5_SG_1339_2f706811
qpcr_pl3,F10_PlDNA5,F06,F10_CviMVP_PlDNA_5_SG_1140_2d92ccfe
qpcr_pl3,G10_PlDNA5,G06,G10_CviMVP_PlDNA_5_SG_1680_659f75bd
qpcr_pl3,H10_PlDNA5,H06,H10_CviMVP_PlDNA_5_SG_1420_9ee80cac
qpcr_pl3,A11_PlDNA5,A07,A11_CviMVP_PlDNA_5_SG.sharedLotterhosPuritz_3026_80be4f10
qpcr_pl3,B11_PlDNA5,B07,B11_CviMVP_PlDNA_5_SG.sharedLotterhosPuritz_3035_b56ac115
qpcr_pl3,C11_PlDNA5,C07,C11_CviMVP_PlDNA_5_SG.sharedLotterhosPuritz_1853_a4196b8b
qpcr_pl3,D11_PlDNA5,D07,D11_CviMVP_PlDNA_5_SG.sharedLotterhosPuritz_1523_b1a44415
qpcr_pl3,E11_PlDNA5,E07,E11_CviMVP_PlDNA_5_SG_1084_5795889f
qpcr_pl3,F11_PlDNA5,F07,
qpcr_pl3,G11_PlDNA5,G07,G11_CviMVP_PlDNA_5_SG_1803_645f7974
qpcr_pl3,H11_PlDNA5,H07,H11_CviMVP_PlDNA_5_SG_1288_67942cfd
qpcr_pl3,A11_PlDNA5,A08,A11_CviMVP_PlDNA_5_SG.sharedLotterhosPuritz_3026_80be4f10
qpcr_pl3,B11_PlDNA5,B08,B11_CviMVP_PlDNA_5_SG.sharedLotterhosPuritz_3035_b56ac115
qpcr_pl3,C11_PlDNA5,C08,C11_CviMVP_PlDNA_5_SG.sharedLotterhosPuritz_1853_a4196b8b
qpcr_pl3,D11_PlDNA5,D08,D11_CviMVP_PlDNA_5_SG.sharedLotterhosPuritz_1523_b1a44415
qpcr_pl3,E11_PlDNA5,E08,E11_CviMVP_PlDNA_5_SG_1084_5795889f
qpcr_pl3,F11_PlDNA5,F08,
qpcr_pl3,G11_PlDNA5,G08,G11_CviMVP_PlDNA_5_SG_1803_645f7974
qpcr_pl3,H11_PlDNA5,H08,H11_CviMVP_PlDNA_5_SG_1288_67942cfd
qpcr_pl3,A12_PlDNA5,A09,A12_CviMVP_PlDNA_5_SG_1825_b3a90178
qpcr_pl3,A9_PlDNA5,B09,A9_CviMVP_PlDNA_5_SG_1659_12a25bac
qpcr_pl3,C12_PlDNA5,C09,C12_CviMVP_PlDNA_5_SG_1348_b189398c
qpcr_pl3,D12_PlDNA5,D09,D12_CviMVP_PlDNA_5_SG.sharedLotterhosPuritz_1856_c5dc6416
qpcr_pl3,E12_PlDNA5,E09,E12_CviMVP_PlDNA_5_SG_1185_aba5efd7
qpcr_pl3,F12_PlDNA5,F09,F12_CviMVP_PlDNA_5_SG_1564_9305f148
qpcr_pl3,G12_PlDNA5,G09,G12_CviMVP_PlDNA_5_SG.sharedLotterhosPuritz_1860_6b3c9694
qpcr_pl3,H12_PlDNA5,H09,H12_CviMVP_PlDNA_5_SG_1370_ad268e37
qpcr_pl3,A12_PlDNA5,A10,A12_CviMVP_PlDNA_5_SG_1825_b3a90178
qpcr_pl3,A9_PlDNA5,B10,A9_CviMVP_PlDNA_5_SG_1659_12a25bac
qpcr_pl3,C12_PlDNA5,C10,C12_CviMVP_PlDNA_5_SG_1348_b189398c
qpcr_pl3,D12_PlDNA5,D10,D12_CviMVP_PlDNA_5_SG.sharedLotterhosPuritz_1856_c5dc6416
qpcr_pl3,E12_PlDNA5,E10,E12_CviMVP_PlDNA_5_SG_1185_aba5efd7
qpcr_pl3,F12_PlDNA5,F10,F12_CviMVP_PlDNA_5_SG_1564_9305f148
qpcr_pl3,G12_PlDNA5,G10,G12_CviMVP_PlDNA_5_SG.sharedLotterhosPuritz_1860_6b3c9694
qpcr_pl3,H12_PlDNA5,H10,H12_CviMVP_PlDNA_5_SG_1370_ad268e37
qpcr_pl3,D7_PlDNA5,B11,D7_CviMVP_PlDNA_5_SG_1796_1ba8d3a0
qpcr_pl3,E7_PlDNA5,C11,E7_CviMVP_PlDNA_5_SG_1916_b4df3bc3
qpcr_pl3,F7_PlDNA5,D11,F7_CviMVP_PlDNA_5_SG_1354_541bb3b2
qpcr_pl3,G7_PlDNA5,E11,G7_CviMVP_PlDNA_5_SG.sharedLotterhosPuritz_1537_b0ca9a64
qpcr_pl3,H7_PlDNA5,F11,H7_CviMVP_PlDNA_5_SG_1790_4da0737e
qpcr_pl3,D7_PlDNA5,B12,D7_CviMVP_PlDNA_5_SG_1796_1ba8d3a0
qpcr_pl3,E7_PlDNA5,C12,E7_CviMVP_PlDNA_5_SG_1916_b4df3bc3
qpcr_pl3,F7_PlDNA5,D12,F7_CviMVP_PlDNA_5_SG_1354_541bb3b2
qpcr_pl3,G7_PlDNA5,E12,G7_CviMVP_PlDNA_5_SG.sharedLotterhosPuritz_1537_b0ca9a64
qpcr_pl3,H7_PlDNA5,F12,H7_CviMVP_PlDNA_5_SG_1790_4da0737e
qpcr_pl4,A1_PlDNA8,A03,A1_CviMVP_PlDNA_8_SG_1704_5a1dbe6d
qpcr_pl4,B1_PlDNA8,B03,B1_CviMVP_PlDNA_8_SG_1963_eb235ee9
qpcr_pl4,C1_PlDNA8,C03,C1_CviMVP_PlDNA_8_SG_1435_7dd409da
qpcr_pl4,D1_PlDNA8,D03,D1_CviMVP_PlDNA_8_SG_1094_dbbaa94b
qpcr_pl4,E1_PlDNA8,E03,E1_CviMVP_PlDNA_8_SG_1950_7393d075
qpcr_pl4,F1_PlDNA8,F03,F1_CviMVP_PlDNA_8_SG.sharedLotterhosPuritz_1535_190eee14
qpcr_pl4,G1_PlDNA8,G03,G1_CviMVP_PlDNA_8_SG.sharedLotterhosPuritz_3018_0816a7c7
qpcr_pl4,H1_PlDNA8,H03,H1_CviMVP_PlDNA_8_SG_1946_c72e69f0
qpcr_pl4,A1_PlDNA8,A04,A1_CviMVP_PlDNA_8_SG_1704_5a1dbe6d
qpcr_pl4,B1_PlDNA8,B04,B1_CviMVP_PlDNA_8_SG_1963_eb235ee9
qpcr_pl4,C1_PlDNA8,C04,C1_CviMVP_PlDNA_8_SG_1435_7dd409da
qpcr_pl4,D1_PlDNA8,D04,D1_CviMVP_PlDNA_8_SG_1094_dbbaa94b
qpcr_pl4,E1_PlDNA8,E04,E1_CviMVP_PlDNA_8_SG_1950_7393d075
qpcr_pl4,F1_PlDNA8,F04,F1_CviMVP_PlDNA_8_SG.sharedLotterhosPuritz_1535_190eee14
qpcr_pl4,G1_PlDNA8,G04,G1_CviMVP_PlDNA_8_SG.sharedLotterhosPuritz_3018_0816a7c7
qpcr_pl4,H1_PlDNA8,H04,H1_CviMVP_PlDNA_8_SG_1946_c72e69f0
qpcr_pl4,A2_PlDNA8,A05,A2_CviMVP_PlDNA_8_SG_1620_0699af35
qpcr_pl4,B2_PlDNA8,B05,B2_CviMVP_PlDNA_8_SG_1968_395d59b2
qpcr_pl4,C2_PlDNA8,C05,C2_CviMVP_PlDNA_8_SG_1216_f035d672
qpcr_pl4,D2_PlDNA8,D05,D2_CviMVP_PlDNA_8_SG_1150_d9d44bea
qpcr_pl4,E2_PlDNA8,E05,E2_CviMVP_PlDNA_8_SG_1964_e12c9fad
qpcr_pl4,F2_PlDNA8,F05,F2_CviMVP_PlDNA_8_SG_1875_a48165f7
qpcr_pl4,G2_PlDNA8,G05,G2_CviMVP_PlDNA_8_SG_1987_51f2e064
qpcr_pl4,H2_PlDNA8,H05,H2_CviMVP_PlDNA_8_SG_1817_40830da8
qpcr_pl4,A2_PlDNA8,A06,A2_CviMVP_PlDNA_8_SG_1620_0699af35
qpcr_pl4,B2_PlDNA8,B06,B2_CviMVP_PlDNA_8_SG_1968_395d59b2
qpcr_pl4,C2_PlDNA8,C06,C2_CviMVP_PlDNA_8_SG_1216_f035d672
qpcr_pl4,D2_PlDNA8,D06,D2_CviMVP_PlDNA_8_SG_1150_d9d44bea
qpcr_pl4,E2_PlDNA8,E06,E2_CviMVP_PlDNA_8_SG_1964_e12c9fad
qpcr_pl4,F2_PlDNA8,F06,F2_CviMVP_PlDNA_8_SG_1875_a48165f7
qpcr_pl4,G2_PlDNA8,G06,G2_CviMVP_PlDNA_8_SG_1987_51f2e064
qpcr_pl4,H2_PlDNA8,H06,H2_CviMVP_PlDNA_8_SG_1817_40830da8
qpcr_pl4,A3_PlDNA8,A07,A3_CviMVP_PlDNA_8_SG_1244_e32d6f62
qpcr_pl4,B3_PlDNA8,B07,B3_CviMVP_PlDNA_8_SG_1630_d7ee4a92
qpcr_pl4,C3_PlDNA8,C07,C3_CviMVP_PlDNA_8_SG.sharedLotterhosPuritz_1515_7b4479d6
qpcr_pl4,D3_PlDNA8,D07,D3_CviMVP_PlDNA_8_SG.sharedLotterhosPuritz_3051_0a898d6c
qpcr_pl4,E3_PlDNA8,E07,E3_CviMVP_PlDNA_8_SG_1953_768af66b
qpcr_pl4,F3_PlDNA8,F07,F3_CviMVP_PlDNA_8_SG_1976_e7453abd
qpcr_pl4,G3_PlDNA8,G07,G3_CviMVP_PlDNA_8_SG_1870_e23dc377
qpcr_pl4,H3_PlDNA8,H07,H3_CviMVP_PlDNA_8_SG_1590_6ac21255
qpcr_pl4,A3_PlDNA8,A08,A3_CviMVP_PlDNA_8_SG_1244_e32d6f62
qpcr_pl4,B3_PlDNA8,B08,B3_CviMVP_PlDNA_8_SG_1630_d7ee4a92
qpcr_pl4,C3_PlDNA8,C08,C3_CviMVP_PlDNA_8_SG.sharedLotterhosPuritz_1515_7b4479d6
qpcr_pl4,D3_PlDNA8,D08,D3_CviMVP_PlDNA_8_SG.sharedLotterhosPuritz_3051_0a898d6c
qpcr_pl4,E3_PlDNA8,E08,E3_CviMVP_PlDNA_8_SG_1953_768af66b
qpcr_pl4,F3_PlDNA8,F08,F3_CviMVP_PlDNA_8_SG_1976_e7453abd
qpcr_pl4,G3_PlDNA8,G08,G3_CviMVP_PlDNA_8_SG_1870_e23dc377
qpcr_pl4,H3_PlDNA8,H08,H3_CviMVP_PlDNA_8_SG_1590_6ac21255
qpcr_pl4,A4_PlDNA8,A09,A4_CviMVP_PlDNA_8_SG_1018_d1b93996
qpcr_pl4,B4_PlDNA8,B09,B4_CviMVP_PlDNA_8_SG_1934_cc08ebbc
qpcr_pl4,C4_PlDNA8,C09,C4_CviMVP_PlDNA_8_SG_1960_3357f004
qpcr_pl4,D4_PlDNA8,D09,D4_CviMVP_PlDNA_8_SG_1979_4d9cf09e
qpcr_pl4,E4_PlDNA8,E09,E4_CviMVP_PlDNA_8_SG_1110_fa506746
qpcr_pl4,F4_PlDNA8,F09,F4_CviMVP_PlDNA_8_SG_1413_3470f785
qpcr_pl4,G4_PlDNA8,G09,G4_CviMVP_PlDNA_8_SG_1940_aa240ac0
qpcr_pl4,H4_PlDNA8,H09,H4_CviMVP_PlDNA_8_SG_1978_d8d8fcac
qpcr_pl4,A4_PlDNA8,A10,A4_CviMVP_PlDNA_8_SG_1018_d1b93996
qpcr_pl4,B4_PlDNA8,B10,B4_CviMVP_PlDNA_8_SG_1934_cc08ebbc
qpcr_pl4,C4_PlDNA8,C10,C4_CviMVP_PlDNA_8_SG_1960_3357f004
qpcr_pl4,D4_PlDNA8,D10,D4_CviMVP_PlDNA_8_SG_1979_4d9cf09e
qpcr_pl4,E4_PlDNA8,E10,E4_CviMVP_PlDNA_8_SG_1110_fa506746
qpcr_pl4,F4_PlDNA8,F10,F4_CviMVP_PlDNA_8_SG_1413_3470f785
qpcr_pl4,G4_PlDNA8,G10,G4_CviMVP_PlDNA_8_SG_1940_aa240ac0
qpcr_pl4,H4_PlDNA8,H10,H4_CviMVP_PlDNA_8_SG_1978_d8d8fcac
qpcr_pl4,A5_PlDNA8,B11,A5_CviMVP_PlDNA_8_SG_1193_ce1081da
qpcr_pl4,B5_PlDNA8,C11,B5_CviMVP_PlDNA_8_SG_1915_6081db2b
qpcr_pl4,C5_PlDNA8,D11,C5_CviMVP_PlDNA_8_SG_1469_a4aec96e
qpcr_pl4,D5_PlDNA8,E11,D5_CviMVP_PlDNA_8_SG_1958_1cc13247
qpcr_pl4,E5_PlDNA8,F11,E5_CviMVP_PlDNA_8_SG_1644_56daca75
qpcr_pl4,A5_PlDNA8,B12,A5_CviMVP_PlDNA_8_SG_1193_ce1081da
qpcr_pl4,B5_PlDNA8,C12,B5_CviMVP_PlDNA_8_SG_1915_6081db2b
qpcr_pl4,C5_PlDNA8,D12,C5_CviMVP_PlDNA_8_SG_1469_a4aec96e
qpcr_pl4,D5_PlDNA8,E12,D5_CviMVP_PlDNA_8_SG_1958_1cc13247
qpcr_pl4,E5_PlDNA8,F12,E5_CviMVP_PlDNA_8_SG_1644_56daca75
qpcr_pl5,A6_PlDNA8,A03,A6_CviMVP_PlDNA_8_SG.sharedLotterhosPuritz_1841_a851fd66
qpcr_pl5,B6_PlDNA8,B03,B6_CviMVP_PlDNA_8_SG_1300_44ce9ee3
qpcr_pl5,C6_PlDNA8,C03,C6_CviMVP_PlDNA_8_SG.sharedLotterhosPuritz_1727_ae5c9174
qpcr_pl5,D6_PlDNA8,D03,D6_CviMVP_PlDNA_8_SG_1985_db2b8025
qpcr_pl5,E6_PlDNA8,E03,E6_CviMVP_PlDNA_8_SG_1945_47841aa2
qpcr_pl5,F6_PlDNA8,F03,F6_CviMVP_PlDNA_8_SG_1942_7d9bec89
qpcr_pl5,G6_PlDNA8,G03,G6_CviMVP_PlDNA_8_SG_1683_f7d0048b
qpcr_pl5,H6_PlDNA8,H03,H6_CviMVP_PlDNA_8_SG_1399_2a0af914
qpcr_pl5,A6_PlDNA8,A04,A6_CviMVP_PlDNA_8_SG.sharedLotterhosPuritz_1841_a851fd66
qpcr_pl5,B6_PlDNA8,B04,B6_CviMVP_PlDNA_8_SG_1300_44ce9ee3
qpcr_pl5,C6_PlDNA8,C04,C6_CviMVP_PlDNA_8_SG.sharedLotterhosPuritz_1727_ae5c9174
qpcr_pl5,D6_PlDNA8,D04,D6_CviMVP_PlDNA_8_SG_1985_db2b8025
qpcr_pl5,E6_PlDNA8,E04,E6_CviMVP_PlDNA_8_SG_1945_47841aa2
qpcr_pl5,F6_PlDNA8,F04,F6_CviMVP_PlDNA_8_SG_1942_7d9bec89
qpcr_pl5,G6_PlDNA8,G04,G6_CviMVP_PlDNA_8_SG_1683_f7d0048b
qpcr_pl5,H6_PlDNA8,H04,H6_CviMVP_PlDNA_8_SG_1399_2a0af914
qpcr_pl5,A7_PlDNA8,A05,A7_CviMVP_PlDNA_8_SG_1974_61233be3
qpcr_pl5,B7_PlDNA8,B05,B7_CviMVP_PlDNA_8_SG_1614_19a95902
qpcr_pl5,C7_PlDNA8,C05,C7_CviMVP_PlDNA_8_SG_1192_0fe6e60e
qpcr_pl5,D7_PlDNA8,D05,D7_CviMVP_PlDNA_8_SG.sharedLotterhosPuritz_1501_f7ccf56f
qpcr_pl5,E7_PlDNA8,E05,E7_CviMVP_PlDNA_8_SG_1251_5c726cbb
qpcr_pl5,F7_PlDNA8,F05,F7_CviMVP_PlDNA_8_SG_1966_f8c004b4
qpcr_pl5,G7_PlDNA8,G05,
qpcr_pl5,H7_PlDNA8,H05,H7_CviMVP_PlDNA_8_SG.sharedLotterhosPuritz_1721_65316746
qpcr_pl5,A7_PlDNA8,A06,A7_CviMVP_PlDNA_8_SG_1974_61233be3
qpcr_pl5,B7_PlDNA8,B06,B7_CviMVP_PlDNA_8_SG_1614_19a95902
qpcr_pl5,C7_PlDNA8,C06,C7_CviMVP_PlDNA_8_SG_1192_0fe6e60e
qpcr_pl5,D7_PlDNA8,D06,D7_CviMVP_PlDNA_8_SG.sharedLotterhosPuritz_1501_f7ccf56f
qpcr_pl5,E7_PlDNA8,E06,E7_CviMVP_PlDNA_8_SG_1251_5c726cbb
qpcr_pl5,F7_PlDNA8,F06,F7_CviMVP_PlDNA_8_SG_1966_f8c004b4
qpcr_pl5,G7_PlDNA8,G06,
qpcr_pl5,H7_PlDNA8,H06,H7_CviMVP_PlDNA_8_SG.sharedLotterhosPuritz_1721_65316746
qpcr_pl5,A8_PlDNA8,A07,A8_CviMVP_PlDNA_8_SG_1961_5fb604b5
qpcr_pl5,B8_PlDNA8,B07,B8_CviMVP_PlDNA_8_SG_1543_2be99652
qpcr_pl5,C8_PlDNA8,C07,C8_CviMVP_PlDNA_8_SG_1932_20da4fab
qpcr_pl5,D8_PlDNA8,D07,D8_CviMVP_PlDNA_8_SG_1349_2d6f6e87
qpcr_pl5,E8_PlDNA8,E07,
qpcr_pl5,F8_PlDNA8,F07,F8_CviMVP_PlDNA_8_SG_1132_c78437b2
qpcr_pl5,G8_PlDNA8,G07,G8_CviMVP_PlDNA_8_SG_1567_d4e8b574
qpcr_pl5,H8_PlDNA8,H07,H8_CviMVP_PlDNA_8_SG_1717_4c543071
qpcr_pl5,A8_PlDNA8,A08,A8_CviMVP_PlDNA_8_SG_1961_5fb604b5
qpcr_pl5,B8_PlDNA8,B08,B8_CviMVP_PlDNA_8_SG_1543_2be99652
qpcr_pl5,C8_PlDNA8,C08,C8_CviMVP_PlDNA_8_SG_1932_20da4fab
qpcr_pl5,D8_PlDNA8,D08,D8_CviMVP_PlDNA_8_SG_1349_2d6f6e87
qpcr_pl5,E8_PlDNA8,E08,
qpcr_pl5,F8_PlDNA8,F08,F8_CviMVP_PlDNA_8_SG_1132_c78437b2
qpcr_pl5,G8_PlDNA8,G08,G8_CviMVP_PlDNA_8_SG_1567_d4e8b574
qpcr_pl5,H8_PlDNA8,H08,H8_CviMVP_PlDNA_8_SG_1717_4c543071
qpcr_pl5,A9_PlDNA8,A09,A9_CviMVP_PlDNA_8_SG_1412_25359cc5
qpcr_pl5,B9_PlDNA8,B09,B9_CviMVP_PlDNA_8_SG_1956_2c578cb3
qpcr_pl5,C9_PlDNA8,C09,C9_CviMVP_PlDNA_8_SG_1388_408449ca
qpcr_pl5,D9_PlDNA8,D09,D9_CviMVP_PlDNA_8_SG_1364_c3cc12f7
qpcr_pl5,E9_PlDNA8,E09,E9_CviMVP_PlDNA_8_SG_1290_0146de7c
qpcr_pl5,F9_PlDNA8,F09,F9_CviMVP_PlDNA_8_SG.sharedLotterhosPuritz_1500_66a95736
qpcr_pl5,G9_PlDNA8,G09,G9_CviMVP_PlDNA_8_SG_1327_ed207175
qpcr_pl5,H9_PlDNA8,H09,H9_CviMVP_PlDNA_8_SG_1973_6e1dd4a0
qpcr_pl5,A9_PlDNA8,A10,A9_CviMVP_PlDNA_8_SG_1412_25359cc5
qpcr_pl5,B9_PlDNA8,B10,B9_CviMVP_PlDNA_8_SG_1956_2c578cb3
qpcr_pl5,C9_PlDNA8,C10,C9_CviMVP_PlDNA_8_SG_1388_408449ca
qpcr_pl5,D9_PlDNA8,D10,D9_CviMVP_PlDNA_8_SG_1364_c3cc12f7
qpcr_pl5,E9_PlDNA8,E10,E9_CviMVP_PlDNA_8_SG_1290_0146de7c
qpcr_pl5,F9_PlDNA8,F10,F9_CviMVP_PlDNA_8_SG.sharedLotterhosPuritz_1500_66a95736
qpcr_pl5,G9_PlDNA8,G10,G9_CviMVP_PlDNA_8_SG_1327_ed207175
qpcr_pl5,H9_PlDNA8,H10,H9_CviMVP_PlDNA_8_SG_1973_6e1dd4a0
qpcr_pl5,F5_PlDNA8,B11,F5_CviMVP_PlDNA_8_SG_1685_5ab3f690
qpcr_pl5,G5_PlDNA8,C11,G5_CviMVP_PlDNA_8_SG_1929_f5d9f828
qpcr_pl5,H5_PlDNA8,D11,H5_CviMVP_PlDNA_8_SG_1462_7035a568
qpcr_pl5,F7_PlDNA10,E11,F7_CviMVP_PlDNA_8_SG_1966_f8c004b4
qpcr_pl5,G7_PlDNA10,F11,
qpcr_pl5,F5_PlDNA8,B12,F5_CviMVP_PlDNA_8_SG_1685_5ab3f690
qpcr_pl5,G5_PlDNA8,C12,G5_CviMVP_PlDNA_8_SG_1929_f5d9f828
qpcr_pl5,H5_PlDNA8,D12,H5_CviMVP_PlDNA_8_SG_1462_7035a568
qpcr_pl5,F7_PlDNA10,E12,F7_CviMVP_PlDNA_8_SG_1966_f8c004b4
qpcr_pl5,G7_PlDNA10,F12,
qpcr_pl6,A1_PIDNA1,A03,A1_CviMVP_PlDNA_1_SG_1578_ce10073c
qpcr_pl6,B1_PIDNA1,B03,B1_CviMVP_PlDNA_1_SG_1622_8952d237
qpcr_pl6,C1_PIDNA1,C03,C1_CviMVP_PlDNA_1_SG_1120_814ca307
qpcr_pl6,D1_PIDNA1,D03,D1_CviMVP_PlDNA_1_SG_1463_32cff799
qpcr_pl6,E1_PIDNA1,E03,E1_CviMVP_PlDNA_1_SG.sharedLotterhosPuritz_1749_1339c6df
qpcr_pl6,F1_PIDNA1,F03,F1_CviMVP_PlDNA_1_SG_1605_a0a8cbba
qpcr_pl6,G1_PIDNA1,G03,G1_CviMVP_PlDNA_1_SG_1576_50e361db
qpcr_pl6,H1_PIDNA1,H03,H1_CviMVP_PlDNA_1_SG_1611_a218009b
qpcr_pl6,A1_PIDNA1,A04,A1_CviMVP_PlDNA_1_SG_1578_ce10073c
qpcr_pl6,B1_PIDNA1,B04,B1_CviMVP_PlDNA_1_SG_1622_8952d237
qpcr_pl6,C1_PIDNA1,C04,C1_CviMVP_PlDNA_1_SG_1120_814ca307
qpcr_pl6,D1_PIDNA1,D04,D1_CviMVP_PlDNA_1_SG_1463_32cff799
qpcr_pl6,E1_PIDNA1,E04,E1_CviMVP_PlDNA_1_SG.sharedLotterhosPuritz_1749_1339c6df
qpcr_pl6,F1_PIDNA1,F04,F1_CviMVP_PlDNA_1_SG_1605_a0a8cbba
qpcr_pl6,G1_PIDNA1,G04,G1_CviMVP_PlDNA_1_SG_1576_50e361db
qpcr_pl6,H1_PIDNA1,H04,H1_CviMVP_PlDNA_1_SG_1611_a218009b
qpcr_pl6,A2_PIDNA1,A05,A2_CviMVP_PlDNA_1_SG_1252_dcaed37c
qpcr_pl6,B2_PIDNA1,B05,B2_CviMVP_PlDNA_1_SG_1451_5767505c
qpcr_pl6,C2_PIDNA1,C05,C2_CviMVP_PlDNA_1_SG_1603_f868f1b7
qpcr_pl6,D2_PIDNA1,D05,D2_CviMVP_PlDNA_1_SG_1393_6e3e8ad0
qpcr_pl6,E2_PIDNA1,E05,E2_CviMVP_PlDNA_1_SG_1624_f59660b5
qpcr_pl6,F2_PIDNA1,F05,F2_CviMVP_PlDNA_1_SG_1394_cd8aba4f
qpcr_pl6,G2_PIDNA1,G05,G2_CviMVP_PlDNA_1_SG_1460_2e2fcbcb
qpcr_pl6,H2_PIDNA1,H05,H2_CviMVP_PlDNA_1_SG_1253_50c2953b
qpcr_pl6,A2_PIDNA1,A06,A2_CviMVP_PlDNA_1_SG_1252_dcaed37c
qpcr_pl6,B2_PIDNA1,B06,B2_CviMVP_PlDNA_1_SG_1451_5767505c
qpcr_pl6,C2_PIDNA1,C06,C2_CviMVP_PlDNA_1_SG_1603_f868f1b7
qpcr_pl6,D2_PIDNA1,D06,D2_CviMVP_PlDNA_1_SG_1393_6e3e8ad0
qpcr_pl6,E2_PIDNA1,E06,E2_CviMVP_PlDNA_1_SG_1624_f59660b5
qpcr_pl6,F2_PIDNA1,F06,F2_CviMVP_PlDNA_1_SG_1394_cd8aba4f
qpcr_pl6,G2_PIDNA1,G06,G2_CviMVP_PlDNA_1_SG_1460_2e2fcbcb
qpcr_pl6,H2_PIDNA1,H06,H2_CviMVP_PlDNA_1_SG_1253_50c2953b
qpcr_pl6,A3_PIDNA1,A07,A3_CviMVP_PlDNA_1_SG_1103_107ab9bb
qpcr_pl6,B3_PIDNA1,B07,B3_CviMVP_PlDNA_1_SG_1231_b33de568
qpcr_pl6,C3_PIDNA1,C07,C3_CviMVP_PlDNA_1_SG_1397_c67e0a12
qpcr_pl6,D3_PIDNA1,D07,D3_CviMVP_PlDNA_1_SG_1446_7577ead5
qpcr_pl6,E3_PIDNA1,E07,E3_CviMVP_PlDNA_1_SG_1457_1069de49
qpcr_pl6,G3_PIDNA1,F07,G3_CviMVP_PlDNA_1_SG.sharedLotterhosPuritz_1750_c3f4dbef
qpcr_pl6,H3_PIDNA1,G07,H3_CviMVP_PlDNA_1_SG_1586_8fe62d94
qpcr_pl6,F5_PIDNA1,H07,F5_CviMVP_PlDNA_1_SG_1381_205acadd
qpcr_pl6,A3_PIDNA1,A08,A3_CviMVP_PlDNA_1_SG_1103_107ab9bb
qpcr_pl6,B3_PIDNA1,B08,B3_CviMVP_PlDNA_1_SG_1231_b33de568
qpcr_pl6,C3_PIDNA1,C08,C3_CviMVP_PlDNA_1_SG_1397_c67e0a12
qpcr_pl6,D3_PIDNA1,D08,D3_CviMVP_PlDNA_1_SG_1446_7577ead5
qpcr_pl6,E3_PIDNA1,E08,E3_CviMVP_PlDNA_1_SG_1457_1069de49
qpcr_pl6,G3_PIDNA1,F08,G3_CviMVP_PlDNA_1_SG.sharedLotterhosPuritz_1750_c3f4dbef
qpcr_pl6,H3_PIDNA1,G08,H3_CviMVP_PlDNA_1_SG_1586_8fe62d94
qpcr_pl6,F5_PIDNA1,H08,F5_CviMVP_PlDNA_1_SG_1381_205acadd
qpcr_pl6,A4_PlDNA1,A09,A4_CviMVP_PlDNA_1_SG_1395_7c3f2e88
qpcr_pl6,C4_PlDNA1,B09,C4_CviMVP_PlDNA_1_SG_1241_ec5d53a6
qpcr_pl6,D4_PlDNA1,C09,D4_CviMVP_PlDNA_1_SG_1430_2848cce4
qpcr_pl6,E4_PlDNA1,D09,E4_CviMVP_PlDNA_1_SG_1126_c5ba762d
qpcr_pl6,F4_PlDNA1,E09,F4_CviMVP_PlDNA_1_SG_1378_32091231
qpcr_pl6,G4_PlDNA1,F09,G4_CviMVP_PlDNA_1_SG_1434_384f3ae3
qpcr_pl6,H4_PlDNA1,G09,H4_CviMVP_PlDNA_1_SG_1450_eda1774a
qpcr_pl6,G5_PlDNA1,H09,G5_CviMVP_PlDNA_1_SG_1121_e44e1e24
qpcr_pl6,A4_PlDNA1,A10,A4_CviMVP_PlDNA_1_SG_1395_7c3f2e88
qpcr_pl6,C4_PlDNA1,B10,C4_CviMVP_PlDNA_1_SG_1241_ec5d53a6
qpcr_pl6,D4_PlDNA1,C10,D4_CviMVP_PlDNA_1_SG_1430_2848cce4
qpcr_pl6,E4_PlDNA1,D10,E4_CviMVP_PlDNA_1_SG_1126_c5ba762d
qpcr_pl6,F4_PlDNA1,E10,F4_CviMVP_PlDNA_1_SG_1378_32091231
qpcr_pl6,G4_PlDNA1,F10,G4_CviMVP_PlDNA_1_SG_1434_384f3ae3
qpcr_pl6,H4_PlDNA1,G10,H4_CviMVP_PlDNA_1_SG_1450_eda1774a
qpcr_pl6,G5_PlDNA1,H10,G5_CviMVP_PlDNA_1_SG_1121_e44e1e24
qpcr_pl6,A5_PlDNA1,B11,A5_CviMVP_PlDNA_1_SG_1439_4d1e45dd
qpcr_pl6,B5_PlDNA1,C11,B5_CviMVP_PlDNA_1_SG_1438_ef798fa4
qpcr_pl6,C5_PlDNA1,D11,C5_CviMVP_PlDNA_1_SG_1886_e867e0c6
qpcr_pl6,D5_PlDNA1,E11,D5_CviMVP_PlDNA_1_SG_1570_998e65c4
qpcr_pl6,E5_PlDNA1,F11,E5_CviMVP_PlDNA_1_SG_1474_bce74bb8
qpcr_pl6,A5_PlDNA1,B12,A5_CviMVP_PlDNA_1_SG_1439_4d1e45dd
qpcr_pl6,B5_PlDNA1,C12,B5_CviMVP_PlDNA_1_SG_1438_ef798fa4
qpcr_pl6,C5_PlDNA1,D12,C5_CviMVP_PlDNA_1_SG_1886_e867e0c6
qpcr_pl6,D5_PlDNA1,E12,D5_CviMVP_PlDNA_1_SG_1570_998e65c4
qpcr_pl6,E5_PlDNA1,F12,E5_CviMVP_PlDNA_1_SG_1474_bce74bb8
qpcr_pl7,A6_PlDNA1,A03,A6_CviMVP_PlDNA_1_SG_1390_c6755537
qpcr_pl7,B6_PlDNA1,B03,B6_CviMVP_PlDNA_1_SG_1473_6075f53c
qpcr_pl7,C6_PlDNA1,C03,C6_CviMVP_PlDNA_1_SG.sharedLotterhosPuritz_1775_e5ce5c0f
qpcr_pl7,D6_PlDNA1,D03,D6_CviMVP_PlDNA_1_SG_1890_37209564
qpcr_pl7,E6_PlDNA1,E03,E6_CviMVP_PlDNA_1_SG_1392_6133f015
qpcr_pl7,F6_PlDNA1,F03,F6_CviMVP_PlDNA_1_SG_1881_ef2db062
qpcr_pl7,G6_PlDNA1,G03,G6_CviMVP_PlDNA_1_SG_1608_de738593
qpcr_pl7,H6_PlDNA1,H03,H6_CviMVP_PlDNA_1_SG_1569_7b632b7c
qpcr_pl7,A6_PlDNA1,A04,A6_CviMVP_PlDNA_1_SG_1390_c6755537
qpcr_pl7,B6_PlDNA1,B04,B6_CviMVP_PlDNA_1_SG_1473_6075f53c
qpcr_pl7,C6_PlDNA1,C04,C6_CviMVP_PlDNA_1_SG.sharedLotterhosPuritz_1775_e5ce5c0f
qpcr_pl7,D6_PlDNA1,D04,D6_CviMVP_PlDNA_1_SG_1890_37209564
qpcr_pl7,E6_PlDNA1,E04,E6_CviMVP_PlDNA_1_SG_1392_6133f015
qpcr_pl7,F6_PlDNA1,F04,F6_CviMVP_PlDNA_1_SG_1881_ef2db062
qpcr_pl7,G6_PlDNA1,G04,G6_CviMVP_PlDNA_1_SG_1608_de738593
qpcr_pl7,H6_PlDNA1,H04,H6_CviMVP_PlDNA_1_SG_1569_7b632b7c
qpcr_pl7,A7_PlDNA1,A05,A7_CviMVP_PlDNA_1_SG.sharedLotterhosPuritz_1768_5fe305a2
qpcr_pl7,B7_PlDNA1,B05,B7_CviMVP_PlDNA_1_SG_1468_2e2613cd
qpcr_pl7,C7_PlDNA1,C05,C7_CviMVP_PlDNA_1_SG_1600_f7161c05
qpcr_pl7,D7_PlDNA1,D05,D7_CviMVP_PlDNA_1_SG_1255_9a84394e
qpcr_pl7,E7_PlDNA1,E05,E7_CviMVP_PlDNA_1_SG.sharedLotterhosPuritz_1764_ea467efb
qpcr_pl7,F7_PlDNA1,F05,F7_CviMVP_PlDNA_1_SG_1111_79a19714
qpcr_pl7,G7_PlDNA1,G05,G7_CviMVP_PlDNA_1_SG_1575_5d10637a
qpcr_pl7,H7_PlDNA1,H05,H7_CviMVP_PlDNA_1_SG_1879_18c16562
qpcr_pl7,A7_PlDNA1,A06,A7_CviMVP_PlDNA_1_SG.sharedLotterhosPuritz_1768_5fe305a2
qpcr_pl7,B7_PlDNA1,B06,B7_CviMVP_PlDNA_1_SG_1468_2e2613cd
qpcr_pl7,C7_PlDNA1,C06,C7_CviMVP_PlDNA_1_SG_1600_f7161c05
qpcr_pl7,D7_PlDNA1,D06,D7_CviMVP_PlDNA_1_SG_1255_9a84394e
qpcr_pl7,E7_PlDNA1,E06,E7_CviMVP_PlDNA_1_SG.sharedLotterhosPuritz_1764_ea467efb
qpcr_pl7,F7_PlDNA1,F06,F7_CviMVP_PlDNA_1_SG_1111_79a19714
qpcr_pl7,G7_PlDNA1,G06,G7_CviMVP_PlDNA_1_SG_1575_5d10637a
qpcr_pl7,H7_PlDNA1,H06,H7_CviMVP_PlDNA_1_SG_1879_18c16562
qpcr_pl7,A8_PlDNA1,A07,A8_CviMVP_PlDNA_1_SG.sharedLotterhosPuritz_1756_8d5b0131
qpcr_pl7,B8_PlDNA1,B07,B8_CviMVP_PlDNA_1_SG_1618_409fae3a
qpcr_pl7,C8_PlDNA1,C07,C8_CviMVP_PlDNA_1_SG_1249_ea2bc1d7
qpcr_pl7,D8_PlDNA1,D07,D8_CviMVP_PlDNA_1_SG.sharedLotterhosPuritz_1765_64714308
qpcr_pl7,E8_PlDNA1,E07,E8_CviMVP_PlDNA_1_SG_1376_66a62dfd
qpcr_pl7,F8_PlDNA1,F07,F8_CviMVP_PlDNA_1_SG_1598_f41672fb
qpcr_pl7,G8_PlDNA1,G07,G8_CviMVP_PlDNA_1_SG_1874_7a55697c
qpcr_pl7,H8_PlDNA1,H07,H8_CviMVP_PlDNA_1_SG_1455_e05c4f6d
qpcr_pl7,A8_PlDNA1,A08,A8_CviMVP_PlDNA_1_SG.sharedLotterhosPuritz_1756_8d5b0131
qpcr_pl7,B8_PlDNA1,B08,B8_CviMVP_PlDNA_1_SG_1618_409fae3a
qpcr_pl7,C8_PlDNA1,C08,C8_CviMVP_PlDNA_1_SG_1249_ea2bc1d7
qpcr_pl7,D8_PlDNA1,D08,D8_CviMVP_PlDNA_1_SG.sharedLotterhosPuritz_1765_64714308
qpcr_pl7,E8_PlDNA1,E08,E8_CviMVP_PlDNA_1_SG_1376_66a62dfd
qpcr_pl7,F8_PlDNA1,F08,F8_CviMVP_PlDNA_1_SG_1598_f41672fb
qpcr_pl7,G8_PlDNA1,G08,G8_CviMVP_PlDNA_1_SG_1874_7a55697c
qpcr_pl7,H8_PlDNA1,H08,H8_CviMVP_PlDNA_1_SG_1455_e05c4f6d
qpcr_pl7,A9_PlDNA1,A09,A9_CviMVP_PlDNA_1_SG.sharedLotterhosPuritz_1766_b03cf183
qpcr_pl7,B9_PlDNA1,B09,B9_CviMVP_PlDNA_1_SG_1238_3f7ed135
qpcr_pl7,C9_PlDNA1,C09,C9_CviMVP_PlDNA_1_SG_1574_143671d4
qpcr_pl7,D9_PlDNA1,D09,D9_CviMVP_PlDNA_1_SG_1461_0baeb3eb
qpcr_pl7,E9_PlDNA1,E09,E9_CviMVP_PlDNA_1_SG.sharedLotterhosPuritz_1761_50f9589f
qpcr_pl7,F9_PlDNA1,F09,F9_CviMVP_PlDNA_1_SG_1245_5b85a925
qpcr_pl7,G9_PlDNA1,G09,G9_CviMVP_PlDNA_1_SG_1869_68d9f8dc
qpcr_pl7,H9_PlDNA1,H09,H9_CviMVP_PlDNA_1_SG_1104_589c9460
qpcr_pl7,A9_PlDNA1,A10,A9_CviMVP_PlDNA_1_SG.sharedLotterhosPuritz_1766_b03cf183
qpcr_pl7,B9_PlDNA1,B10,B9_CviMVP_PlDNA_1_SG_1238_3f7ed135
qpcr_pl7,C9_PlDNA1,C10,C9_CviMVP_PlDNA_1_SG_1574_143671d4
qpcr_pl7,D9_PlDNA1,D10,D9_CviMVP_PlDNA_1_SG_1461_0baeb3eb
qpcr_pl7,E9_PlDNA1,E10,E9_CviMVP_PlDNA_1_SG.sharedLotterhosPuritz_1761_50f9589f
qpcr_pl7,F9_PlDNA1,F10,F9_CviMVP_PlDNA_1_SG_1245_5b85a925
qpcr_pl7,G9_PlDNA1,G10,G9_CviMVP_PlDNA_1_SG_1869_68d9f8dc
qpcr_pl7,H9_PlDNA1,H10,H9_CviMVP_PlDNA_1_SG_1104_589c9460
qpcr_pl7,A10_PlDNA1,B11,A10_CviMVP_PlDNA_1_SG_1127_5d911985
qpcr_pl7,B10_PlDNA1,C11,B10_CviMVP_PlDNA_1_SG_1119_34ade408
qpcr_pl7,C10_PlDNA1,D11,C10_CviMVP_PlDNA_1_SG_1386_3505dd4f
qpcr_pl7,D10_PlDNA1,E11,D10_CviMVP_PlDNA_1_SG_1471_c9f8e6c3
qpcr_pl7,E10_PlDNA1,F11,E10_CviMVP_PlDNA_1_SG_1877_f2d87033
qpcr_pl7,A10_PlDNA1,B12,A10_CviMVP_PlDNA_1_SG_1127_5d911985
qpcr_pl7,B10_PlDNA1,C12,B10_CviMVP_PlDNA_1_SG_1119_34ade408
qpcr_pl7,C10_PlDNA1,D12,C10_CviMVP_PlDNA_1_SG_1386_3505dd4f
qpcr_pl7,D10_PlDNA1,E12,D10_CviMVP_PlDNA_1_SG_1471_c9f8e6c3
qpcr_pl7,E10_PlDNA1,F12,E10_CviMVP_PlDNA_1_SG_1877_f2d87033
qpcr_pl8,A11_PlDNA1,A03,A11_CviMVP_PlDNA_1_SG.sharedLotterhosPuritz_1751_bc382cb1
qpcr_pl8,B11_PlDNA1,B03,B11_CviMVP_PlDNA_1_SG_1431_c83e8d48
qpcr_pl8,C11_PlDNA1,C03,C11_CviMVP_PlDNA_1_SG_1583_4093d9eb
qpcr_pl8,D11_PlDNA1,D03,D11_CviMVP_PlDNA_1_SG_1229_59b34b24
qpcr_pl8,E11_PlDNA1,E03,E11_CviMVP_PlDNA_1_SG_1480_8a36a1ff
qpcr_pl8,F11_PlDNA1,F03,F11_CviMVP_PlDNA_1_SG_1607_b581eaa9
qpcr_pl8,G11_PlDNA1,G03,G11_CviMVP_PlDNA_1_SG_1868_dfac88e0
qpcr_pl8,H11_PlDNA1,H03,H11_CviMVP_PlDNA_1_SG.sharedLotterhosPuritz_1774_28c4bb0c
qpcr_pl8,A11_PlDNA1,A04,A11_CviMVP_PlDNA_1_SG.sharedLotterhosPuritz_1751_bc382cb1
qpcr_pl8,B11_PlDNA1,B04,B11_CviMVP_PlDNA_1_SG_1431_c83e8d48
qpcr_pl8,C11_PlDNA1,C04,C11_CviMVP_PlDNA_1_SG_1583_4093d9eb
qpcr_pl8,D11_PlDNA1,D04,D11_CviMVP_PlDNA_1_SG_1229_59b34b24
qpcr_pl8,E11_PlDNA1,E04,E11_CviMVP_PlDNA_1_SG_1480_8a36a1ff
qpcr_pl8,F11_PlDNA1,F04,F11_CviMVP_PlDNA_1_SG_1607_b581eaa9
qpcr_pl8,G11_PlDNA1,G04,G11_CviMVP_PlDNA_1_SG_1868_dfac88e0
qpcr_pl8,H11_PlDNA1,H04,H11_CviMVP_PlDNA_1_SG.sharedLotterhosPuritz_1774_28c4bb0c
qpcr_pl8,A12_PlDNA1,A05,A12_CviMVP_PlDNA_1_SG_1258_b240dd80
qpcr_pl8,B12_PlDNA1,B05,B12_CviMVP_PlDNA_1_SG_1573_b976a26c
qpcr_pl8,C12_PlDNA1,C05,C12_CviMVP_PlDNA_1_SG_1610_aa188751
qpcr_pl8,D12_PlDNA1,D05,D12_CviMVP_PlDNA_1_SG_1891_20df4068
qpcr_pl8,E12_PlDNA1,E05,E12_CviMVP_PlDNA_1_SG_1894_fdb855b9
qpcr_pl8,F12_PlDNA1,F05,F12_CviMVP_PlDNA_1_SG_1884_2e4c4b0b
qpcr_pl8,G12_PlDNA1,G05,G12_CviMVP_PlDNA_1_SG_1458_f3ca3ad9
qpcr_pl8,H12_PlDNA1,H05,H12_CviMVP_PlDNA_1_SG_1383_ef032876
qpcr_pl8,A12_PlDNA1,A06,A12_CviMVP_PlDNA_1_SG_1258_b240dd80
qpcr_pl8,B12_PlDNA1,B06,B12_CviMVP_PlDNA_1_SG_1573_b976a26c
qpcr_pl8,C12_PlDNA1,C06,C12_CviMVP_PlDNA_1_SG_1610_aa188751
qpcr_pl8,D12_PlDNA1,D06,D12_CviMVP_PlDNA_1_SG_1891_20df4068
qpcr_pl8,E12_PlDNA1,E06,E12_CviMVP_PlDNA_1_SG_1894_fdb855b9
qpcr_pl8,F12_PlDNA1,F06,F12_CviMVP_PlDNA_1_SG_1884_2e4c4b0b
qpcr_pl8,G12_PlDNA1,G06,G12_CviMVP_PlDNA_1_SG_1458_f3ca3ad9
qpcr_pl8,H12_PlDNA1,H06,H12_CviMVP_PlDNA_1_SG_1383_ef032876
qpcr_pl8,H1_PlDNA2,A07,H1_CviMVP_PlDNA_2_SG_1581_5b837c25
qpcr_pl8,G1_PlDNA2,B07,G1_CviMVP_PlDNA_2_SG_1049_2c29990f
qpcr_pl8,F1_PlDNA2,C07,NA
qpcr_pl8,E1_PlDNA2,D07,E1_CviMVP_PlDNA_2_SG_1629_d7b6cad8
qpcr_pl8,D1_PlDNA2,E07,D1_CviMVP_PlDNA_2_SG_1215_3fb7a765
qpcr_pl8,C1_PlDNA2,F07,C1_CviMVP_PlDNA_2_SG_1048_9831ca6e
qpcr_pl8,B1_PlDNA2,G07,B1_CviMVP_PlDNA_2_SG_1912_e0a59721
qpcr_pl8,A1_PlDNA2,H07,A1_CviMVP_PlDNA_2_SG_1424_28f79e03
qpcr_pl8,H1_PlDNA2,A08,H1_CviMVP_PlDNA_2_SG_1581_5b837c25
qpcr_pl8,G1_PlDNA2,B08,G1_CviMVP_PlDNA_2_SG_1049_2c29990f
qpcr_pl8,F1_PlDNA2,C08,NA
qpcr_pl8,E1_PlDNA2,D08,E1_CviMVP_PlDNA_2_SG_1629_d7b6cad8
qpcr_pl8,D1_PlDNA2,E08,D1_CviMVP_PlDNA_2_SG_1215_3fb7a765
qpcr_pl8,C1_PlDNA2,F08,C1_CviMVP_PlDNA_2_SG_1048_9831ca6e
qpcr_pl8,B1_PlDNA2,G08,B1_CviMVP_PlDNA_2_SG_1912_e0a59721
qpcr_pl8,A1_PlDNA2,H08,A1_CviMVP_PlDNA_2_SG_1424_28f79e03
qpcr_pl8,A2_PlDNA2,A09,A2_CviMVP_PlDNA_2_SG_1687_c7405305
qpcr_pl8,C2_PlDNA2,B09,C2_CviMVP_PlDNA_2_SG_1334_394cabff
qpcr_pl8,D2_PlDNA2,C09,D2_CviMVP_PlDNA_2_SG_1219_418ed3df
qpcr_pl8,F2_PlDNA2,D09,F2_CviMVP_PlDNA_2_SG_1664_a2a4720a
qpcr_pl8,G2_PlDNA2,E09,G2_CviMVP_PlDNA_2_SG_1674_8114fa71
qpcr_pl8,H2_PlDNA2,F09,H2_CviMVP_PlDNA_2_SG_1696_9e0ab92a
qpcr_pl8,D3_PlDNA2,G09,D3_CviMVP_PlDNA_2_SG.sharedLotterhosPuritz_1519_a6d73b27
qpcr_pl8,E3_PlDNA2,H09,E3_CviMVP_PlDNA_2_SG_1778_9d581faa
qpcr_pl8,A2_PlDNA2,A10,A2_CviMVP_PlDNA_2_SG_1687_c7405305
qpcr_pl8,C2_PlDNA2,B10,C2_CviMVP_PlDNA_2_SG_1334_394cabff
qpcr_pl8,D2_PlDNA2,C10,D2_CviMVP_PlDNA_2_SG_1219_418ed3df
qpcr_pl8,F2_PlDNA2,D10,F2_CviMVP_PlDNA_2_SG_1664_a2a4720a
qpcr_pl8,G2_PlDNA2,E10,G2_CviMVP_PlDNA_2_SG_1674_8114fa71
qpcr_pl8,H2_PlDNA2,F10,H2_CviMVP_PlDNA_2_SG_1696_9e0ab92a
qpcr_pl8,D3_PlDNA2,G10,D3_CviMVP_PlDNA_2_SG.sharedLotterhosPuritz_1519_a6d73b27
qpcr_pl8,E3_PlDNA2,H10,E3_CviMVP_PlDNA_2_SG_1778_9d581faa
qpcr_pl8,F10_PlDNA1,B11,F10_CviMVP_PlDNA_1_SG_1613_b2783401
qpcr_pl8,G10_PlDNA1,C11,G10_CviMVP_PlDNA_1_SG_1115_167ef2dd
qpcr_pl8,H10_PlDNA1,D11,H10_CviMVP_PlDNA_1_SG_1436_277e755d
qpcr_pl8,H5_PlDNA1,E11,H5_CviMVP_PlDNA_1_SG_1582_4d5c48a7
qpcr_pl8,B3_PlDNA2,F11,B3_CviMVP_PlDNA_2_SG_1823_b35e54f9
qpcr_pl8,F10_PlDNA1,B12,F10_CviMVP_PlDNA_1_SG_1613_b2783401
qpcr_pl8,G10_PlDNA1,C12,G10_CviMVP_PlDNA_1_SG_1115_167ef2dd
qpcr_pl8,H10_PlDNA1,D12,H10_CviMVP_PlDNA_1_SG_1436_277e755d
qpcr_pl8,H5_PlDNA1,E12,H5_CviMVP_PlDNA_1_SG_1582_4d5c48a7
qpcr_pl8,B3_PlDNA2,F12,B3_CviMVP_PlDNA_2_SG_1823_b35e54f9
qpcr_pl9,A4_PlDNA2,A03,A4_CviMVP_PlDNA_2_SG_1085_b7bb9f04
qpcr_pl9,B4_PlDNA2,B03,B4_CviMVP_PlDNA_2_SG_1824_dd7f9914
qpcr_pl9,C4_PlDNA2,C03,C4_CviMVP_PlDNA_2_SG_1812_a1aacc78
qpcr_pl9,D4_PlDNA2,D03,D4_CviMVP_PlDNA_2_SG_1365_862540eb
qpcr_pl9,E4_PlDNA2,E03,E4_CviMVP_PlDNA_2_SG_1182_badaacbd
qpcr_pl9,F4_PlDNA2,F03,F4_CviMVP_PlDNA_2_SG_1186_8c0d3239
qpcr_pl9,G4_PlDNA2,G03,G4_CviMVP_PlDNA_2_SG_1184_7c2aa22d
qpcr_pl9,H4_PlDNA2,H03,H4_CviMVP_PlDNA_2_SG_1303_bb38f6e1
qpcr_pl9,A4_PlDNA2,A04,A4_CviMVP_PlDNA_2_SG_1085_b7bb9f04
qpcr_pl9,B4_PlDNA2,B04,B4_CviMVP_PlDNA_2_SG_1824_dd7f9914
qpcr_pl9,C4_PlDNA2,C04,C4_CviMVP_PlDNA_2_SG_1812_a1aacc78
qpcr_pl9,D4_PlDNA2,D04,D4_CviMVP_PlDNA_2_SG_1365_862540eb
qpcr_pl9,E4_PlDNA2,E04,E4_CviMVP_PlDNA_2_SG_1182_badaacbd
qpcr_pl9,F4_PlDNA2,F04,F4_CviMVP_PlDNA_2_SG_1186_8c0d3239
qpcr_pl9,G4_PlDNA2,G04,G4_CviMVP_PlDNA_2_SG_1184_7c2aa22d
qpcr_pl9,H4_PlDNA2,H04,H4_CviMVP_PlDNA_2_SG_1303_bb38f6e1
qpcr_pl9,A5_PlDNA2,A05,A5_CviMVP_PlDNA_2_SG_1050_f357cf40
qpcr_pl9,B5_PlDNA2,B05,B5_CviMVP_PlDNA_2_SG_1409_e556ee36
qpcr_pl9,C5_PlDNA2,C05,C5_CviMVP_PlDNA_2_SG.sharedLotterhosPuritz_3044_dfab1eb6
qpcr_pl9,D5_PlDNA2,D05,D5_CviMVP_PlDNA_2_SG_1909_21c2d575
qpcr_pl9,E5_PlDNA2,E05,E5_CviMVP_PlDNA_2_SG_1218_72ed5589
qpcr_pl9,F5_PlDNA2,F05,F5_CviMVP_PlDNA_2_SG_1641_42f8af9b
qpcr_pl9,G5_PlDNA2,G05,G5_CviMVP_PlDNA_2_SG_1027_8151ca73
qpcr_pl9,H5_PlDNA2,H05,H5_CviMVP_PlDNA_2_SG_1054_bb651ac2
qpcr_pl9,A5_PlDNA2,A06,A5_CviMVP_PlDNA_2_SG_1050_f357cf40
qpcr_pl9,B5_PlDNA2,B06,B5_CviMVP_PlDNA_2_SG_1409_e556ee36
qpcr_pl9,C5_PlDNA2,C06,C5_CviMVP_PlDNA_2_SG.sharedLotterhosPuritz_3044_dfab1eb6
qpcr_pl9,D5_PlDNA2,D06,D5_CviMVP_PlDNA_2_SG_1909_21c2d575
qpcr_pl9,E5_PlDNA2,E06,E5_CviMVP_PlDNA_2_SG_1218_72ed5589
qpcr_pl9,F5_PlDNA2,F06,F5_CviMVP_PlDNA_2_SG_1641_42f8af9b
qpcr_pl9,G5_PlDNA2,G06,G5_CviMVP_PlDNA_2_SG_1027_8151ca73
qpcr_pl9,H5_PlDNA2,H06,H5_CviMVP_PlDNA_2_SG_1054_bb651ac2
qpcr_pl9,A6_PlDNA2,A07,A6_CviMVP_PlDNA_2_SG_1061_0b870f2b
qpcr_pl9,B6_PlDNA2,B07,B6_CviMVP_PlDNA_2_SG_1429_7aee0526
qpcr_pl9,D6_PlDNA2,C07,D6_CviMVP_PlDNA_2_SG_1715_3df8d222
qpcr_pl9,E6_PlDNA2,D07,E6_CviMVP_PlDNA_2_SG_1418_ce942e72
qpcr_pl9,F6_PlDNA2,E07,F6_CviMVP_PlDNA_2_SG.sharedLotterhosPuritz_1496_13dadaa0
qpcr_pl9,G6_PlDNA2,F07,G6_CviMVP_PlDNA_2_SG_1138_2a7224fb
qpcr_pl9,H6_PlDNA2,G07,H6_CviMVP_PlDNA_2_SG.sharedLotterhosPuritz_3029_b178cb91
qpcr_pl9,F8_PlDNA2,H07,F8_CviMVP_PlDNA_2_SG_1552_5d51308b
qpcr_pl9,A6_PlDNA2,A08,A6_CviMVP_PlDNA_2_SG_1061_0b870f2b
qpcr_pl9,B6_PlDNA2,B08,B6_CviMVP_PlDNA_2_SG_1429_7aee0526
qpcr_pl9,D6_PlDNA2,C08,D6_CviMVP_PlDNA_2_SG_1715_3df8d222
qpcr_pl9,E6_PlDNA2,D08,E6_CviMVP_PlDNA_2_SG_1418_ce942e72
qpcr_pl9,F6_PlDNA2,E08,F6_CviMVP_PlDNA_2_SG.sharedLotterhosPuritz_1496_13dadaa0
qpcr_pl9,G6_PlDNA2,F08,G6_CviMVP_PlDNA_2_SG_1138_2a7224fb
qpcr_pl9,H6_PlDNA2,G08,H6_CviMVP_PlDNA_2_SG.sharedLotterhosPuritz_3029_b178cb91
qpcr_pl9,F8_PlDNA2,H08,F8_CviMVP_PlDNA_2_SG_1552_5d51308b
qpcr_pl9,A7_PlDNA2,A09,A7_CviMVP_PlDNA_2_SG_1925_7c410165
qpcr_pl9,B7_PlDNA2,B09,B7_CviMVP_PlDNA_2_SG_1666_33d19e4e
qpcr_pl9,D7_PlDNA2,C09,D7_CviMVP_PlDNA_2_SG_1105_cf668f83
qpcr_pl9,E7_PlDNA2,D09,E7_CviMVP_PlDNA_2_SG_1671_94d35d0a
qpcr_pl9,F7_PlDNA2,E09,F7_CviMVP_PlDNA_2_SG_1029_1709b6fc
qpcr_pl9,G7_PlDNA2,F09,G7_CviMVP_PlDNA_2_SG_1299_b1a66ac8
qpcr_pl9,H7_PlDNA2,G09,H7_CviMVP_PlDNA_2_SG_1800_6455f4be
qpcr_pl9,G8_PlDNA2,H09,G8_CviMVP_PlDNA_2_SG_1570_998e65c4
qpcr_pl9,A7_PlDNA2,A10,A7_CviMVP_PlDNA_2_SG_1925_7c410165
qpcr_pl9,B7_PlDNA2,B10,B7_CviMVP_PlDNA_2_SG_1666_33d19e4e
qpcr_pl9,D7_PlDNA2,C10,D7_CviMVP_PlDNA_2_SG_1105_cf668f83
qpcr_pl9,E7_PlDNA2,D10,E7_CviMVP_PlDNA_2_SG_1671_94d35d0a
qpcr_pl9,F7_PlDNA2,E10,F7_CviMVP_PlDNA_2_SG_1029_1709b6fc
qpcr_pl9,G7_PlDNA2,F10,G7_CviMVP_PlDNA_2_SG_1299_b1a66ac8
qpcr_pl9,H7_PlDNA2,G10,H7_CviMVP_PlDNA_2_SG_1800_6455f4be
qpcr_pl9,G8_PlDNA2,H10,G8_CviMVP_PlDNA_2_SG_1570_998e65c4
qpcr_pl9,A8_PlDNA2,B11,A8_CviMVP_PlDNA_2_SG_1686_184fe4d7
qpcr_pl9,B8_PlDNA2,C11,B8_CviMVP_PlDNA_2_SG_1662_1f53eaa1
qpcr_pl9,C8_PlDNA2,D11,C8_CviMVP_PlDNA_2_SG_1384_24b58700
qpcr_pl9,D8_PlDNA2,E11,D8_CviMVP_PlDNA_2_SG.sharedLotterhosPuritz_1526_8fde2a0e
qpcr_pl9,E8_PlDNA2,F11,E8_CviMVP_PlDNA_2_SG_1356_4295d929
qpcr_pl9,A8_PlDNA2,B12,A8_CviMVP_PlDNA_2_SG_1686_184fe4d7
qpcr_pl9,B8_PlDNA2,C12,B8_CviMVP_PlDNA_2_SG_1662_1f53eaa1
qpcr_pl9,C8_PlDNA2,D12,C8_CviMVP_PlDNA_2_SG_1384_24b58700
qpcr_pl9,D8_PlDNA2,E12,D8_CviMVP_PlDNA_2_SG.sharedLotterhosPuritz_1526_8fde2a0e
qpcr_pl9,E8_PlDNA2,F12,E8_CviMVP_PlDNA_2_SG_1356_4295d929
qpcr_pl10,A9_PlDNA2,A03,A9_CviMVP_PlDNA_2_SG_1628_5510ba60
qpcr_pl10,B9_PlDNA2,B03,B9_CviMVP_PlDNA_2_SG.sharedLotterhosPuritz_3043_e541bd45
qpcr_pl10,C9_PlDNA2,C03,C9_CviMVP_PlDNA_2_SG_1032_6655cc76
qpcr_pl10,D9_PlDNA2,D03,D9_CviMVP_PlDNA_2_SG.sharedLotterhosPuritz_1509_242c6773
qpcr_pl10,E9_PlDNA2,E03,E9_CviMVP_PlDNA_2_SG.sharedLotterhosPuritz_1483_dcff5b0d
qpcr_pl10,F9_PlDNA2,F03,F9_CviMVP_PlDNA_2_SG.sharedLotterhosPuritz_1494_7e8e3848
qpcr_pl10,G9_PlDNA2,G03,G9_CviMVP_PlDNA_2_SG.sharedLotterhosPuritz_3049_23480dce
qpcr_pl10,H9_PlDNA2,H03,H9_CviMVP_PlDNA_2_SG.sharedLotterhosPuritz_1495_6dd58e52
qpcr_pl10,A9_PlDNA2,A04,A9_CviMVP_PlDNA_2_SG_1628_5510ba60
qpcr_pl10,B9_PlDNA2,B04,B9_CviMVP_PlDNA_2_SG.sharedLotterhosPuritz_3043_e541bd45
qpcr_pl10,C9_PlDNA2,C04,C9_CviMVP_PlDNA_2_SG_1032_6655cc76
qpcr_pl10,D9_PlDNA2,D04,D9_CviMVP_PlDNA_2_SG.sharedLotterhosPuritz_1509_242c6773
qpcr_pl10,E9_PlDNA2,E04,E9_CviMVP_PlDNA_2_SG.sharedLotterhosPuritz_1483_dcff5b0d
qpcr_pl10,F9_PlDNA2,F04,F9_CviMVP_PlDNA_2_SG.sharedLotterhosPuritz_1494_7e8e3848
qpcr_pl10,G9_PlDNA2,G04,G9_CviMVP_PlDNA_2_SG.sharedLotterhosPuritz_3049_23480dce
qpcr_pl10,H9_PlDNA2,H04,H9_CviMVP_PlDNA_2_SG.sharedLotterhosPuritz_1495_6dd58e52
qpcr_pl10,A10_PlDNA2,A05,A10_CviMVP_PlDNA_2_SG_1170_5ceaf20a
qpcr_pl10,B10_PlDNA2,B05,B10_CviMVP_PlDNA_2_SG.sharedLotterhosPuritz_1729_09f98c5b
qpcr_pl10,C10_PlDNA2,C05,C10_CviMVP_PlDNA_2_SG.sharedLotterhosPuritz_3003_00b9719a
qpcr_pl10,D10_PlDNA2,D05,D10_CviMVP_PlDNA_2_SG_1146_b3a78220
qpcr_pl10,E10_PlDNA2,E05,E10_CviMVP_PlDNA_2_SG_1403_28de4b21
qpcr_pl10,F10_PlDNA2,F05,F10_CviMVP_PlDNA_2_SG_1151_2a064c70
qpcr_pl10,G10_PlDNA2,G05,G10_CviMVP_PlDNA_2_SG_1133_44703552
qpcr_pl10,A9_PlDNA8,H05,A9_CviMVP_PlDNA_8_SG_1412_25359cc5
qpcr_pl10,A10_PlDNA2,A06,A10_CviMVP_PlDNA_2_SG_1170_5ceaf20a
qpcr_pl10,B10_PlDNA2,B06,B10_CviMVP_PlDNA_2_SG.sharedLotterhosPuritz_1729_09f98c5b
qpcr_pl10,C10_PlDNA2,C06,C10_CviMVP_PlDNA_2_SG.sharedLotterhosPuritz_3003_00b9719a
qpcr_pl10,D10_PlDNA2,D06,D10_CviMVP_PlDNA_2_SG_1146_b3a78220
qpcr_pl10,E10_PlDNA2,E06,E10_CviMVP_PlDNA_2_SG_1403_28de4b21
qpcr_pl10,F10_PlDNA2,F06,F10_CviMVP_PlDNA_2_SG_1151_2a064c70
qpcr_pl10,G10_PlDNA2,G06,G10_CviMVP_PlDNA_2_SG_1133_44703552
qpcr_pl10,A9_PlDNA8,H06,A9_CviMVP_PlDNA_8_SG_1412_25359cc5
qpcr_pl10,A11_PlDNA2,A07,A11_CviMVP_PlDNA_2_SG_1782_fa92e3f5
qpcr_pl10,B11_PlDNA2,B07,B11_CviMVP_PlDNA_2_SG.sharedLotterhosPuritz_1531_a3123770
qpcr_pl10,C11_PlDNA2,C07,C11_CviMVP_PlDNA_2_SG.sharedLotterhosPuritz_1730_3947bb8f
qpcr_pl10,D11_PlDNA2,D07,D11_CviMVP_PlDNA_2_SG_1476_336c2b9f
qpcr_pl10,F11_PlDNA2,E07,F11_CviMVP_PlDNA_2_SG_1811_dabc6d9e
qpcr_pl10,G11_PlDNA2,F07,G11_CviMVP_PlDNA_2_SG.sharedLotterhosPuritz_1734_999220c1
qpcr_pl10,H11_PlDNA2,G07,H11_CviMVP_PlDNA_2_SG.sharedLotterhosPuritz_1527_c9330c62
qpcr_pl10,C3_PlDNA2,H07,C3_CviMVP_PlDNA_2_SG.sharedLotterhosPuritz_3017_c060f9a6
qpcr_pl10,A11_PlDNA2,A08,A11_CviMVP_PlDNA_2_SG_1782_fa92e3f5
qpcr_pl10,B11_PlDNA2,B08,B11_CviMVP_PlDNA_2_SG.sharedLotterhosPuritz_1531_a3123770
qpcr_pl10,C11_PlDNA2,C08,C11_CviMVP_PlDNA_2_SG.sharedLotterhosPuritz_1730_3947bb8f
qpcr_pl10,D11_PlDNA2,D08,D11_CviMVP_PlDNA_2_SG_1476_336c2b9f
qpcr_pl10,F11_PlDNA2,E08,F11_CviMVP_PlDNA_2_SG_1811_dabc6d9e
qpcr_pl10,G11_PlDNA2,F08,G11_CviMVP_PlDNA_2_SG.sharedLotterhosPuritz_1734_999220c1
qpcr_pl10,H11_PlDNA2,G08,H11_CviMVP_PlDNA_2_SG.sharedLotterhosPuritz_1527_c9330c62
qpcr_pl10,C3_PlDNA2,H08,C3_CviMVP_PlDNA_2_SG.sharedLotterhosPuritz_3017_c060f9a6
qpcr_pl10,A12_PlDNA2,A09,"A12_CviMVP_PlDNA_2_SG.sharedLotterhosPuritz_1538_cda643ef"
qpcr_pl10,B12_PlDNA2,B09,B12_CviMVP_PlDNA_2_SG_1624_f59660b5
qpcr_pl10,C12_PlDNA2,C09,C12_CviMVP_PlDNA_2_SG_1813_c02ddcb7
qpcr_pl10,D12_PlDNA2,D09,"D12_CviMVP_PlDNA_2_SG_1307_bc92137d"
qpcr_pl10,E12_PlDNA2,E09,E12_CviMVP_PlDNA_2_SG_1816_0d7068ff
qpcr_pl10,F12_PlDNA2,F09,F12_CviMVP_PlDNA_2_SG.sharedLotterhosPuritz_1854_49920960
qpcr_pl10,G12_PlDNA2,G09,G12_CviMVP_PlDNA_2_SG_1452_3e21ca6c
qpcr_pl10,H12_PlDNA2,H09,H12_CviMVP_PlDNA_2_SG_1371_c50dbc1e
qpcr_pl10,A12_PlDNA2,A10,"A12_CviMVP_PlDNA_2_SG.sharedLotterhosPuritz_1538_cda643ef"
qpcr_pl10,B12_PlDNA2,B10,B12_CviMVP_PlDNA_2_SG_1624_f59660b5
qpcr_pl10,C12_PlDNA2,C10,C12_CviMVP_PlDNA_2_SG_1813_c02ddcb7
qpcr_pl10,D12_PlDNA2,D10,"D12_CviMVP_PlDNA_2_SG_1307_bc92137d"
qpcr_pl10,E12_PlDNA2,E10,E12_CviMVP_PlDNA_2_SG_1816_0d7068ff
qpcr_pl10,F12_PlDNA2,F10,F12_CviMVP_PlDNA_2_SG.sharedLotterhosPuritz_1854_49920960
qpcr_pl10,G12_PlDNA2,G10,G12_CviMVP_PlDNA_2_SG_1452_3e21ca6c
qpcr_pl10,H12_PlDNA2,H10,H12_CviMVP_PlDNA_2_SG_1371_c50dbc1e
qpcr_pl10,F3_PlDNA2,B11,F3_CviMVP_PlDNA_2_SG.sharedLotterhosPuritz_3000_2720f423
qpcr_pl10,G3_PlDNA2,C11,G3_CviMVP_PlDNA_2_SG.sharedLotterhosPuritz_3028_9450ca97
qpcr_pl10,H8_PlDNA2,D11,H8_CviMVP_PlDNA_2_SG.sharedLotterhosPuritz_1516_405c32be
qpcr_pl10,H5_PlDNA2,E11,H5_CviMVP_PlDNA_2_SG_1054_bb651ac2
qpcr_pl10,A5_PlDNA2,F11,A5_CviMVP_PlDNA_2_SG_1050_f357cf40
qpcr_pl10,F3_PlDNA2,B12,F3_CviMVP_PlDNA_2_SG.sharedLotterhosPuritz_3000_2720f423
qpcr_pl10,G3_PlDNA2,C12,G3_CviMVP_PlDNA_2_SG.sharedLotterhosPuritz_3028_9450ca97
qpcr_pl10,H8_PlDNA2,D12,H8_CviMVP_PlDNA_2_SG.sharedLotterhosPuritz_1516_405c32be
qpcr_pl10,H5_PlDNA2,E12,H5_CviMVP_PlDNA_2_SG_1054_bb651ac2
qpcr_pl10,A5_PlDNA2,F12,A5_CviMVP_PlDNA_2_SG_1050_f357cf40
qpcr_pl11,A1_PlDNA3,A03,A1_CviMVP_PlDNA_3_SG_1639_db25a5c3
qpcr_pl11,B1_PlDNA3,B03,B1_CviMVP_PlDNA_3_SG_1701_4821db1f
qpcr_pl11,C1_PlDNA3,C03,C1_CviMVP_PlDNA_3_SG.sharedLotterhosPuritz_3036_408ed892
qpcr_pl11,D1_PlDNA3,D03,D1_CviMVP_PlDNA_3_SG_1039_1b561850
qpcr_pl11,E1_PlDNA3,E03,E1_CviMVP_PlDNA_3_SG_1031_1b3cca54
qpcr_pl11,F1_PlDNA3,F03,F1_CviMVP_PlDNA_3_SG_1642_8ae9c894
qpcr_pl11,G1_PlDNA3,G03,G1_CviMVP_PlDNA_3_SG_1152_e87ad87c
qpcr_pl11,H1_PlDNA3,H03,H1_CviMVP_PlDNA_3_SG_1604_97e84e04
qpcr_pl11,A1_PlDNA3,A04,A1_CviMVP_PlDNA_3_SG_1639_db25a5c3
qpcr_pl11,B1_PlDNA3,B04,B1_CviMVP_PlDNA_3_SG_1701_4821db1f
qpcr_pl11,C1_PlDNA3,C04,C1_CviMVP_PlDNA_3_SG.sharedLotterhosPuritz_3036_408ed892
qpcr_pl11,D1_PlDNA3,D04,D1_CviMVP_PlDNA_3_SG_1039_1b561850
qpcr_pl11,E1_PlDNA3,E04,E1_CviMVP_PlDNA_3_SG_1031_1b3cca54
qpcr_pl11,F1_PlDNA3,F04,F1_CviMVP_PlDNA_3_SG_1642_8ae9c894
qpcr_pl11,G1_PlDNA3,G04,G1_CviMVP_PlDNA_3_SG_1152_e87ad87c
qpcr_pl11,H1_PlDNA3,H04,H1_CviMVP_PlDNA_3_SG_1604_97e84e04
qpcr_pl11,A2_PlDNA3,A05,A2_CviMVP_PlDNA_3_SG_1423_43438d17
qpcr_pl11,C2_PlDNA3,B05,C2_CviMVP_PlDNA_3_SG_1051_b2f89cc5
qpcr_pl11,D2_PlDNA3,C05,D2_CviMVP_PlDNA_3_SG_1557_d47a231f
qpcr_pl11,E2_PlDNA3,D05,"E2_CviMVP_PlDNA_3_SG.sharedLotterhosPuritz_3032_9c42b30e"
qpcr_pl11,F2_PlDNA3,E05,F2_CviMVP_PlDNA_3_SG.sharedLotterhosPuritz_1486_97845837
qpcr_pl11,G2_PlDNA3,F05,G2_CviMVP_PlDNA_3_SG.sharedLotterhosPuritz_1732_312c1a7e
qpcr_pl11,H2_PlDNA3,G05,H2_CviMVP_PlDNA_3_SG_1784_29ba5533
qpcr_pl11,F5_PlDNA3,H05,F5_CviMVP_PlDNA_3_SG_1702_57acd977
qpcr_pl11,A2_PlDNA3,A06,A2_CviMVP_PlDNA_3_SG_1423_43438d17
qpcr_pl11,C2_PlDNA3,B06,C2_CviMVP_PlDNA_3_SG_1051_b2f89cc5
qpcr_pl11,D2_PlDNA3,C06,D2_CviMVP_PlDNA_3_SG_1557_d47a231f
qpcr_pl11,E2_PlDNA3,D06,"E2_CviMVP_PlDNA_3_SG.sharedLotterhosPuritz_3032_9c42b30e"
qpcr_pl11,F2_PlDNA3,E06,F2_CviMVP_PlDNA_3_SG.sharedLotterhosPuritz_1486_97845837
qpcr_pl11,G2_PlDNA3,F06,G2_CviMVP_PlDNA_3_SG.sharedLotterhosPuritz_1732_312c1a7e
qpcr_pl11,H2_PlDNA3,G06,H2_CviMVP_PlDNA_3_SG_1784_29ba5533
qpcr_pl11,F5_PlDNA3,H06,F5_CviMVP_PlDNA_3_SG_1702_57acd977
qpcr_pl11,A3_PlDNA3,A07,A3_CviMVP_PlDNA_3_SG.sharedLotterhosPuritz_1722_d9620874
qpcr_pl11,B3_PlDNA3,B07,B3_CviMVP_PlDNA_3_SG_1787_8a972806
qpcr_pl11,C3_PlDNA3,C07,C3_CviMVP_PlDNA_3_SG.sharedLotterhosPuritz_3023_12b47c5b
qpcr_pl11,D3_PlDNA3,D07,D3_CviMVP_PlDNA_3_SG_1286_59268f67
qpcr_pl11,E3_PlDNA3,E07,E3_CviMVP_PlDNA_3_SG_1141_da432123
qpcr_pl11,F3_PlDNA3,F07,F3_CviMVP_PlDNA_3_SG_1467_0471606e
qpcr_pl11,G3_PlDNA3,G07,G3_CviMVP_PlDNA_3_SG_1289_ce6a63ea
qpcr_pl11,H3_PlDNA3,H07,H3_CviMVP_PlDNA_3_SG_1791_6994d958
qpcr_pl11,A3_PlDNA3,A08,A3_CviMVP_PlDNA_3_SG.sharedLotterhosPuritz_1722_d9620874
qpcr_pl11,B3_PlDNA3,B08,B3_CviMVP_PlDNA_3_SG_1787_8a972806
qpcr_pl11,C3_PlDNA3,C08,C3_CviMVP_PlDNA_3_SG.sharedLotterhosPuritz_3023_12b47c5b
qpcr_pl11,D3_PlDNA3,D08,D3_CviMVP_PlDNA_3_SG_1286_59268f67
qpcr_pl11,E3_PlDNA3,E08,E3_CviMVP_PlDNA_3_SG_1141_da432123
qpcr_pl11,F3_PlDNA3,F08,F3_CviMVP_PlDNA_3_SG_1467_0471606e
qpcr_pl11,G3_PlDNA3,G08,G3_CviMVP_PlDNA_3_SG_1289_ce6a63ea
qpcr_pl11,H3_PlDNA3,H08,H3_CviMVP_PlDNA_3_SG_1791_6994d958
qpcr_pl11,A4_PlDNA3,A09,A4_CviMVP_PlDNA_3_SG.sharedLotterhosPuritz_1861_4b537e7a
qpcr_pl11,B4_PlDNA3,B09,B4_CviMVP_PlDNA_3_SG_1389_08911bbf
qpcr_pl11,C4_PlDNA3,C09,C4_CviMVP_PlDNA_3_SG_1575_5d10637a
qpcr_pl11,D4_PlDNA3,D09,D4_CviMVP_PlDNA_3_SG_1183_5414cc84
qpcr_pl11,E4_PlDNA3,E09,E4_CviMVP_PlDNA_3_SG_1898_e19706e2
qpcr_pl11,F4_PlDNA3,F09,F4_CviMVP_PlDNA_3_SG_1296_1006c251
qpcr_pl11,G4_PlDNA3,G09,G4_CviMVP_PlDNA_3_SG.sharedLotterhosPuritz_1518_4ff5ee3e
qpcr_pl11,H4_PlDNA3,H09,H4_CviMVP_PlDNA_3_SG.sharedLotterhosPuritz_1867_848c805c
qpcr_pl11,A4_PlDNA3,A10,A4_CviMVP_PlDNA_3_SG.sharedLotterhosPuritz_1861_4b537e7a
qpcr_pl11,B4_PlDNA3,B10,B4_CviMVP_PlDNA_3_SG_1389_08911bbf
qpcr_pl11,C4_PlDNA3,C10,C4_CviMVP_PlDNA_3_SG_1575_5d10637a
qpcr_pl11,D4_PlDNA3,D10,D4_CviMVP_PlDNA_3_SG_1183_5414cc84
qpcr_pl11,E4_PlDNA3,E10,E4_CviMVP_PlDNA_3_SG_1898_e19706e2
qpcr_pl11,F4_PlDNA3,F10,F4_CviMVP_PlDNA_3_SG_1296_1006c251
qpcr_pl11,G4_PlDNA3,G10,G4_CviMVP_PlDNA_3_SG.sharedLotterhosPuritz_1518_4ff5ee3e
qpcr_pl11,H4_PlDNA3,H10,H4_CviMVP_PlDNA_3_SG.sharedLotterhosPuritz_1867_848c805c
qpcr_pl11,A5_PlDNA3,B11,A5_CviMVP_PlDNA_3_SG_1225_19942566
qpcr_pl11,B5_PlDNA3,C11,B5_CviMVP_PlDNA_3_SG.sharedLotterhosPuritz_1491_4d777632
qpcr_pl11,C5_PlDNA3,D11,C5_CviMVP_PlDNA_3_SG_1095_64467e6a
qpcr_pl11,D5_PlDNA3,E11,D5_CviMVP_PlDNA_3_SG_1203_5ff51565
qpcr_pl11,E5_PlDNA3,F11,E5_CviMVP_PlDNA_3_SG_1633_86fd52e6
qpcr_pl11,A5_PlDNA3,B12,A5_CviMVP_PlDNA_3_SG_1225_19942566
qpcr_pl11,B5_PlDNA3,C12,B5_CviMVP_PlDNA_3_SG.sharedLotterhosPuritz_1491_4d777632
qpcr_pl11,C5_PlDNA3,D12,C5_CviMVP_PlDNA_3_SG_1095_64467e6a
qpcr_pl11,D5_PlDNA3,E12,D5_CviMVP_PlDNA_3_SG_1203_5ff51565
qpcr_pl11,E5_PlDNA3,F12,E5_CviMVP_PlDNA_3_SG_1633_86fd52e6
qpcr_pl12,A6_PlDNA3,A03,A6_CviMVP_PlDNA_3_SG.sharedLotterhosPuritz_3007_8a86f2f3
qpcr_pl12,B6_PlDNA3,B03,B6_CviMVP_PlDNA_3_SG_1893_3d719166
qpcr_pl12,C6_PlDNA3,C03,C6_CviMVP_PlDNA_3_SG_1091_f69ab709
qpcr_pl12,D6_PlDNA3,D03,D6_CviMVP_PlDNA_3_SG_1156_42f64b98
qpcr_pl12,F6_PlDNA3,E03,F6_CviMVP_PlDNA_3_SG_1544_361c6090
qpcr_pl12,G6_PlDNA3,F03,G6_CviMVP_PlDNA_3_SG_1128_2985a17f
qpcr_pl12,H6_PlDNA3,G03,H6_CviMVP_PlDNA_3_SG_1922_42af2f75
qpcr_pl12,E11_PIDNA3,H03,E11_CviMVP_PlDNA_3_SG_1319_f6abf4f5
qpcr_pl12,A6_PlDNA3,A04,A6_CviMVP_PlDNA_3_SG.sharedLotterhosPuritz_3007_8a86f2f3
qpcr_pl12,B6_PlDNA3,B04,B6_CviMVP_PlDNA_3_SG_1893_3d719166
qpcr_pl12,C6_PlDNA3,C04,C6_CviMVP_PlDNA_3_SG_1091_f69ab709
qpcr_pl12,D6_PlDNA3,D04,D6_CviMVP_PlDNA_3_SG_1156_42f64b98
qpcr_pl12,F6_PlDNA3,E04,F6_CviMVP_PlDNA_3_SG_1544_361c6090
qpcr_pl12,G6_PlDNA3,F04,G6_CviMVP_PlDNA_3_SG_1128_2985a17f
qpcr_pl12,H6_PlDNA3,G04,H6_CviMVP_PlDNA_3_SG_1922_42af2f75
qpcr_pl12,E11_PIDNA3,H04,E11_CviMVP_PlDNA_3_SG_1319_f6abf4f5
qpcr_pl12,A7_PlDNA3,A05,A7_CviMVP_PlDNA_3_SG.sharedLotterhosPuritz_1769_28e6bcda
qpcr_pl12,B7_PlDNA3,B05,B7_CviMVP_PlDNA_3_SG_1092_7cb45c20
qpcr_pl12,C7_PlDNA3,C05,C7_CviMVP_PlDNA_3_SG_1089_171c56fe
qpcr_pl12,D7_PlDNA3,D05,D7_CviMVP_PlDNA_3_SG.sharedLotterhosPuritz_1738_63fe4ba4
qpcr_pl12,E7_PlDNA3,E05,E7_CviMVP_PlDNA_3_SG_1821_7af88346
qpcr_pl12,F7_PlDNA3,F05,F7_CviMVP_PlDNA_3_SG_1353_99c23436
qpcr_pl12,G7_PlDNA3,G05,G7_CviMVP_PlDNA_3_SG_1690_7193fce4
qpcr_pl12,H7_PlDNA3,H05,H7_CviMVP_PlDNA_3_SG_1895_7630aa9e
qpcr_pl12,A7_PlDNA3,A06,A7_CviMVP_PlDNA_3_SG.sharedLotterhosPuritz_1769_28e6bcda
qpcr_pl12,B7_PlDNA3,B06,B7_CviMVP_PlDNA_3_SG_1092_7cb45c20
qpcr_pl12,C7_PlDNA3,C06,C7_CviMVP_PlDNA_3_SG_1089_171c56fe
qpcr_pl12,D7_PlDNA3,D06,D7_CviMVP_PlDNA_3_SG.sharedLotterhosPuritz_1738_63fe4ba4
qpcr_pl12,E7_PlDNA3,E06,E7_CviMVP_PlDNA_3_SG_1821_7af88346
qpcr_pl12,F7_PlDNA3,F06,F7_CviMVP_PlDNA_3_SG_1353_99c23436
qpcr_pl12,G7_PlDNA3,G06,G7_CviMVP_PlDNA_3_SG_1690_7193fce4
qpcr_pl12,H7_PlDNA3,H06,H7_CviMVP_PlDNA_3_SG_1895_7630aa9e
qpcr_pl12,A8_PlDNA3,A07,A8_CviMVP_PlDNA_3_SG_1234_3dfd6aa1
qpcr_pl12,B8_PlDNA3,B07,B8_CviMVP_PlDNA_3_SG.sharedLotterhosPuritz_1536_2cb8b409
qpcr_pl12,C8_PlDNA3,C07,C8_CviMVP_PlDNA_3_SG_1257_2d61b6c8
qpcr_pl12,D8_PlDNA3,D07,D8_CviMVP_PlDNA_3_SG_1187_d1d068e1
qpcr_pl12,E8_PlDNA3,E07,E8_CviMVP_PlDNA_3_SG_1818_5a48bf6b
qpcr_pl12,F8_PlDNA3,F07,F8_CviMVP_PlDNA_3_SG_1362_e986275b
qpcr_pl12,G8_PlDNA3,G07,G8_CviMVP_PlDNA_3_SG.sharedLotterhosPuritz_1731_ec34a354
qpcr_pl12,H8_PlDNA3,H07,H8_CviMVP_PlDNA_3_SG.sharedLotterhosPuritz_1511_e7286bb7
qpcr_pl12,A8_PlDNA3,A08,A8_CviMVP_PlDNA_3_SG_1234_3dfd6aa1
qpcr_pl12,B8_PlDNA3,B08,B8_CviMVP_PlDNA_3_SG.sharedLotterhosPuritz_1536_2cb8b409
qpcr_pl12,C8_PlDNA3,C08,C8_CviMVP_PlDNA_3_SG_1257_2d61b6c8
qpcr_pl12,D8_PlDNA3,D08,D8_CviMVP_PlDNA_3_SG_1187_d1d068e1
qpcr_pl12,E8_PlDNA3,E08,E8_CviMVP_PlDNA_3_SG_1818_5a48bf6b
qpcr_pl12,F8_PlDNA3,F08,F8_CviMVP_PlDNA_3_SG_1362_e986275b
qpcr_pl12,G8_PlDNA3,G08,G8_CviMVP_PlDNA_3_SG.sharedLotterhosPuritz_1731_ec34a354
qpcr_pl12,H8_PlDNA3,H08,H8_CviMVP_PlDNA_3_SG.sharedLotterhosPuritz_1511_e7286bb7
qpcr_pl12,A9_PIDNA3,A09,A9_CviMVP_PlDNA_3_SG_1159_a3a06726
qpcr_pl12,B9_PIDNA3,B09,B9_CviMVP_PlDNA_3_SG_1043_a6bf86da
qpcr_pl12,C9_PIDNA3,C09,C9_CviMVP_PlDNA_3_SG.sharedLotterhosPuritz_1492_f748ad4a
qpcr_pl12,D9_PIDNA3,D09,D9_CviMVP_PlDNA_3_SG_1649_66175ee3
qpcr_pl12,E9_PIDNA3,E09,E9_CviMVP_PlDNA_3_SG_1026_d9b276d4
qpcr_pl12,F9_PIDNA3,F09,F9_CviMVP_PlDNA_3_SG.sharedLotterhosPuritz_1498_82354aba
qpcr_pl12,G9_PIDNA3,G09,G9_CviMVP_PlDNA_3_SG_1900_613a738d
qpcr_pl12,H9_PIDNA3,H09,H9_CviMVP_PlDNA_3_SG_1636_e34f2d48
qpcr_pl12,A9_PIDNA3,A10,A9_CviMVP_PlDNA_3_SG_1159_a3a06726
qpcr_pl12,B9_PIDNA3,B10,B9_CviMVP_PlDNA_3_SG_1043_a6bf86da
qpcr_pl12,C9_PIDNA3,C10,C9_CviMVP_PlDNA_3_SG.sharedLotterhosPuritz_1492_f748ad4a
qpcr_pl12,D9_PIDNA3,D10,D9_CviMVP_PlDNA_3_SG_1649_66175ee3
qpcr_pl12,E9_PIDNA3,E10,E9_CviMVP_PlDNA_3_SG_1026_d9b276d4
qpcr_pl12,F9_PIDNA3,F10,F9_CviMVP_PlDNA_3_SG.sharedLotterhosPuritz_1498_82354aba
qpcr_pl12,G9_PIDNA3,G10,G9_CviMVP_PlDNA_3_SG_1900_613a738d
qpcr_pl12,H9_PIDNA3,H10,H9_CviMVP_PlDNA_3_SG_1636_e34f2d48
qpcr_pl12,A10_PIDNA3,B11,A10_CviMVP_PlDNA_3_SG_1015_9b0b22ae
qpcr_pl12,B10_PIDNA3,C11,B10_CviMVP_PlDNA_3_SG_1410_f5b0a7bd
qpcr_pl12,C10_PIDNA3,D11,C10_CviMVP_PlDNA_3_SG_1038_a10f506e
qpcr_pl12,D10_PIDNA3,E11,D10_CviMVP_PlDNA_3_SG_1201_90dd9abc
qpcr_pl12,E10_PIDNA3,F11,E10_CviMVP_PlDNA_3_SG.sharedLotterhosPuritz_3055_e8238a80
qpcr_pl12,A10_PIDNA3,B12,A10_CviMVP_PlDNA_3_SG_1015_9b0b22ae
qpcr_pl12,B10_PIDNA3,C12,B10_CviMVP_PlDNA_3_SG_1410_f5b0a7bd
qpcr_pl12,C10_PIDNA3,D12,C10_CviMVP_PlDNA_3_SG_1038_a10f506e
qpcr_pl12,D10_PIDNA3,E12,D10_CviMVP_PlDNA_3_SG_1201_90dd9abc
qpcr_pl12,E10_PIDNA3,F12,E10_CviMVP_PlDNA_3_SG.sharedLotterhosPuritz_3055_e8238a80
qpcr_pl13,A11_PIDNA3,A03,A11_CviMVP_PlDNA_3_SG_1911_4c46219c
qpcr_pl13,B11_PIDNA3,B03,B11_CviMVP_PlDNA_3_SG_1601_e0aa9062
qpcr_pl13,C11_PIDNA3,C03,C11_CviMVP_PlDNA_3_SG_1330_1af8467d
qpcr_pl13,D11_PIDNA3,D03,D11_CviMVP_PlDNA_3_SG_1109_d2a7f6ab
qpcr_pl13,F11_PIDNA3,E03,F11_CviMVP_PlDNA_3_SG.sharedLotterhosPuritz_1745_f187941c
qpcr_pl13,G11_PIDNA3,F03,G11_CviMVP_PlDNA_3_SG_1097_01d67bb5
qpcr_pl13,H11_PIDNA3,G03,H11_CviMVP_PlDNA_3_SG_1130_d4280f98
qpcr_pl13,H5_PIDNA4,H03,H5_CviMVP_PlDNA_4_SG_1294_d8ad56d2
qpcr_pl13,A11_PIDNA3,A04,A11_CviMVP_PlDNA_3_SG_1911_4c46219c
qpcr_pl13,B11_PIDNA3,B04,B11_CviMVP_PlDNA_3_SG_1601_e0aa9062
qpcr_pl13,C11_PIDNA3,C04,C11_CviMVP_PlDNA_3_SG_1330_1af8467d
qpcr_pl13,D11_PIDNA3,D04,D11_CviMVP_PlDNA_3_SG_1109_d2a7f6ab
qpcr_pl13,F11_PIDNA3,E04,F11_CviMVP_PlDNA_3_SG.sharedLotterhosPuritz_1745_f187941c
qpcr_pl13,G11_PIDNA3,F04,G11_CviMVP_PlDNA_3_SG_1097_01d67bb5
qpcr_pl13,H11_PIDNA3,G04,H11_CviMVP_PlDNA_3_SG_1130_d4280f98
qpcr_pl13,H5_PIDNA4,H04,H5_CviMVP_PlDNA_4_SG_1294_d8ad56d2
qpcr_pl13,A12_PIDNA3,A05,A12_CviMVP_PlDNA_3_SG_1338_95293c8f
qpcr_pl13,B12_PIDNA3,B05,B12_CviMVP_PlDNA_3_SG_1102_48c637c3
qpcr_pl13,C12_PIDNA3,C05,C12_CviMVP_PlDNA_3_SG_1361_9b1f4445
qpcr_pl13,D12_PIDNA3,D05,D12_CviMVP_PlDNA_3_SG_1829_bda513f5
qpcr_pl13,E12_PIDNA3,E05,E12_CviMVP_PlDNA_3_SG_1175_7417dc30
qpcr_pl13,F12_PIDNA3,F05,F12_CviMVP_PlDNA_3_SG.sharedLotterhosPuritz_1719_c3f350c9
qpcr_pl13,G12_PIDNA3,G05,G12_CviMVP_PlDNA_3_SG_1194_879483b0
qpcr_pl13,H12_PIDNA3,H05,H12_CviMVP_PlDNA_3_SG.sharedLotterhosPuritz_3021_448ac77f
qpcr_pl13,A12_PIDNA3,A06,A12_CviMVP_PlDNA_3_SG_1338_95293c8f
qpcr_pl13,B12_PIDNA3,B06,B12_CviMVP_PlDNA_3_SG_1102_48c637c3
qpcr_pl13,C12_PIDNA3,C06,C12_CviMVP_PlDNA_3_SG_1361_9b1f4445
qpcr_pl13,D12_PIDNA3,D06,D12_CviMVP_PlDNA_3_SG_1829_bda513f5
qpcr_pl13,E12_PIDNA3,E06,E12_CviMVP_PlDNA_3_SG_1175_7417dc30
qpcr_pl13,F12_PIDNA3,F06,F12_CviMVP_PlDNA_3_SG.sharedLotterhosPuritz_1719_c3f350c9
qpcr_pl13,G12_PIDNA3,G06,G12_CviMVP_PlDNA_3_SG_1194_879483b0
qpcr_pl13,H12_PIDNA3,H06,H12_CviMVP_PlDNA_3_SG.sharedLotterhosPuritz_3021_448ac77f
qpcr_pl13,A1_PIDNA4,A07,A1_CviMVP_PlDNA_4_SG_1693_d7a2129b
qpcr_pl13,B1_PIDNA4,B07,B1_CviMVP_PlDNA_4_SG_1057_08412b0c
qpcr_pl13,C1_PIDNA4,C07,C1_CviMVP_PlDNA_4_SG_1205_ae001ab4
qpcr_pl13,D1_PIDNA4,D07,D1_CviMVP_PlDNA_4_SG_1638_de9fb8f5
qpcr_pl13,E1_PIDNA4,E07,E1_CviMVP_PlDNA_4_SG_1645_2fe33d1c
qpcr_pl13,F1_PIDNA4,F07,F1_CviMVP_PlDNA_4_SG_1336_9bdae747
qpcr_pl13,G5_PIDNA3,G07,G5_CviMVP_PlDNA_3_SG_1204_0821edd3
qpcr_pl13,H5_PIDNA3,H07,H5_CviMVP_PlDNA_3_SG_1634_af27b8b9
qpcr_pl13,A1_PIDNA4,A08,A1_CviMVP_PlDNA_4_SG_1693_d7a2129b
qpcr_pl13,B1_PIDNA4,B08,B1_CviMVP_PlDNA_4_SG_1057_08412b0c
qpcr_pl13,C1_PIDNA4,C08,C1_CviMVP_PlDNA_4_SG_1205_ae001ab4
qpcr_pl13,D1_PIDNA4,D08,D1_CviMVP_PlDNA_4_SG_1638_de9fb8f5
qpcr_pl13,E1_PIDNA4,E08,E1_CviMVP_PlDNA_4_SG_1645_2fe33d1c
qpcr_pl13,F1_PIDNA4,F08,F1_CviMVP_PlDNA_4_SG_1336_9bdae747
qpcr_pl13,G5_PIDNA3,G08,G5_CviMVP_PlDNA_3_SG_1204_0821edd3
qpcr_pl13,H5_PIDNA3,H08,H5_CviMVP_PlDNA_3_SG_1634_af27b8b9
qpcr_pl13,A2_PIDNA4,A09,A2_CviMVP_PlDNA_4_SG_1342_d2854e5c
qpcr_pl13,C2_PIDNA4,B09,C2_CviMVP_PlDNA_4_SG.sharedLotterhosPuritz_1482_55e8412d
qpcr_pl13,D2_PIDNA4,C09,D2_CviMVP_PlDNA_4_SG.sharedLotterhosPuritz_3056_728390bb
qpcr_pl13,E2_PIDNA4,D09,E2_CviMVP_PlDNA_4_SG_1917_af7a792d
qpcr_pl13,F2_PIDNA4,E09,F2_CviMVP_PlDNA_4_SG_1123_53aae46e
qpcr_pl13,F10_PIDNA3,F09,F10_CviMVP_PlDNA_3_SG.sharedLotterhosPuritz_3015_1562c46c
qpcr_pl13,G10_PIDNA3,G09,G10_CviMVP_PlDNA_3_SG_1324_0c891359
qpcr_pl13,H10_PIDNA3,H09,H10_CviMVP_PlDNA_3_SG.sharedLotterhosPuritz_3053_b1bf0ddb
qpcr_pl13,A2_PIDNA4,A10,A2_CviMVP_PlDNA_4_SG_1342_d2854e5c
qpcr_pl13,C2_PIDNA4,B10,C2_CviMVP_PlDNA_4_SG.sharedLotterhosPuritz_1482_55e8412d
qpcr_pl13,D2_PIDNA4,C10,D2_CviMVP_PlDNA_4_SG.sharedLotterhosPuritz_3056_728390bb
qpcr_pl13,E2_PIDNA4,D10,E2_CviMVP_PlDNA_4_SG_1917_af7a792d
qpcr_pl13,F2_PIDNA4,E10,F2_CviMVP_PlDNA_4_SG_1123_53aae46e
qpcr_pl13,F10_PIDNA3,F10,F10_CviMVP_PlDNA_3_SG.sharedLotterhosPuritz_3015_1562c46c
qpcr_pl13,G10_PIDNA3,G10,G10_CviMVP_PlDNA_3_SG_1324_0c891359
qpcr_pl13,H10_PIDNA3,H10,H10_CviMVP_PlDNA_3_SG.sharedLotterhosPuritz_3053_b1bf0ddb
qpcr_pl13,A3_PIDNA4,B11,A3_CviMVP_PlDNA_4_SG.sharedLotterhosPuritz_1771_536699ad
qpcr_pl13,B3_PIDNA4,C11,B3_CviMVP_PlDNA_4_SG.sharedLotterhosPuritz_3013_33dda8a5
qpcr_pl13,C3_PIDNA4,D11,C3_CviMVP_PlDNA_4_SG_1148_e01548b2
qpcr_pl13,D3_PIDNA4,E11,D3_CviMVP_PlDNA_4_SG_1311_59f9dad6
qpcr_pl13,E3_PIDNA4,F11,E3_CviMVP_PlDNA_4_SG_1553_e2b0c8f8
qpcr_pl13,A3_PIDNA4,B12,A3_CviMVP_PlDNA_4_SG.sharedLotterhosPuritz_1771_536699ad
qpcr_pl13,B3_PIDNA4,C12,B3_CviMVP_PlDNA_4_SG.sharedLotterhosPuritz_3013_33dda8a5
qpcr_pl13,C3_PIDNA4,D12,C3_CviMVP_PlDNA_4_SG_1148_e01548b2
qpcr_pl13,D3_PIDNA4,E12,D3_CviMVP_PlDNA_4_SG_1311_59f9dad6
qpcr_pl13,E3_PIDNA4,F12,E3_CviMVP_PlDNA_4_SG_1553_e2b0c8f8
qpcr_pl14,B1_PIDNA7,A03,B1_CviMVP_PlDNA_7_SG_1295_57606ad7
qpcr_pl14,D1_PIDNA7,B03,D1_CviMVP_PlDNA_7_SG.sharedLotterhosPuritz_1739_86d6dd29
qpcr_pl14,E1_PIDNA7,C03,E1_CviMVP_PlDNA_7_SG_1572_cb4e0fea
qpcr_pl14,G1_PIDNA7,D03,G1_CviMVP_PlDNA_7_SG_1134_4679beda
qpcr_pl14,A2_PIDNA7,E03,A2_CviMVP_PlDNA_7_SG_1277_56f3e487
qpcr_pl14,C2_PIDNA7,F03,C2_CviMVP_PlDNA_7_SG_1660_74856262
qpcr_pl14,H2_PIDNA7,G03,H2_CviMVP_PlDNA_7_SG.sharedLotterhosPuritz_3016_ae22d219
qpcr_pl14,F4_PIDNA7,H03,F4_CviMVP_PlDNA_7_SG_1407_9b09aa13
qpcr_pl14,B1_PIDNA7,A04,B1_CviMVP_PlDNA_7_SG_1295_57606ad7
qpcr_pl14,D1_PIDNA7,B04,D1_CviMVP_PlDNA_7_SG.sharedLotterhosPuritz_1739_86d6dd29
qpcr_pl14,E1_PIDNA7,C04,E1_CviMVP_PlDNA_7_SG_1572_cb4e0fea
qpcr_pl14,G1_PIDNA7,D04,G1_CviMVP_PlDNA_7_SG_1134_4679beda
qpcr_pl14,A2_PIDNA7,E04,A2_CviMVP_PlDNA_7_SG_1277_56f3e487
qpcr_pl14,C2_PIDNA7,F04,C2_CviMVP_PlDNA_7_SG_1660_74856262
qpcr_pl14,H2_PIDNA7,G04,H2_CviMVP_PlDNA_7_SG.sharedLotterhosPuritz_3016_ae22d219
qpcr_pl14,F4_PIDNA7,H04,F4_CviMVP_PlDNA_7_SG_1407_9b09aa13
qpcr_pl14,A12__PIDNA7,A05,A12_CviMVP_PlDNA_7_SG_1416_1225a415
qpcr_pl14,C12_PIDNA7,B05,C12_CviMVP_PlDNA_7_SG.sharedLotterhosPuritz_1529_cea1f7ed
qpcr_pl14,G12_PIDNA7,C05,G12_CviMVP_PlDNA_7_SG_1016_32ac523d
qpcr_pl14,E10_PIDNA7,D05,E10_CviMVP_PlDNA_7_SG_1167_666608b2
qpcr_pl14,F10_PIDNA7,E05,F10_CviMVP_PlDNA_7_SG_1682_9f835dac
qpcr_pl14,G10_PIDNA7,F05,G10_CviMVP_PlDNA_7_SG_1873_24fd8078
qpcr_pl14,D8_PIDNA7,G05,D8_CviMVP_PlDNA_7_SG.sharedLotterhosPuritz_1744_b7a36d63
qpcr_pl14,E8_PIDNA7,H05,E8_CviMVP_PlDNA_7_SG_1223_70f8e33b
qpcr_pl14,A12__PIDNA7,A06,A12_CviMVP_PlDNA_7_SG_1416_1225a415
qpcr_pl14,C12_PIDNA7,B06,C12_CviMVP_PlDNA_7_SG.sharedLotterhosPuritz_1529_cea1f7ed
qpcr_pl14,G12_PIDNA7,C06,G12_CviMVP_PlDNA_7_SG_1016_32ac523d
qpcr_pl14,E10_PIDNA7,D06,E10_CviMVP_PlDNA_7_SG_1167_666608b2
qpcr_pl14,F10_PIDNA7,E06,F10_CviMVP_PlDNA_7_SG_1682_9f835dac
qpcr_pl14,G10_PIDNA7,F06,G10_CviMVP_PlDNA_7_SG_1873_24fd8078
qpcr_pl14,D8_PIDNA7,G06,D8_CviMVP_PlDNA_7_SG.sharedLotterhosPuritz_1744_b7a36d63
qpcr_pl14,E8_PIDNA7,H06,E8_CviMVP_PlDNA_7_SG_1223_70f8e33b
qpcr_pl14,C11_PIDNA8,A07,C11_CviMVP_PlDNA_8_SG_1914_2afde6ae
qpcr_pl14,D11_PIDNA8,B07,D11_CviMVP_PlDNA_8_SG_1792_ce78a1ce
qpcr_pl14,E11_PIDNA8,C07,E11_CviMVP_PlDNA_8_SG_1951_9c0cb988
qpcr_pl14,F11_PIDNA8,D07,F11_CviMVP_PlDNA_8_SG_1837_3e5f9953
qpcr_pl14,G11_PIDNA8,E07,G11_CviMVP_PlDNA_8_SG_1096_6f8b4b94
qpcr_pl14,H11_PIDNA8,F07,H11_CviMVP_PlDNA_8_SG_1329_10b5f219
qpcr_pl14,A7_PIDNA7,G07,A7_CviMVP_PlDNA_7_SG.sharedLotterhosPuritz_1855_c2ef8b63
qpcr_pl14,B11_PIDNA8,H07,B11_CviMVP_PlDNA_8_SG_1454_7119b428
qpcr_pl14,C11_PIDNA8,A08,C11_CviMVP_PlDNA_8_SG_1914_2afde6ae
qpcr_pl14,D11_PIDNA8,B08,D11_CviMVP_PlDNA_8_SG_1792_ce78a1ce
qpcr_pl14,E11_PIDNA8,C08,E11_CviMVP_PlDNA_8_SG_1951_9c0cb988
qpcr_pl14,F11_PIDNA8,D08,F11_CviMVP_PlDNA_8_SG_1837_3e5f9953
qpcr_pl14,G11_PIDNA8,E08,G11_CviMVP_PlDNA_8_SG_1096_6f8b4b94
qpcr_pl14,H11_PIDNA8,F08,H11_CviMVP_PlDNA_8_SG_1329_10b5f219
qpcr_pl14,A7_PIDNA7,G08,A7_CviMVP_PlDNA_7_SG.sharedLotterhosPuritz_1855_c2ef8b63
qpcr_pl14,B11_PIDNA8,H08,B11_CviMVP_PlDNA_8_SG_1454_7119b428
qpcr_pl14,D10_PIDNA8,A09,"D10_CviMVP_PlDNA_8_SG_1224_1f808b18"
qpcr_pl14,E10_PIDNA8,B09,E10_CviMVP_PlDNA_8_SG_1928_e5d81d6d
qpcr_pl14,F10_PIDNA8,C09,F10_CviMVP_PlDNA_8_SG.sharedLotterhosPuritz_3024_46a33a07
qpcr_pl14,G10_PIDNA8,D09,G10_CviMVP_PlDNA_8_SG_1044_2065a9df
qpcr_pl14,H10_PIDNA8,E09,H10_CviMVP_PlDNA_8_SG_1948_72ad7752
qpcr_pl14,A12_PIDNA8,F09,A12_CviMVP_PlDNA_8_SG_1154_0a8fa4a5
qpcr_pl14,C12_PIDNA8,G09,C12_CviMVP_PlDNA_8_SG_1122_c4a094b0
qpcr_pl14,D12_PIDNA8,H09,D12_CviMVP_PlDNA_8_SG_1794_9f4a3c1c
qpcr_pl14,D10_PIDNA8,A10,"D10_CviMVP_PlDNA_8_SG_1224_1f808b18"
qpcr_pl14,E10_PIDNA8,B10,E10_CviMVP_PlDNA_8_SG_1928_e5d81d6d
qpcr_pl14,F10_PIDNA8,C10,F10_CviMVP_PlDNA_8_SG.sharedLotterhosPuritz_3024_46a33a07
qpcr_pl14,G10_PIDNA8,D10,G10_CviMVP_PlDNA_8_SG_1044_2065a9df
qpcr_pl14,H10_PIDNA8,E10,H10_CviMVP_PlDNA_8_SG_1948_72ad7752
qpcr_pl14,A12_PIDNA8,F10,A12_CviMVP_PlDNA_8_SG_1154_0a8fa4a5
qpcr_pl14,C12_PIDNA8,G10,C12_CviMVP_PlDNA_8_SG_1122_c4a094b0
qpcr_pl14,D12_PIDNA8,H10,D12_CviMVP_PlDNA_8_SG_1794_9f4a3c1c
qpcr_pl14,A10_PIDNA8,B11,A10_CviMVP_PlDNA_8_SG.sharedLotterhosPuritz_1777_59910a02
qpcr_pl14,B10_PIDNA8,C11,B10_CviMVP_PlDNA_8_SG_1983_1d443376
qpcr_pl14,C10_PIDNA8,D11,C10_CviMVP_PlDNA_8_SG_1936_1b3e42a8
qpcr_pl14,B12_PIDNA8,E11,B12_CviMVP_PlDNA_8_SG_1036_906d5a68
qpcr_pl14,F12_PIDNA8,F11,F12_CviMVP_PlDNA_8_SG_1053_950c6b7a
qpcr_pl14,A10_PIDNA8,B12,A10_CviMVP_PlDNA_8_SG.sharedLotterhosPuritz_1777_59910a02
qpcr_pl14,B10_PIDNA8,C12,B10_CviMVP_PlDNA_8_SG_1983_1d443376
qpcr_pl14,C10_PIDNA8,D12,C10_CviMVP_PlDNA_8_SG_1936_1b3e42a8
qpcr_pl14,B12_PIDNA8,E12,B12_CviMVP_PlDNA_8_SG_1036_906d5a68
qpcr_pl14,F12_PIDNA8,F12,F12_CviMVP_PlDNA_8_SG_1053_950c6b7a
qpcr_pl15,B4_PIDNA4,A03,B4_CviMVP_PlDNA_4_SG.sharedLotterhosPuritz_1718_655bf590
qpcr_pl15,C4_PIDNA4,B03,C4_CviMVP_PlDNA_4_SG_1478_bee2927e
qpcr_pl15,D4_PIDNA4,C03,D4_CviMVP_PlDNA_4_SG_1180_8429742a
qpcr_pl15,E4_PIDNA4,D03,E4_CviMVP_PlDNA_4_SG_1799_2e3fe4aa
qpcr_pl15,F4_PIDNA4,E03,F4_CviMVP_PlDNA_4_SG_1827_43db5e47
qpcr_pl15,G4_PIDNA4,F03,G4_CviMVP_PlDNA_4_SG_1198_980f6fe8
qpcr_pl15,H4_PIDNA4,G03,H4_CviMVP_PlDNA_4_SG.sharedLotterhosPuritz_1514_53c65e35
qpcr_pl15,F3_PIDNA4,H03,F3_CviMVP_PlDNA_4_SG_1807_377a52b1
qpcr_pl15,B4_PIDNA4,A04,B4_CviMVP_PlDNA_4_SG.sharedLotterhosPuritz_1718_655bf590
qpcr_pl15,C4_PIDNA4,B04,C4_CviMVP_PlDNA_4_SG_1478_bee2927e
qpcr_pl15,D4_PIDNA4,C04,D4_CviMVP_PlDNA_4_SG_1180_8429742a
qpcr_pl15,E4_PIDNA4,D04,E4_CviMVP_PlDNA_4_SG_1799_2e3fe4aa
qpcr_pl15,F4_PIDNA4,E04,F4_CviMVP_PlDNA_4_SG_1827_43db5e47
qpcr_pl15,G4_PIDNA4,F04,G4_CviMVP_PlDNA_4_SG_1198_980f6fe8
qpcr_pl15,H4_PIDNA4,G04,H4_CviMVP_PlDNA_4_SG.sharedLotterhosPuritz_1514_53c65e35
qpcr_pl15,F3_PIDNA4,H04,F3_CviMVP_PlDNA_4_SG_1807_377a52b1
qpcr_pl15,A5_PIDNA4,A05,A5_CviMVP_PlDNA_4_SG_1017_8d7c2653
qpcr_pl15,B5_PIDNA4,B05,B5_CviMVP_PlDNA_4_SG_1428_2fded98a
qpcr_pl15,C5_PIDNA4,C05,C5_CviMVP_PlDNA_4_SG_1164_98eed981
qpcr_pl15,D5_PIDNA4,D05,D5_CviMVP_PlDNA_4_SG.sharedLotterhosPuritz_3038_a4e6ce98
qpcr_pl15,E5_PIDNA4,E05,E5_CviMVP_PlDNA_4_SG_1910_a67d4341
qpcr_pl15,F5_PIDNA4,F05,F5_CviMVP_PlDNA_4_SG_1646_dc731bef
qpcr_pl15,G5_PIDNA4,G05,G5_CviMVP_PlDNA_4_SG.sharedLotterhosPuritz_1488_d1de6993
qpcr_pl15,H5_PIDNA4,H05,H5_CviMVP_PlDNA_4_SG_1294_d8ad56d2
qpcr_pl15,A5_PIDNA4,A06,A5_CviMVP_PlDNA_4_SG_1017_8d7c2653
qpcr_pl15,B5_PIDNA4,B06,B5_CviMVP_PlDNA_4_SG_1428_2fded98a
qpcr_pl15,C5_PIDNA4,C06,C5_CviMVP_PlDNA_4_SG_1164_98eed981
qpcr_pl15,D5_PIDNA4,D06,D5_CviMVP_PlDNA_4_SG.sharedLotterhosPuritz_3038_a4e6ce98
qpcr_pl15,E5_PIDNA4,E06,E5_CviMVP_PlDNA_4_SG_1910_a67d4341
qpcr_pl15,F5_PIDNA4,F06,F5_CviMVP_PlDNA_4_SG_1646_dc731bef
qpcr_pl15,G5_PIDNA4,G06,G5_CviMVP_PlDNA_4_SG.sharedLotterhosPuritz_1488_d1de6993
qpcr_pl15,H5_PIDNA4,H06,H5_CviMVP_PlDNA_4_SG_1294_d8ad56d2
qpcr_pl15,A6_PIDNA4,A07,A6_CviMVP_PlDNA_4_SG_1692_8c38f7d5
qpcr_pl15,B6_PIDNA4,B07,B6_CviMVP_PlDNA_4_SG_1344_f85703a0
qpcr_pl15,C6_PIDNA4,C07,C6_CviMVP_PlDNA_4_SG_1712_2338a29d
qpcr_pl15,D6_PIDNA4,D07,D6_CviMVP_PlDNA_4_SG_1046_dd6103a0
qpcr_pl15,F6_PIDNA4,E07,F6_CviMVP_PlDNA_4_SG_1171_ec4b4908
qpcr_pl15,H6_PIDNA4,F07,H6_CviMVP_PlDNA_4_SG_1832_200cdfa7
qpcr_pl15,F8_PIDNA4,G07,F8_CviMVP_PlDNA_4_SG.sharedLotterhosPuritz_1840_92caafa7
qpcr_pl15,G8_PIDNA4,H07,G8_CviMVP_PlDNA_4_SG_1442_9009f004
qpcr_pl15,A6_PIDNA4,A08,A6_CviMVP_PlDNA_4_SG_1692_8c38f7d5
qpcr_pl15,B6_PIDNA4,B08,B6_CviMVP_PlDNA_4_SG_1344_f85703a0
qpcr_pl15,C6_PIDNA4,C08,C6_CviMVP_PlDNA_4_SG_1712_2338a29d
qpcr_pl15,D6_PIDNA4,D08,D6_CviMVP_PlDNA_4_SG_1046_dd6103a0
qpcr_pl15,F6_PIDNA4,E08,F6_CviMVP_PlDNA_4_SG_1171_ec4b4908
qpcr_pl15,H6_PIDNA4,F08,H6_CviMVP_PlDNA_4_SG_1832_200cdfa7
qpcr_pl15,F8_PIDNA4,G08,F8_CviMVP_PlDNA_4_SG.sharedLotterhosPuritz_1840_92caafa7
qpcr_pl15,G8_PIDNA4,H08,G8_CviMVP_PlDNA_4_SG_1442_9009f004
qpcr_pl15,A7_PIDNA4,A09,A7_CviMVP_PlDNA_4_SG_1309_dcb4787a
qpcr_pl15,C7_PIDNA4,B09,C7_CviMVP_PlDNA_4_SG_1546_9204d62d
qpcr_pl15,D7_PIDNA4,C09,D7_CviMVP_PlDNA_4_SG.sharedLotterhosPuritz_1776_3c0d0ba6
qpcr_pl15,E7_PIDNA4,D09,E7_CviMVP_PlDNA_4_SG.sharedLotterhosPuritz_1520_2ac7c9cd
qpcr_pl15,F7_PIDNA4,E09,F7_CviMVP_PlDNA_4_SG_1064_8a94aafd
qpcr_pl15,G7_PIDNA4,F09,G7_CviMVP_PlDNA_4_SG_1548_a06e9f62
qpcr_pl15,H7_PIDNA4,G09,H7_CviMVP_PlDNA_4_SG_1810_984f0d11
qpcr_pl15,H8_PIDNA4,H09,H8_CviMVP_PlDNA_4_SG.sharedLotterhosPuritz_1845_1a32d8b0
qpcr_pl15,A7_PIDNA4,A10,A7_CviMVP_PlDNA_4_SG_1309_dcb4787a
qpcr_pl15,C7_PIDNA4,B10,C7_CviMVP_PlDNA_4_SG_1546_9204d62d
qpcr_pl15,D7_PIDNA4,C10,D7_CviMVP_PlDNA_4_SG.sharedLotterhosPuritz_1776_3c0d0ba6
qpcr_pl15,E7_PIDNA4,D10,E7_CviMVP_PlDNA_4_SG.sharedLotterhosPuritz_1520_2ac7c9cd
qpcr_pl15,F7_PIDNA4,E10,F7_CviMVP_PlDNA_4_SG_1064_8a94aafd
qpcr_pl15,G7_PIDNA4,F10,G7_CviMVP_PlDNA_4_SG_1548_a06e9f62
qpcr_pl15,H7_PIDNA4,G10,H7_CviMVP_PlDNA_4_SG_1810_984f0d11
qpcr_pl15,H8_PIDNA4,H10,H8_CviMVP_PlDNA_4_SG.sharedLotterhosPuritz_1845_1a32d8b0
qpcr_pl15,A8_PIDNA4,B11,A8_CviMVP_PlDNA_4_SG_1363_34d018e7
qpcr_pl15,B8_PIDNA4,C11,B8_CviMVP_PlDNA_4_SG.sharedLotterhosPuritz_1849_21c5f2d5
qpcr_pl15,C8_PIDNA4,D11,C8_CviMVP_PlDNA_4_SG.sharedLotterhosPuritz_1842_1b03335a
qpcr_pl15,D8_PIDNA4,E11,D8_CviMVP_PlDNA_4_SG_1087_52775fe9
qpcr_pl15,E8_PIDNA4,F11,E8_CviMVP_PlDNA_4_SG_1079_865600c1
qpcr_pl15,A8_PIDNA4,B12,A8_CviMVP_PlDNA_4_SG_1363_34d018e7
qpcr_pl15,B8_PIDNA4,C12,B8_CviMVP_PlDNA_4_SG.sharedLotterhosPuritz_1849_21c5f2d5
qpcr_pl15,C8_PIDNA4,D12,C8_CviMVP_PlDNA_4_SG.sharedLotterhosPuritz_1842_1b03335a
qpcr_pl15,D8_PIDNA4,E12,D8_CviMVP_PlDNA_4_SG_1087_52775fe9
qpcr_pl15,E8_PIDNA4,F12,E8_CviMVP_PlDNA_4_SG_1079_865600c1
qpcr_pl16,C2_PIDNA10,H01,C2_CviMVP_PlDNA_10_SG_2003_b40d508d
qpcr_pl16,C2_PIDNA10,H02,C2_CviMVP_PlDNA_10_SG_2003_b40d508d
qpcr_pl16,A9_PIDNA4,A03,A9_CviMVP_PlDNA_4_SG_1028_4e0fd7b2
qpcr_pl16,B9_PIDNA4,B03,B9_CviMVP_PlDNA_4_SG_1414_8945336e
qpcr_pl16,C9_PIDNA4,C03,C9_CviMVP_PlDNA_4_SG_1923_d8adabfd
qpcr_pl16,D9_PIDNA4,D03,D9_CviMVP_PlDNA_4_SG_1066_01e3c4d8
qpcr_pl16,E9_PIDNA4,E03,E9_CviMVP_PlDNA_4_SG_1168_5cf34250
qpcr_pl16,F9_PIDNA4,F03,F9_CviMVP_PlDNA_4_SG_1341_f60fb583
qpcr_pl16,H9_PIDNA4,G03,H9_CviMVP_PlDNA_4_SG.sharedLotterhosPuritz_1503_5d1a03b6
qpcr_pl16,B5_PIDNA5,H03,B5_CviMVP_PlDNA_5_SG_1402_70b1442c
qpcr_pl16,A9_PIDNA4,A04,A9_CviMVP_PlDNA_4_SG_1028_4e0fd7b2
qpcr_pl16,B9_PIDNA4,B04,B9_CviMVP_PlDNA_4_SG_1414_8945336e
qpcr_pl16,C9_PIDNA4,C04,C9_CviMVP_PlDNA_4_SG_1923_d8adabfd
qpcr_pl16,D9_PIDNA4,D04,D9_CviMVP_PlDNA_4_SG_1066_01e3c4d8
qpcr_pl16,E9_PIDNA4,E04,E9_CviMVP_PlDNA_4_SG_1168_5cf34250
qpcr_pl16,F9_PIDNA4,F04,F9_CviMVP_PlDNA_4_SG_1341_f60fb583
qpcr_pl16,H9_PIDNA4,G04,H9_CviMVP_PlDNA_4_SG.sharedLotterhosPuritz_1503_5d1a03b6
qpcr_pl16,B5_PIDNA5,H04,B5_CviMVP_PlDNA_5_SG_1402_70b1442c
qpcr_pl16,A10_PIDNA4,A05,A10_CviMVP_PlDNA_4_SG_1902_8ccae1e5
qpcr_pl16,C10_PIDNA4,B05,C10_CviMVP_PlDNA_4_SG_1880_6331e3b6
qpcr_pl16,D10_PIDNA4,C05,D10_CviMVP_PlDNA_4_SG_1131_ece13837
qpcr_pl16,E10_PIDNA4,D05,E10_CviMVP_PlDNA_4_SG_1153_b81d2c2e
qpcr_pl16,F10_PIDNA4,E05,F10_CviMVP_PlDNA_4_SG_1331_5afac444
qpcr_pl16,G10_PIDNA4,F05,G10_CviMVP_PlDNA_4_SG_1550_619aa080
qpcr_pl16,H10_PIDNA4,G05,H10_CviMVP_PlDNA_4_SG_1694_c08f31af
qpcr_pl16,G3_PIDNA4,H05,G3_CviMVP_PlDNA_4_SG_1298_22f5fb03
qpcr_pl16,A10_PIDNA4,A06,A10_CviMVP_PlDNA_4_SG_1902_8ccae1e5
qpcr_pl16,C10_PIDNA4,B06,C10_CviMVP_PlDNA_4_SG_1880_6331e3b6
qpcr_pl16,D10_PIDNA4,C06,D10_CviMVP_PlDNA_4_SG_1131_ece13837
qpcr_pl16,E10_PIDNA4,D06,E10_CviMVP_PlDNA_4_SG_1153_b81d2c2e
qpcr_pl16,F10_PIDNA4,E06,F10_CviMVP_PlDNA_4_SG_1331_5afac444
qpcr_pl16,G10_PIDNA4,F06,G10_CviMVP_PlDNA_4_SG_1550_619aa080
qpcr_pl16,H10_PIDNA4,G06,H10_CviMVP_PlDNA_4_SG_1694_c08f31af
qpcr_pl16,G3_PIDNA4,H06,G3_CviMVP_PlDNA_4_SG_1298_22f5fb03
qpcr_pl16,A11_PIDNA4,A07,A11_CviMVP_PlDNA_4_SG.sharedLotterhosPuritz_3001_63a6096b
qpcr_pl16,B11_PIDNA4,B07,B11_CviMVP_PlDNA_4_SG.sharedLotterhosPuritz_1728_8f01cd90
qpcr_pl16,C11_PIDNA4,C07,C11_CviMVP_PlDNA_4_SG_1805_d2f00fa3
qpcr_pl16,E11_PIDNA4,D07,E11_CviMVP_PlDNA_4_SG_1924_0498d86d
qpcr_pl16,F11_PIDNA4,E07,F11_CviMVP_PlDNA_4_SG_1176_f3387444
qpcr_pl16,G11_PIDNA4,F07,G11_CviMVP_PlDNA_4_SG_1540_47a53dfc
qpcr_pl16,H11_PIDNA4,G07,H11_CviMVP_PlDNA_4_SG_1437_2945904c
qpcr_pl16,H3_PIDNA4,H07,H3_CviMVP_PlDNA_4_SG_1063_18b59709
qpcr_pl16,A11_PIDNA4,A08,A11_CviMVP_PlDNA_4_SG.sharedLotterhosPuritz_3001_63a6096b
qpcr_pl16,B11_PIDNA4,B08,B11_CviMVP_PlDNA_4_SG.sharedLotterhosPuritz_1728_8f01cd90
qpcr_pl16,C11_PIDNA4,C08,C11_CviMVP_PlDNA_4_SG_1805_d2f00fa3
qpcr_pl16,E11_PIDNA4,D08,E11_CviMVP_PlDNA_4_SG_1924_0498d86d
qpcr_pl16,F11_PIDNA4,E08,F11_CviMVP_PlDNA_4_SG_1176_f3387444
qpcr_pl16,G11_PIDNA4,F08,G11_CviMVP_PlDNA_4_SG_1540_47a53dfc
qpcr_pl16,H11_PIDNA4,G08,H11_CviMVP_PlDNA_4_SG_1437_2945904c
qpcr_pl16,H3_PIDNA4,H08,H3_CviMVP_PlDNA_4_SG_1063_18b59709
qpcr_pl16,A12_PIDNA4,A09,A12_CviMVP_PlDNA_4_SG_1292_2cab46d3
qpcr_pl16,B12_PIDNA4,B09,B12_CviMVP_PlDNA_4_SG_1297_a38f9ec9
qpcr_pl16,C12_PIDNA4,C09,C12_CviMVP_PlDNA_4_SG.sharedLotterhosPuritz_1852_a4a0a9fb
qpcr_pl16,D12_PIDNA4,D09,D12_CviMVP_PlDNA_4_SG_1325_2b5ae8c2
qpcr_pl16,E12_PIDNA4,E09,E12_CviMVP_PlDNA_4_SG_1076_abb1ae0b
qpcr_pl16,F12_PIDNA4,F09,F12_CviMVP_PlDNA_4_SG.sharedLotterhosPuritz_1838_ad7a9a33
qpcr_pl16,G12_PIDNA4,G09,G12_CviMVP_PlDNA_4_SG_1835_14feed63
qpcr_pl16,H12_PIDNA4,H09,H12_CviMVP_PlDNA_4_SG_1449_a339503d
qpcr_pl16,A12_PIDNA4,A10,A12_CviMVP_PlDNA_4_SG_1292_2cab46d3
qpcr_pl16,B12_PIDNA4,B10,B12_CviMVP_PlDNA_4_SG_1297_a38f9ec9
qpcr_pl16,C12_PIDNA4,C10,C12_CviMVP_PlDNA_4_SG.sharedLotterhosPuritz_1852_a4a0a9fb
qpcr_pl16,D12_PIDNA4,D10,D12_CviMVP_PlDNA_4_SG_1325_2b5ae8c2
qpcr_pl16,E12_PIDNA4,E10,E12_CviMVP_PlDNA_4_SG_1076_abb1ae0b
qpcr_pl16,F12_PIDNA4,F10,F12_CviMVP_PlDNA_4_SG.sharedLotterhosPuritz_1838_ad7a9a33
qpcr_pl16,G12_PIDNA4,G10,G12_CviMVP_PlDNA_4_SG_1835_14feed63
qpcr_pl16,H12_PIDNA4,H10,H12_CviMVP_PlDNA_4_SG_1449_a339503d
qpcr_pl16,B3_PIDNA5,B11,B3_CviMVP_PlDNA_4_SG.sharedLotterhosPuritz_3013_33dda8a5
qpcr_pl16,G3_PIDNA5,C11,G3_CviMVP_PlDNA_4_SG_1298_22f5fb03
qpcr_pl16,C7_PIDNA5,D11,C7_CviMVP_PlDNA_4_SG_1546_9204d62d
qpcr_pl16,E5_PIDNA5,E11,E5_CviMVP_PlDNA_4_SG_1910_a67d4341
qpcr_pl16,B6_PIDNA5,F11,B6_CviMVP_PlDNA_4_SG_1344_f85703a0
qpcr_pl16,B3_PIDNA5,B12,B3_CviMVP_PlDNA_4_SG.sharedLotterhosPuritz_3013_33dda8a5
qpcr_pl16,G3_PIDNA5,C12,G3_CviMVP_PlDNA_4_SG_1298_22f5fb03
qpcr_pl16,C7_PIDNA5,D12,C7_CviMVP_PlDNA_4_SG_1546_9204d62d
qpcr_pl16,E5_PIDNA5,E12,E5_CviMVP_PlDNA_4_SG_1910_a67d4341
qpcr_pl16,B6_PIDNA5,F12,B6_CviMVP_PlDNA_4_SG_1344_f85703a0
qpcr_pl17,D1_PIDNA10,H01,D1_CviMVP_PlDNA_10_SG_2091_372072dd
qpcr_pl17,D1_PIDNA10,H02,D1_CviMVP_PlDNA_10_SG_2091_372072dd
qpcr_pl17,A1_PIDNA5,A03,A1_CviMVP_PlDNA_5_SG_1213_8759c16a
qpcr_pl17,B1_PIDNA5,B03,B1_CviMVP_PlDNA_5_SG_1034_0e0ac7d6
qpcr_pl17,C1_PIDNA5,C03,C1_CviMVP_PlDNA_5_SG_1165_5f778713
qpcr_pl17,D1_PIDNA5,D03,D1_CviMVP_PlDNA_5_SG_1169_fccffcf3
qpcr_pl17,E1_PIDNA5,E03,E1_CviMVP_PlDNA_5_SG.sharedLotterhosPuritz_3046_33ba00b5
qpcr_pl17,F1_PIDNA5,F03,F1_CviMVP_PlDNA_5_SG_1210_917a5e66
qpcr_pl17,G1_PIDNA5,G03,G1_CviMVP_PlDNA_5_SG.sharedLotterhosPuritz_1485_584ef346
qpcr_pl17,H1_PIDNA5,H03,H1_CviMVP_PlDNA_5_SG_1145_7605b3c0
qpcr_pl17,A1_PIDNA5,A04,A1_CviMVP_PlDNA_5_SG_1213_8759c16a
qpcr_pl17,B1_PIDNA5,B04,B1_CviMVP_PlDNA_5_SG_1034_0e0ac7d6
qpcr_pl17,C1_PIDNA5,C04,C1_CviMVP_PlDNA_5_SG_1165_5f778713
qpcr_pl17,D1_PIDNA5,D04,D1_CviMVP_PlDNA_5_SG_1169_fccffcf3
qpcr_pl17,E1_PIDNA5,E04,E1_CviMVP_PlDNA_5_SG.sharedLotterhosPuritz_3046_33ba00b5
qpcr_pl17,F1_PIDNA5,F04,F1_CviMVP_PlDNA_5_SG_1210_917a5e66
qpcr_pl17,G1_PIDNA5,G04,G1_CviMVP_PlDNA_5_SG.sharedLotterhosPuritz_1485_584ef346
qpcr_pl17,H1_PIDNA5,H04,H1_CviMVP_PlDNA_5_SG_1145_7605b3c0
qpcr_pl17,A2_PIDNA5,A05,A2_CviMVP_PlDNA_5_SG_1147_554b56fe
qpcr_pl17,B2_PIDNA5,B05,B2_CviMVP_PlDNA_5_SG_1689_736d4e14
qpcr_pl17,C2_PIDNA5,C05,C2_CviMVP_PlDNA_5_SG.sharedLotterhosPuritz_3031_88811f65
qpcr_pl17,E2_PIDNA5,D05,E2_CviMVP_PlDNA_5_SG_1616_54b5281b
qpcr_pl17,F2_PIDNA5,E05,F2_CviMVP_PlDNA_5_SG_1041_eed5c808
qpcr_pl17,G2_PIDNA5,F05,G2_CviMVP_PlDNA_5_SG_1591_7dc1a9e6
qpcr_pl17,A7_PIDNA5,G05,A7_CviMVP_PlDNA_5_SG_1346_c3dc3555
qpcr_pl17,B7_PIDNA5,H05,B7_CviMVP_PlDNA_5_SG_1579_be3981ad
qpcr_pl17,A2_PIDNA5,A06,A2_CviMVP_PlDNA_5_SG_1147_554b56fe
qpcr_pl17,B2_PIDNA5,B06,B2_CviMVP_PlDNA_5_SG_1689_736d4e14
qpcr_pl17,C2_PIDNA5,C06,C2_CviMVP_PlDNA_5_SG.sharedLotterhosPuritz_3031_88811f65
qpcr_pl17,E2_PIDNA5,D06,E2_CviMVP_PlDNA_5_SG_1616_54b5281b
qpcr_pl17,F2_PIDNA5,E06,F2_CviMVP_PlDNA_5_SG_1041_eed5c808
qpcr_pl17,G2_PIDNA5,F06,G2_CviMVP_PlDNA_5_SG_1591_7dc1a9e6
qpcr_pl17,A7_PIDNA5,G06,A7_CviMVP_PlDNA_5_SG_1346_c3dc3555
qpcr_pl17,B7_PIDNA5,H06,B7_CviMVP_PlDNA_5_SG_1579_be3981ad
qpcr_pl17,A3_PIDNA5,A07,A3_CviMVP_PlDNA_5_SG_1337_2df389df
qpcr_pl17,C3_PIDNA5,B07,C3_CviMVP_PlDNA_5_SG_1783_7efed587
qpcr_pl17,D3_PIDNA5,C07,D3_CviMVP_PlDNA_5_SG.sharedLotterhosPuritz_1723_2000ae81
qpcr_pl17,E3_PIDNA5,D07,E3_CviMVP_PlDNA_5_SG_1351_c9f860e1
qpcr_pl17,F3_PIDNA5,E07,F3_CviMVP_PlDNA_5_SG_1144_70b2aa79
qpcr_pl17,H3_PIDNA5,F07,H3_CviMVP_PlDNA_5_SG_1191_cec6ab4c
qpcr_pl17,F6_PIDNA5,G07,F6_CviMVP_PlDNA_5_SG_1404_4a6042b3
qpcr_pl17,A6_PIDNA5,H07,A6_CviMVP_PlDNA_5_SG_1709_6247eadb
qpcr_pl17,A3_PIDNA5,A08,A3_CviMVP_PlDNA_5_SG_1337_2df389df
qpcr_pl17,C3_PIDNA5,B08,C3_CviMVP_PlDNA_5_SG_1783_7efed587
qpcr_pl17,D3_PIDNA5,C08,D3_CviMVP_PlDNA_5_SG.sharedLotterhosPuritz_1723_2000ae81
qpcr_pl17,E3_PIDNA5,D08,E3_CviMVP_PlDNA_5_SG_1351_c9f860e1
qpcr_pl17,F3_PIDNA5,E08,F3_CviMVP_PlDNA_5_SG_1144_70b2aa79
qpcr_pl17,H3_PIDNA5,F08,H3_CviMVP_PlDNA_5_SG_1191_cec6ab4c
qpcr_pl17,F6_PIDNA5,G08,F6_CviMVP_PlDNA_5_SG_1404_4a6042b3
qpcr_pl17,A6_PIDNA5,H08,A6_CviMVP_PlDNA_5_SG_1709_6247eadb
qpcr_pl17,A4_PIDNA5,A09,A4_CviMVP_PlDNA_5_SG_1086_5112cfbc
qpcr_pl17,B4_PIDNA5,B09,B4_CviMVP_PlDNA_5_SG_1196_1127cf33
qpcr_pl17,C4_PIDNA5,C09,C4_CviMVP_PlDNA_5_SG_1074_66a12ae0
qpcr_pl17,D4_PIDNA5,D09,D4_CviMVP_PlDNA_5_SG.sharedLotterhosPuritz_1726_d7bf8240
qpcr_pl17,E4_PIDNA5,E09,E4_CviMVP_PlDNA_5_SG_1372_d1d73898
qpcr_pl17,G4_PIDNA5,F09,G4_CviMVP_PlDNA_5_SG.sharedLotterhosPuritz_1735_1dc2e73e
qpcr_pl17,H4_PIDNA5,G09,H4_CviMVP_PlDNA_5_SG.sharedLotterhosPuritz_1866_a98f91ad
qpcr_pl17,G5_PIDNA5,H09,G5_CviMVP_PlDNA_5_SG_1202_19d39fd0
qpcr_pl17,A4_PIDNA5,A10,A4_CviMVP_PlDNA_5_SG_1086_5112cfbc
qpcr_pl17,B4_PIDNA5,B10,B4_CviMVP_PlDNA_5_SG_1196_1127cf33
qpcr_pl17,C4_PIDNA5,C10,C4_CviMVP_PlDNA_5_SG_1074_66a12ae0
qpcr_pl17,D4_PIDNA5,D10,D4_CviMVP_PlDNA_5_SG.sharedLotterhosPuritz_1726_d7bf8240
qpcr_pl17,E4_PIDNA5,E10,E4_CviMVP_PlDNA_5_SG_1372_d1d73898
qpcr_pl17,G4_PIDNA5,F10,G4_CviMVP_PlDNA_5_SG.sharedLotterhosPuritz_1735_1dc2e73e
qpcr_pl17,H4_PIDNA5,G10,H4_CviMVP_PlDNA_5_SG.sharedLotterhosPuritz_1866_a98f91ad
qpcr_pl17,G5_PIDNA5,H10,G5_CviMVP_PlDNA_5_SG_1202_19d39fd0
qpcr_pl17,A5_PIDNA5,B11,A5_CviMVP_PlDNA_5_SG.sharedLotterhosPuritz_3057_d418b8c8
qpcr_pl17,C5_PIDNA5,C11,C5_CviMVP_PlDNA_5_SG_1563_7e234e54
qpcr_pl17,D5_PIDNA5,D11,D5_CviMVP_PlDNA_5_SG.sharedLotterhosPuritz_1502_f43278c7
qpcr_pl17,F5_PIDNA5,E11,F5_CviMVP_PlDNA_5_SG_1139_567ff899
qpcr_pl17,H5_PIDNA5,F11,H5_CviMVP_PlDNA_5_SG_1427_53cbce97
qpcr_pl17,A5_PIDNA5,B12,A5_CviMVP_PlDNA_5_SG.sharedLotterhosPuritz_3057_d418b8c8
qpcr_pl17,C5_PIDNA5,C12,C5_CviMVP_PlDNA_5_SG_1563_7e234e54
qpcr_pl17,D5_PIDNA5,D12,D5_CviMVP_PlDNA_5_SG.sharedLotterhosPuritz_1502_f43278c7
qpcr_pl17,F5_PIDNA5,E12,F5_CviMVP_PlDNA_5_SG_1139_567ff899
qpcr_pl17,H5_PIDNA5,F12,H5_CviMVP_PlDNA_5_SG_1427_53cbce97
qpcr_pl18,G9_PIDNA10,H01,G9_CviMVP_PlDNA_10_SG_1464_b7526ee9
qpcr_pl18,G9_PIDNA10,H02,G9_CviMVP_PlDNA_10_SG_1464_b7526ee9
qpcr_pl18,A1_PIDNA9,A03,A1_CviMVP_PlDNA_9_SG_1781_7f410d51
qpcr_pl18,B1_PIDNA9,B03,B1_CviMVP_PlDNA_9_SG_2064_0d827eb8
qpcr_pl18,C1_PIDNA9,C03,C1_CviMVP_PlDNA_9_SG_2101_3afce4c2
qpcr_pl18,D1_PIDNA9,D03,D1_CviMVP_PlDNA_9_SG_2040_dc33a58e
qpcr_pl18,E1_PIDNA9,E03,E1_CviMVP_PlDNA_9_SG_2057_f18670d4
qpcr_pl18,F1_PIDNA9,F03,F1_CviMVP_PlDNA_9_SG.sharedLotterhosPuritz_1757_049f813c
qpcr_pl18,G1_PIDNA9,G03,G1_CviMVP_PlDNA_9_SG_1470_6cd46626
qpcr_pl18,H1_PIDNA9,H03,H1_CviMVP_PlDNA_9_SG_1820_b614e69e
qpcr_pl18,A1_PIDNA9,A04,A1_CviMVP_PlDNA_9_SG_1781_7f410d51
qpcr_pl18,B1_PIDNA9,B04,B1_CviMVP_PlDNA_9_SG_2064_0d827eb8
qpcr_pl18,C1_PIDNA9,C04,C1_CviMVP_PlDNA_9_SG_2101_3afce4c2
qpcr_pl18,D1_PIDNA9,D04,D1_CviMVP_PlDNA_9_SG_2040_dc33a58e
qpcr_pl18,E1_PIDNA9,E04,E1_CviMVP_PlDNA_9_SG_2057_f18670d4
qpcr_pl18,F1_PIDNA9,F04,F1_CviMVP_PlDNA_9_SG.sharedLotterhosPuritz_1757_049f813c
qpcr_pl18,G1_PIDNA9,G04,G1_CviMVP_PlDNA_9_SG_1470_6cd46626
qpcr_pl18,H1_PIDNA9,H04,H1_CviMVP_PlDNA_9_SG_1820_b614e69e
qpcr_pl18,A2_PIDNA9,A05,A2_CviMVP_PlDNA_9_SG_1360_c5b3f2ee
qpcr_pl18,B2_PIDNA9,B05,B2_CviMVP_PlDNA_9_SG_1113_ca8c8025
qpcr_pl18,C2_PIDNA9,C05,C2_CviMVP_PlDNA_9_SG_1025_43336380
qpcr_pl18,D2_PIDNA9,D05,D2_CviMVP_PlDNA_9_SG_1302_062f683c
qpcr_pl18,E2_PIDNA9,E05,E2_CviMVP_PlDNA_9_SG_1648_95efc17e
qpcr_pl18,F2_PIDNA9,F05,F2_CviMVP_PlDNA_9_SG_1905_1d855527
qpcr_pl18,G2_PIDNA9,G05,G2_CviMVP_PlDNA_9_SG_1073_bd1c4a4b
qpcr_pl18,H2_PIDNA9,H05,H2_CviMVP_PlDNA_9_SG_1986_c1f242a3
qpcr_pl18,A2_PIDNA9,A06,A2_CviMVP_PlDNA_9_SG_1360_c5b3f2ee
qpcr_pl18,B2_PIDNA9,B06,B2_CviMVP_PlDNA_9_SG_1113_ca8c8025
qpcr_pl18,C2_PIDNA9,C06,C2_CviMVP_PlDNA_9_SG_1025_43336380
qpcr_pl18,D2_PIDNA9,D06,D2_CviMVP_PlDNA_9_SG_1302_062f683c
qpcr_pl18,E2_PIDNA9,E06,E2_CviMVP_PlDNA_9_SG_1648_95efc17e
qpcr_pl18,F2_PIDNA9,F06,F2_CviMVP_PlDNA_9_SG_1905_1d855527
qpcr_pl18,G2_PIDNA9,G06,G2_CviMVP_PlDNA_9_SG_1073_bd1c4a4b
qpcr_pl18,H2_PIDNA9,H06,H2_CviMVP_PlDNA_9_SG_1986_c1f242a3
qpcr_pl18,A8_PIDNA9,A07,A8_CviMVP_PlDNA_9_SG_1178_c91e54a1
qpcr_pl18,B8_PIDNA9,B07,B8_CviMVP_PlDNA_9_SG_2092_9107cc79
qpcr_pl18,C8_PIDNA9,C07,C8_CviMVP_PlDNA_9_SG_2090_050351ba
qpcr_pl18,D8_PIDNA9,D07,D8_CviMVP_PlDNA_9_SG.sharedLotterhosPuritz_1505_87833e2e
qpcr_pl18,F8_PIDNA9,E07,F8_CviMVP_PlDNA_9_SG_1982_cdc0db57
qpcr_pl18,G8_PIDNA9,F07,G8_CviMVP_PlDNA_9_SG_1387_2f72692a
qpcr_pl18,H8_PIDNA9,G07,H8_CviMVP_PlDNA_9_SG_1443_8b09f1b1
qpcr_pl18,F10_PIDNA9,H07,F10_CviMVP_PlDNA_9_SG.sharedLotterhosPuritz_3027_c7057db0
qpcr_pl18,A8_PIDNA9,A08,A8_CviMVP_PlDNA_9_SG_1178_c91e54a1
qpcr_pl18,B8_PIDNA9,B08,B8_CviMVP_PlDNA_9_SG_2092_9107cc79
qpcr_pl18,C8_PIDNA9,C08,C8_CviMVP_PlDNA_9_SG_2090_050351ba
qpcr_pl18,D8_PIDNA9,D08,D8_CviMVP_PlDNA_9_SG.sharedLotterhosPuritz_1505_87833e2e
qpcr_pl18,F8_PIDNA9,E08,F8_CviMVP_PlDNA_9_SG_1982_cdc0db57
qpcr_pl18,G8_PIDNA9,F08,G8_CviMVP_PlDNA_9_SG_1387_2f72692a
qpcr_pl18,H8_PIDNA9,G08,H8_CviMVP_PlDNA_9_SG_1443_8b09f1b1
qpcr_pl18,F10_PIDNA9,H08,F10_CviMVP_PlDNA_9_SG.sharedLotterhosPuritz_3027_c7057db0
qpcr_pl18,A9_PIDNA9,A09,A9_CviMVP_PlDNA_9_SG_2033_2d4e3341
qpcr_pl18,B9_PIDNA9,B09,B9_CviMVP_PlDNA_9_SG_2087_fcc7e794
qpcr_pl18,D9_PIDNA9,C09,D9_CviMVP_PlDNA_9_SG_1785_fa2d628c
qpcr_pl18,F9_PIDNA9,D09,F9_CviMVP_PlDNA_9_SG_1067_8d996fb4
qpcr_pl18,G9_PIDNA9,E09,G9_CviMVP_PlDNA_9_SG_2052_f6325207
qpcr_pl18,H9_PIDNA9,F09,H9_CviMVP_PlDNA_9_SG_1465_fcaf0737
qpcr_pl18,G10_PIDNA9,G09,G10_CviMVP_PlDNA_9_SG.sharedLotterhosPuritz_3037_a3dbbbac
qpcr_pl18,H10_PIDNA9,H09,H10_CviMVP_PlDNA_9_SG_2093_b7ab79f2
qpcr_pl18,A9_PIDNA9,A10,A9_CviMVP_PlDNA_9_SG_2033_2d4e3341
qpcr_pl18,B9_PIDNA9,B10,B9_CviMVP_PlDNA_9_SG_2087_fcc7e794
qpcr_pl18,D9_PIDNA9,C10,D9_CviMVP_PlDNA_9_SG_1785_fa2d628c
qpcr_pl18,F9_PIDNA9,D10,F9_CviMVP_PlDNA_9_SG_1067_8d996fb4
qpcr_pl18,G9_PIDNA9,E10,G9_CviMVP_PlDNA_9_SG_2052_f6325207
qpcr_pl18,H9_PIDNA9,F10,H9_CviMVP_PlDNA_9_SG_1465_fcaf0737
qpcr_pl18,G10_PIDNA9,G10,G10_CviMVP_PlDNA_9_SG.sharedLotterhosPuritz_3037_a3dbbbac
qpcr_pl18,H10_PIDNA9,H10,H10_CviMVP_PlDNA_9_SG_2093_b7ab79f2
qpcr_pl18,A10_PIDNA9,B11,A10_CviMVP_PlDNA_9_SG_1368_c77fd73e
qpcr_pl18,B10_PIDNA9,C11,B10_CviMVP_PlDNA_9_SG_1072_ecf788f5
qpcr_pl18,C10_PIDNA9,D11,C10_CviMVP_PlDNA_9_SG_1396_9210bd0b
qpcr_pl18,D10_PIDNA9,E11,D10_CviMVP_PlDNA_9_SG_2079_aa2812ca
qpcr_pl18,E10_PIDNA9,F11,E10_CviMVP_PlDNA_9_SG_2060_51453c8e
qpcr_pl18,A10_PIDNA9,B12,A10_CviMVP_PlDNA_9_SG_1368_c77fd73e
qpcr_pl18,B10_PIDNA9,C12,B10_CviMVP_PlDNA_9_SG_1072_ecf788f5
qpcr_pl18,C10_PIDNA9,D12,C10_CviMVP_PlDNA_9_SG_1396_9210bd0b
qpcr_pl18,D10_PIDNA9,E12,D10_CviMVP_PlDNA_9_SG_2079_aa2812ca
qpcr_pl18,E10_PIDNA9,F12,E10_CviMVP_PlDNA_9_SG_2060_51453c8e
qpcr_pl19,E9_PIDNA10,H01,E9_CviMVP_PlDNA_10_SG_2044_7f176d05
qpcr_pl19,E9_PIDNA10,H02,E9_CviMVP_PlDNA_10_SG_2044_7f176d05
qpcr_pl19,A11_PIDNA9,A03,A11_CviMVP_PlDNA_9_SG_1232_7ec57c2f
qpcr_pl19,B11_PIDNA9,B03,B11_CviMVP_PlDNA_9_SG_2017_21ebaf27
qpcr_pl19,C11_PIDNA9,C03,C11_CviMVP_PlDNA_9_SG_2035_fe995562
qpcr_pl19,D11_PIDNA9,D03,D11_CviMVP_PlDNA_9_SG_2042_661e376f
qpcr_pl19,E11_PIDNA9,E03,E11_CviMVP_PlDNA_9_SG_2015_5f30e515
qpcr_pl19,F11_PIDNA9,F03,F11_CviMVP_PlDNA_9_SG_2004_15538084
qpcr_pl19,G11_PIDNA9,G03,G11_CviMVP_PlDNA_9_SG_2009_c8217fce
qpcr_pl19,H11_PIDNA9,H03,H11_CviMVP_PlDNA_9_SG_2048_d143067d
qpcr_pl19,A11_PIDNA9,A04,A11_CviMVP_PlDNA_9_SG_1232_7ec57c2f
qpcr_pl19,B11_PIDNA9,B04,B11_CviMVP_PlDNA_9_SG_2017_21ebaf27
qpcr_pl19,C11_PIDNA9,C04,C11_CviMVP_PlDNA_9_SG_2035_fe995562
qpcr_pl19,D11_PIDNA9,D04,D11_CviMVP_PlDNA_9_SG_2042_661e376f
qpcr_pl19,E11_PIDNA9,E04,E11_CviMVP_PlDNA_9_SG_2015_5f30e515
qpcr_pl19,F11_PIDNA9,F04,F11_CviMVP_PlDNA_9_SG_2004_15538084
qpcr_pl19,G11_PIDNA9,G04,G11_CviMVP_PlDNA_9_SG_2009_c8217fce
qpcr_pl19,H11_PIDNA9,H04,H11_CviMVP_PlDNA_9_SG_2048_d143067d
qpcr_pl19,A12_PIDNA9,A05,A12_CviMVP_PlDNA_9_SG_1190_99b8c3ee
qpcr_pl19,B12_PIDNA9,B05,B12_CviMVP_PlDNA_9_SG_2083_c9e957d2
qpcr_pl19,C12_PIDNA9,C05,C12_CviMVP_PlDNA_9_SG_2085_9e9d2027
qpcr_pl19,D12_PIDNA9,D05,D12_CviMVP_PlDNA_9_SG_1398_5a46f7b5
qpcr_pl19,E12_PIDNA9,E05,E12_CviMVP_PlDNA_9_SG_2014_4508c3ac
qpcr_pl19,F12_PIDNA9,F05,F12_CviMVP_PlDNA_9_SG_2043_cb780332
qpcr_pl19,G12_PIDNA9,G05,G12_CviMVP_PlDNA_9_SG_1684_90d17b66
qpcr_pl19,H12_PIDNA9,H05,H12_CviMVP_PlDNA_9_SG_1988_a8aedd8e
qpcr_pl19,A12_PIDNA9,A06,A12_CviMVP_PlDNA_9_SG_1190_99b8c3ee
qpcr_pl19,B12_PIDNA9,B06,B12_CviMVP_PlDNA_9_SG_2083_c9e957d2
qpcr_pl19,C12_PIDNA9,C06,C12_CviMVP_PlDNA_9_SG_2085_9e9d2027
qpcr_pl19,D12_PIDNA9,D06,D12_CviMVP_PlDNA_9_SG_1398_5a46f7b5
qpcr_pl19,E12_PIDNA9,E06,E12_CviMVP_PlDNA_9_SG_2014_4508c3ac
qpcr_pl19,F12_PIDNA9,F06,F12_CviMVP_PlDNA_9_SG_2043_cb780332
qpcr_pl19,G12_PIDNA9,G06,G12_CviMVP_PlDNA_9_SG_1684_90d17b66
qpcr_pl19,H12_PIDNA9,H06,H12_CviMVP_PlDNA_9_SG_1988_a8aedd8e
qpcr_pl19,A1_PIDNA10,A07,A1_CviMVP_PlDNA_10_SG_1788_5e94a232
qpcr_pl19,B1_PIDNA10,B07,B1_CviMVP_PlDNA_10_SG_1992_a1957416
qpcr_pl19,C1_PIDNA10,C07,C1_CviMVP_PlDNA_10_SG_1405_db366b9b
qpcr_pl19,E1_PIDNA10,D07,E1_CviMVP_PlDNA_10_SG.sharedLotterhosPuritz_1513_6c83a6da
qpcr_pl19,F1_PIDNA10,E07,F1_CviMVP_PlDNA_10_SG_2041_b9a3bfb4
qpcr_pl19,G1_PIDNA10,F07,G1_CviMVP_PlDNA_10_SG_1892_34807bab
qpcr_pl19,H1_PIDNA10,G07,H1_CviMVP_PlDNA_10_SG_1980_7a4f292f
qpcr_pl19,H7_PIDNA10,H07,H7_CviMVP_PlDNA_10_SG.sharedLotterhosPuritz_3047_7e0b2539
qpcr_pl19,A1_PIDNA10,A08,A1_CviMVP_PlDNA_10_SG_1788_5e94a232
qpcr_pl19,B1_PIDNA10,B08,B1_CviMVP_PlDNA_10_SG_1992_a1957416
qpcr_pl19,C1_PIDNA10,C08,C1_CviMVP_PlDNA_10_SG_1405_db366b9b
qpcr_pl19,E1_PIDNA10,D08,E1_CviMVP_PlDNA_10_SG.sharedLotterhosPuritz_1513_6c83a6da
qpcr_pl19,F1_PIDNA10,E08,F1_CviMVP_PlDNA_10_SG_2041_b9a3bfb4
qpcr_pl19,G1_PIDNA10,F08,G1_CviMVP_PlDNA_10_SG_1892_34807bab
qpcr_pl19,H1_PIDNA10,G08,H1_CviMVP_PlDNA_10_SG_1980_7a4f292f
qpcr_pl19,H7_PIDNA10,H08,H7_CviMVP_PlDNA_10_SG.sharedLotterhosPuritz_3047_7e0b2539
qpcr_pl19,A2_PIDNA10,A09,A2_CviMVP_PlDNA_10_SG_2031_4c9fc050
qpcr_pl19,B2_PIDNA10,B09,B2_CviMVP_PlDNA_10_SG.sharedLotterhosPuritz_1865_d6963291
qpcr_pl19,F2_PIDNA10,C09,F2_CviMVP_PlDNA_10_SG_2038_38049366
qpcr_pl19,G2_PIDNA10,D09,G2_CviMVP_PlDNA_10_SG_1328_6b7a6a27
qpcr_pl19,H2_PIDNA10,E09,H2_CviMVP_PlDNA_10_SG_1652_e0c1d32d
qpcr_pl19,H12_PIDNA10,F09,H12_CviMVP_PlDNA_10_SG_1691_0e7d321d
qpcr_pl19,G7_PIDNA9,G09,G7_CviMVP_PlDNA_10_SG_2077_40f6a386
qpcr_pl19,H7_PIDNA9,H09,H7_CviMVP_PlDNA_10_SG.sharedLotterhosPuritz_3047_7e0b2539
qpcr_pl19,A2_PIDNA10,A10,A2_CviMVP_PlDNA_10_SG_2031_4c9fc050
qpcr_pl19,B2_PIDNA10,B10,B2_CviMVP_PlDNA_10_SG.sharedLotterhosPuritz_1865_d6963291
qpcr_pl19,F2_PIDNA10,C10,F2_CviMVP_PlDNA_10_SG_2038_38049366
qpcr_pl19,G2_PIDNA10,D10,G2_CviMVP_PlDNA_10_SG_1328_6b7a6a27
qpcr_pl19,H2_PIDNA10,E10,H2_CviMVP_PlDNA_10_SG_1652_e0c1d32d
qpcr_pl19,H12_PIDNA10,F10,H12_CviMVP_PlDNA_10_SG_1691_0e7d321d
qpcr_pl19,G7_PIDNA9,G10,G7_CviMVP_PlDNA_10_SG_2077_40f6a386
qpcr_pl19,H7_PIDNA9,H10,H7_CviMVP_PlDNA_10_SG.sharedLotterhosPuritz_3047_7e0b2539
qpcr_pl19,A9_PIDNA10,B11,A9_CviMVP_PlDNA_10_SG_1995_80981cf3
qpcr_pl19,B9_PIDNA10,C11,B9_CviMVP_PlDNA_10_SG_1619_c0fd1cbb
qpcr_pl19,C9_PIDNA10,D11,C9_CviMVP_PlDNA_10_SG_1554_87714daf
qpcr_pl19,F9_PIDNA10,E11,F9_CviMVP_PlDNA_10_SG_2013_3c59ee43
qpcr_pl19,H9_PIDNA10,F11,H9_CviMVP_PlDNA_10_SG_1162_ae9f6ba6
qpcr_pl19,A9_PIDNA10,B12,A9_CviMVP_PlDNA_10_SG_1995_80981cf3
qpcr_pl19,B9_PIDNA10,C12,B9_CviMVP_PlDNA_10_SG_1619_c0fd1cbb
qpcr_pl19,C9_PIDNA10,D12,C9_CviMVP_PlDNA_10_SG_1554_87714daf
qpcr_pl19,F9_PIDNA10,E12,F9_CviMVP_PlDNA_10_SG_2013_3c59ee43
qpcr_pl19,H9_PIDNA10,F12,H9_CviMVP_PlDNA_10_SG_1162_ae9f6ba6
qpcr_pl20,F7_PlDNA5,H01,F7_CviMVP_PlDNA_5_SG_1354_541bb3b2
qpcr_pl20,F7_PlDNA5,H02,F7_CviMVP_PlDNA_5_SG_1354_541bb3b2
qpcr_pl20,B9_PIDNA5,A03,B9_CviMVP_PlDNA_5_SG_1160_aff920b0
qpcr_pl20,C9_PIDNA5,B03,C9_CviMVP_PlDNA_5_SG_1161_bee23f77
qpcr_pl20,D9_PIDNA5,C03,D9_CviMVP_PlDNA_5_SG_1157_3a105b17
qpcr_pl20,E9_PIDNA5,D03,E9_CviMVP_PlDNA_5_SG_1208_b3818e2e
qpcr_pl20,F9_PIDNA5,E03,F9_CviMVP_PlDNA_5_SG_1030_ea0d7b30
qpcr_pl20,G9_PIDNA5,F03,G9_CviMVP_PlDNA_5_SG_1705_f9a5bc2b
qpcr_pl20,H9_PIDNA5,G03,H9_CviMVP_PlDNA_5_SG_1631_9c37eb1c
qpcr_pl20,B12_PIDNA5,H03,B12_CviMVP_PlDNA_5_SG_1322_2335500b
qpcr_pl20,B9_PIDNA5,A04,B9_CviMVP_PlDNA_5_SG_1160_aff920b0
qpcr_pl20,C9_PIDNA5,B04,C9_CviMVP_PlDNA_5_SG_1161_bee23f77
qpcr_pl20,D9_PIDNA5,C04,D9_CviMVP_PlDNA_5_SG_1157_3a105b17
qpcr_pl20,E9_PIDNA5,D04,E9_CviMVP_PlDNA_5_SG_1208_b3818e2e
qpcr_pl20,F9_PIDNA5,E04,F9_CviMVP_PlDNA_5_SG_1030_ea0d7b30
qpcr_pl20,G9_PIDNA5,F04,G9_CviMVP_PlDNA_5_SG_1705_f9a5bc2b
qpcr_pl20,H9_PIDNA5,G04,H9_CviMVP_PlDNA_5_SG_1631_9c37eb1c
qpcr_pl20,B12_PIDNA5,H04,B12_CviMVP_PlDNA_5_SG_1322_2335500b
qpcr_pl20,C1_PIDNA6,A05,C1_CviMVP_PlDNA_6_SG.sharedLotterhosPuritz_1499_50f125eb
qpcr_pl20,D2_PIDNA10,B05,D2_CviMVP_PlDNA_10_SG_1695_0eae69c4
qpcr_pl20,E2_PIDNA10,C05,E2_CviMVP_PlDNA_10_SG_2000_f05c5a6e
qpcr_pl20,C4_PIDNA6,D05,C4_CviMVP_PlDNA_6_SG_1587_9635577d
qpcr_pl20,B6_PIDNA6,E05,B6_CviMVP_PlDNA_6_SG_1919_1b8435de
qpcr_pl20,D6_PIDNA6,F05,D6_CviMVP_PlDNA_6_SG_1071_6e238e9e
qpcr_pl20,C7_PIDNA6,G05,C7_CviMVP_PlDNA_6_SG.sharedLotterhosPuritz_1532_2fee5644
qpcr_pl20,E7_PIDNA6,H05,E7_CviMVP_PlDNA_6_SG.sharedLotterhosPuritz_3004_6049f6a9
qpcr_pl20,C1_PIDNA6,A06,C1_CviMVP_PlDNA_6_SG.sharedLotterhosPuritz_1499_50f125eb
qpcr_pl20,D2_PIDNA10,B06,D2_CviMVP_PlDNA_10_SG_1695_0eae69c4
qpcr_pl20,E2_PIDNA10,C06,E2_CviMVP_PlDNA_10_SG_2000_f05c5a6e
qpcr_pl20,C4_PIDNA6,D06,C4_CviMVP_PlDNA_6_SG_1587_9635577d
qpcr_pl20,B6_PIDNA6,E06,B6_CviMVP_PlDNA_6_SG_1919_1b8435de
qpcr_pl20,D6_PIDNA6,F06,D6_CviMVP_PlDNA_6_SG_1071_6e238e9e
qpcr_pl20,C7_PIDNA6,G06,C7_CviMVP_PlDNA_6_SG.sharedLotterhosPuritz_1532_2fee5644
qpcr_pl20,E7_PIDNA6,H06,E7_CviMVP_PlDNA_6_SG.sharedLotterhosPuritz_3004_6049f6a9
qpcr_pl20,C8_PIDNA6,A07,C8_CviMVP_PlDNA_6_SG_1584_44720c93
qpcr_pl20,D8_PIDNA6,B07,D8_CviMVP_PlDNA_6_SG_1052_c46c4085
qpcr_pl20,A10_PIDNA6,C07,A10_CviMVP_PlDNA_6_SG_1440_e79e5351
qpcr_pl20,C12_PIDNA6,D07,C12_CviMVP_PlDNA_6_SG.sharedLotterhosPuritz_1752_f1fb4734
qpcr_pl20,G12_PIDNA6,E07,G12_CviMVP_PlDNA_6_SG_1700_decb34ab
qpcr_pl20,G8_PIDNA10,F07,G8_CviMVP_PlDNA_10_SG_2020_de490c97
qpcr_pl20,B11_PIDNA10,G07,B11_CviMVP_PlDNA_10_SG_2002_0754d098
qpcr_pl20,C5_PIDNA5,H07,C5_CviMVP_PlDNA_5_SG_1563_7e234e54
qpcr_pl20,C8_PIDNA6,A08,C8_CviMVP_PlDNA_6_SG_1584_44720c93
qpcr_pl20,D8_PIDNA6,B08,D8_CviMVP_PlDNA_6_SG_1052_c46c4085
qpcr_pl20,A10_PIDNA6,C08,A10_CviMVP_PlDNA_6_SG_1440_e79e5351
qpcr_pl20,C12_PIDNA6,D08,C12_CviMVP_PlDNA_6_SG.sharedLotterhosPuritz_1752_f1fb4734
qpcr_pl20,G12_PIDNA6,E08,G12_CviMVP_PlDNA_6_SG_1700_decb34ab
qpcr_pl20,G8_PIDNA10,F08,G8_CviMVP_PlDNA_10_SG_2020_de490c97
qpcr_pl20,B11_PIDNA10,G08,B11_CviMVP_PlDNA_10_SG_2002_0754d098
qpcr_pl20,C5_PIDNA5,H08,C5_CviMVP_PlDNA_5_SG_1563_7e234e54
qpcr_pl20,F12_PlDNA5,A09,F12_CviMVP_PlDNA_5_SG_1564_9305f148
qpcr_pl20,G8_PlDNA5,B09,G8_CviMVP_PlDNA_5_SG_1347_6fd02556
qpcr_pl20,G10_PlDNA5,C09,G10_CviMVP_PlDNA_5_SG_1680_659f75bd
qpcr_pl20,B1_PlDNA5,D09,B1_CviMVP_PlDNA_5_SG_1034_0e0ac7d6
qpcr_pl20,E2_PIDNA6,E09,E2_CviMVP_PlDNA_6_SG.sharedLotterhosPuritz_3059_85a6ff3b
qpcr_pl20,B3_PIDNA6,F09,B3_CviMVP_PlDNA_6_SG_1627_913d6d02
qpcr_pl20,C12_PlDNA5,G09,C12_CviMVP_PlDNA_5_SG_1348_b189398c
qpcr_pl20,D12_PlDNA5,H09,D12_CviMVP_PlDNA_5_SG.sharedLotterhosPuritz_1856_c5dc6416
qpcr_pl20,F12_PlDNA5,A10,F12_CviMVP_PlDNA_5_SG_1564_9305f148
qpcr_pl20,G8_PlDNA5,B10,G8_CviMVP_PlDNA_5_SG_1347_6fd02556
qpcr_pl20,G10_PlDNA5,C10,G10_CviMVP_PlDNA_5_SG_1680_659f75bd
qpcr_pl20,B1_PlDNA5,D10,B1_CviMVP_PlDNA_5_SG_1034_0e0ac7d6
qpcr_pl20,E2_PIDNA6,E10,E2_CviMVP_PlDNA_6_SG.sharedLotterhosPuritz_3059_85a6ff3b
qpcr_pl20,B3_PIDNA6,F10,B3_CviMVP_PlDNA_6_SG_1627_913d6d02
qpcr_pl20,C12_PlDNA5,G10,C12_CviMVP_PlDNA_5_SG_1348_b189398c
qpcr_pl20,D12_PlDNA5,H10,D12_CviMVP_PlDNA_5_SG.sharedLotterhosPuritz_1856_c5dc6416
qpcr_pl20,A11_PlDNA5,B11,A11_CviMVP_PlDNA_5_SG.sharedLotterhosPuritz_3026_80be4f10
qpcr_pl20,C11_PlDNA5,C11,C11_CviMVP_PlDNA_5_SG.sharedLotterhosPuritz_1853_a4196b8b
qpcr_pl20,E11_PlDNA5,D11,E11_CviMVP_PlDNA_5_SG_1084_5795889f
qpcr_pl20,H11_PlDNA5,E11,H11_CviMVP_PlDNA_5_SG_1288_67942cfd
qpcr_pl20,G11_PlDNA5,F11,G11_CviMVP_PlDNA_5_SG_1803_645f7974
qpcr_pl20,A11_PlDNA5,B12,A11_CviMVP_PlDNA_5_SG.sharedLotterhosPuritz_3026_80be4f10
qpcr_pl20,C11_PlDNA5,C12,C11_CviMVP_PlDNA_5_SG.sharedLotterhosPuritz_1853_a4196b8b
qpcr_pl20,E11_PlDNA5,D12,E11_CviMVP_PlDNA_5_SG_1084_5795889f
qpcr_pl20,H11_PlDNA5,E12,H11_CviMVP_PlDNA_5_SG_1288_67942cfd
qpcr_pl20,G11_PlDNA5,F12,G11_CviMVP_PlDNA_5_SG_1803_645f7974
qpcr_pl21,A4_PlDNA10,H01,A4_CviMVP_PlDNA_10_SG_1556_e491b857
qpcr_pl21,A4_PlDNA10,H02,A4_CviMVP_PlDNA_10_SG_1556_e491b857
qpcr_pl21,A8_PIDNA10,A03,A8_CviMVP_PlDNA_10_SG.sharedLotterhosPuritz_3019_f0dc9509
qpcr_pl21,B8_PIDNA10,B03,B8_CviMVP_PlDNA_10_SG_1561_29fb6cb6
qpcr_pl21,C8_PIDNA10,C03,C8_CviMVP_PlDNA_10_SG_1828_01304bbf
qpcr_pl21,D8_PIDNA10,D03,D8_CviMVP_PlDNA_10_SG_1952_3d31a3db
qpcr_pl21,E8_PIDNA10,E03,E8_CviMVP_PlDNA_10_SG_1220_48a201e9
qpcr_pl21,F8_PIDNA10,F03,F8_CviMVP_PlDNA_10_SG.sharedLotterhosPuritz_1497_165d898b
qpcr_pl21,H8_PIDNA10,G03,H8_CviMVP_PlDNA_10_SG_2037_0941fca6
qpcr_pl21,B4_PlDNA10,H03,B4_CviMVP_PlDNA_10_SG.sharedLotterhosPuritz_3054_b35976e5
qpcr_pl21,A8_PIDNA10,A04,A8_CviMVP_PlDNA_10_SG.sharedLotterhosPuritz_3019_f0dc9509
qpcr_pl21,B8_PIDNA10,B04,B8_CviMVP_PlDNA_10_SG_1561_29fb6cb6
qpcr_pl21,C8_PIDNA10,C04,C8_CviMVP_PlDNA_10_SG_1828_01304bbf
qpcr_pl21,D8_PIDNA10,D04,D8_CviMVP_PlDNA_10_SG_1952_3d31a3db
qpcr_pl21,E8_PIDNA10,E04,E8_CviMVP_PlDNA_10_SG_1220_48a201e9
qpcr_pl21,F8_PIDNA10,F04,F8_CviMVP_PlDNA_10_SG.sharedLotterhosPuritz_1497_165d898b
qpcr_pl21,H8_PIDNA10,G04,H8_CviMVP_PlDNA_10_SG_2037_0941fca6
qpcr_pl21,B4_PlDNA10,H04,B4_CviMVP_PlDNA_10_SG.sharedLotterhosPuritz_3054_b35976e5
qpcr_pl21,G12_PIDNA8,A05,G12_CviMVP_PlDNA_8_SG.sharedLotterhosPuritz_1858_c4b9118b
qpcr_pl21,H12_PIDNA8,B05,H12_CviMVP_PlDNA_8_SG.sharedLotterhosPuritz_1755_01e5dbdc
qpcr_pl21,F12_PIDNA10,C05,F12_CviMVP_PlDNA_10_SG_1129_2a1edb19
qpcr_pl21,G12_PIDNA10,D05,G12_CviMVP_PlDNA_10_SG_2049_a5d31ffb
qpcr_pl21,A5_PlDNA10,E05,A5_CviMVP_PlDNA_10_SG_2053_a99d49c4
qpcr_pl21,D5_PlDNA10,F05,D5_CviMVP_PlDNA_10_SG_2025_5bd16ce4
qpcr_pl21,H5_PlDNA10,G05,H5_CviMVP_PlDNA_10_SG_2078_b8a33fcd
qpcr_pl21,B6_PlDNA10,H05,B6_CviMVP_PlDNA_10_SG_1834_e5dca67e
qpcr_pl21,G12_PIDNA8,A06,G12_CviMVP_PlDNA_8_SG.sharedLotterhosPuritz_1858_c4b9118b
qpcr_pl21,H12_PIDNA8,B06,H12_CviMVP_PlDNA_8_SG.sharedLotterhosPuritz_1755_01e5dbdc
qpcr_pl21,F12_PIDNA10,C06,F12_CviMVP_PlDNA_10_SG_1129_2a1edb19
qpcr_pl21,G12_PIDNA10,D06,G12_CviMVP_PlDNA_10_SG_2049_a5d31ffb
qpcr_pl21,A5_PlDNA10,E06,A5_CviMVP_PlDNA_10_SG_2053_a99d49c4
qpcr_pl21,D5_PlDNA10,F06,D5_CviMVP_PlDNA_10_SG_2025_5bd16ce4
qpcr_pl21,H5_PlDNA10,G06,H5_CviMVP_PlDNA_10_SG_2078_b8a33fcd
qpcr_pl21,B6_PlDNA10,H06,B6_CviMVP_PlDNA_10_SG_1834_e5dca67e
qpcr_pl21,A10_PIDNA10,A07,A10_CviMVP_PlDNA_10_SG.sharedLotterhosPuritz_1753_559d4ace
qpcr_pl21,B10_PIDNA10,B07,B10_CviMVP_PlDNA_10_SG_1143_ca81df15
qpcr_pl21,C10_PIDNA10,C07,C10_CviMVP_PlDNA_10_SG.sharedLotterhosPuritz_1522_412fe23d
qpcr_pl21,D10_PIDNA10,D07,D10_CviMVP_PlDNA_10_SG_1099_8fcbb868
qpcr_pl21,E10_PIDNA10,E07,E10_CviMVP_PlDNA_10_SG_1991_176b15fe
qpcr_pl21,G10_PIDNA10,F07,G10_CviMVP_PlDNA_10_SG_2088_6672fa31
qpcr_pl21,H10_PIDNA10,G07,H10_CviMVP_PlDNA_10_SG_1802_bf1fa7f4
qpcr_pl21,G6_PlDNA10,H07,G6_CviMVP_PlDNA_10_SG_1042_f25060f5
qpcr_pl21,A10_PIDNA10,A08,A10_CviMVP_PlDNA_10_SG.sharedLotterhosPuritz_1753_559d4ace
qpcr_pl21,B10_PIDNA10,B08,B10_CviMVP_PlDNA_10_SG_1143_ca81df15
qpcr_pl21,C10_PIDNA10,C08,C10_CviMVP_PlDNA_10_SG.sharedLotterhosPuritz_1522_412fe23d
qpcr_pl21,D10_PIDNA10,D08,D10_CviMVP_PlDNA_10_SG_1099_8fcbb868
qpcr_pl21,E10_PIDNA10,E08,E10_CviMVP_PlDNA_10_SG_1991_176b15fe
qpcr_pl21,G10_PIDNA10,F08,G10_CviMVP_PlDNA_10_SG_2088_6672fa31
qpcr_pl21,H10_PIDNA10,G08,H10_CviMVP_PlDNA_10_SG_1802_bf1fa7f4
qpcr_pl21,G6_PlDNA10,H08,G6_CviMVP_PlDNA_10_SG_1042_f25060f5
qpcr_pl21,A11_PIDNA10,A09,A11_CviMVP_PlDNA_10_SG_2001_3e0f0f64
qpcr_pl21,C11_PIDNA10,B09,C11_CviMVP_PlDNA_10_SG_1999_1fd75d06
qpcr_pl21,D11_PIDNA10,C09,D11_CviMVP_PlDNA_10_SG_1014_8102b940
qpcr_pl21,E11_PIDNA10,D09,E11_CviMVP_PlDNA_10_SG_2029_759a8bec
qpcr_pl21,F11_PIDNA10,E09,F11_CviMVP_PlDNA_10_SG_1254_76d18d2d
qpcr_pl21,G11_PIDNA10,F09,G11_CviMVP_PlDNA_10_SG_1954_5a1ba8fc
qpcr_pl21,H11_PIDNA10,G09,H11_CviMVP_PlDNA_10_SG_1937_4b32fd1f
qpcr_pl21,F6_PlDNA10,H09,F6_CviMVP_PlDNA_10_SG_2047_b1ff69b8
qpcr_pl21,A11_PIDNA10,A10,A11_CviMVP_PlDNA_10_SG_2001_3e0f0f64
qpcr_pl21,C11_PIDNA10,B10,C11_CviMVP_PlDNA_10_SG_1999_1fd75d06
qpcr_pl21,D11_PIDNA10,C10,D11_CviMVP_PlDNA_10_SG_1014_8102b940
qpcr_pl21,E11_PIDNA10,D10,E11_CviMVP_PlDNA_10_SG_2029_759a8bec
qpcr_pl21,F11_PIDNA10,E10,F11_CviMVP_PlDNA_10_SG_1254_76d18d2d
qpcr_pl21,G11_PIDNA10,F10,G11_CviMVP_PlDNA_10_SG_1954_5a1ba8fc
qpcr_pl21,H11_PIDNA10,G10,H11_CviMVP_PlDNA_10_SG_1937_4b32fd1f
qpcr_pl21,F6_PlDNA10,H10,F6_CviMVP_PlDNA_10_SG_2047_b1ff69b8
qpcr_pl21,A12_PIDNA10,B11,A12_CviMVP_PlDNA_10_SG_1711_103eead9
qpcr_pl21,B12_PIDNA10,C11,B12_CviMVP_PlDNA_10_SG_2023_c0c00370
qpcr_pl21,C12_PIDNA10,D11,C12_CviMVP_PlDNA_10_SG_1819_4c9efbeb
qpcr_pl21,D12_PIDNA10,E11,D12_CviMVP_PlDNA_10_SG_2008_b9f810d0
qpcr_pl21,E12_PIDNA10,F11,E12_CviMVP_PlDNA_10_SG_1654_ff1aabfe
qpcr_pl21,A12_PIDNA10,B12,A12_CviMVP_PlDNA_10_SG_1711_103eead9
qpcr_pl21,B12_PIDNA10,C12,B12_CviMVP_PlDNA_10_SG_2023_c0c00370
qpcr_pl21,C12_PIDNA10,D12,C12_CviMVP_PlDNA_10_SG_1819_4c9efbeb
qpcr_pl21,D12_PIDNA10,E12,D12_CviMVP_PlDNA_10_SG_2008_b9f810d0
qpcr_pl21,E12_PIDNA10,F12,E12_CviMVP_PlDNA_10_SG_1654_ff1aabfe
qpcr_pl22,A7_PlDNA9,H01,A7_CviMVP_PlDNA_9_SG_1989_45751c77
qpcr_pl22,A7_PlDNA9,H02,A7_CviMVP_PlDNA_9_SG_1989_45751c77
qpcr_pl22,A2_PlDNA9,A03,A2_CviMVP_PlDNA_9_SG_1360_c5b3f2ee
qpcr_pl22,B2_PlDNA9,B03,B2_CviMVP_PlDNA_9_SG_1113_ca8c8025
qpcr_pl22,C2_PlDNA9,C03,C2_CviMVP_PlDNA_9_SG_1025_43336380
qpcr_pl22,A3_PlDNA9,D03,A3_CviMVP_PlDNA_9_SG_1897_a4e3658f
qpcr_pl22,D3_PlDNA9,E03,D3_CviMVP_PlDNA_9_SG_1230_2ae16b20
qpcr_pl22,G3_PlDNA9,F03,G3_CviMVP_PlDNA_9_SG_2095_d4b38e21
qpcr_pl22,F9_PlDNA9,G03,F9_CviMVP_PlDNA_9_SG_1067_8d996fb4
qpcr_pl22,G9_PlNDA9,H03,G9_CviMVP_PlDNA_9_SG_2052_f6325207
qpcr_pl22,A2_PlDNA9,A04,A2_CviMVP_PlDNA_9_SG_1360_c5b3f2ee
qpcr_pl22,B2_PlDNA9,B04,B2_CviMVP_PlDNA_9_SG_1113_ca8c8025
qpcr_pl22,C2_PlDNA9,C04,C2_CviMVP_PlDNA_9_SG_1025_43336380
qpcr_pl22,A3_PlDNA9,D04,A3_CviMVP_PlDNA_9_SG_1897_a4e3658f
qpcr_pl22,D3_PlDNA9,E04,D3_CviMVP_PlDNA_9_SG_1230_2ae16b20
qpcr_pl22,G3_PlDNA9,F04,G3_CviMVP_PlDNA_9_SG_2095_d4b38e21
qpcr_pl22,F9_PlDNA9,G04,F9_CviMVP_PlDNA_9_SG_1067_8d996fb4
qpcr_pl22,G9_PlNDA9,H04,G9_CviMVP_PlDNA_9_SG_2052_f6325207
qpcr_pl22,B4_PlDNA9,A05,B4_CviMVP_PlDNA_9_SG.sharedLotterhosPuritz_1770_5603bc09
qpcr_pl22,G4_PlDNA9,B05,G4_CviMVP_PlDNA_9_SG_1904_a0ecfc23
qpcr_pl22,H4_PlDNA9,C05,H4_CviMVP_PlDNA_9_SG_2026_d4e67cae
qpcr_pl22,H1_PlDNA9,D05,H1_CviMVP_PlDNA_9_SG_1820_b614e69e
qpcr_pl22,F1_PLDNA9,E05,F1_CviMVP_PlDNA_9_SG.sharedLotterhosPuritz_1757_049f813c
qpcr_pl22,G5_PlDNA9,F05,G5_CviMVP_PlDNA_9_SG_2076_10d3cadc
qpcr_pl22,G6_PlDNA9,G05,G6_CviMVP_PlDNA_9_SG_1632_a51500b0
qpcr_pl22,H8_PlDNA9,H05,H8_CviMVP_PlDNA_9_SG_1443_8b09f1b1
qpcr_pl22,B4_PlDNA9,A06,B4_CviMVP_PlDNA_9_SG.sharedLotterhosPuritz_1770_5603bc09
qpcr_pl22,G4_PlDNA9,B06,G4_CviMVP_PlDNA_9_SG_1904_a0ecfc23
qpcr_pl22,H4_PlDNA9,C06,H4_CviMVP_PlDNA_9_SG_2026_d4e67cae
qpcr_pl22,H1_PlDNA9,D06,H1_CviMVP_PlDNA_9_SG_1820_b614e69e
qpcr_pl22,F1_PLDNA9,E06,F1_CviMVP_PlDNA_9_SG.sharedLotterhosPuritz_1757_049f813c
qpcr_pl22,G5_PlDNA9,F06,G5_CviMVP_PlDNA_9_SG_2076_10d3cadc
qpcr_pl22,G6_PlDNA9,G06,G6_CviMVP_PlDNA_9_SG_1632_a51500b0
qpcr_pl22,H8_PlDNA9,H06,H8_CviMVP_PlDNA_9_SG_1443_8b09f1b1
qpcr_pl22,A12_PlDNA9,A07,A12_CviMVP_PlDNA_9_SG_1190_99b8c3ee
qpcr_pl22,D12_PlDNA9,B07,D12_CviMVP_PlDNA_9_SG_1398_5a46f7b5
qpcr_pl22,C1_PlDNA8,C07,C1_CviMVP_PlDNA_8_SG_1435_7dd409da
qpcr_pl22,E1_PlDNA8,D07,E1_CviMVP_PlDNA_8_SG_1950_7393d075
qpcr_pl22,F1_PlDNA8,E07,F1_CviMVP_PlDNA_8_SG.sharedLotterhosPuritz_1535_190eee14
qpcr_pl22,G1_PlDNA8,F07,G1_CviMVP_PlDNA_8_SG.sharedLotterhosPuritz_3018_0816a7c7
qpcr_pl22,C6_PlDNA8,G07,C6_CviMVP_PlDNA_8_SG.sharedLotterhosPuritz_1727_ae5c9174
qpcr_pl22,H6_PlDNA8,H07,H6_CviMVP_PlDNA_8_SG_1399_2a0af914
qpcr_pl22,A12_PlDNA9,A08,A12_CviMVP_PlDNA_9_SG_1190_99b8c3ee
qpcr_pl22,D12_PlDNA9,B08,D12_CviMVP_PlDNA_9_SG_1398_5a46f7b5
qpcr_pl22,C1_PlDNA8,C08,C1_CviMVP_PlDNA_8_SG_1435_7dd409da
qpcr_pl22,E1_PlDNA8,D08,E1_CviMVP_PlDNA_8_SG_1950_7393d075
qpcr_pl22,F1_PlDNA8,E08,F1_CviMVP_PlDNA_8_SG.sharedLotterhosPuritz_1535_190eee14
qpcr_pl22,G1_PlDNA8,F08,G1_CviMVP_PlDNA_8_SG.sharedLotterhosPuritz_3018_0816a7c7
qpcr_pl22,C6_PlDNA8,G08,C6_CviMVP_PlDNA_8_SG.sharedLotterhosPuritz_1727_ae5c9174
qpcr_pl22,H6_PlDNA8,H08,H6_CviMVP_PlDNA_8_SG_1399_2a0af914
qpcr_pl22,B3_PlDNA8,A09,B3_CviMVP_PlDNA_8_SG_1630_d7ee4a92
qpcr_pl22,D3_PlDNA8,B09,D3_CviMVP_PlDNA_8_SG.sharedLotterhosPuritz_3051_0a898d6c
qpcr_pl22,G3_PlDNA8,C09,G3_CviMVP_PlDNA_8_SG_1870_e23dc377
qpcr_pl22,F10_PlDNA9,D09,F10_CviMVP_PlDNA_9_SG.sharedLotterhosPuritz_3027_c7057db0
qpcr_pl22,A4_PlDNA8,E09,A4_CviMVP_PlDNA_8_SG_1018_d1b93996
qpcr_pl22,C4_PlDNA8,F09,C4_CviMVP_PlDNA_8_SG_1960_3357f004
qpcr_pl22,D4_PlDNA8,G09,D4_CviMVP_PlDNA_8_SG_1979_4d9cf09e
qpcr_pl22,G4_PlDNA8,H09,G4_CviMVP_PlDNA_8_SG_1940_aa240ac0
qpcr_pl22,B3_PlDNA8,A10,B3_CviMVP_PlDNA_8_SG_1630_d7ee4a92
qpcr_pl22,D3_PlDNA8,B10,D3_CviMVP_PlDNA_8_SG.sharedLotterhosPuritz_3051_0a898d6c
qpcr_pl22,G3_PlDNA8,C10,G3_CviMVP_PlDNA_8_SG_1870_e23dc377
qpcr_pl22,F10_PlDNA9,D10,F10_CviMVP_PlDNA_9_SG.sharedLotterhosPuritz_3027_c7057db0
qpcr_pl22,A4_PlDNA8,E10,A4_CviMVP_PlDNA_8_SG_1018_d1b93996
qpcr_pl22,C4_PlDNA8,F10,C4_CviMVP_PlDNA_8_SG_1960_3357f004
qpcr_pl22,D4_PlDNA8,G10,D4_CviMVP_PlDNA_8_SG_1979_4d9cf09e
qpcr_pl22,G4_PlDNA8,H10,G4_CviMVP_PlDNA_8_SG_1940_aa240ac0
qpcr_pl22,C7_PlDNA8,B11,C7_CviMVP_PlDNA_8_SG_1192_0fe6e60e
qpcr_pl22,D7_PlDNA8,C11,D7_CviMVP_PlDNA_8_SG.sharedLotterhosPuritz_1501_f7ccf56f
qpcr_pl22,E7_PlDNA8,D11,E7_CviMVP_PlDNA_8_SG_1251_5c726cbb
qpcr_pl22,F7_PlDNA8,E11,F7_CviMVP_PlDNA_8_SG_1966_f8c004b4
qpcr_pl22,H7_PlDNA8,F11,H7_CviMVP_PlDNA_8_SG.sharedLotterhosPuritz_1721_65316746
qpcr_pl22,C7_PlDNA8,B12,C7_CviMVP_PlDNA_8_SG_1192_0fe6e60e
qpcr_pl22,D7_PlDNA8,C12,D7_CviMVP_PlDNA_8_SG.sharedLotterhosPuritz_1501_f7ccf56f
qpcr_pl22,E7_PlDNA8,D12,E7_CviMVP_PlDNA_8_SG_1251_5c726cbb
qpcr_pl22,F7_PlDNA8,E12,F7_CviMVP_PlDNA_8_SG_1966_f8c004b4
qpcr_pl22,H7_PlDNA8,F12,H7_CviMVP_PlDNA_8_SG.sharedLotterhosPuritz_1721_65316746