plate_extraction_key,PlateDate_Key,PlateDate_Label,Well,mg_tissue,Vial_Label_Check,plate_extract_notes,Username,PlateRow,PlateCol,Extraction_plan_Key,Extraction_plan_Label
10b4439e,3f31d197,CviMVP_PlDNA_1_20230315,A1,22,CviMVP_11777,,nicole.mongillo28@gmail.com,A,1,visrgmt9,A1_CviMVP_PlDNA_1__SG_1578__ce10073c
0e59dd9a,3f31d197,CviMVP_PlDNA_1_20230315,B1,19,CviMVP_11906,,nicole.mongillo28@gmail.com,B,1,qcas7nkm,B1_CviMVP_PlDNA_1__SG_1622__8952d237
806f5427,3f31d197,CviMVP_PlDNA_1_20230315,C1,22,CviMVP_10486,,nicole.mongillo28@gmail.com,C,1,6u3padpl,C1_CviMVP_PlDNA_1__SG_1120__814ca307
6d163d18,3f31d197,CviMVP_PlDNA_1_20230315,D1,21,CviMVP_11440,,nicole.mongillo28@gmail.com,D,1,8d5uhb6x,D1_CviMVP_PlDNA_1__SG_1463__32cff799
aad72227,3f31d197,CviMVP_PlDNA_1_20230315,E1,22,CviMVP_12279,,nicole.mongillo28@gmail.com,E,1,9ahqwszz,E1_CviMVP_PlDNA_1__SG-sharedLotterhosPuritz_1749__1339c6df
4d15f0bc,3f31d197,CviMVP_PlDNA_1_20230315,F1,20,CviMVP_11856,,nicole.mongillo28@gmail.com,F,1,ugl1bikp,F1_CviMVP_PlDNA_1__SG_1605__a0a8cbba
9c4c4a99,3f31d197,CviMVP_PlDNA_1_20230315,G1,19,CviMVP_11773,,nicole.mongillo28@gmail.com,G,1,ayhsnivn,G1_CviMVP_PlDNA_1__SG_1576__50e361db
3036d82c,3f31d197,CviMVP_PlDNA_1_20230315,H1,21,CviMVP_11873,,nicole.mongillo28@gmail.com,H,1,atd00aa0,H1_CviMVP_PlDNA_1__SG_1611__a218009b
4ad53143,3f31d197,CviMVP_PlDNA_1_20230315,A2,21,CviMVP_10836,,nicole.mongillo28@gmail.com,A,2,n9dr1azp,A2_CviMVP_PlDNA_1__SG_1252__dcaed37c
f809acca,3f31d197,CviMVP_PlDNA_1_20230315,B2,21,CviMVP_11405,,nicole.mongillo28@gmail.com,B,2,3uvie41q,B2_CviMVP_PlDNA_1__SG_1451__5767505c
55583983,3f31d197,CviMVP_PlDNA_1_20230315,C2,21,CviMVP_11850,,nicole.mongillo28@gmail.com,C,2,jbiiamz3,C2_CviMVP_PlDNA_1__SG_1603__f868f1b7
35a5ff2c,3f31d197,CviMVP_PlDNA_1_20230315,D2,20,CviMVP_11246,,nicole.mongillo28@gmail.com,D,2,xf2u48md,D2_CviMVP_PlDNA_1__SG_1393__6e3e8ad0
198c1fc4,3f31d197,CviMVP_PlDNA_1_20230315,E2,22,CviMVP_11912,,nicole.mongillo28@gmail.com,E,2,2c1hm4mm,E2_CviMVP_PlDNA_1__SG_1624__f59660b5
21971aa8,3f31d197,CviMVP_PlDNA_1_20230315,F2,20,CviMVP_11249,,nicole.mongillo28@gmail.com,F,2,0jtwz5i5,F2_CviMVP_PlDNA_1__SG_1394__cd8aba4f
e48384e8,3f31d197,CviMVP_PlDNA_1_20230315,G2,22,CviMVP_11431,,nicole.mongillo28@gmail.com,G,2,wo2qc3io,G2_CviMVP_PlDNA_1__SG_1460__2e2fcbcb
dfebfa09,3f31d197,CviMVP_PlDNA_1_20230315,H2,22,CviMVP_10839,,nicole.mongillo28@gmail.com,H,2,6zvdj853,H2_CviMVP_PlDNA_1__SG_1253__50c2953b
47889f6d,3f31d197,CviMVP_PlDNA_1_20230315,A3,18,CviMVP_10450,,nicole.mongillo28@gmail.com,A,3,k19sd8z3,A3_CviMVP_PlDNA_1__SG_1103__107ab9bb
7b1543a4,3f31d197,CviMVP_PlDNA_1_20230315,B3,21,CviMVP_10775,,nicole.mongillo28@gmail.com,B,3,tkwu1nn1,B3_CviMVP_PlDNA_1__SG_1231__b33de568
09a725fa,3f31d197,CviMVP_PlDNA_1_20230315,C3,19,CviMVP_11258,,nicole.mongillo28@gmail.com,C,3,n284ilqy,C3_CviMVP_PlDNA_1__SG_1397__c67e0a12
934f7805,3f31d197,CviMVP_PlDNA_1_20230315,D3,21,CviMVP_11391,,nicole.mongillo28@gmail.com,D,3,qpyyvksc,D3_CviMVP_PlDNA_1__SG_1446__7577ead5
1539dc46,3f31d197,CviMVP_PlDNA_1_20230315,E3,18,CviMVP_11423,,nicole.mongillo28@gmail.com,E,3,01uhg1mq,E3_CviMVP_PlDNA_1__SG_1457__1069de49
26584bbb,3f31d197,CviMVP_PlDNA_1_20230315,F3,20,CviMVP_11487,,nicole.mongillo28@gmail.com,F,3,mpv9djfd,F3_CviMVP_PlDNA_1__SG_1479__eda1bcef
83d86ed1,3f31d197,CviMVP_PlDNA_1_20230315,G3,18,CviMVP_12282,,nicole.mongillo28@gmail.com,G,3,p0yu58ft,G3_CviMVP_PlDNA_1__SG-sharedLotterhosPuritz_1750__c3f4dbef
7f5f3fa7,3f31d197,CviMVP_PlDNA_1_20230315,H3,21,CviMVP_11799,,nicole.mongillo28@gmail.com,H,3,7eegrfle,H3_CviMVP_PlDNA_1__SG_1586__8fe62d94
cc06f462,3f31d197,CviMVP_PlDNA_1_20230315,A4,20,CviMVP_11252,,nicole.mongillo28@gmail.com,A,4,d4559wr8,A4_CviMVP_PlDNA_1__SG_1395__7c3f2e88
cf455226,3f31d197,CviMVP_PlDNA_1_20230315,B4,20,CviMVP_10446,,nicole.mongillo28@gmail.com,B,4,qlb0h5ec,B4_CviMVP_PlDNA_1__SG_1101__beea8384
d3e184ed,3f31d197,CviMVP_PlDNA_1_20230315,C4,19,CviMVP_10804,,nicole.mongillo28@gmail.com,C,4,o6ps4er0,C4_CviMVP_PlDNA_1__SG_1241__ec5d53a6
e66ae907,3f31d197,CviMVP_PlDNA_1_20230315,D4,21,CviMVP_11343,,nicole.mongillo28@gmail.com,D,4,h83vyeeb,D4_CviMVP_PlDNA_1__SG_1430__2848cce4
800958a3,3f31d197,CviMVP_PlDNA_1_20230315,E4,19,CviMVP_10498,,nicole.mongillo28@gmail.com,E,4,effxhbqt,E4_CviMVP_PlDNA_1__SG_1126__c5ba762d
24cdedd5,3f31d197,CviMVP_PlDNA_1_20230315,F4,20,CviMVP_11202,,nicole.mongillo28@gmail.com,F,4,cw50mngp,F4_CviMVP_PlDNA_1__SG_1378__32091231
63978c68,3f31d197,CviMVP_PlDNA_1_20230315,G4,21,CviMVP_11364,,nicole.mongillo28@gmail.com,G,4,na4adxpq,G4_CviMVP_PlDNA_1__SG_1434__384f3ae3
d47a3ac7,3f31d197,CviMVP_PlDNA_1_20230315,H4,20,CviMVP_11402,,nicole.mongillo28@gmail.com,H,4,jxt4ddno,H4_CviMVP_PlDNA_1__SG_1450__eda1774a
e6773dfc,3f31d197,CviMVP_PlDNA_1_20230315,A5,21,CviMVP_11370,,nicole.mongillo28@gmail.com,A,5,2dw81h0a,A5_CviMVP_PlDNA_1__SG_1439__4d1e45dd
0224fa39,3f31d197,CviMVP_PlDNA_1_20230315,B5,19,CviMVP_11367,,nicole.mongillo28@gmail.com,B,5,dwkaujhu,B5_CviMVP_PlDNA_1__SG_1438__ef798fa4
2e54458e,3f31d197,CviMVP_PlDNA_1_20230315,C5,20,CviMVP_12681,,nicole.mongillo28@gmail.com,C,5,huudxyp2,C5_CviMVP_PlDNA_1__SG_1886__e867e0c6
05901b2e,3f31d197,CviMVP_PlDNA_1_20230315,D5,19,CviMVP_11758,,nicole.mongillo28@gmail.com,D,5,66ejrrfo,D5_CviMVP_PlDNA_1__SG_1570__998e65c4
a90a583f,3f31d197,CviMVP_PlDNA_1_20230315,E5,22,CviMVP_11472,,nicole.mongillo28@gmail.com,E,5,efsnzvui,E5_CviMVP_PlDNA_1__SG_1474__bce74bb8
f1289f47,3f31d197,CviMVP_PlDNA_1_20230315,F5,21,CviMVP_11211,,nicole.mongillo28@gmail.com,F,5,y8kmfpdb,F5_CviMVP_PlDNA_1__SG_1381__205acadd
e0691263,3f31d197,CviMVP_PlDNA_1_20230315,G5,18,CviMVP_10488,,nicole.mongillo28@gmail.com,G,5,gb879r47,G5_CviMVP_PlDNA_1__SG_1121__e44e1e24
f8874202,3f31d197,CviMVP_PlDNA_1_20230315,H5,21,CviMVP_11788,,nicole.mongillo28@gmail.com,H,5,clhoj0vi,H5_CviMVP_PlDNA_1__SG_1582__4d5c48a7
5d6dfb2a,3f31d197,CviMVP_PlDNA_1_20230315,A6,20,CviMVP_11237,,nicole.mongillo28@gmail.com,A,6,off2520l,A6_CviMVP_PlDNA_1__SG_1390__c6755537
513f15eb,3f31d197,CviMVP_PlDNA_1_20230315,B6,21,CviMVP_11469,,nicole.mongillo28@gmail.com,B,6,q7hwp16o,B6_CviMVP_PlDNA_1__SG_1473__6075f53c
933a539d,3f31d197,CviMVP_PlDNA_1_20230315,C6,18,CviMVP_12357,,nicole.mongillo28@gmail.com,C,6,77phudw9,C6_CviMVP_PlDNA_1__SG-sharedLotterhosPuritz_1775__e5ce5c0f
233cc30e,3f31d197,CviMVP_PlDNA_1_20230315,D6,22,CviMVP_12692,,nicole.mongillo28@gmail.com,D,6,bh77dslk,D6_CviMVP_PlDNA_1__SG_1890__37209564
83798bbd,3f31d197,CviMVP_PlDNA_1_20230315,E6,22,CviMVP_11243,,nicole.mongillo28@gmail.com,E,6,0pwvb4ei,E6_CviMVP_PlDNA_1__SG_1392__6133f015
ee14515c,3f31d197,CviMVP_PlDNA_1_20230315,F6,19,CviMVP_12666,,nicole.mongillo28@gmail.com,F,6,euky129o,F6_CviMVP_PlDNA_1__SG_1881__ef2db062
7316fd4a,3f31d197,CviMVP_PlDNA_1_20230315,G6,20,CviMVP_11864,,nicole.mongillo28@gmail.com,G,6,23h61z05,G6_CviMVP_PlDNA_1__SG_1608__de738593
c93757f5,3f31d197,CviMVP_PlDNA_1_20230315,H6,18,CviMVP_11755,,nicole.mongillo28@gmail.com,H,6,sx7gmjvt,H6_CviMVP_PlDNA_1__SG_1569__7b632b7c
a9bde3ff,3f31d197,CviMVP_PlDNA_1_20230315,A7,20,CviMVP_12336,,nicole.mongillo28@gmail.com,A,7,7h54gj99,A7_CviMVP_PlDNA_1__SG-sharedLotterhosPuritz_1768__5fe305a2
a52aea70,3f31d197,CviMVP_PlDNA_1_20230315,B7,19,CviMVP_11454,,nicole.mongillo28@gmail.com,B,7,lp88sdlg,B7_CviMVP_PlDNA_1__SG_1468__2e2613cd
83085971,3f31d197,CviMVP_PlDNA_1_20230315,C7,22,CviMVP_11841,,nicole.mongillo28@gmail.com,C,7,nqt7b0qv,C7_CviMVP_PlDNA_1__SG_1600__f7161c05
ae157d13,3f31d197,CviMVP_PlDNA_1_20230315,D7,18,CviMVP_10843,,nicole.mongillo28@gmail.com,D,7,b5h9amr6,D7_CviMVP_PlDNA_1__SG_1255__9a84394e
c2d3c951,3f31d197,CviMVP_PlDNA_1_20230315,E7,22,CviMVP_12324,,nicole.mongillo28@gmail.com,E,7,vejg8i06,E7_CviMVP_PlDNA_1__SG-sharedLotterhosPuritz_1764__ea467efb
e03b055a,3f31d197,CviMVP_PlDNA_1_20230315,F7,18,CviMVP_10467,,nicole.mongillo28@gmail.com,F,7,cjvk0xx0,F7_CviMVP_PlDNA_1__SG_1111__79a19714
71aed77a,3f31d197,CviMVP_PlDNA_1_20230315,G7,22,CviMVP_11771,,nicole.mongillo28@gmail.com,G,7,n5a5zx1z,G7_CviMVP_PlDNA_1__SG_1575__5d10637a
b107c749,3f31d197,CviMVP_PlDNA_1_20230315,H7,22,CviMVP_12661,,nicole.mongillo28@gmail.com,H,7,eiladwcn,H7_CviMVP_PlDNA_1__SG_1879__18c16562
0b7152ee,3f31d197,CviMVP_PlDNA_1_20230315,A8,21,CviMVP_12300,,nicole.mongillo28@gmail.com,A,8,prbkq8cp,A8_CviMVP_PlDNA_1__SG-sharedLotterhosPuritz_1756__8d5b0131
5693236e,3f31d197,CviMVP_PlDNA_1_20230315,B8,18,CviMVP_11894,,nicole.mongillo28@gmail.com,B,8,9kiw724h,B8_CviMVP_PlDNA_1__SG_1618__409fae3a
74aa1124,3f31d197,CviMVP_PlDNA_1_20230315,C8,18,CviMVP_10828,,nicole.mongillo28@gmail.com,C,8,1ijlu26u,C8_CviMVP_PlDNA_1__SG_1249__ea2bc1d7
4fa38e4b,3f31d197,CviMVP_PlDNA_1_20230315,D8,21,CviMVP_12327,,nicole.mongillo28@gmail.com,D,8,6s68kxsw,D8_CviMVP_PlDNA_1__SG-sharedLotterhosPuritz_1765__64714308
8202354e,3f31d197,CviMVP_PlDNA_1_20230315,E8,19,CviMVP_11196,,nicole.mongillo28@gmail.com,E,8,8qvkiuwd,E8_CviMVP_PlDNA_1__SG_1376__66a62dfd
7112a300,3f31d197,CviMVP_PlDNA_1_20230315,F8,18,CviMVP_11835,,nicole.mongillo28@gmail.com,F,8,w3fxxo0c,F8_CviMVP_PlDNA_1__SG_1598__f41672fb
a67970d4,3f31d197,CviMVP_PlDNA_1_20230315,G8,18,CviMVP_12646,,nicole.mongillo28@gmail.com,G,8,nm6rk8vi,G8_CviMVP_PlDNA_1__SG_1874__7a55697c
dd2c08c0,3f31d197,CviMVP_PlDNA_1_20230315,H8,19,CviMVP_11417,,nicole.mongillo28@gmail.com,H,8,pyv4xq85,H8_CviMVP_PlDNA_1__SG_1455__e05c4f6d
f1a537fe,3f31d197,CviMVP_PlDNA_1_20230315,A9,20,CviMVP_12330,,nicole.mongillo28@gmail.com,A,9,paqotahm,A9_CviMVP_PlDNA_1__SG-sharedLotterhosPuritz_1766__b03cf183
f805cd16,3f31d197,CviMVP_PlDNA_1_20230315,B9,18,CviMVP_10796,,nicole.mongillo28@gmail.com,B,9,u15nfdb5,B9_CviMVP_PlDNA_1__SG_1238__3f7ed135
3e5671c3,3f31d197,CviMVP_PlDNA_1_20230315,C9,18,CviMVP_11768,,nicole.mongillo28@gmail.com,C,9,opwqr214,C9_CviMVP_PlDNA_1__SG_1574__143671d4
71bba4d2,3f31d197,CviMVP_PlDNA_1_20230315,D9,20,CviMVP_11434,,nicole.mongillo28@gmail.com,D,9,diqz7kgw,D9_CviMVP_PlDNA_1__SG_1461__0baeb3eb
c371cbad,3f31d197,CviMVP_PlDNA_1_20230315,E9,22,CviMVP_12315,,nicole.mongillo28@gmail.com,E,9,craafpfr,E9_CviMVP_PlDNA_1__SG-sharedLotterhosPuritz_1761__50f9589f
0abac811,3f31d197,CviMVP_PlDNA_1_20230315,F9,21,CviMVP_10816,,nicole.mongillo28@gmail.com,F,9,rqgqqm8j,F9_CviMVP_PlDNA_1__SG_1245__5b85a925
c20e2228,3f31d197,CviMVP_PlDNA_1_20230315,G9,20,CviMVP_12631,"Tissue dropped on counter, cleaned w ethanol",nicole.mongillo28@gmail.com,G,9,lz9txqyz,G9_CviMVP_PlDNA_1__SG_1869__68d9f8dc
67abed9d,3f31d197,CviMVP_PlDNA_1_20230315,H9,21,CviMVP_10452,,nicole.mongillo28@gmail.com,H,9,ewmn4f8q,H9_CviMVP_PlDNA_1__SG_1104__589c9460
7f75b37e,3f31d197,CviMVP_PlDNA_1_20230315,A10,19,CviMVP_10500,,nicole.mongillo28@gmail.com,A,10,0pb0qra1,A10_CviMVP_PlDNA_1__SG_1127__5d911985
158f1a71,3f31d197,CviMVP_PlDNA_1_20230315,B10,18,CviMVP_10483,,nicole.mongillo28@gmail.com,B,10,pd10ialu,B10_CviMVP_PlDNA_1__SG_1119__34ade408
05be6241,3f31d197,CviMVP_PlDNA_1_20230315,C10,20,CviMVP_11225,,nicole.mongillo28@gmail.com,C,10,54r8kmj4,C10_CviMVP_PlDNA_1__SG_1386__3505dd4f
ba8d7fe4,3f31d197,CviMVP_PlDNA_1_20230315,D10,22,CviMVP_11463,,nicole.mongillo28@gmail.com,D,10,uls849xe,D10_CviMVP_PlDNA_1__SG_1471__c9f8e6c3
2e040d0a,3f31d197,CviMVP_PlDNA_1_20230315,E10,22,CviMVP_12655,,nicole.mongillo28@gmail.com,E,10,y2nv42xs,E10_CviMVP_PlDNA_1__SG_1877__f2d87033
7d0cdf41,3f31d197,CviMVP_PlDNA_1_20230315,F10,18,CviMVP_11879,,nicole.mongillo28@gmail.com,F,10,e5ilizfb,F10_CviMVP_PlDNA_1__SG_1613__b2783401
5811b647,3f31d197,CviMVP_PlDNA_1_20230315,G10,20,CviMVP_10475,,nicole.mongillo28@gmail.com,G,10,dqwj7nz8,G10_CviMVP_PlDNA_1__SG_1115__167ef2dd
752ead87,3f31d197,CviMVP_PlDNA_1_20230315,H10,18,CviMVP_11361,,nicole.mongillo28@gmail.com,H,10,gsbmcqqw,H10_CviMVP_PlDNA_1__SG_1436__277e755d
27768bce,3f31d197,CviMVP_PlDNA_1_20230315,A11,22,CviMVP_12285,,nicole.mongillo28@gmail.com,A,11,c11v0p8f,A11_CviMVP_PlDNA_1__SG-sharedLotterhosPuritz_1751__bc382cb1
fd9f5696,3f31d197,CviMVP_PlDNA_1_20230315,B11,19,CviMVP_11349,,nicole.mongillo28@gmail.com,B,11,p29v0c9c,B11_CviMVP_PlDNA_1__SG_1431__c83e8d48
376a6b3b,3f31d197,CviMVP_PlDNA_1_20230315,C11,19,CviMVP_11791,,nicole.mongillo28@gmail.com,C,11,nfqceh11,C11_CviMVP_PlDNA_1__SG_1583__4093d9eb
11fac3be,3f31d197,CviMVP_PlDNA_1_20230315,D11,21,CviMVP_10769,,nicole.mongillo28@gmail.com,D,11,zncydrfw,D11_CviMVP_PlDNA_1__SG_1229__59b34b24
632a445f,3f31d197,CviMVP_PlDNA_1_20230315,E11,22,CviMVP_11490,,nicole.mongillo28@gmail.com,E,11,rw0jntr6,E11_CviMVP_PlDNA_1__SG_1480__8a36a1ff
119d6abf,3f31d197,CviMVP_PlDNA_1_20230315,F11,19,CviMVP_11861,,nicole.mongillo28@gmail.com,F,11,zhd0sv8r,F11_CviMVP_PlDNA_1__SG_1607__b581eaa9
de7b8425,3f31d197,CviMVP_PlDNA_1_20230315,G11,18,CviMVP_12628,,nicole.mongillo28@gmail.com,G,11,cizq3t6z,G11_CviMVP_PlDNA_1__SG_1868__dfac88e0
16deaf2c,3f31d197,CviMVP_PlDNA_1_20230315,H11,21,CviMVP_12354,,nicole.mongillo28@gmail.com,H,11,rj927l5b,H11_CviMVP_PlDNA_1__SG-sharedLotterhosPuritz_1774__28c4bb0c
70108b61,3f31d197,CviMVP_PlDNA_1_20230315,A12,20,CviMVP_10851,,nicole.mongillo28@gmail.com,A,12,qpsl5j4c,A12_CviMVP_PlDNA_1__SG_1258__b240dd80
23f1ca92,3f31d197,CviMVP_PlDNA_1_20230315,B12,21,CviMVP_11765,,nicole.mongillo28@gmail.com,B,12,jz3iqsas,B12_CviMVP_PlDNA_1__SG_1573__b976a26c
71e430b7,3f31d197,CviMVP_PlDNA_1_20230315,C12,20,CviMVP_11870,,nicole.mongillo28@gmail.com,C,12,66ifjoz2,C12_CviMVP_PlDNA_1__SG_1610__aa188751
91d8d3a4,3f31d197,CviMVP_PlDNA_1_20230315,D12,21,CviMVP_12695,,nicole.mongillo28@gmail.com,D,12,xszi8ech,D12_CviMVP_PlDNA_1__SG_1891__20df4068
41a856b3,3f31d197,CviMVP_PlDNA_1_20230315,E12,21,CviMVP_12704,,nicole.mongillo28@gmail.com,E,12,2meafth2,E12_CviMVP_PlDNA_1__SG_1894__fdb855b9
115b22f0,3f31d197,CviMVP_PlDNA_1_20230315,F12,20,CviMVP_12675,,nicole.mongillo28@gmail.com,F,12,2hi5uohg,F12_CviMVP_PlDNA_1__SG_1884__2e4c4b0b
63a61c3f,3f31d197,CviMVP_PlDNA_1_20230315,G12,20,CviMVP_11426,,nicole.mongillo28@gmail.com,G,12,967mkvn6,G12_CviMVP_PlDNA_1__SG_1458__f3ca3ad9
abba516d,3f31d197,CviMVP_PlDNA_1_20230315,H12,20,CviMVP_11216,,nicole.mongillo28@gmail.com,H,12,19v5awjj,H12_CviMVP_PlDNA_1__SG_1383__ef032876
35584105,4979595e,CviMVP_PlDNA_1_20230403_B7,B7,19,CviMVP_11454,Re-extraction of sample B7,nicole.mongillo28@gmail.com,B,7,lp88sdlg,B7_CviMVP_PlDNA_1__SG_1468__2e2613cd
140241b7,f4c0feb5,CviMVP_PlDNA_2_20230405,A1,21,CviMVP_11328,,nicole.mongillo28@gmail.com,A,1,pra15877,A1_CviMVP_PlDNA_2__SG_1424__28f79e03
2732cafc,f4c0feb5,CviMVP_PlDNA_2_20230405,B1,22,CviMVP_12756,,nicole.mongillo28@gmail.com,B,1,3ohde5q6,B1_CviMVP_PlDNA_2__SG_1912__e0a59721
f4a980e3,f4c0feb5,CviMVP_PlDNA_2_20230405,C1,22,CviMVP_10295,,nicole.mongillo28@gmail.com,C,1,a486yyu7,C1_CviMVP_PlDNA_2__SG_1048__9831ca6e
7ca81b93,f4c0feb5,CviMVP_PlDNA_2_20230405,D1,20,CviMVP_10730,,nicole.mongillo28@gmail.com,D,1,4rf1bu86,D1_CviMVP_PlDNA_2__SG_1215__3fb7a765
9d78c84d,f4c0feb5,CviMVP_PlDNA_2_20230405,E1,18,CviMVP_11927,,nicole.mongillo28@gmail.com,E,1,xwwioz6f,E1_CviMVP_PlDNA_2__SG_1629__d7b6cad8
e38b4de8,f4c0feb5,CviMVP_PlDNA_2_20230405,F1,20,CviMVP_10088,,nicole.mongillo28@gmail.com,F,1,bb49gmhe,F1_CviMVP_PlDNA_2__SG_1033__a3c23635
efdfb943,f4c0feb5,CviMVP_PlDNA_2_20230405,G1,20,CviMVP_10298,,nicole.mongillo28@gmail.com,G,1,qf7qlx4j,G1_CviMVP_PlDNA_2__SG_1049__2c29990f
719b5ba9,f4c0feb5,CviMVP_PlDNA_2_20230405,H1,21,CviMVP_11786,,nicole.mongillo28@gmail.com,H,1,nn55giwj,H1_CviMVP_PlDNA_2__SG_1581__5b837c25
6aee2080,f4c0feb5,CviMVP_PlDNA_2_20230405,A2,20,CviMVP_12099,,nicole.mongillo28@gmail.com,A,2,7bpb924a,A2_CviMVP_PlDNA_2__SG_1687__c7405305
0025ce8c,f4c0feb5,CviMVP_PlDNA_2_20230405,B2,19,CviMVP_10908,,nicole.mongillo28@gmail.com,B,2,ts0yfs7s,B2_CviMVP_PlDNA_2__SG_1278__2ae45535
e25efb6b,f4c0feb5,CviMVP_PlDNA_2_20230405,C2,18,CviMVP_11071,,nicole.mongillo28@gmail.com,C,2,cq6plshb,C2_CviMVP_PlDNA_2__SG_1334__394cabff
f0e35cfd,f4c0feb5,CviMVP_PlDNA_2_20230405,D2,20,CviMVP_10741,,nicole.mongillo28@gmail.com,D,2,km3b7h87,D2_CviMVP_PlDNA_2__SG_1219__418ed3df
e0409d66,f4c0feb5,CviMVP_PlDNA_2_20230405,E2,20,CviMVP_12043,,nicole.mongillo28@gmail.com,E,2,rvbeoosi,E2_CviMVP_PlDNA_2__SG_1668__3ce5bf46
11f69f92,f4c0feb5,CviMVP_PlDNA_2_20230405,F2,18,CviMVP_12031,,nicole.mongillo28@gmail.com,F,2,sm4je1k9,F2_CviMVP_PlDNA_2__SG_1664__a2a4720a
10444cd4,f4c0feb5,CviMVP_PlDNA_2_20230405,G2,18,CviMVP_12061,,nicole.mongillo28@gmail.com,G,2,t0srpcj9,G2_CviMVP_PlDNA_2__SG_1674__8114fa71
12c98f8b,f4c0feb5,CviMVP_PlDNA_2_20230405,H2,22,CviMVP_12124,,nicole.mongillo28@gmail.com,H,2,q7m4zcl5,H2_CviMVP_PlDNA_2__SG_1696__9e0ab92a
eab3c673,f4c0feb5,CviMVP_PlDNA_2_20230405,A3,19,CviMVP_11683,,nicole.mongillo28@gmail.com,A,3,wravpn0w,A3_CviMVP_PlDNA_2__SG_1545__7e6a5964
d2de4fdd,f4c0feb5,CviMVP_PlDNA_2_20230405,B3,19,CviMVP_12500,,nicole.mongillo28@gmail.com,B,3,28jrgy8e,B3_CviMVP_PlDNA_2__SG_1823__b35e54f9
f28436fb,f4c0feb5,CviMVP_PlDNA_2_20230405,C3,19,CviMVP_30051,,nicole.mongillo28@gmail.com,C,3,4jwbh113,C3_CviMVP_PlDNA_2__SG-sharedLotterhosPuritz_3017__c060f9a6
663ccde5,f4c0feb5,CviMVP_PlDNA_2_20230405,D3,20,CviMVP_11606,,nicole.mongillo28@gmail.com,D,3,eyajlsb0,D3_CviMVP_PlDNA_2__SG-sharedLotterhosPuritz_1519__a6d73b27
7bd3bf74,f4c0feb5,CviMVP_PlDNA_2_20230405,E3,19,CviMVP_12366,,nicole.mongillo28@gmail.com,E,3,06r5a3s7,E3_CviMVP_PlDNA_2__SG_1778__9d581faa
2a833095,f4c0feb5,CviMVP_PlDNA_2_20230405,F3,19,CviMVP_30000,,nicole.mongillo28@gmail.com,F,3,0005lzx6,F3_CviMVP_PlDNA_2__SG-sharedLotterhosPuritz_3000__2720f423
1518a831,f4c0feb5,CviMVP_PlDNA_2_20230405,G3,20,CviMVP_30084,,nicole.mongillo28@gmail.com,G,3,n01bz4wy,G3_CviMVP_PlDNA_2__SG-sharedLotterhosPuritz_3028__9450ca97
43c02838,f4c0feb5,CviMVP_PlDNA_2_20230405,H3,18,CviMVP_10876,,nicole.mongillo28@gmail.com,H,3,vrs9ikhl,H3_CviMVP_PlDNA_2__SG_1267__5f184024
37b956b5,f4c0feb5,CviMVP_PlDNA_2_20230405,A4,22,CviMVP_10420,,nicole.mongillo28@gmail.com,A,4,no26h0mc,A4_CviMVP_PlDNA_2__SG_1085__b7bb9f04
094965ff,f4c0feb5,CviMVP_PlDNA_2_20230405,B4,22,CviMVP_12503,,nicole.mongillo28@gmail.com,B,4,h9orbf3t,B4_CviMVP_PlDNA_2__SG_1824__dd7f9914
4e48beda,f4c0feb5,CviMVP_PlDNA_2_20230405,C4,21,CviMVP_12467,,nicole.mongillo28@gmail.com,C,4,14j8jjer,C4_CviMVP_PlDNA_2__SG_1812__a1aacc78
4d9c8017,f4c0feb5,CviMVP_PlDNA_2_20230405,D4,20,CviMVP_11163,,nicole.mongillo28@gmail.com,D,4,yed21il0,D4_CviMVP_PlDNA_2__SG_1365__862540eb
a41e5ad8,f4c0feb5,CviMVP_PlDNA_2_20230405,E4,21,CviMVP_10635,,nicole.mongillo28@gmail.com,E,4,kaw0gkq5,E4_CviMVP_PlDNA_2__SG_1182__badaacbd
1593acc4,f4c0feb5,CviMVP_PlDNA_2_20230405,F4,19,CviMVP_10646,,nicole.mongillo28@gmail.com,F,4,o1u97w5m,F4_CviMVP_PlDNA_2__SG_1186__8c0d3239
2285ea78,f4c0feb5,CviMVP_PlDNA_2_20230405,G4,18,CviMVP_10641,,nicole.mongillo28@gmail.com,G,4,nonkn54l,G4_CviMVP_PlDNA_2__SG_1184__7c2aa22d
187a005f,f4c0feb5,CviMVP_PlDNA_2_20230405,H4,18,CviMVP_10981,,nicole.mongillo28@gmail.com,H,4,wohzsoqw,H4_CviMVP_PlDNA_2__SG_1303__bb38f6e1
934594ae,f4c0feb5,CviMVP_PlDNA_2_20230405,A5,21,CviMVP_10300,,nicole.mongillo28@gmail.com,A,5,2yathke9,A5_CviMVP_PlDNA_2__SG_1050__f357cf40
650c879e,f4c0feb5,CviMVP_PlDNA_2_20230405,B5,20,CviMVP_11285,,nicole.mongillo28@gmail.com,B,5,ossbiq5z,B5_CviMVP_PlDNA_2__SG_1409__e556ee36
5b12561b,f4c0feb5,CviMVP_PlDNA_2_20230405,C5,19,CviMVP_30129,,nicole.mongillo28@gmail.com,C,5,8lw3lskk,C5_CviMVP_PlDNA_2__SG-sharedLotterhosPuritz_3044__dfab1eb6
c9ebc1bc,f4c0feb5,CviMVP_PlDNA_2_20230405,D5,18,CviMVP_12747,,nicole.mongillo28@gmail.com,D,5,02gsqvz9,D5_CviMVP_PlDNA_2__SG_1909__21c2d575
d5661696,f4c0feb5,CviMVP_PlDNA_2_20230405,E5,19,CviMVP_10738,,nicole.mongillo28@gmail.com,E,5,676opghu,E5_CviMVP_PlDNA_2__SG_1218__72ed5589
144ee214,f4c0feb5,CviMVP_PlDNA_2_20230405,F5,22,CviMVP_11963,,nicole.mongillo28@gmail.com,F,5,u6wuepps,F5_CviMVP_PlDNA_2__SG_1641__42f8af9b
604caeea,f4c0feb5,CviMVP_PlDNA_2_20230405,G5,18,CviMVP_10064,,nicole.mongillo28@gmail.com,G,5,er0eruev,G5_CviMVP_PlDNA_2__SG_1027__8151ca73
a0d43336,f4c0feb5,CviMVP_PlDNA_2_20230405,H5,22,CviMVP_10311,,nicole.mongillo28@gmail.com,H,5,gfon0zn5,H5_CviMVP_PlDNA_2__SG_1054__bb651ac2
7b480016,f4c0feb5,CviMVP_PlDNA_2_20230405,A6,20,CviMVP_10332,,nicole.mongillo28@gmail.com,A,6,ost282c7,A6_CviMVP_PlDNA_2__SG_1061__0b870f2b
573f3d66,f4c0feb5,CviMVP_PlDNA_2_20230405,B6,18,CviMVP_11341,,nicole.mongillo28@gmail.com,B,6,bvut3i3p,B6_CviMVP_PlDNA_2__SG_1429__7aee0526
00ace4c3,f4c0feb5,CviMVP_PlDNA_2_20230405,C6,21,CviMVP_10879,,nicole.mongillo28@gmail.com,C,6,rstx0hff,C6_CviMVP_PlDNA_2__SG_1268__b74d9fc7
abc845be,f4c0feb5,CviMVP_PlDNA_2_20230405,D6,20,CviMVP_12178,,nicole.mongillo28@gmail.com,D,6,gku5lt8p,D6_CviMVP_PlDNA_2__SG_1715__3df8d222
8fac7db8,f4c0feb5,CviMVP_PlDNA_2_20230405,E6,20,CviMVP_11311,,nicole.mongillo28@gmail.com,E,6,mdrcvv58,E6_CviMVP_PlDNA_2__SG_1418__ce942e72
873eab92,f4c0feb5,CviMVP_PlDNA_2_20230405,F6,18,CviMVP_11537,,nicole.mongillo28@gmail.com,F,6,pghq6fu4,F6_CviMVP_PlDNA_2__SG-sharedLotterhosPuritz_1496__13dadaa0
31c0204a,f4c0feb5,CviMVP_PlDNA_2_20230405,G6,21,CviMVP_10526,,nicole.mongillo28@gmail.com,G,6,ofswspp7,G6_CviMVP_PlDNA_2__SG_1138__2a7224fb
f85afb3e,f4c0feb5,CviMVP_PlDNA_2_20230405,H6,20,CviMVP_30087,,nicole.mongillo28@gmail.com,H,6,qhh4q67d,H6_CviMVP_PlDNA_2__SG-sharedLotterhosPuritz_3029__b178cb91
0497d3b6,f4c0feb5,CviMVP_PlDNA_2_20230405,A7,22,CviMVP_12794,,nicole.mongillo28@gmail.com,A,7,13i607bq,A7_CviMVP_PlDNA_2__SG_1925__7c410165
bf18ef85,f4c0feb5,CviMVP_PlDNA_2_20230405,B7,19,CviMVP_12037,,nicole.mongillo28@gmail.com,B,7,ctcobexs,B7_CviMVP_PlDNA_2__SG_1666__33d19e4e
5682cb16,f4c0feb5,CviMVP_PlDNA_2_20230405,C7,22,CviMVP_10869,,nicole.mongillo28@gmail.com,C,7,tsaicb09,C7_CviMVP_PlDNA_2__SG_1264__0e16ac7f
761491db,f4c0feb5,CviMVP_PlDNA_2_20230405,D7,21,CviMVP_10454,,nicole.mongillo28@gmail.com,D,7,rjluhf4j,D7_CviMVP_PlDNA_2__SG_1105__cf668f83
b9c77e08,f4c0feb5,CviMVP_PlDNA_2_20230405,E7,21,CviMVP_12052,,nicole.mongillo28@gmail.com,E,7,63jdsg4b,E7_CviMVP_PlDNA_2__SG_1671__94d35d0a
7cb4903a,f4c0feb5,CviMVP_PlDNA_2_20230405,F7,20,CviMVP_10072,,nicole.mongillo28@gmail.com,F,7,pggqbtb0,F7_CviMVP_PlDNA_2__SG_1029__1709b6fc
9f270bec,f4c0feb5,CviMVP_PlDNA_2_20230405,G7,21,CviMVP_10969,,nicole.mongillo28@gmail.com,G,7,uul1vk4g,G7_CviMVP_PlDNA_2__SG_1299__b1a66ac8
22298bc3,f4c0feb5,CviMVP_PlDNA_2_20230405,H7,20,CviMVP_12431,,nicole.mongillo28@gmail.com,H,7,ce7axxeg,H7_CviMVP_PlDNA_2__SG_1800__6455f4be
677ff961,f4c0feb5,CviMVP_PlDNA_2_20230405,A8,18,CviMVP_12096,,nicole.mongillo28@gmail.com,A,8,98o9k0s7,A8_CviMVP_PlDNA_2__SG_1686__184fe4d7
95c4ee1d,f4c0feb5,CviMVP_PlDNA_2_20230405,B8,19,CviMVP_12025,,nicole.mongillo28@gmail.com,B,8,rqwwpzan,B8_CviMVP_PlDNA_2__SG_1662__1f53eaa1
d7182683,f4c0feb5,CviMVP_PlDNA_2_20230405,C8,21,CviMVP_11219,,nicole.mongillo28@gmail.com,C,8,6dnegddk,C8_CviMVP_PlDNA_2__SG_1384__24b58700
d60f2730,f4c0feb5,CviMVP_PlDNA_2_20230405,D8,19,CviMVP_11626,,nicole.mongillo28@gmail.com,D,8,5pdnp72l,D8_CviMVP_PlDNA_2__SG-sharedLotterhosPuritz_1526__8fde2a0e
6c628535,f4c0feb5,CviMVP_PlDNA_2_20230405,F8,20,CviMVP_11626,,nicole.mongillo28@gmail.com,F,8,f1sqam8c,F8_CviMVP_PlDNA_2__SG_1552__5d51308b
88d3c858,f4c0feb5,CviMVP_PlDNA_2_20230405,G8,22,CviMVP_11758,,nicole.mongillo28@gmail.com,G,8,lu8ucjgh,G8_CviMVP_PlDNA_2__SG_1570__998e65c4
aa9fc9b7,f4c0feb5,CviMVP_PlDNA_2_20230405,H8,22,CviMVP_11597,,nicole.mongillo28@gmail.com,H,8,mhegcvcz,H8_CviMVP_PlDNA_2__SG-sharedLotterhosPuritz_1516__405c32be
3790605f,f4c0feb5,CviMVP_PlDNA_2_20230405,A9,21,CviMVP_11924,,nicole.mongillo28@gmail.com,A,9,jg856dnk,A9_CviMVP_PlDNA_2__SG_1628__5510ba60
4bba423a,f4c0feb5,CviMVP_PlDNA_2_20230405,B9,19,CviMVP_30126,,nicole.mongillo28@gmail.com,B,9,bt937com,B9_CviMVP_PlDNA_2__SG-sharedLotterhosPuritz_3043__e541bd45
498b56a3,f4c0feb5,CviMVP_PlDNA_2_20230405,C9,21,CviMVP_10084,,nicole.mongillo28@gmail.com,C,9,9up3i8hr,C9_CviMVP_PlDNA_2__SG_1032__6655cc76
4fd2d574,f4c0feb5,CviMVP_PlDNA_2_20230405,D9,21,CviMVP_11576,,nicole.mongillo28@gmail.com,D,9,b0gjwdpt,D9_CviMVP_PlDNA_2__SG-sharedLotterhosPuritz_1509__242c6773
975f51b6,f4c0feb5,CviMVP_PlDNA_2_20230405,E9,18,CviMVP_11499,,nicole.mongillo28@gmail.com,E,9,fqe0c4oh,E9_CviMVP_PlDNA_2__SG-sharedLotterhosPuritz_1483__dcff5b0d
dd17689b,f4c0feb5,CviMVP_PlDNA_2_20230405,F9,19,CviMVP_11531,,nicole.mongillo28@gmail.com,F,9,kro7js34,F9_CviMVP_PlDNA_2__SG-sharedLotterhosPuritz_1494__7e8e3848
458b8fb0,f4c0feb5,CviMVP_PlDNA_2_20230405,G9,22,CviMVP_30144,,nicole.mongillo28@gmail.com,G,9,4ddog7qr,G9_CviMVP_PlDNA_2__SG-sharedLotterhosPuritz_3049__23480dce
5066bf82,f4c0feb5,CviMVP_PlDNA_2_20230405,H9,21,CviMVP_11534,,nicole.mongillo28@gmail.com,H,9,lmamhbcu,H9_CviMVP_PlDNA_2__SG-sharedLotterhosPuritz_1495__6dd58e52
a7c7f192,f4c0feb5,CviMVP_PlDNA_2_20230405,A10,19,CviMVP_10604,,nicole.mongillo28@gmail.com,A,10,95u1v866,A10_CviMVP_PlDNA_2__SG_1170__5ceaf20a
e16e0457,f4c0feb5,CviMVP_PlDNA_2_20230405,B10,22,CviMVP_12220,,nicole.mongillo28@gmail.com,B,10,kbtjiu48,B10_CviMVP_PlDNA_2__SG-sharedLotterhosPuritz_1729__09f98c5b
d14e3f4c,f4c0feb5,CviMVP_PlDNA_2_20230405,C10,22,CviMVP_30009,,nicole.mongillo28@gmail.com,C,10,b7wsddrq,C10_CviMVP_PlDNA_2__SG-sharedLotterhosPuritz_3003__00b9719a
3297d563,f4c0feb5,CviMVP_PlDNA_2_20230405,D10,20,CviMVP_10547,,nicole.mongillo28@gmail.com,D,10,yffk1qv2,D10_CviMVP_PlDNA_2__SG_1146__b3a78220
eeed9eb8,f4c0feb5,CviMVP_PlDNA_2_20230405,E10,19,CviMVP_11273,,nicole.mongillo28@gmail.com,E,10,hsx82l9q,E10_CviMVP_PlDNA_2__SG_1403__28de4b21
b85e19e3,f4c0feb5,CviMVP_PlDNA_2_20230405,F10,20,CviMVP_10560,,nicole.mongillo28@gmail.com,F,10,n36jney8,F10_CviMVP_PlDNA_2__SG_1151__2a064c70
61165903,f4c0feb5,CviMVP_PlDNA_2_20230405,G10,19,CviMVP_10512,,nicole.mongillo28@gmail.com,G,10,wdio0623,G10_CviMVP_PlDNA_2__SG_1133__44703552
c9e4cec8,f4c0feb5,CviMVP_PlDNA_2_20230405,H10,20,CviMVP_11240,,nicole.mongillo28@gmail.com,H,10,iswho7ar,H10_CviMVP_PlDNA_2__SG_1391__56eefaf4
e1309b25,f4c0feb5,CviMVP_PlDNA_2_20230405,A11,21,CviMVP_12378,,nicole.mongillo28@gmail.com,A,11,mq4o1fiv,A11_CviMVP_PlDNA_2__SG_1782__fa92e3f5
8797acce,f4c0feb5,CviMVP_PlDNA_2_20230405,B11,20,CviMVP_11641,,nicole.mongillo28@gmail.com,B,11,4opy8bua,B11_CviMVP_PlDNA_2__SG-sharedLotterhosPuritz_1531__a3123770
c0fe7006,f4c0feb5,CviMVP_PlDNA_2_20230405,C11,18,CviMVP_12223,,nicole.mongillo28@gmail.com,C,11,0q4vf9l3,C11_CviMVP_PlDNA_2__SG-sharedLotterhosPuritz_1730__3947bb8f
4f2ab9aa,f4c0feb5,CviMVP_PlDNA_2_20230405,D11,20,CviMVP_11478,,nicole.mongillo28@gmail.com,D,11,nypm18z4,D11_CviMVP_PlDNA_2__SG_1476__336c2b9f
ab403f80,f4c0feb5,CviMVP_PlDNA_2_20230405,E11,22,CviMVP_10885,,nicole.mongillo28@gmail.com,E,11,lfiugu2a,E11_CviMVP_PlDNA_2__SG_1270__e5f18da2
a12c3fcd,f4c0feb5,CviMVP_PlDNA_2_20230405,F11,20,CviMVP_12464,,nicole.mongillo28@gmail.com,F,11,l3rl3vxq,F11_CviMVP_PlDNA_2__SG_1811__dabc6d9e
0dd62dad,f4c0feb5,CviMVP_PlDNA_2_20230405,G11,19,CviMVP_12235,,nicole.mongillo28@gmail.com,G,11,kx4truh9,G11_CviMVP_PlDNA_2__SG-sharedLotterhosPuritz_1734__999220c1
f1701fd2,f4c0feb5,CviMVP_PlDNA_2_20230405,H11,20,CviMVP_11629,,nicole.mongillo28@gmail.com,H,11,fcm88sfv,H11_CviMVP_PlDNA_2__SG-sharedLotterhosPuritz_1527__c9330c62
9ff2f514,f4c0feb5,CviMVP_PlDNA_2_20230405,A12,22,CviMVP_11662,,nicole.mongillo28@gmail.com,A,12,7b1snlf3,A12_CviMVP_PlDNA_2__SG-sharedLotterhosPuritz_1538__cda643ef
252d9c4b,f4c0feb5,CviMVP_PlDNA_2_20230405,B12,20,CviMVP_11912,,nicole.mongillo28@gmail.com,B,12,aqg7r23y,B12_CviMVP_PlDNA_2__SG_1624__f59660b5
89feb5d1,f4c0feb5,CviMVP_PlDNA_2_20230405,C12,21,CviMVP_12470,,nicole.mongillo28@gmail.com,C,12,eh2bixbh,C12_CviMVP_PlDNA_2__SG_1813__c02ddcb7
338dd69e,f4c0feb5,CviMVP_PlDNA_2_20230405,D12,20,CviMVP_10992,,nicole.mongillo28@gmail.com,D,12,eal0vdh3,D12_CviMVP_PlDNA_2__SG_1307__bc92137d
dbe8a72a,f4c0feb5,CviMVP_PlDNA_2_20230405,E12,18,CviMVP_12479,,nicole.mongillo28@gmail.com,E,12,8qwb4wuj,E12_CviMVP_PlDNA_2__SG_1816__0d7068ff
ca78a655,f4c0feb5,CviMVP_PlDNA_2_20230405,F12,20,CviMVP_12586,,nicole.mongillo28@gmail.com,F,12,wm1xa7jy,F12_CviMVP_PlDNA_2__SG-sharedLotterhosPuritz_1854__49920960
bacca37c,f4c0feb5,CviMVP_PlDNA_2_20230405,G12,22,CviMVP_11408,,nicole.mongillo28@gmail.com,G,12,4mqp2wef,G12_CviMVP_PlDNA_2__SG_1452__3e21ca6c
cb0271bb,f4c0feb5,CviMVP_PlDNA_2_20230405,H12,22,CviMVP_11181,,nicole.mongillo28@gmail.com,H,12,8vwlqor8,H12_CviMVP_PlDNA_2__SG_1371__c50dbc1e
3ea262e2,f4c0feb5,CviMVP_PlDNA_2_20230405,E8,20,CviMVP_11136,,nicole.mongillo28@gmail.com,E,8,y073odu2,E8_CviMVP_PlDNA_2__SG_1356__4295d929
8cfacabd,6c28e4e2,CviMVP_PlDNA_2_20230412_F1,F1,20,CviMVP_10088,,nicole.mongillo28@gmail.com,F,1,bb49gmhe,F1_CviMVP_PlDNA_2__SG_1033__a3c23635
7a86a4ec,425d46e1,CviMVP_PlDNA_2_20230412_A5,A5,19,CviMVP_10300,,nicole.mongillo28@gmail.com,A,5,2yathke9,A5_CviMVP_PlDNA_2__SG_1050__f357cf40
86957dcb,1ef5258b,CviMVP_PlDNA_2_20230412_B5,B5,19,CviMVP_11285,,nicole.mongillo28@gmail.com,B,5,ossbiq5z,B5_CviMVP_PlDNA_2__SG_1409__e556ee36
aba36684,16cde7c5,CviMVP_PlDNA_2_20230412_A11,A11,19,CviMVP_12378,,nicole.mongillo28@gmail.com,A,11,mq4o1fiv,A11_CviMVP_PlDNA_2__SG_1782__fa92e3f5
83594e7a,2fd24239,CviMVP_PlDNA_2_20230412_E11,E11,18,CviMVP_10885,,nicole.mongillo28@gmail.com,E,11,lfiugu2a,E11_CviMVP_PlDNA_2__SG_1270__e5f18da2
dc083b49,592a12fe,CviMVP_PlDNA_2_20230412_F12,F12,21,CviMVP_12586,,nicole.mongillo28@gmail.com,F,12,wm1xa7jy,F12_CviMVP_PlDNA_2__SG-sharedLotterhosPuritz_1854__49920960
c88eba2c,0b4c6e6b,CviMVP_PlDNA_5_04202023,A1,19,CviMVP_10723,,nicole.mongillo28@gmail.com,A,1,rdkdqbvf,A1_CviMVP_PlDNA_5__SG_1213__8759c16a
88131c8b,0b4c6e6b,CviMVP_PlDNA_5_04202023,B1,21,CviMVP_10093,,nicole.mongillo28@gmail.com,B,1,2f909p9o,B1_CviMVP_PlDNA_5__SG_1034__0e0ac7d6
f41b38dc,0b4c6e6b,CviMVP_PlDNA_5_04202023,C1,19,CviMVP_10592,,nicole.mongillo28@gmail.com,C,1,0y6278cq,C1_CviMVP_PlDNA_5__SG_1165__5f778713
d36b1f40,0b4c6e6b,CviMVP_PlDNA_5_04202023,D1,22,CviMVP_10601,,nicole.mongillo28@gmail.com,D,1,gp4hhrt5,D1_CviMVP_PlDNA_5__SG_1169__fccffcf3
d88233fc,0b4c6e6b,CviMVP_PlDNA_5_04202023,E1,19,CviMVP_30135,,nicole.mongillo28@gmail.com,E,1,l8q9munh,E1_CviMVP_PlDNA_5__SG-sharedLotterhosPuritz_3046__33ba00b5
ea4904a7,0b4c6e6b,CviMVP_PlDNA_5_04202023,F1,22,CviMVP_10716,,nicole.mongillo28@gmail.com,F,1,9gd0s5p7,F1_CviMVP_PlDNA_5__SG_1210__917a5e66
f7b4bfb1,0b4c6e6b,CviMVP_PlDNA_5_04202023,G1,21,CviMVP_11505,,nicole.mongillo28@gmail.com,G,1,expixoxv,G1_CviMVP_PlDNA_5__SG-sharedLotterhosPuritz_1485__584ef346
6f8f34a2,0b4c6e6b,CviMVP_PlDNA_5_04202023,H1,22,CviMVP_10544,,nicole.mongillo28@gmail.com,H,1,5ls5snoy,H1_CviMVP_PlDNA_5__SG_1145__7605b3c0
9e0724c2,0b4c6e6b,CviMVP_PlDNA_5_04202023,A2,20,CviMVP_10550,,nicole.mongillo28@gmail.com,A,2,u1ec8obj,A2_CviMVP_PlDNA_5__SG_1147__554b56fe
b2ac456d,0b4c6e6b,CviMVP_PlDNA_5_04202023,B2,22,CviMVP_12104,,nicole.mongillo28@gmail.com,B,2,d5njkd48,B2_CviMVP_PlDNA_5__SG_1689__736d4e14
c4a2d69f,0b4c6e6b,CviMVP_PlDNA_5_04202023,C2,22,CviMVP_30093,,nicole.mongillo28@gmail.com,C,2,zpf5o1pm,C2_CviMVP_PlDNA_5__SG-sharedLotterhosPuritz_3031__88811f65
f86c9418,0b4c6e6b,CviMVP_PlDNA_5_04202023,D2,19,CviMVP_10894,,nicole.mongillo28@gmail.com,D,2,194owxfe,D2_CviMVP_PlDNA_5__SG_1273__b28f35d2
8c5b74b2,0b4c6e6b,CviMVP_PlDNA_5_04202023,E2,22,CviMVP_11888,,nicole.mongillo28@gmail.com,E,2,kyjop3ru,E2_CviMVP_PlDNA_5__SG_1616__54b5281b
aa5b5716,0b4c6e6b,CviMVP_PlDNA_5_04202023,F2,22,CviMVP_10277,,nicole.mongillo28@gmail.com,F,2,fcd9qugl,F2_CviMVP_PlDNA_5__SG_1041__eed5c808
7170385a,0b4c6e6b,CviMVP_PlDNA_5_04202023,G2,21,CviMVP_11814,,nicole.mongillo28@gmail.com,G,2,q08tni8f,G2_CviMVP_PlDNA_5__SG_1591__7dc1a9e6
eb780b74,0b4c6e6b,CviMVP_PlDNA_5_04202023,H2,22,CviMVP_10874,,nicole.mongillo28@gmail.com,H,2,rl489dru,H2_CviMVP_PlDNA_5__SG_1266__4e08d2b2
5ff8cbbf,0b4c6e6b,CviMVP_PlDNA_5_04202023,A3,18,CviMVP_11080,,nicole.mongillo28@gmail.com,A,3,ohxrhwjv,A3_CviMVP_PlDNA_5__SG_1337__2df389df
3af80a6f,0b4c6e6b,CviMVP_PlDNA_5_04202023,B3,21,CviMVP_12013,,nicole.mongillo28@gmail.com,B,3,7fp3x2j8,B3_CviMVP_PlDNA_5__SG_1658__dcd3c107
a177c362,0b4c6e6b,CviMVP_PlDNA_5_04202023,C3,22,CviMVP_12381,,nicole.mongillo28@gmail.com,C,3,u0yub760,C3_CviMVP_PlDNA_5__SG_1783__7efed587
72c02649,0b4c6e6b,CviMVP_PlDNA_5_04202023,D3,22,CviMVP_12202,,nicole.mongillo28@gmail.com,D,3,jn99rc8z,D3_CviMVP_PlDNA_5__SG-sharedLotterhosPuritz_1723__2000ae81
53437a85,0b4c6e6b,CviMVP_PlDNA_5_04202023,E3,19,CviMVP_11121,,nicole.mongillo28@gmail.com,E,3,bbhrvc94,E3_CviMVP_PlDNA_5__SG_1351__c9f860e1
0136b20f,0b4c6e6b,CviMVP_PlDNA_5_04202023,F3,21,CviMVP_10541,,nicole.mongillo28@gmail.com,F,3,j6lall4a,F3_CviMVP_PlDNA_5__SG_1144__70b2aa79
f0ac5985,0b4c6e6b,CviMVP_PlDNA_5_04202023,G3,20,CviMVP_30090,,nicole.mongillo28@gmail.com,G,3,avhhthmv,G3_CviMVP_PlDNA_5__SG-sharedLotterhosPuritz_3030__5791a206
bb7da7e6,0b4c6e6b,CviMVP_PlDNA_5_04202023,H3,22,CviMVP_10661,,nicole.mongillo28@gmail.com,H,3,4s9v4icr,H3_CviMVP_PlDNA_5__SG_1191__cec6ab4c
c81ca687,0b4c6e6b,CviMVP_PlDNA_5_04202023,A4,21,CviMVP_10399,,nicole.mongillo28@gmail.com,A,4,88bx09xy,A4_CviMVP_PlDNA_5__SG_1086__5112cfbc
2727512a,0b4c6e6b,CviMVP_PlDNA_5_04202023,B4,,CviMVP_10676,"B4 and B5 tissue added to same well, extract individually",nicole.mongillo28@gmail.com,B,4,5l8xu5wo,B4_CviMVP_PlDNA_5__SG_1196__1127cf33
6db7aee5,0b4c6e6b,CviMVP_PlDNA_5_04202023,C4,18,CviMVP_10369,,nicole.mongillo28@gmail.com,C,4,ryvspk2w,C4_CviMVP_PlDNA_5__SG_1074__66a12ae0
f97e86eb,0b4c6e6b,CviMVP_PlDNA_5_04202023,D4,22,CviMVP_12211,,nicole.mongillo28@gmail.com,D,4,4px26vto,D4_CviMVP_PlDNA_5__SG-sharedLotterhosPuritz_1726__d7bf8240
2237c69d,0b4c6e6b,CviMVP_PlDNA_5_04202023,E4,19,CviMVP_11184,,nicole.mongillo28@gmail.com,E,4,mdgawi45,E4_CviMVP_PlDNA_5__SG_1372__d1d73898
a09f73f9,0b4c6e6b,CviMVP_PlDNA_5_04202023,F4,22,CviMVP_10994,,nicole.mongillo28@gmail.com,F,4,o7mrvb38,F4_CviMVP_PlDNA_5__SG_1308__5cf62761
bd91e1eb,0b4c6e6b,CviMVP_PlDNA_5_04202023,G4,21,CviMVP_12238,,nicole.mongillo28@gmail.com,G,4,edxtutyc,G4_CviMVP_PlDNA_5__SG-sharedLotterhosPuritz_1735__1dc2e73e
f66b730b,0b4c6e6b,CviMVP_PlDNA_5_04202023,H4,21,CviMVP_12622,,nicole.mongillo28@gmail.com,H,4,yuqrv0w7,H4_CviMVP_PlDNA_5__SG-sharedLotterhosPuritz_1866__a98f91ad
746140b8,0b4c6e6b,CviMVP_PlDNA_5_04202023,A5,20,CviMVP_30168,,nicole.mongillo28@gmail.com,A,5,f59pez1r,A5_CviMVP_PlDNA_5__SG-sharedLotterhosPuritz_3057__d418b8c8
09a49d81,0b4c6e6b,CviMVP_PlDNA_5_04202023,B5,,CviMVP_11269,"Tissue from B4 and B5 placed in same tube. Will re-extract individually. B5 original Vial empty after this extraction, will need replacing. REPLACED B5 WITH SAMPLE SG1402, Vial label CviMVP_11271 (This sample comes from the same population as the replaced individual, and was not in the sampling plan)",nicole.mongillo28@gmail.com,B,5,3xkzre90,B5_CviMVP_PlDNA_5__SG_1401__80e85afd
5aac83cb,0b4c6e6b,CviMVP_PlDNA_5_04202023,C5,21,CviMVP_11737,,nicole.mongillo28@gmail.com,C,5,8cegjzs1,C5_CviMVP_PlDNA_5__SG_1563__7e234e54
913bfbe4,0b4c6e6b,CviMVP_PlDNA_5_04202023,D5,21,CviMVP_11555,,nicole.mongillo28@gmail.com,D,5,e2kwitth,D5_CviMVP_PlDNA_5__SG-sharedLotterhosPuritz_1502__f43278c7
4024766f,0b4c6e6b,CviMVP_PlDNA_5_04202023,E5,22,CviMVP_10708,"Piece of tissue fell on counter, rinsed in 95% EtOH",nicole.mongillo28@gmail.com,E,5,3tuzf2aw,E5_CviMVP_PlDNA_5__SG_1207__e09a88dc
58d7c40b,0b4c6e6b,CviMVP_PlDNA_5_04202023,F5,19,CviMVP_10529,,nicole.mongillo28@gmail.com,F,5,8ygy0cx2,F5_CviMVP_PlDNA_5__SG_1139__567ff899
0a5ec264,0b4c6e6b,CviMVP_PlDNA_5_04202023,G5,22,CviMVP_10693,,nicole.mongillo28@gmail.com,G,5,49x62976,G5_CviMVP_PlDNA_5__SG_1202__19d39fd0
b2c9c1a3,0b4c6e6b,CviMVP_PlDNA_5_04202023,H5,19,CviMVP_11336,,nicole.mongillo28@gmail.com,H,5,jraekojz,H5_CviMVP_PlDNA_5__SG_1427__53cbce97
aa5f2fca,0b4c6e6b,CviMVP_PlDNA_5_04202023,A6,21,CviMVP_12161,,nicole.mongillo28@gmail.com,A,6,q28yk1et,A6_CviMVP_PlDNA_5__SG_1709__6247eadb
5e7620e5,0b4c6e6b,CviMVP_PlDNA_5_04202023,B6,22,CviMVP_12779,,nicole.mongillo28@gmail.com,B,6,bsmp4sj1,B6_CviMVP_PlDNA_5__SG_1920__493d92a6
5b2f7212,0b4c6e6b,CviMVP_PlDNA_5_04202023,C6,21,CviMVP_12372,,nicole.mongillo28@gmail.com,C,6,v7v45qoq,C6_CviMVP_PlDNA_5__SG_1780__8e36b6da
803f19d0,0b4c6e6b,CviMVP_PlDNA_5_04202023,D6,22,CviMVP_12181,,nicole.mongillo28@gmail.com,D,6,zxe7nwte,D6_CviMVP_PlDNA_5__SG_1716__77fa6afc
4949893a,0b4c6e6b,CviMVP_PlDNA_5_04202023,E6,19,CviMVP_10610,,nicole.mongillo28@gmail.com,E,6,rhdwb26g,E6_CviMVP_PlDNA_5__SG_1173__1943456c
b1e99f00,0b4c6e6b,CviMVP_PlDNA_5_04202023,F6,19,CviMVP_11275,,nicole.mongillo28@gmail.com,F,6,n5kupyae,F6_CviMVP_PlDNA_5__SG_1404__4a6042b3
4c0b4cd9,0b4c6e6b,CviMVP_PlDNA_5_04202023,G6,19,CviMVP_12067,,nicole.mongillo28@gmail.com,G,6,klmchq77,G6_CviMVP_PlDNA_5__SG_1676__ab938180
f13e0397,0b4c6e6b,CviMVP_PlDNA_5_04202023,H6,18,CviMVP_10897,,nicole.mongillo28@gmail.com,H,6,47yt92y9,H6_CviMVP_PlDNA_5__SG_1274__62c5ba48
df778453,0b4c6e6b,CviMVP_PlDNA_5_04202023,A7,21,CviMVP_11103,,nicole.mongillo28@gmail.com,A,7,qxjqnxow,A7_CviMVP_PlDNA_5__SG_1346__c3dc3555
1c93a443,0b4c6e6b,CviMVP_PlDNA_5_04202023,B7,18,CviMVP_11780,,nicole.mongillo28@gmail.com,B,7,3kylr0rs,B7_CviMVP_PlDNA_5__SG_1579__be3981ad
b68295ea,0b4c6e6b,CviMVP_PlDNA_5_04202023,C7,20,CviMVP_11600,,nicole.mongillo28@gmail.com,C,7,w1x96vei,C7_CviMVP_PlDNA_5__SG-sharedLotterhosPuritz_1517__6dd8eee1
0db004b0,0b4c6e6b,CviMVP_PlDNA_5_04202023,D7,21,CviMVP_12419,,nicole.mongillo28@gmail.com,D,7,0arxje7d,D7_CviMVP_PlDNA_5__SG_1796__1ba8d3a0
34e63da7,0b4c6e6b,CviMVP_PlDNA_5_04202023,E7,22,CviMVP_12765,,nicole.mongillo28@gmail.com,E,7,2lyevwn8,E7_CviMVP_PlDNA_5__SG_1916__b4df3bc3
fcfbaaca,0b4c6e6b,CviMVP_PlDNA_5_04202023,F7,22,CviMVP_11130,,nicole.mongillo28@gmail.com,F,7,ve8004s5,F7_CviMVP_PlDNA_5__SG_1354__541bb3b2
51501bab,0b4c6e6b,CviMVP_PlDNA_5_04202023,G7,22,CviMVP_11659,,nicole.mongillo28@gmail.com,G,7,kdxbirtx,G7_CviMVP_PlDNA_5__SG-sharedLotterhosPuritz_1537__b0ca9a64
7014ff3b,0b4c6e6b,CviMVP_PlDNA_5_04202023,H7,21,CviMVP_12402,,nicole.mongillo28@gmail.com,H,7,kcrrcn2l,H7_CviMVP_PlDNA_5__SG_1790__4da0737e
1b31af08,0b4c6e6b,CviMVP_PlDNA_5_04202023,A8,22,CviMVP_10802,,nicole.mongillo28@gmail.com,A,8,ynz1flu8,A8_CviMVP_PlDNA_5__SG_1240__5c86242a
3bd146aa,0b4c6e6b,CviMVP_PlDNA_5_04202023,B8,20,CviMVP_11722,,nicole.mongillo28@gmail.com,B,8,5r76pupn,B8_CviMVP_PlDNA_5__SG_1558__fba7a623
c20aff6f,0b4c6e6b,CviMVP_PlDNA_5_04202023,C8,19,CviMVP_10620,,nicole.mongillo28@gmail.com,C,8,amiwig7z,C8_CviMVP_PlDNA_5__SG_1177__84b10c5a
db40f1ed,0b4c6e6b,CviMVP_PlDNA_5_04202023,D8,22,CviMVP_12574,,nicole.mongillo28@gmail.com,D,8,3dx73jx4,D8_CviMVP_PlDNA_5__SG-sharedLotterhosPuritz_1850__dfd894f5
55eee1f2,0b4c6e6b,CviMVP_PlDNA_5_04202023,E8,21,CviMVP_11713,,nicole.mongillo28@gmail.com,E,8,ryie11l5,E8_CviMVP_PlDNA_5__SG_1555__8dbba465
0fce7f18,0b4c6e6b,CviMVP_PlDNA_5_04202023,F8,19,CviMVP_10790,,nicole.mongillo28@gmail.com,F,8,sigam1sm,F8_CviMVP_PlDNA_5__SG_1236__d423013f
8460ca6f,0b4c6e6b,CviMVP_PlDNA_5_04202023,G8,20,CviMVP_11109,,nicole.mongillo28@gmail.com,G,8,bkt5hbxb,G8_CviMVP_PlDNA_5__SG_1347__6fd02556
ec4c38a2,0b4c6e6b,CviMVP_PlDNA_5_04202023,H8,20,CviMVP_12360,"Technical replicate, originally in plate 4",nicole.mongillo28@gmail.com,H,8,t1bb0bzt,H8_CviMVP_PlDNA_5__SG-sharedLotterhosPuritz_1776__3c0d0ba6
db505406,0b4c6e6b,CviMVP_PlDNA_5_04202023,A9,19,CviMVP_12016,,nicole.mongillo28@gmail.com,A,9,2e8ivi5i,A9_CviMVP_PlDNA_5__SG_1659__12a25bac
88886ed0,0b4c6e6b,CviMVP_PlDNA_5_04202023,B9,18,CviMVP_10581,,nicole.mongillo28@gmail.com,B,9,pzqasspn,B9_CviMVP_PlDNA_5__SG_1160__aff920b0
95b54fcf,0b4c6e6b,CviMVP_PlDNA_5_04202023,C9,20,CviMVP_10584,"Piece of tissue fell on counter, rinsed in 95% EtOH",nicole.mongillo28@gmail.com,C,9,vxmooojc,C9_CviMVP_PlDNA_5__SG_1161__bee23f77
290112c1,0b4c6e6b,CviMVP_PlDNA_5_04202023,D9,21,CviMVP_10575,,nicole.mongillo28@gmail.com,D,9,s368olfy,D9_CviMVP_PlDNA_5__SG_1157__3a105b17
4956813a,0b4c6e6b,CviMVP_PlDNA_5_04202023,E9,21,CviMVP_10711,,nicole.mongillo28@gmail.com,E,9,kymaqoav,E9_CviMVP_PlDNA_5__SG_1208__b3818e2e
7aad79fc,0b4c6e6b,CviMVP_PlDNA_5_04202023,F9,22,CviMVP_10076,,nicole.mongillo28@gmail.com,F,9,k5s7m5ij,F9_CviMVP_PlDNA_5__SG_1030__ea0d7b30
83f42b47,0b4c6e6b,CviMVP_PlDNA_5_04202023,G9,22,CviMVP_12150,,nicole.mongillo28@gmail.com,G,9,ip55cvix,G9_CviMVP_PlDNA_5__SG_1705__f9a5bc2b
7400f65b,0b4c6e6b,CviMVP_PlDNA_5_04202023,H9,20,CviMVP_11933,,nicole.mongillo28@gmail.com,H,9,ds9sg0mm,H9_CviMVP_PlDNA_5__SG_1631__9c37eb1c
f6446787,0b4c6e6b,CviMVP_PlDNA_5_04202023,A10,18,CviMVP_30030,,nicole.mongillo28@gmail.com,A,10,bwu8ud43,A10_CviMVP_PlDNA_5__SG-sharedLotterhosPuritz_3010__78670ac9
d12f4dc6,0b4c6e6b,CviMVP_PlDNA_5_04202023,B10,20,CviMVP_10104,,nicole.mongillo28@gmail.com,B,10,fj4qlaup,B10_CviMVP_PlDNA_5__SG_1037__baf65a49
1964ff4d,0b4c6e6b,CviMVP_PlDNA_5_04202023,C10,22,CviMVP_12133,,nicole.mongillo28@gmail.com,C,10,1wx5w2ry,C10_CviMVP_PlDNA_5__SG_1699__ba3f6196
82da66c7,0b4c6e6b,CviMVP_PlDNA_5_04202023,D10,21,CviMVP_12058,,nicole.mongillo28@gmail.com,D,10,5sotetgq,D10_CviMVP_PlDNA_5__SG_1673__65fa18bf
bb48c0ab,0b4c6e6b,CviMVP_PlDNA_5_04202023,E10,21,CviMVP_11086,,nicole.mongillo28@gmail.com,E,10,y66n5kyj,E10_CviMVP_PlDNA_5__SG_1339__2f706811
e93a1f9f,0b4c6e6b,CviMVP_PlDNA_5_04202023,F10,19,CviMVP_10531,,nicole.mongillo28@gmail.com,F,10,dwbrco57,F10_CviMVP_PlDNA_5__SG_1140__2d92ccfe
89d5c946,0b4c6e6b,CviMVP_PlDNA_5_04202023,G10,19,CviMVP_12078,,nicole.mongillo28@gmail.com,G,10,gjvgke0w,G10_CviMVP_PlDNA_5__SG_1680__659f75bd
e10c7da5,0b4c6e6b,CviMVP_PlDNA_5_04202023,H10,22,CviMVP_11317,,nicole.mongillo28@gmail.com,H,10,t7n7tjzr,H10_CviMVP_PlDNA_5__SG_1420__9ee80cac
e2bce7f4,0b4c6e6b,CviMVP_PlDNA_5_04202023,A11,22,CviMVP_30078,,nicole.mongillo28@gmail.com,A,11,4ht3a85j,A11_CviMVP_PlDNA_5__SG-sharedLotterhosPuritz_3026__80be4f10
6273b11f,0b4c6e6b,CviMVP_PlDNA_5_04202023,B11,19,CviMVP_30103,,nicole.mongillo28@gmail.com,B,11,4tc3guwo,B11_CviMVP_PlDNA_5__SG-sharedLotterhosPuritz_3035__b56ac115
238f68f4,0b4c6e6b,CviMVP_PlDNA_5_04202023,C11,21,CviMVP_12583,,nicole.mongillo28@gmail.com,C,11,72k64zfw,C11_CviMVP_PlDNA_5__SG-sharedLotterhosPuritz_1853__a4196b8b
0fe26ac8,0b4c6e6b,CviMVP_PlDNA_5_04202023,D11,22,CviMVP_11617,,nicole.mongillo28@gmail.com,D,11,lc3z3c5v,D11_CviMVP_PlDNA_5__SG-sharedLotterhosPuritz_1523__b1a44415
693957be,0b4c6e6b,CviMVP_PlDNA_5_04202023,E11,23,CviMVP_10414,"Piece of tissue fell on counter, rinsed in 95% EtOH",nicole.mongillo28@gmail.com,E,11,0o4whoaf,E11_CviMVP_PlDNA_5__SG_1084__5795889f
74311f9f,0b4c6e6b,CviMVP_PlDNA_5_04202023,F11,22,CviMVP_12049,,nicole.mongillo28@gmail.com,F,11,shwvkkur,F11_CviMVP_PlDNA_5__SG_1670__85f16b0e
c39803f7,0b4c6e6b,CviMVP_PlDNA_5_04202023,G11,20,CviMVP_12440,,nicole.mongillo28@gmail.com,G,11,pqcte1bz,G11_CviMVP_PlDNA_5__SG_1803__645f7974
d160ce98,0b4c6e6b,CviMVP_PlDNA_5_04202023,H11,21,CviMVP_10937,,nicole.mongillo28@gmail.com,H,11,2zlhki8s,H11_CviMVP_PlDNA_5__SG_1288__67942cfd
7d9df3b5,0b4c6e6b,CviMVP_PlDNA_5_04202023,A12,21,CviMVP_12505,,nicole.mongillo28@gmail.com,A,12,o36kfjup,A12_CviMVP_PlDNA_5__SG_1825__b3a90178
b42bd582,0b4c6e6b,CviMVP_PlDNA_5_04202023,B12,19,CviMVP_11036,,nicole.mongillo28@gmail.com,B,12,kqvrooiy,B12_CviMVP_PlDNA_5__SG_1322__2335500b
1c542298,0b4c6e6b,CviMVP_PlDNA_5_04202023,C12,22,CviMVP_11112,,nicole.mongillo28@gmail.com,C,12,av5wizyc,C12_CviMVP_PlDNA_5__SG_1348__b189398c
06e0916f,0b4c6e6b,CviMVP_PlDNA_5_04202023,D12,22,CviMVP_12592,,nicole.mongillo28@gmail.com,D,12,q2egccl4,D12_CviMVP_PlDNA_5__SG-sharedLotterhosPuritz_1856__c5dc6416
f5825b08,0b4c6e6b,CviMVP_PlDNA_5_04202023,E12,20,CviMVP_10643,,nicole.mongillo28@gmail.com,E,12,3ydbg58f,E12_CviMVP_PlDNA_5__SG_1185__aba5efd7
8841c656,0b4c6e6b,CviMVP_PlDNA_5_04202023,F12,20,CviMVP_11740,,nicole.mongillo28@gmail.com,F,12,z4dvmzqj,F12_CviMVP_PlDNA_5__SG_1564__9305f148
9a317088,0b4c6e6b,CviMVP_PlDNA_5_04202023,G12,22,CviMVP_12604,,nicole.mongillo28@gmail.com,G,12,mbtxvwrt,G12_CviMVP_PlDNA_5__SG-sharedLotterhosPuritz_1860__6b3c9694
b737d6cd,0b4c6e6b,CviMVP_PlDNA_5_04202023,H12,22,CviMVP_11178,,nicole.mongillo28@gmail.com,H,12,g14c36u2,H12_CviMVP_PlDNA_5__SG_1370__ad268e37
c0d4532d,0f4ca3e0,CviMVP_PlDNA_5_20230426_B3,B3,19,CviMVP_12013,,kiranbajaj008@gmail.com,B,3,7fp3x2j8,B3_CviMVP_PlDNA_5__SG_1658__dcd3c107
c6fb5f7e,6dd132e0,CviMVP_PlDNA_5_20230426_B4,B4,20,CviMVP_10676,,kiranbajaj008@gmail.com,B,4,5l8xu5wo,B4_CviMVP_PlDNA_5__SG_1196__1127cf33
ff248ad0,f588cacd,CviMVP_PlDNA_5_20230426_E5,E5,22,CviMVP_10708,,kiranbajaj008@gmail.com,E,5,3tuzf2aw,E5_CviMVP_PlDNA_5__SG_1207__e09a88dc
cc0d0a16,c236fc1d,CviMVP_PlDNA_5_20230426_G5,G5,18,CviMVP_10693,,kiranbajaj008@gmail.com,G,5,49x62976,G5_CviMVP_PlDNA_5__SG_1202__19d39fd0
42718291,3aa8034d,CviMVP_PlDNA_5_20230426_C7,C7,22,CviMVP_11600,,kiranbajaj008@gmail.com,C,7,w1x96vei,C7_CviMVP_PlDNA_5__SG-sharedLotterhosPuritz_1517__6dd8eee1
2166acb7,43da2545,CviMVP_PlDNA_5_20230426_E9,E9,22,CviMVP_10711,,kiranbajaj008@gmail.com,E,9,kymaqoav,E9_CviMVP_PlDNA_5__SG_1208__b3818e2e
0784bf55,74f41e16,CviMVP_PlDNA_5_20230426_G9,G9,20,CviMVP_12150,,kiranbajaj008@gmail.com,G,9,ip55cvix,G9_CviMVP_PlDNA_5__SG_1705__f9a5bc2b
0943a8c8,eb881194,CviMVP_PlDNA_5_Replace_20230426_B5,B5,22,CviMVP_11271,CviMVP_11269 was replaced with CviMVP_11271 because the initial sample did not have enough tissue for re-extraction. Not sure how to change this in the app,kiranbajaj008@gmail.com,B,5,8df354fe,B5_CviMVP_PlDNA_5_Replace__SG_1402__TODO
11f601c4,411026d6,CviMVP_PlDNA_3_20230605,A7,22,CviMVP_10417,Accidentally swapped A7 & B7 - A7 has CviMVP_10417,camillerumberger11@gmail.com,A,7,5b6sq3k8,B7_CviMVP_PlDNA_3__SG-sharedLotterhosPuritz_1769__28e6bcda
ab26b058,411026d6,CviMVP_PlDNA_3_20230605,B7,20,CviMVP_12339,Accidentally swapped A7 & B7 - B7 has CviMVP_12339,camillerumberger11@gmail.com,B,7,el2gh5cx,A7_CviMVP_PlDNA_3__SG_1092__7cb45c20
c76b92d2,411026d6,CviMVP_PlDNA_3_20230605,C7,22,CviMVP_10411,,camillerumberger11@gmail.com,C,7,ie283ucg,C7_CviMVP_PlDNA_3__SG_1089__171c56fe
7aabb450,411026d6,CviMVP_PlDNA_3_20230605,D7,22,CviMVP_12247,,camillerumberger11@gmail.com,D,7,n9v5kdou,D7_CviMVP_PlDNA_3__SG-sharedLotterhosPuritz_1738__63fe4ba4
cd25df26,411026d6,CviMVP_PlDNA_3_20230605,E7,22,CviMVP_12494,,camillerumberger11@gmail.com,E,7,42lgmtsh,E7_CviMVP_PlDNA_3__SG_1821__7af88346
6e759fa5,411026d6,CviMVP_PlDNA_3_20230605,F7,21,CviMVP_11127,,camillerumberger11@gmail.com,F,7,gw0m7v5s,F7_CviMVP_PlDNA_3__SG_1353__99c23436
2329fcfc,411026d6,CviMVP_PlDNA_3_20230605,G7,21,CviMVP_12106,,camillerumberger11@gmail.com,G,7,flqc5m1i,G7_CviMVP_PlDNA_3__SG_1690__7193fce4
274b2384,411026d6,CviMVP_PlDNA_3_20230605,H7,22,CviMVP_12707,,camillerumberger11@gmail.com,H,7,or8zrmnn,H7_CviMVP_PlDNA_3__SG_1895__7630aa9e
d295544e,411026d6,CviMVP_PlDNA_3_20230605,A8,20,CviMVP_10784,,camillerumberger11@gmail.com,A,8,hegbxra1,A8_CviMVP_PlDNA_3__SG_1234__3dfd6aa1
3d8b276e,411026d6,CviMVP_PlDNA_3_20230605,B8,20,CviMVP_11656,,camillerumberger11@gmail.com,B,8,05y3s02n,B8_CviMVP_PlDNA_3__SG-sharedLotterhosPuritz_1536__2cb8b409
4b40b9cb,411026d6,CviMVP_PlDNA_3_20230605,C8,18,CviMVP_10849,,camillerumberger11@gmail.com,C,8,s0i5g20t,C8_CviMVP_PlDNA_3__SG_1257__2d61b6c8
dc59992e,411026d6,CviMVP_PlDNA_3_20230605,D8,20,CviMVP_10649,,camillerumberger11@gmail.com,D,8,hfoohyz2,D8_CviMVP_PlDNA_3__SG_1187__d1d068e1
4aeb1599,411026d6,CviMVP_PlDNA_3_20230605,E8,19,CviMVP_12485,,camillerumberger11@gmail.com,E,8,8etm81nd,E8_CviMVP_PlDNA_3__SG_1818__5a48bf6b
fa6fc09a,411026d6,CviMVP_PlDNA_3_20230605,F8,22,CviMVP_11154,,camillerumberger11@gmail.com,F,8,1pijs8cg,F8_CviMVP_PlDNA_3__SG_1362__e986275b
22c0a616,411026d6,CviMVP_PlDNA_3_20230605,G8,22,CviMVP_12226,,camillerumberger11@gmail.com,G,8,cyhw9bk9,G8_CviMVP_PlDNA_3__SG-sharedLotterhosPuritz_1731__ec34a354
f3c3b11d,411026d6,CviMVP_PlDNA_3_20230605,H8,22,CviMVP_11582,,camillerumberger11@gmail.com,H,8,413v19bd,H8_CviMVP_PlDNA_3__SG-sharedLotterhosPuritz_1511__e7286bb7
3e50dc5d,411026d6,CviMVP_PlDNA_3_20230605,A9,20,CviMVP_10579,,camillerumberger11@gmail.com,A,9,zflwkbwa,A9_CviMVP_PlDNA_3__SG_1159__a3a06726
99a69423,411026d6,CviMVP_PlDNA_3_20230605,B9,20,CviMVP_10282,,camillerumberger11@gmail.com,B,9,2r3ew6qd,B9_CviMVP_PlDNA_3__SG_1043__a6bf86da
c4c3688e,411026d6,CviMVP_PlDNA_3_20230605,C9,14,CviMVP_11525,"used all tissue left, may need to replace (check quantification and quality data)",camillerumberger11@gmail.com,C,9,debvufla,C9_CviMVP_PlDNA_3__SG-sharedLotterhosPuritz_1492__f748ad4a
69ce2fd3,411026d6,CviMVP_PlDNA_3_20230605,D9,20,CviMVP_11987,,camillerumberger11@gmail.com,D,9,v3qewtnl,D9_CviMVP_PlDNA_3__SG_1649__66175ee3
197d0aad,411026d6,CviMVP_PlDNA_3_20230605,E9,20,CviMVP_10060,,camillerumberger11@gmail.com,E,9,02f5rtcw,E9_CviMVP_PlDNA_3__SG_1026__d9b276d4
a755e7a7,411026d6,CviMVP_PlDNA_3_20230605,F9,22,CviMVP_11543,,camillerumberger11@gmail.com,F,9,8xpef1ir,F9_CviMVP_PlDNA_3__SG-sharedLotterhosPuritz_1498__82354aba
a41c3462,411026d6,CviMVP_PlDNA_3_20230605,G9,22,CviMVP_12721,,camillerumberger11@gmail.com,G,9,ufkbn1qo,G9_CviMVP_PlDNA_3__SG_1900__613a738d
32bf037c,411026d6,CviMVP_PlDNA_3_20230605,H9,22,CviMVP_11948,,camillerumberger11@gmail.com,H,9,jzempav1,H9_CviMVP_PlDNA_3__SG_1636__e34f2d48
01e9941d,411026d6,CviMVP_PlDNA_3_20230605,A10,20,CviMVP_10018,,camillerumberger11@gmail.com,A,10,nslvj7oe,A10_CviMVP_PlDNA_3__SG_1015__9b0b22ae
615a701b,523c06d1,CviMBP_PlDNA_3_20230605_Replace_B10,B10,19,CviMVP_11283,Replacing with CviMVP_11288,camillerumberger11@gmail.com,B,10,4omdd57o,B10_CviMVP_PlDNA_3__SG_1408__50e1adcf
54d0eb28,411026d6,CviMVP_PlDNA_3_20230605,C10,22,CviMVP_10108,,camillerumberger11@gmail.com,C,10,acvinvy9,C10_CviMVP_PlDNA_3__SG_1038__a10f506e
bf5dba94,411026d6,CviMVP_PlDNA_3_20230605,D10,22,CviMVP_10690,,camillerumberger11@gmail.com,D,10,ba2wf9c3,D10_CviMVP_PlDNA_3__SG_1201__90dd9abc
57ecd573,411026d6,CviMVP_PlDNA_3_20230605,E10,20,CviMVP_30162,,camillerumberger11@gmail.com,E,10,scr9r0qs,E10_CviMVP_PlDNA_3__SG-sharedLotterhosPuritz_3055__e8238a80
9440e59c,411026d6,CviMVP_PlDNA_3_20230605,F10,22,CviMVP_30045,,camillerumberger11@gmail.com,F,10,5ghmbw6j,F10_CviMVP_PlDNA_3__SG-sharedLotterhosPuritz_3015__1562c46c
d2f9f66e,411026d6,CviMVP_PlDNA_3_20230605,G10,20,CviMVP_11042,,camillerumberger11@gmail.com,G,10,0uukgmcy,G10_CviMVP_PlDNA_3__SG_1324__0c891359
fe731c81,411026d6,CviMVP_PlDNA_3_20230605,H10,21,CviMVP_30156,,camillerumberger11@gmail.com,H,10,wxrja2sg,H10_CviMVP_PlDNA_3__SG-sharedLotterhosPuritz_3053__b1bf0ddb
bbc6bed4,411026d6,CviMVP_PlDNA_3_20230605,A11,20,CviMVP_12753,,camillerumberger11@gmail.com,A,11,jilk71ar,A11_CviMVP_PlDNA_3__SG_1911__4c46219c
9c470c8b,411026d6,CviMVP_PlDNA_3_20230605,B11,22,CviMVP_11844,,camillerumberger11@gmail.com,B,11,le0u0k0o,B11_CviMVP_PlDNA_3__SG_1601__e0aa9062
a2496ab9,411026d6,CviMVP_PlDNA_3_20230605,C11,21,CviMVP_11059,,camillerumberger11@gmail.com,C,11,1igdfp6h,C11_CviMVP_PlDNA_3__SG_1330__1af8467d
ac70f438,411026d6,CviMVP_PlDNA_3_20230605,D11,22,CviMVP_10463,,camillerumberger11@gmail.com,D,11,6ml92si3,D11_CviMVP_PlDNA_3__SG_1109__d2a7f6ab
bec277ff,411026d6,CviMVP_PlDNA_3_20230605,E11,20,CviMVP_11027,,camillerumberger11@gmail.com,E,11,c20iz77d,E11_CviMVP_PlDNA_3__SG_1319__f6abf4f5
64257aea,411026d6,CviMVP_PlDNA_3_20230605,F11,22,CviMVP_12267,,camillerumberger11@gmail.com,F,11,aizit4pm,F11_CviMVP_PlDNA_3__SG-sharedLotterhosPuritz_1745__f187941c
df80eb8a,411026d6,CviMVP_PlDNA_3_20230605,G11,18,CviMVP_10438,,camillerumberger11@gmail.com,G,11,e4afpprf,G11_CviMVP_PlDNA_3__SG_1097__01d67bb5
113b2d21,411026d6,CviMVP_PlDNA_3_20230605,H11,21,CviMVP_10506,,camillerumberger11@gmail.com,H,11,d97nx0sx,H11_CviMVP_PlDNA_3__SG_1130__d4280f98
2b9dc776,411026d6,CviMVP_PlDNA_3_20230605,A12,22,CviMVP_11083,,camillerumberger11@gmail.com,A,12,2hx2wbx9,A12_CviMVP_PlDNA_3__SG_1338__95293c8f
96a39ca4,411026d6,CviMVP_PlDNA_3_20230605,B12,19,CviMVP_10448,,camillerumberger11@gmail.com,B,12,31gco7q1,B12_CviMVP_PlDNA_3__SG_1102__48c637c3
eaa03d8c,411026d6,CviMVP_PlDNA_3_20230605,C12,21,CviMVP_11151,,camillerumberger11@gmail.com,C,12,08le8qp6,C12_CviMVP_PlDNA_3__SG_1361__9b1f4445
af76d248,411026d6,CviMVP_PlDNA_3_20230605,D12,20,CviMVP_12515,,camillerumberger11@gmail.com,D,12,5pywi93q,D12_CviMVP_PlDNA_3__SG_1829__bda513f5
557860d9,411026d6,CviMVP_PlDNA_3_20230605,E12,18,CviMVP_10615,,camillerumberger11@gmail.com,E,12,2br9pxad,E12_CviMVP_PlDNA_3__SG_1175__7417dc30
a7d2b9f2,411026d6,CviMVP_PlDNA_3_20230605,F12,22,CviMVP_12190,,camillerumberger11@gmail.com,F,12,tvu11jgh,F12_CviMVP_PlDNA_3__SG-sharedLotterhosPuritz_1719__c3f350c9
27d74a46,411026d6,CviMVP_PlDNA_3_20230605,G12,22,CviMVP_10670,,camillerumberger11@gmail.com,G,12,8spgodtb,G12_CviMVP_PlDNA_3__SG_1194__879483b0
1943d0ba,411026d6,CviMVP_PlDNA_3_20230605,H12,19,CviMVP_30063,,camillerumberger11@gmail.com,H,12,9ql468hf,H12_CviMVP_PlDNA_3__SG-sharedLotterhosPuritz_3021__448ac77f
84b8a964,0cbe9f57,CviMVP_PlDNA_3_20230608,A1,20,CviMVP_11957,,nicole.mongillo28@gmail.com,A,1,p3n634t8,A1_CviMVP_PlDNA_3__SG_1639__db25a5c3
f1b5eba3,0cbe9f57,CviMVP_PlDNA_3_20230608,B1,20,CviMVP_12138,,nicole.mongillo28@gmail.com,B,1,60dlwc6j,B1_CviMVP_PlDNA_3__SG_1701__4821db1f
80421ebe,0cbe9f57,CviMVP_PlDNA_3_20230608,C1,21,CviMVP_30105,,nicole.mongillo28@gmail.com,C,1,qj85w3yk,C1_CviMVP_PlDNA_3__SG-sharedLotterhosPuritz_3036__408ed892
84f6e679,0cbe9f57,CviMVP_PlDNA_3_20230608,D1,22,CviMVP_10112,,nicole.mongillo28@gmail.com,D,1,fc65ml7c,D1_CviMVP_PlDNA_3__SG_1039__1b561850
b3ce3c6b,0cbe9f57,CviMVP_PlDNA_3_20230608,E1,18,,,nicole.mongillo28@gmail.com,E,1,cvv0axb6,E1_CviMVP_PlDNA_3__SG_1031__1b3cca54
94296c27,0cbe9f57,CviMVP_PlDNA_3_20230608,F1,20,CviMVP_11966,,nicole.mongillo28@gmail.com,F,1,bhojynfe,F1_CviMVP_PlDNA_3__SG_1642__8ae9c894
bcf818d9,0cbe9f57,CviMVP_PlDNA_3_20230608,G1,22,CviMVP_10563,,nicole.mongillo28@gmail.com,G,1,ht3tloy0,G1_CviMVP_PlDNA_3__SG_1152__e87ad87c
3c927910,a97abf4b,CviMVP_PlDNA_3_Replace_20230608_H1,H1,22,CviMVP_11853,,nicole.mongillo28@gmail.com,H,1,af53a202,H1_CviMVP_PlDNA_3_Replace__SG_1604__97e84e04
bdde8084,0cbe9f57,CviMVP_PlDNA_3_20230608,A2,21,CviMVP_11326,,nicole.mongillo28@gmail.com,A,2,pdgvy161,A2_CviMVP_PlDNA_3__SG_1423__43438d17
39bcbbc3,0cbe9f57,CviMVP_PlDNA_3_20230608,B2,21,CviMVP_10882,,nicole.mongillo28@gmail.com,B,2,54cfbwua,B2_CviMVP_PlDNA_3__SG_1269__e89a1c9c
c82bd599,0cbe9f57,CviMVP_PlDNA_3_20230608,C2,18,CviMVP_10303,,nicole.mongillo28@gmail.com,C,2,t5fcccvk,C2_CviMVP_PlDNA_3__SG_1051__b2f89cc5
15f478af,0cbe9f57,CviMVP_PlDNA_3_20230608,D2,20,CviMVP_11719,,nicole.mongillo28@gmail.com,D,2,mouc97rh,D2_CviMVP_PlDNA_3__SG_1557__d47a231f
20ad64f7,e970c602,CviMVP_PlDNA_3_Replace_20230608_E2,E2,18,CviMVP_30096,,nicole.mongillo28@gmail.com,E,2,47212cdc,E2_CviMVP_PlDNA_3_Replace__SG-sharedLotterhosPuritz_3032__9c42b30e
bdaa80ad,11dac974,CviMVP_PlDNA_3_Replace_20230608_F2,F2,15,CviMVP_11507,Empty of tissue now,nicole.mongillo28@gmail.com,F,2,9415054c,F2_CviMVP_PlDNA_3_Replace__SG-sharedLotterhosPuritz_1486__97845837
11a3996e,0cbe9f57,CviMVP_PlDNA_3_20230608,G2,18,CviMVP_12229,,nicole.mongillo28@gmail.com,G,2,f2fbbnkv,G2_CviMVP_PlDNA_3__SG-sharedLotterhosPuritz_1732__312c1a7e
c8f45b2c,0cbe9f57,CviMVP_PlDNA_3_20230608,H2,22,CviMVP_12384,,nicole.mongillo28@gmail.com,H,2,q3lhya1e,H2_CviMVP_PlDNA_3__SG_1784__29ba5533
615ef424,0cbe9f57,CviMVP_PlDNA_3_20230608,A3,19,CviMVP_12199,,nicole.mongillo28@gmail.com,A,3,s9b4bucp,A3_CviMVP_PlDNA_3__SG-sharedLotterhosPuritz_1722__d9620874
6e0f02ea,0cbe9f57,CviMVP_PlDNA_3_20230608,B3,21,CviMVP_12393,,nicole.mongillo28@gmail.com,B,3,ibhf5r94,B3_CviMVP_PlDNA_3__SG_1787__8a972806
f763cd37,0cbe9f57,CviMVP_PlDNA_3_20230608,C3,20,CviMVP_30069,,nicole.mongillo28@gmail.com,C,3,0eg2o2w9,C3_CviMVP_PlDNA_3__SG-sharedLotterhosPuritz_3023__12b47c5b
74ce2281,0cbe9f57,CviMVP_PlDNA_3_20230608,D3,19,CviMVP_10931,,nicole.mongillo28@gmail.com,D,3,c6y6hlej,D3_CviMVP_PlDNA_3__SG_1286__59268f67
dbb52b74,5fc775b1,CviMVP_PlDNA_3_Replace_20230608_E3,E3,21,CviMVP_10534,,nicole.mongillo28@gmail.com,E,3,519e1cfe,E3_CviMVP_PlDNA_3_Replace__SG_1141__da432123
f84d549a,0cbe9f57,CviMVP_PlDNA_3_20230608,F3,22,CviMVP_11451,,nicole.mongillo28@gmail.com,F,3,ntt80ad7,F3_CviMVP_PlDNA_3__SG_1467__0471606e
47cd6fc6,0cbe9f57,CviMVP_PlDNA_3_20230608,G3,19,CviMVP_10940,,nicole.mongillo28@gmail.com,G,3,rjcm3lbe,G3_CviMVP_PlDNA_3__SG_1289__ce6a63ea
2892279b,0cbe9f57,CviMVP_PlDNA_3_20230608,H3,20,CviMVP_12405,,nicole.mongillo28@gmail.com,H,3,3f0apfwl,H3_CviMVP_PlDNA_3__SG_1791__6994d958
713a8d37,0cbe9f57,CviMVP_PlDNA_3_20230608,A4,22,CviMVP_12607,,nicole.mongillo28@gmail.com,A,4,rznwpqrf,A4_CviMVP_PlDNA_3__SG-sharedLotterhosPuritz_1861__4b537e7a
fcd2cfdc,0cbe9f57,CviMVP_PlDNA_3_20230608,B4,22,CviMVP_11234,,nicole.mongillo28@gmail.com,B,4,sdb4cbvt,B4_CviMVP_PlDNA_3__SG_1389__08911bbf
7e286bef,0cbe9f57,CviMVP_PlDNA_3_20230608,C4,21,CviMVP_11771,,nicole.mongillo28@gmail.com,C,4,76yeuwf0,C4_CviMVP_PlDNA_3__SG_1575__5d10637a
42f4ba9d,0cbe9f57,CviMVP_PlDNA_3_20230608,D4,22,CviMVP_10638,,nicole.mongillo28@gmail.com,D,4,35v3tet6,D4_CviMVP_PlDNA_3__SG_1183__5414cc84
f4f238db,0cbe9f57,CviMVP_PlDNA_3_20230608,E4,22,CviMVP_12712,,nicole.mongillo28@gmail.com,E,4,5fad3mrt,E4_CviMVP_PlDNA_3__SG_1898__e19706e2
d81404a3,0cbe9f57,CviMVP_PlDNA_3_20230608,F4,20,CviMVP_10960,,nicole.mongillo28@gmail.com,F,4,kynxqbit,F4_CviMVP_PlDNA_3__SG_1296__1006c251
6be17291,0cbe9f57,CviMVP_PlDNA_3_20230608,G4,22,CviMVP_11603,,nicole.mongillo28@gmail.com,G,4,u8ek9yzx,G4_CviMVP_PlDNA_3__SG-sharedLotterhosPuritz_1518__4ff5ee3e
a8a98fe8,0cbe9f57,CviMVP_PlDNA_3_20230608,H4,19,CviMVP_12625,,nicole.mongillo28@gmail.com,H,4,3ioqwd9o,H4_CviMVP_PlDNA_3__SG-sharedLotterhosPuritz_1867__848c805c
4bb7575f,0cbe9f57,CviMVP_PlDNA_3_20230608,A5,20,CviMVP_10758,,nicole.mongillo28@gmail.com,A,5,mr1sew79,A5_CviMVP_PlDNA_3__SG_1225__19942566
e938ea2a,cc9871a3,CviMVP_PlDNA_3_Replace_20230608_B5,B5,22,CviMVP_11522,,nicole.mongillo28@gmail.com,B,5,d3a3625c,B5_CviMVP_PlDNA_3_Replace__SG-sharedLotterhosPuritz_1491__4d777632
bf8a7234,0cbe9f57,CviMVP_PlDNA_3_20230608,C5,20,CviMVP_10432,,nicole.mongillo28@gmail.com,C,5,fujgi66b,C5_CviMVP_PlDNA_3__SG_1095__64467e6a
d48bda83,0cbe9f57,CviMVP_PlDNA_3_20230608,D5,18,CviMVP_10696,,nicole.mongillo28@gmail.com,D,5,pvtsblmr,D5_CviMVP_PlDNA_3__SG_1203__5ff51565
ab980005,0cbe9f57,CviMVP_PlDNA_3_20230608,E5,21,CviMVP_11939,,nicole.mongillo28@gmail.com,E,5,u3cyx9v5,E5_CviMVP_PlDNA_3__SG_1633__86fd52e6
9c70e81f,0cbe9f57,CviMVP_PlDNA_3_20230608,F5,22,CviMVP_12141,,nicole.mongillo28@gmail.com,F,5,wcxk2lzg,F5_CviMVP_PlDNA_3__SG_1702__57acd977
23d4a2e8,0cbe9f57,CviMVP_PlDNA_3_20230608,G5,22,CviMVP_10699,,nicole.mongillo28@gmail.com,G,5,dm9pgshe,G5_CviMVP_PlDNA_3__SG_1204__0821edd3
f52cfa53,0cbe9f57,CviMVP_PlDNA_3_20230608,H5,21,CviMVP_11942,,nicole.mongillo28@gmail.com,H,5,1alxmoga,H5_CviMVP_PlDNA_3__SG_1634__af27b8b9
3191214e,0cbe9f57,CviMVP_PlDNA_3_20230608,A6,19,CviMVP_30021,Vial empty,nicole.mongillo28@gmail.com,A,6,ay1bk7pb,A6_CviMVP_PlDNA_3__SG-sharedLotterhosPuritz_3007__8a86f2f3
95a1b268,0cbe9f57,CviMVP_PlDNA_3_20230608,B6,21,CviMVP_12701,,nicole.mongillo28@gmail.com,B,6,mpmsz1me,B6_CviMVP_PlDNA_3__SG_1893__3d719166
9f6628a0,0cbe9f57,CviMVP_PlDNA_3_20230608,C6,22,CviMVP_10408,,nicole.mongillo28@gmail.com,C,6,yymmswhh,C6_CviMVP_PlDNA_3__SG_1091__f69ab709
bb678c9e,0cbe9f57,CviMVP_PlDNA_3_20230608,D6,22,CviMVP_10572,,nicole.mongillo28@gmail.com,D,6,h135haxi,D6_CviMVP_PlDNA_3__SG_1156__42f64b98
30665066,0cbe9f57,CviMVP_PlDNA_3_20230608,E6,19,CviMVP_10888,,nicole.mongillo28@gmail.com,E,6,gv6ey7kn,E6_CviMVP_PlDNA_3__SG_1271__30dbceb2
10254d19,0cbe9f57,CviMVP_PlDNA_3_20230608,F6,18,CviMVP_11680,,nicole.mongillo28@gmail.com,F,6,o1pcqfw9,F6_CviMVP_PlDNA_3__SG_1544__361c6090
d0513692,0cbe9f57,CviMVP_PlDNA_3_20230608,G6,19,CviMVP_10502,,nicole.mongillo28@gmail.com,G,6,vdqaaonk,G6_CviMVP_PlDNA_3__SG_1128__2985a17f
9b3ece6f,0cbe9f57,CviMVP_PlDNA_3_20230608,H6,21,CviMVP_12785,,nicole.mongillo28@gmail.com,H,6,45sshxdd,H6_CviMVP_PlDNA_3__SG_1922__42af2f75
a6978b9e,066c1369,CviMVP_PlDNA_3_20230615_B9,B9,22,CviMVP_10282,,nicole.mongillo28@gmail.com,B,9,2r3ew6qd,B9_CviMVP_PlDNA_3__SG_1043__a6bf86da
bb94757a,da207dbb,CviMVP_PlDNA_3_20230615_A10,A10,21,CviMVP_10018,,nicole.mongillo28@gmail.com,A,10,nslvj7oe,A10_CviMVP_PlDNA_3__SG_1015__9b0b22ae
3cee7215,df056a12,CviMVP_PlDNA_3_20230615_E11,E11,19,CviMVP_11027,,nicole.mongillo28@gmail.com,E,11,c20iz77d,E11_CviMVP_PlDNA_3__SG_1319__f6abf4f5
a8542c02,712a888e,CviMVP_PlDNA_4_20230620,A1,20,CviMVP_12115,,nicole.mongillo28@gmail.com,A,1,ucezwrf7,A1_CviMVP_PlDNA_4__SG_1693__d7a2129b
4f47e928,712a888e,CviMVP_PlDNA_4_20230620,B1,20,CviMVP_10319,,nicole.mongillo28@gmail.com,B,1,hesulh4l,B1_CviMVP_PlDNA_4__SG_1057__08412b0c
c6bc5c5c,712a888e,CviMVP_PlDNA_4_20230620,C1,21,CviMVP_10702,,nicole.mongillo28@gmail.com,C,1,5wehxloh,C1_CviMVP_PlDNA_4__SG_1205__ae001ab4
8d51750c,712a888e,CviMVP_PlDNA_4_20230620,D1,19,CviMVP_11954,,nicole.mongillo28@gmail.com,D,1,53mqyrmu,D1_CviMVP_PlDNA_4__SG_1638__de9fb8f5
151b984c,712a888e,CviMVP_PlDNA_4_20230620,E1,22,CviMVP_11975,,nicole.mongillo28@gmail.com,E,1,espn4t5g,E1_CviMVP_PlDNA_4__SG_1645__2fe33d1c
4c7b0ca6,712a888e,CviMVP_PlDNA_4_20230620,F1,18,CviMVP_11077,,nicole.mongillo28@gmail.com,F,1,sepcrx25,F1_CviMVP_PlDNA_4__SG_1336__9bdae747
beded86f,712a888e,CviMVP_PlDNA_4_20230620,G1,20,CviMVP_30153,,nicole.mongillo28@gmail.com,G,1,p4e006ux,G1_CviMVP_PlDNA_4__SG-sharedLotterhosPuritz_3052__04b2ad68
0ad2014b,712a888e,CviMVP_PlDNA_4_20230620,H1,20,CviMVP_11945,,nicole.mongillo28@gmail.com,H,1,nhc86h42,H1_CviMVP_PlDNA_4__SG_1635__eabf8278
9966debc,712a888e,CviMVP_PlDNA_4_20230620,A2,19,CviMVP_11104,,nicole.mongillo28@gmail.com,A,2,1oxd0jh5,A2_CviMVP_PlDNA_4__SG_1342__d2854e5c
155eaaf6,712a888e,CviMVP_PlDNA_4_20230620,B2,18,CviMVP_10911,,nicole.mongillo28@gmail.com,B,2,567vgcdk,B2_CviMVP_PlDNA_4__SG_1279__83f7612b
d5314414,712a888e,CviMVP_PlDNA_4_20230620,C2,22,CviMVP_11496,,nicole.mongillo28@gmail.com,C,2,2fqdceok,C2_CviMVP_PlDNA_4__SG-sharedLotterhosPuritz_1482__55e8412d
0cf9a769,712a888e,CviMVP_PlDNA_4_20230620,D2,18,CviMVP_30165,,nicole.mongillo28@gmail.com,D,2,oycmgiur,D2_CviMVP_PlDNA_4__SG-sharedLotterhosPuritz_3056__728390bb
206be38e,712a888e,CviMVP_PlDNA_4_20230620,E2,20,CviMVP_12770,,nicole.mongillo28@gmail.com,E,2,fklyddhx,E2_CviMVP_PlDNA_4__SG_1917__af7a792d
ae59520b,712a888e,CviMVP_PlDNA_4_20230620,F2,20,CviMVP_10492,,nicole.mongillo28@gmail.com,F,2,6qs4lr3a,F2_CviMVP_PlDNA_4__SG_1123__53aae46e
3e8848e9,712a888e,CviMVP_PlDNA_4_20230620,G2,22,CviMVP_10322,"Tissue dropped on counter, sterilized with 95% EtOH",nicole.mongillo28@gmail.com,G,2,b7bbmoda,G2_CviMVP_PlDNA_4__SG_1058__173180d2
6caae9bc,712a888e,CviMVP_PlDNA_4_20230620,H2,20,CviMVP_10714,,nicole.mongillo28@gmail.com,H,2,5b4zh7ju,H2_CviMVP_PlDNA_4__SG_1209__662ef371
5fda2114,712a888e,CviMVP_PlDNA_4_20230620,A3,20,CviMVP_12345,,nicole.mongillo28@gmail.com,A,3,kez0yep3,A3_CviMVP_PlDNA_4__SG-sharedLotterhosPuritz_1771__536699ad
62e35f96,712a888e,CviMVP_PlDNA_4_20230620,B3,21,CviMVP_30039,,nicole.mongillo28@gmail.com,B,3,f9ief4pa,B3_CviMVP_PlDNA_4__SG-sharedLotterhosPuritz_3013__33dda8a5
738d5e65,712a888e,CviMVP_PlDNA_4_20230620,C3,22,CviMVP_10552,,nicole.mongillo28@gmail.com,C,3,w75dft1b,C3_CviMVP_PlDNA_4__SG_1148__e01548b2
fa51763a,712a888e,CviMVP_PlDNA_4_20230620,D3,19,CviMVP_11003,,nicole.mongillo28@gmail.com,D,3,t6qviios,D3_CviMVP_PlDNA_4__SG_1311__59f9dad6
829b6b38,712a888e,CviMVP_PlDNA_4_20230620,E3,22,CviMVP_11707,,nicole.mongillo28@gmail.com,E,3,ho712hsb,E3_CviMVP_PlDNA_4__SG_1553__e2b0c8f8
6b79f664,4a291d7a,CviMVP_PlDNA_4_Replace_20230620_F3,F3,19,CviMVP_12449,,nicole.mongillo28@gmail.com,F,3,40cd0a82,F3_CviMVP_PlDNA_4_Replace__SG_1806__0181cb67
6d5f1aec,712a888e,CviMVP_PlDNA_4_20230620,G3,20,CviMVP_10966,,nicole.mongillo28@gmail.com,G,3,0ju1uubo,G3_CviMVP_PlDNA_4__SG_1298__22f5fb03
d1785a8c,712a888e,CviMVP_PlDNA_4_20230620,H3,20,CviMVP_10338,,nicole.mongillo28@gmail.com,H,3,8io9r6oy,H3_CviMVP_PlDNA_4__SG_1063__18b59709
15e8bcd6,712a888e,CviMVP_PlDNA_4_20230620,A4,20,CviMVP_10402,,nicole.mongillo28@gmail.com,A,4,lm4twg65,A4_CviMVP_PlDNA_4__SG_1088__851a009a
82ad588c,712a888e,CviMVP_PlDNA_4_20230620,B4,19,CviMVP_12187,,nicole.mongillo28@gmail.com,B,4,bsqvtc6p,B4_CviMVP_PlDNA_4__SG-sharedLotterhosPuritz_1718__655bf590
8a9a2c96,712a888e,CviMVP_PlDNA_4_20230620,C4,18,CviMVP_11484,,nicole.mongillo28@gmail.com,C,4,yebbq6qg,C4_CviMVP_PlDNA_4__SG_1478__bee2927e
bd044733,712a888e,CviMVP_PlDNA_4_20230620,D4,20,CviMVP_10629,,nicole.mongillo28@gmail.com,D,4,l25emnkh,D4_CviMVP_PlDNA_4__SG_1180__8429742a
d97d4aad,712a888e,CviMVP_PlDNA_4_20230620,E4,21,CviMVP_12428,,nicole.mongillo28@gmail.com,E,4,mdo64muh,E4_CviMVP_PlDNA_4__SG_1799__2e3fe4aa
33bdc3eb,712a888e,CviMVP_PlDNA_4_20230620,F4,20,CviMVP_12510,,nicole.mongillo28@gmail.com,F,4,pe55550d,F4_CviMVP_PlDNA_4__SG_1827__43db5e47
31b12208,712a888e,CviMVP_PlDNA_4_20230620,G4,21,CviMVP_10682,,nicole.mongillo28@gmail.com,G,4,lfucl9s6,G4_CviMVP_PlDNA_4__SG_1198__980f6fe8
ab6fc56c,712a888e,CviMVP_PlDNA_4_20230620,H4,21,CviMVP_11588,,nicole.mongillo28@gmail.com,H,4,tkp7i9j2,H4_CviMVP_PlDNA_4__SG-sharedLotterhosPuritz_1513__6c83a6da
6addbcc6,712a888e,CviMVP_PlDNA_4_20230620,A5,19,CviMVP_10036,,nicole.mongillo28@gmail.com,A,5,mpljttde,A5_CviMVP_PlDNA_4__SG_1017__8d7c2653
37ab2106,712a888e,CviMVP_PlDNA_4_20230620,B5,20,CviMVP_11338,,nicole.mongillo28@gmail.com,B,5,8ye1t3pq,B5_CviMVP_PlDNA_4__SG_1428__2fded98a
84ab7946,712a888e,CviMVP_PlDNA_4_20230620,C5,18,CviMVP_10589,,nicole.mongillo28@gmail.com,C,5,b48onu23,C5_CviMVP_PlDNA_4__SG_1164__98eed981
5b281509,712a888e,CviMVP_PlDNA_4_20230620,D5,21,CviMVP_30111,,nicole.mongillo28@gmail.com,D,5,1wm6qmqk,D5_CviMVP_PlDNA_4__SG-sharedLotterhosPuritz_3038__a4e6ce98
83846743,712a888e,CviMVP_PlDNA_4_20230620,E5,18,CviMVP_12750,,nicole.mongillo28@gmail.com,E,5,236judpm,E5_CviMVP_PlDNA_4__SG_1910__a67d4341
6de819d4,712a888e,CviMVP_PlDNA_4_20230620,F5,22,CviMVP_11978,,nicole.mongillo28@gmail.com,F,5,7qb2vje7,F5_CviMVP_PlDNA_4__SG_1646__dc731bef
1fcb7c26,712a888e,CviMVP_PlDNA_4_20230620,G5,18,CviMVP_11513,,nicole.mongillo28@gmail.com,G,5,5fn5ba26,G5_CviMVP_PlDNA_4__SG-sharedLotterhosPuritz_1488__d1de6993
907a2069,712a888e,CviMVP_PlDNA_4_20230620,H5,21,CviMVP_10952,,nicole.mongillo28@gmail.com,H,5,2ouoskai,H5_CviMVP_PlDNA_4__SG_1294__d8ad56d2
57cbe74b,712a888e,CviMVP_PlDNA_4_20230620,A6,19,CviMVP_12112,,nicole.mongillo28@gmail.com,A,6,fy6g712y,A6_CviMVP_PlDNA_4__SG_1692__8c38f7d5
85f63fea,712a888e,CviMVP_PlDNA_4_20230620,B6,22,CviMVP_11095,,nicole.mongillo28@gmail.com,B,6,707l2kbm,B6_CviMVP_PlDNA_4__SG_1343__12079681
c2467d8b,712a888e,CviMVP_PlDNA_4_20230620,C6,18,CviMVP_12169,,nicole.mongillo28@gmail.com,C,6,7rmgibqz,C6_CviMVP_PlDNA_4__SG_1712__2338a29d
8a1c4635,712a888e,CviMVP_PlDNA_4_20230620,D6,22,CviMVP_10293,,nicole.mongillo28@gmail.com,D,6,oz87lu4k,D6_CviMVP_PlDNA_4__SG_1047__4831b7b0
f65f39a5,712a888e,CviMVP_PlDNA_4_20230620,E6,18,CviMVP_10925,,nicole.mongillo28@gmail.com,E,6,6op43n8b,E6_CviMVP_PlDNA_4__SG_1284__fd83d95e
e749d24f,712a888e,CviMVP_PlDNA_4_20230620,F6,22,CviMVP_10606,,nicole.mongillo28@gmail.com,F,6,ws6i75uo,F6_CviMVP_PlDNA_4__SG_1171__ec4b4908
70497281,712a888e,CviMVP_PlDNA_4_20230620,G6,20,CviMVP_10917,,nicole.mongillo28@gmail.com,G,6,vl2zz6vs,G6_CviMVP_PlDNA_4__SG_1281__af8224d5
dcb13492,712a888e,CviMVP_PlDNA_4_20230620,H6,19,CviMVP_12524,,nicole.mongillo28@gmail.com,H,6,9a4toht3,H6_CviMVP_PlDNA_4__SG_1832__200cdfa7
65a7f24a,712a888e,CviMVP_PlDNA_4_20230620,A7,20,CviMVP_10997,,nicole.mongillo28@gmail.com,A,7,g6ofofzn,A7_CviMVP_PlDNA_4__SG_1309__dcb4787a
ec386139,712a888e,CviMVP_PlDNA_4_20230620,B7,18,CviMVP_10382,,nicole.mongillo28@gmail.com,B,7,7vp3ju7s,B7_CviMVP_PlDNA_4__SG_1078__02760ed5
3c8d24fc,712a888e,CviMVP_PlDNA_4_20230620,C7,22,CviMVP_11686,,nicole.mongillo28@gmail.com,C,7,plotk9cb,C7_CviMVP_PlDNA_4__SG_1546__9204d62d
0ae58cb5,712a888e,CviMVP_PlDNA_4_20230620,D7,18,CviMVP_12360,,nicole.mongillo28@gmail.com,D,7,0sxig8o0,D7_CviMVP_PlDNA_4__SG-sharedLotterhosPuritz_1776__3c0d0ba6
2b099243,712a888e,CviMVP_PlDNA_4_20230620,E7,21,CviMVP_11609,,nicole.mongillo28@gmail.com,E,7,iy83zlmo,E7_CviMVP_PlDNA_4__SG-sharedLotterhosPuritz_1520__2ac7c9cd
f91b5ed0,712a888e,CviMVP_PlDNA_4_20230620,F7,18,CviMVP_10344,,nicole.mongillo28@gmail.com,F,7,wcjk53z0,F7_CviMVP_PlDNA_4__SG_1065__549b1525
bcf90bd5,712a888e,CviMVP_PlDNA_4_20230620,G7,22,CviMVP_11692,,nicole.mongillo28@gmail.com,G,7,ai1fpm41,G7_CviMVP_PlDNA_4__SG_1548__a06e9f62
45b91102,712a888e,CviMVP_PlDNA_4_20230620,H7,20,CviMVP_12461,,nicole.mongillo28@gmail.com,H,7,czc9r2b8,H7_CviMVP_PlDNA_4__SG_1810__984f0d11
10f48346,712a888e,CviMVP_PlDNA_4_20230620,A8,22,CviMVP_11157,,nicole.mongillo28@gmail.com,A,8,fxllcwuo,A8_CviMVP_PlDNA_4__SG_1363__34d018e7
3f076222,712a888e,CviMVP_PlDNA_4_20230620,B8,19,CviMVP_12571,,nicole.mongillo28@gmail.com,B,8,0ofbyroc,B8_CviMVP_PlDNA_4__SG-sharedLotterhosPuritz_1849__21c5f2d5
133c4b3d,712a888e,CviMVP_PlDNA_4_20230620,C8,21,CviMVP_12550,,nicole.mongillo28@gmail.com,C,8,28f6jk1z,C8_CviMVP_PlDNA_4__SG-sharedLotterhosPuritz_1842__1b03335a
6e70f563,712a888e,CviMVP_PlDNA_4_20230620,D8,22,CviMVP_10397,,nicole.mongillo28@gmail.com,D,8,z58tb8wb,D8_CviMVP_PlDNA_4__SG_1087__52775fe9
8876447d,712a888e,CviMVP_PlDNA_4_20230620,E8,19,CviMVP_10385,,nicole.mongillo28@gmail.com,E,8,zlkpf90j,E8_CviMVP_PlDNA_4__SG_1079__865600c1
f7e4970c,712a888e,CviMVP_PlDNA_4_20230620,F8,22,CviMVP_12541,,nicole.mongillo28@gmail.com,F,8,sdq080u2,F8_CviMVP_PlDNA_4__SG-sharedLotterhosPuritz_1839__3e3bc546
a6de0c42,712a888e,CviMVP_PlDNA_4_20230620,G8,18,CviMVP_11379,,nicole.mongillo28@gmail.com,G,8,erhqo3ff,G8_CviMVP_PlDNA_4__SG_1442__9009f004
f25f7ca9,712a888e,CviMVP_PlDNA_4_20230620,H8,20,CviMVP_12559,,nicole.mongillo28@gmail.com,H,8,sni3e32m,H8_CviMVP_PlDNA_4__SG-sharedLotterhosPuritz_1845__1a32d8b0
ce95e72b,712a888e,CviMVP_PlDNA_4_20230620,A9,19,CviMVP_10068,,nicole.mongillo28@gmail.com,A,9,g61s35ov,A9_CviMVP_PlDNA_4__SG_1028__4e0fd7b2
9a829238,712a888e,CviMVP_PlDNA_4_20230620,B9,21,CviMVP_11296,,nicole.mongillo28@gmail.com,B,9,jpd6acur,B9_CviMVP_PlDNA_4__SG_1414__8945336e
fcef356b,712a888e,CviMVP_PlDNA_4_20230620,C9,21,CviMVP_12788,,nicole.mongillo28@gmail.com,C,9,1ynk8c41,C9_CviMVP_PlDNA_4__SG_1923__d8adabfd
eab84a78,712a888e,CviMVP_PlDNA_4_20230620,D9,22,CviMVP_10347,,nicole.mongillo28@gmail.com,D,9,cz87mrys,D9_CviMVP_PlDNA_4__SG_1066__01e3c4d8
787e0fea,712a888e,CviMVP_PlDNA_4_20230620,E9,20,CviMVP_10599,,nicole.mongillo28@gmail.com,E,9,ds4ban3q,E9_CviMVP_PlDNA_4__SG_1168__5cf34250
d66013ce,712a888e,CviMVP_PlDNA_4_20230620,F9,22,CviMVP_11101,,nicole.mongillo28@gmail.com,F,9,zqi8i7h3,F9_CviMVP_PlDNA_4__SG_1345__50149b06
128a9b90,712a888e,CviMVP_PlDNA_4_20230620,G9,21,CviMVP_11734,,nicole.mongillo28@gmail.com,G,9,ytho3xux,G9_CviMVP_PlDNA_4__SG_1562__ed5fba74
f2dd394d,712a888e,CviMVP_PlDNA_4_20230620,H9,20,CviMVP_11558,,nicole.mongillo28@gmail.com,H,9,kydqjbpt,H9_CviMVP_PlDNA_4__SG-sharedLotterhosPuritz_1503__5d1a03b6
20f5d853,712a888e,CviMVP_PlDNA_4_20230620,A10,21,CviMVP_12727,,nicole.mongillo28@gmail.com,A,10,bx0psp6r,A10_CviMVP_PlDNA_4__SG_1902__8ccae1e5
e7d43d4c,712a888e,CviMVP_PlDNA_4_20230620,B10,19,CviMVP_10866,,nicole.mongillo28@gmail.com,B,10,pek0q3q3,B10_CviMVP_PlDNA_4__SG_1263__aaa766a7
aed829b8,712a888e,CviMVP_PlDNA_4_20230620,C10,19,CviMVP_12664,,nicole.mongillo28@gmail.com,C,10,5zyoybh6,C10_CviMVP_PlDNA_4__SG_1880__6331e3b6
c657b124,712a888e,CviMVP_PlDNA_4_20230620,D10,21,CviMVP_10508,,nicole.mongillo28@gmail.com,D,10,yq303nxy,D10_CviMVP_PlDNA_4__SG_1131__ece13837
a76f97a8,712a888e,CviMVP_PlDNA_4_20230620,E10,19,CviMVP_10565,,nicole.mongillo28@gmail.com,E,10,yko9u0be,E10_CviMVP_PlDNA_4__SG_1153__b81d2c2e
b7b62ffd,712a888e,CviMVP_PlDNA_4_20230620,F10,19,CviMVP_11065,,nicole.mongillo28@gmail.com,F,10,alytnkhy,F10_CviMVP_PlDNA_4__SG_1332__d1e377f2
7ec79863,712a888e,CviMVP_PlDNA_4_20230620,G10,,CviMVP_11698,,nicole.mongillo28@gmail.com,G,10,5zeixkux,G10_CviMVP_PlDNA_4__SG_1550__619aa080
99f85e1a,712a888e,CviMVP_PlDNA_4_20230620,H10,19,CviMVP_12118,,nicole.mongillo28@gmail.com,H,10,9sfj3546,H10_CviMVP_PlDNA_4__SG_1694__c08f31af
3056a537,712a888e,CviMVP_PlDNA_4_20230620,A11,21,CviMVP_30003,,nicole.mongillo28@gmail.com,A,11,xu8niiyz,A11_CviMVP_PlDNA_4__SG-sharedLotterhosPuritz_3001__63a6096b
887ea4e4,712a888e,CviMVP_PlDNA_4_20230620,B11,20,CviMVP_12217,,nicole.mongillo28@gmail.com,B,11,0hbv2kxe,B11_CviMVP_PlDNA_4__SG-sharedLotterhosPuritz_1728__8f01cd90
ed998ff9,712a888e,CviMVP_PlDNA_4_20230620,C11,22,CviMVP_12446,,nicole.mongillo28@gmail.com,C,11,yr5t7moh,C11_CviMVP_PlDNA_4__SG_1805__d2f00fa3
f7153c61,712a888e,CviMVP_PlDNA_4_20230620,D11,22,CviMVP_11267,,nicole.mongillo28@gmail.com,D,11,dv1msyms,D11_CviMVP_PlDNA_4__SG_1400__24e59b1a
6ad42014,712a888e,CviMVP_PlDNA_4_20230620,E11,22,CviMVP_12791,,nicole.mongillo28@gmail.com,E,11,n6su0l1v,E11_CviMVP_PlDNA_4__SG_1924__0498d86d
029b9156,712a888e,CviMVP_PlDNA_4_20230620,F11,20,CviMVP_10617,,nicole.mongillo28@gmail.com,F,11,g6hvgfxq,F11_CviMVP_PlDNA_4__SG_1176__f3387444
b24f3352,712a888e,CviMVP_PlDNA_4_20230620,G11,18,,,nicole.mongillo28@gmail.com,G,11,7fcu9siq,G11_CviMVP_PlDNA_4__SG_1540__47a53dfc
a7d28c70,712a888e,CviMVP_PlDNA_4_20230620,H11,21,CviMVP_11358,,nicole.mongillo28@gmail.com,H,11,i5sr74rs,H11_CviMVP_PlDNA_4__SG_1437__2945904c
f5065d82,712a888e,CviMVP_PlDNA_4_20230620,A12,22,CviMVP_10949,,nicole.mongillo28@gmail.com,A,12,ylwxv5jf,A12_CviMVP_PlDNA_4__SG_1292__2cab46d3
d7f047d0,712a888e,CviMVP_PlDNA_4_20230620,B12,18,CviMVP_10963,,nicole.mongillo28@gmail.com,B,12,zl4faq43,B12_CviMVP_PlDNA_4__SG_1297__a38f9ec9
ae0d6d6b,712a888e,CviMVP_PlDNA_4_20230620,C12,18,CviMVP_12580,,nicole.mongillo28@gmail.com,C,12,vpdq4odk,C12_CviMVP_PlDNA_4__SG-sharedLotterhosPuritz_1852__a4a0a9fb
7756f741,712a888e,CviMVP_PlDNA_4_20230620,D12,18,CviMVP_11046,,nicole.mongillo28@gmail.com,D,12,qmbh3jek,D12_CviMVP_PlDNA_4__SG_1325__2b5ae8c2
17b2bbd7,712a888e,CviMVP_PlDNA_4_20230620,E12,20,CviMVP_10376,,nicole.mongillo28@gmail.com,E,12,b118ouew,E12_CviMVP_PlDNA_4__SG_1076__abb1ae0b
1c3c5dee,712a888e,CviMVP_PlDNA_4_20230620,F12,20,CviMVP_12538,,nicole.mongillo28@gmail.com,F,12,skfpvkky,F12_CviMVP_PlDNA_4__SG-sharedLotterhosPuritz_1838__ad7a9a33
dae397b6,712a888e,CviMVP_PlDNA_4_20230620,G12,20,CviMVP_12530,,nicole.mongillo28@gmail.com,G,12,gheodmwm,G12_CviMVP_PlDNA_4__SG_1835__14feed63
5700b7a2,712a888e,CviMVP_PlDNA_4_20230620,H12,20,CviMVP_11399,,nicole.mongillo28@gmail.com,H,12,mp9i9wc9,H12_CviMVP_PlDNA_4__SG_1449__a339503d
c5ebb436,f86afba3,CviMVP_PlDNA_4_20230626_A3,A3,20,CviMVP_12345,,kiranbajaj008@gmail.com,A,3,kez0yep3,A3_CviMVP_PlDNA_4__SG-sharedLotterhosPuritz_1771__536699ad
450aa497,6b661165,CviMVP_PlDNA_4_Replace_F3,F3,21,CviMVP_12449,,kiranbajaj008@gmail.com,F,3,40cd0a82,F3_CviMVP_PlDNA_4_Replace__SG_1806__0181cb67
8a9527cc,e836afcd,CviMVP_PlDNA_4_20230626_G4,G4,20,CviMVP_10682,,kiranbajaj008@gmail.com,G,4,lfucl9s6,G4_CviMVP_PlDNA_4__SG_1198__980f6fe8
c863a057,e4fd0dc4,CviMVP_PlDNA_4_20230626_H4,H4,22,CviMVP_11588,,kiranbajaj008@gmail.com,H,4,tkp7i9j2,H4_CviMVP_PlDNA_4__SG-sharedLotterhosPuritz_1513__6c83a6da
8fdf2982,ea932933,CviMVP_PlDNA_4_20230626_A5,A5,22,CviMVP_10036,,kiranbajaj008@gmail.com,A,5,mpljttde,A5_CviMVP_PlDNA_4__SG_1017__8d7c2653
18aa397c,b1272447,CviMVP_PlDNA_4_20230626_D5,D5,18,CviMVP_30111,,kiranbajaj008@gmail.com,D,5,1wm6qmqk,D5_CviMVP_PlDNA_4__SG-sharedLotterhosPuritz_3038__a4e6ce98
0da0b41a,215f3aab,CviMVP_PlDNA_4_20230626_G5,G5,21,CviMVP_11513,,kiranbajaj008@gmail.com,G,5,5fn5ba26,G5_CviMVP_PlDNA_4__SG-sharedLotterhosPuritz_1488__d1de6993
d7cee947,24067968,CviMVP_PlDNA_4_20230626_B6,B6,19,CviMVP_11095,,kiranbajaj008@gmail.com,B,6,707l2kbm,B6_CviMVP_PlDNA_4__SG_1343__12079681
39f7700c,98bba755,CviMVP_PlDNA_4_20230626_D6,D6,22,CviMVP_10293,,kiranbajaj008@gmail.com,D,6,oz87lu4k,D6_CviMVP_PlDNA_4__SG_1047__4831b7b0
ca7cec49,0ce7c5b8,CviMVP_PlDNA_4_20230626_F7,F7,22,CviMVP_10344,,kiranbajaj008@gmail.com,F,7,wcjk53z0,F7_CviMVP_PlDNA_4__SG_1065__549b1525
4057b0a9,efc5272b,CviMVP_PlDNA_4_20230626_F8,F8,21,CviMVP_12541,,kiranbajaj008@gmail.com,F,8,sdq080u2,F8_CviMVP_PlDNA_4__SG-sharedLotterhosPuritz_1839__3e3bc546
2cd611c5,b88abbb1,CviMVP_PlDNA_4_20230626_A9,A9,22,CviMVP_10068,,kiranbajaj008@gmail.com,A,9,g61s35ov,A9_CviMVP_PlDNA_4__SG_1028__4e0fd7b2
995cdb79,ba7fa4a2,CviMVP_PlDNA_4_20230626_F9,F9,22,CviMVP_11101,,kiranbajaj008@gmail.com,F,9,zqi8i7h3,F9_CviMVP_PlDNA_4__SG_1345__50149b06
b3d7932f,631780ac,CviMVP_PlDNA_4_20230626_F10,F10,22,CviMVP_11065,,kiranbajaj008@gmail.com,F,10,alytnkhy,F10_CviMVP_PlDNA_4__SG_1332__d1e377f2
7bfac7b0,6d63466d,CviMVP_PlDNA_4_Replace_20230629_Reextractions,F3,19,"CviMVP_12449,CviMVP_12452",,nicole.mongillo28@gmail.com,F,3,7939ddb4,F3_CviMVP_PlDNA_4_Replace__SG_1807__377a52b1
e71d53d7,6d63466d,CviMVP_PlDNA_4_Replace_20230629_Reextractions,H4,21,CviMVP_11591,,nicole.mongillo28@gmail.com,H,4,661c9df5,H4_CviMVP_PlDNA_4_Replace__SG-sharedLotterhosPuritz_1514__53c65e35
1d142995,6d63466d,CviMVP_PlDNA_4_Replace_20230629_Reextractions,B6,20,CviMVP_11098,,nicole.mongillo28@gmail.com,B,6,13f197da,B6_CviMVP_PlDNA_4_Replace__SG_1344__f85703a0
335bfac0,6d63466d,CviMVP_PlDNA_4_Replace_20230629_Reextractions,D6,22,CviMVP_10290,,nicole.mongillo28@gmail.com,D,6,dcad1866,D6_CviMVP_PlDNA_4_Replace__SG_1046__dd6103a0
4bae9254,6d63466d,CviMVP_PlDNA_4_Replace_20230629_Reextractions,F7,20,CviMVP_10341,,nicole.mongillo28@gmail.com,F,7,a2a91e8a,F7_CviMVP_PlDNA_4_Replace__SG_1064__8a94aafd
42999345,6d63466d,CviMVP_PlDNA_4_Replace_20230629_Reextractions,F8,21,CviMVP_12544,,nicole.mongillo28@gmail.com,F,8,5d251b23,F8_CviMVP_PlDNA_4_Replace__SG-sharedLotterhosPuritz_1840__92caafa7
aa692b6d,6d63466d,CviMVP_PlDNA_4_Replace_20230629_Reextractions,F9,22,CviMVP_11092,,nicole.mongillo28@gmail.com,F,9,1e8eba75,F9_CviMVP_PlDNA_4_Replace__SG_1341__f60fb583
957fe9e9,6d63466d,CviMVP_PlDNA_4_Replace_20230629_Reextractions,F10,22,CviMVP_11062,,nicole.mongillo28@gmail.com,F,10,48efee1c,F10_CviMVP_PlDNA_4_Replace__SG_1331__5afac444
5aafc13d,da27d694,CviMVPe_PlDNA_6_20230724,A1,22,CviMVPe_50155,,camillerumberger11@gmail.com,A,1,o43pphez,A1_CviMVPe_PlDNA_6__D588__6E37A595
fab13d95,da27d694,CviMVPe_PlDNA_6_20230724,B1,19,CviMVPe_50364,,camillerumberger11@gmail.com,B,1,alxmjgzf,B1_CviMVPe_PlDNA_6__D326__B2C680F2
854167a4,da27d694,CviMVPe_PlDNA_6_20230724,C1,20,CviMVP_11546,,camillerumberger11@gmail.com,C,1,w2m74szn,C1_CviMVPe_PlDNA_6__SG-sharedLotterhosPuritz_1499__50f125eb
3b120684,da27d694,CviMVPe_PlDNA_6_20230724,D1,22,CviMVPe_50131,,camillerumberger11@gmail.com,D,1,6zek4zs2,D1_CviMVPe_PlDNA_6__D801__31F0D11D
d0ae131a,da27d694,CviMVPe_PlDNA_6_20230724,E1,18,CviMVPe_50050,,camillerumberger11@gmail.com,E,1,wg2jmb0f,E1_CviMVPe_PlDNA_6__D400__4BA97D95
37559be9,da27d694,CviMVPe_PlDNA_6_20230724,F1,20,CviMVPe_50067,,camillerumberger11@gmail.com,F,1,gsia9y46,F1_CviMVPe_PlDNA_6__D345__752FD02E
850f2953,da27d694,CviMVPe_PlDNA_6_20230724,G1,20,CviMVPe_50015,,camillerumberger11@gmail.com,G,1,mchlgo5u,G1_CviMVPe_PlDNA_6__D488__D412E119
7dae23a4,da27d694,CviMVPe_PlDNA_6_20230724,H1,20,CviMVPe_50036,,camillerumberger11@gmail.com,H,1,qqs8d5ei,H1_CviMVPe_PlDNA_6__D579__7FCD15FF
f0c5ffe1,da27d694,CviMVPe_PlDNA_6_20230724,A2,20,CviMVPe_50082,,camillerumberger11@gmail.com,A,2,nk4k3zu2,A2_CviMVPe_PlDNA_6__D629__5D57564E
4a8020f9,da27d694,CviMVPe_PlDNA_6_20230724,B2,18,CviMVPe_50136,,camillerumberger11@gmail.com,B,2,gziuoi84,B2_CviMVPe_PlDNA_6__D793__D9ED7A3F
6f8f4ff5,da27d694,CviMVPe_PlDNA_6_20230724,C2,21,CviMVPe_50157,,camillerumberger11@gmail.com,C,2,502eo7dy,C2_CviMVPe_PlDNA_6__D590__EA869C50
5fbc3364,da27d694,CviMVPe_PlDNA_6_20230724,D2,22,CviMVPe_50046,,camillerumberger11@gmail.com,D,2,tlcjof14,D2_CviMVPe_PlDNA_6__D386__36FA30E4
92072cd7,da27d694,CviMVPe_PlDNA_6_20230724,E2,22,CviMVP_30177,,camillerumberger11@gmail.com,E,2,luiy2bg1,E2_CviMVPe_PlDNA_6__SG-sharedLotterhosPuritz_3060__9d3a21ad
67051564,da27d694,CviMVPe_PlDNA_6_20230724,F2,21,CviMVPe_50043,,camillerumberger11@gmail.com,F,2,xsxpvr6a,F2_CviMVPe_PlDNA_6__D361__E0F5F92E
6b69aa26,da27d694,CviMVPe_PlDNA_6_20230724,G2,22,CviMVPe_50375,,camillerumberger11@gmail.com,G,2,e3lhr4gz,G2_CviMVPe_PlDNA_6__D200__33092739
68aa6c46,da27d694,CviMVPe_PlDNA_6_20230724,H2,19,CviMVPe_50004,,camillerumberger11@gmail.com,H,2,9o1516ev,H2_CviMVPe_PlDNA_6__D427__3938C279
4a599389,da27d694,CviMVPe_PlDNA_6_20230724,A3,20,CviMVPe_50040,,camillerumberger11@gmail.com,A,3,esqelni6,A3_CviMVPe_PlDNA_6__D366__8A99C079
81bf6cb4,da27d694,CviMVPe_PlDNA_6_20230724,B3,19,CviMVP_11921,,camillerumberger11@gmail.com,B,3,ngcdcsfd,B3_CviMVPe_PlDNA_6__SG_1627__913d6d02
cc88489c,da27d694,CviMVPe_PlDNA_6_20230724,C3,20,CviMVPe_50055,,camillerumberger11@gmail.com,C,3,fg2tc863,C3_CviMVPe_PlDNA_6__D401__10669A6B
3d5501cf,da27d694,CviMVPe_PlDNA_6_20230724,D3,22,CviMVPe_50038,,camillerumberger11@gmail.com,D,3,q8y3sivn,D3_CviMVPe_PlDNA_6__D384__4313EF91
605fedd7,da27d694,CviMVPe_PlDNA_6_20230724,E3,22,CviMVPe_50066,,camillerumberger11@gmail.com,E,3,pl6qw38l,E3_CviMVPe_PlDNA_6__D349__3100BFA1
b0585f58,da27d694,CviMVPe_PlDNA_6_20230724,F3,21,CviMVPe_50054,,camillerumberger11@gmail.com,F,3,4aej0hvi,F3_CviMVPe_PlDNA_6__D397__3D2D55E5
c46b9818,da27d694,CviMVPe_PlDNA_6_20230724,G3,21,CviMVPe_50128,,camillerumberger11@gmail.com,G,3,m4znysrz,G3_CviMVPe_PlDNA_6__D874__82ad06ee
509e5dc8,da27d694,CviMVPe_PlDNA_6_20230724,H3,20,CviMVPe_50063,,camillerumberger11@gmail.com,H,3,ln6im06o,H3_CviMVPe_PlDNA_6__D322__388C7673
528ff42b,da27d694,CviMVPe_PlDNA_6_20230724,A4,22,CviMVPe_50135,,camillerumberger11@gmail.com,A,4,1mqt1mfv,A4_CviMVPe_PlDNA_6__D815__8F42E9B6
945dc7c1,da27d694,CviMVPe_PlDNA_6_20230724,B4,19,CviMVPe_50048,,camillerumberger11@gmail.com,B,4,irlv8p4f,B4_CviMVPe_PlDNA_6__D385__5BD167E2
cabe3e79,da27d694,CviMVPe_PlDNA_6_20230724,C4,19,CviMVP_11802,,camillerumberger11@gmail.com,C,4,9ixo7ch8,C4_CviMVPe_PlDNA_6__SG_1587__9635577d
868820b7,da27d694,CviMVPe_PlDNA_6_20230724,D4,20,CviMVPe_50125,,camillerumberger11@gmail.com,D,4,f8tg8zwg,D4_CviMVPe_PlDNA_6__D853__2FE9A127
a08fbc39,da27d694,CviMVPe_PlDNA_6_20230724,E4,19,CviMVPe_50110,,camillerumberger11@gmail.com,E,4,i6g0x1ho,E4_CviMVPe_PlDNA_6__D868__4CB28175
ad192bd6,da27d694,CviMVPe_PlDNA_6_20230724,F4,21,CviMVPe_50127,,camillerumberger11@gmail.com,F,4,cng0qeum,F4_CviMVPe_PlDNA_6__D858__89B0D25E
bbc5e155,da27d694,CviMVPe_PlDNA_6_20230724,G4,22,CviMVPe_50047,,camillerumberger11@gmail.com,G,4,u1yjw4aj,G4_CviMVPe_PlDNA_6__D354__CDFCE214
7e251e75,da27d694,CviMVPe_PlDNA_6_20230724,H4,20,CviMVPe_50115,,camillerumberger11@gmail.com,H,4,mc2046sn,H4_CviMVPe_PlDNA_6__D839__4971362E
4587a619,da27d694,CviMVPe_PlDNA_6_20230724,A5,19,CviMVPe_50051,,camillerumberger11@gmail.com,A,5,2ip197g3,A5_CviMVPe_PlDNA_6__D398__CC5D31B4
2d511c17,da27d694,CviMVPe_PlDNA_6_20230724,B5,20,CviMVPe_50085,,camillerumberger11@gmail.com,B,5,95jjhs6c,B5_CviMVPe_PlDNA_6__D624__09F5417C
8165f606,da27d694,CviMVPe_PlDNA_6_20230724,C5,22,CviMVPe_50114,,camillerumberger11@gmail.com,C,5,iexykwhy,C5_CviMVPe_PlDNA_6__D855__3C1385A6
c3c1c80a,da27d694,CviMVPe_PlDNA_6_20230724,D5,19,CviMVPe_50150,,camillerumberger11@gmail.com,D,5,d3atw5gh,D5_CviMVPe_PlDNA_6__D591__2A2982D1
cf43a55d,da27d694,CviMVPe_PlDNA_6_20230724,E5,20,CviMVPe_50140,,camillerumberger11@gmail.com,E,5,0d81cjug,E5_CviMVPe_PlDNA_6__D799__2051A6AC
a92a0f28,da27d694,CviMVPe_PlDNA_6_20230724,F5,19,CviMVPe_50194,,camillerumberger11@gmail.com,F,5,9zknln70,F5_CviMVPe_PlDNA_6__D249__FA1D23BA
5396a6e9,da27d694,CviMVPe_PlDNA_6_20230724,G5,18,CviMVPe_50178,,camillerumberger11@gmail.com,G,5,py73h0io,G5_CviMVPe_PlDNA_6__D493__5EF5CCFE
eb9af621,da27d694,CviMVPe_PlDNA_6_20230724,H5,20,CviMVPe_50141,,camillerumberger11@gmail.com,H,5,e0brjaxp,H5_CviMVPe_PlDNA_6__D807__DAA1A356
9b27af51,da27d694,CviMVPe_PlDNA_6_20230724,A6,18,CviMVPe_50204,,camillerumberger11@gmail.com,A,6,gfzt34a7,A6_CviMVPe_PlDNA_6__D461__AF253003
5e9dc9bc,da27d694,CviMVPe_PlDNA_6_20230724,B6,20,CviMVP_12776,,camillerumberger11@gmail.com,B,6,hgwt3tsv,B6_CviMVPe_PlDNA_6__SG_1919__1b8435de
7f4c14ea,da27d694,CviMVPe_PlDNA_6_20230724,C6,21,CviMVPe_50369,,camillerumberger11@gmail.com,C,6,x173j17c,C6_CviMVPe_PlDNA_6__D332__B407AD59
5147797f,da27d694,CviMVPe_PlDNA_6_20230724,D6,18,CviMVP_10360,,camillerumberger11@gmail.com,D,6,wx98l44b,D6_CviMVPe_PlDNA_6__SG_1071__6e238e9e
203635ee,da27d694,CviMVPe_PlDNA_6_20230724,E6,22,CviMVPe_50366,,camillerumberger11@gmail.com,E,6,pm165ard,E6_CviMVPe_PlDNA_6__D328__A5BAB1A1
8d23b74f,da27d694,CviMVPe_PlDNA_6_20230724,F6,20,CviMVPe_50180,,camillerumberger11@gmail.com,F,6,11eflmiw,F6_CviMVPe_PlDNA_6__D503__8BAE41AF
8a358718,da27d694,CviMVPe_PlDNA_6_20230724,G6,21,CviMVPe_50006,,camillerumberger11@gmail.com,G,6,ocy85xa2,G6_CviMVPe_PlDNA_6__D430__D7F6CAA2
c9107d12,da27d694,CviMVPe_PlDNA_6_20230724,H6,19,CviMVPe_50184,,camillerumberger11@gmail.com,H,6,gdf47eqb,H6_CviMVPe_PlDNA_6__D514__45517FE3
88ecbbbe,da27d694,CviMVPe_PlDNA_6_20230724,A7,19,CviMVPe_50134,,camillerumberger11@gmail.com,A,7,pq6tbgh0,A7_CviMVPe_PlDNA_6__D800__5ED99B1F
79a3eac2,da27d694,CviMVPe_PlDNA_6_20230724,B7,22,CviMVPe_50372,,camillerumberger11@gmail.com,B,7,czypcf7k,B7_CviMVPe_PlDNA_6__D329__BA5E43FC
a72ef15f,da27d694,CviMVPe_PlDNA_6_20230724,C7,21,CviMVP_11644,,camillerumberger11@gmail.com,C,7,m45x05j5,C7_CviMVPe_PlDNA_6__SG-sharedLotterhosPuritz_1532__2fee5644
1bf66044,da27d694,CviMVPe_PlDNA_6_20230724,D7,20,CviMVPe_50009,,camillerumberger11@gmail.com,D,7,4y5ae9pw,D7_CviMVPe_PlDNA_6__D447__C3F03566
5ee1524b,da27d694,CviMVPe_PlDNA_6_20230724,E7,22,CviMVP_30012,,camillerumberger11@gmail.com,E,7,l25c39xr,E7_CviMVPe_PlDNA_6__SG-sharedLotterhosPuritz_3004__6049f6a9
9aa316ce,da27d694,CviMVPe_PlDNA_6_20230724,F7,20,CviMVPe_50187,,camillerumberger11@gmail.com,F,7,tvsghr6j,F7_CviMVPe_PlDNA_6__D195__E69D86F1
686f653a,da27d694,CviMVPe_PlDNA_6_20230724,G7,20,CviMVPe_50079,,camillerumberger11@gmail.com,G,7,0wgzsco6,G7_CviMVPe_PlDNA_6__D205__13EC75B4
68d29876,da27d694,CviMVPe_PlDNA_6_20230724,H7,21,CviMVPe_50012,,camillerumberger11@gmail.com,H,7,sayyhwvx,H7_CviMVPe_PlDNA_6__D467__0BA888FC
3305201a,da27d694,CviMVPe_PlDNA_6_20230724,A8,20,CviMVPe_50130,,camillerumberger11@gmail.com,A,8,gcop61ax,A8_CviMVPe_PlDNA_6__D821__874DA7F5
664b2cfa,da27d694,CviMVPe_PlDNA_6_20230724,B8,19,CviMVPe_50183,,camillerumberger11@gmail.com,B,8,3ymtvxj6,B8_CviMVPe_PlDNA_6__D489__3898043B
c0b29f4e,da27d694,CviMVPe_PlDNA_6_20230724,C8,21,CviMVP_11794,,camillerumberger11@gmail.com,C,8,cqnh5nqx,C8_CviMVPe_PlDNA_6__SG_1584__44720c93
cc20d957,da27d694,CviMVPe_PlDNA_6_20230724,D8,18,CviMVP_10305,,camillerumberger11@gmail.com,D,8,0dte9x2e,D8_CviMVPe_PlDNA_6__SG_1052__c46c4085
b78abca8,da27d694,CviMVPe_PlDNA_6_20230724,E8,22,CviMVPe_50206,,camillerumberger11@gmail.com,E,8,not7x86e,E8_CviMVPe_PlDNA_6__D456__5D66AA4C
9f0e8866,da27d694,CviMVPe_PlDNA_6_20230724,F8,20,CviMVPe_50045,,camillerumberger11@gmail.com,F,8,epw0k572,F8_CviMVPe_PlDNA_6__D370__577CBD32
adbf5cd5,da27d694,CviMVPe_PlDNA_6_20230724,G8,19,CviMVPe_50059,,camillerumberger11@gmail.com,G,8,bksbs2r2,G8_CviMVPe_PlDNA_6__D340__6C22F083
3677722c,da27d694,CviMVPe_PlDNA_6_20230724,H8,21,CviMVPe_50010,,camillerumberger11@gmail.com,H,8,mzjylcys,H8_CviMVPe_PlDNA_6__D451__81894C0C
74f4974d,da27d694,CviMVPe_PlDNA_6_20230724,A9,20,CviMVPe_50371,,camillerumberger11@gmail.com,A,9,8gyolw7j,A9_CviMVPe_PlDNA_6__D311__3B56D682
137bda0b,da27d694,CviMVPe_PlDNA_6_20230724,B9,22,CviMVPe_50014,,camillerumberger11@gmail.com,B,9,fkfnrae5,B9_CviMVPe_PlDNA_6__D487__FEB662A1
4b4f0186,da27d694,CviMVPe_PlDNA_6_20230724,C9,22,CviMVPe_50062,,camillerumberger11@gmail.com,C,9,q7zsw24z,C9_CviMVPe_PlDNA_6__D342__5AF53340
7adb042b,da27d694,CviMVPe_PlDNA_6_20230724,D9,21,CviMVPe_50190,,camillerumberger11@gmail.com,D,9,w9wg56id,D9_CviMVPe_PlDNA_6__D230__37602BDA
cd09c697,da27d694,CviMVPe_PlDNA_6_20230724,E9,22,CviMVPe_50207,,camillerumberger11@gmail.com,E,9,z1dgnf3b,E9_CviMVPe_PlDNA_6__D419__254178B5
9297d4f5,da27d694,CviMVPe_PlDNA_6_20230724,F9,22,CviMVPe_50008,,camillerumberger11@gmail.com,F,9,lrryr5qk,F9_CviMVPe_PlDNA_6__D440__E598DA32
ddd485d5,da27d694,CviMVPe_PlDNA_6_20230724,G9,18,CviMVPe_50137,,camillerumberger11@gmail.com,G,9,7o58d7xz,G9_CviMVPe_PlDNA_6__D783__1A4FAF00
38577601,da27d694,CviMVPe_PlDNA_6_20230724,H9,20,CviMVP_12601,,camillerumberger11@gmail.com,H,9,sfb68ebt,H9_CviMVPe_PlDNA_6__SG-sharedLotterhosPuritz_1859__cd440534
62d2531f,da27d694,CviMVPe_PlDNA_6_20230724,A10,21,CviMVP_11373,,camillerumberger11@gmail.com,A,10,lnzk5pz0,A10_CviMVPe_PlDNA_6__SG_1440__e79e5351
1e08d25c,da27d694,CviMVPe_PlDNA_6_20230724,B10,22,CviMVPe_50363,,camillerumberger11@gmail.com,B,10,z8q23s0n,B10_CviMVPe_PlDNA_6__D240__FAFC393A
f0ea325e,da27d694,CviMVPe_PlDNA_6_20230724,C10,19,CviMVPe_50087,,camillerumberger11@gmail.com,C,10,j2uyzbrt,C10_CviMVPe_PlDNA_6__D639__6DFC5E05
674808fa,da27d694,CviMVPe_PlDNA_6_20230724,D10,19,CviMVPe_50365,,camillerumberger11@gmail.com,D,10,k6pkyop7,D10_CviMVPe_PlDNA_6__D307__57EB20A7
db02a542,da27d694,CviMVPe_PlDNA_6_20230724,E10,21,CviMVPe_50370,,camillerumberger11@gmail.com,E,10,fb48bb8e,E10_CviMVPe_PlDNA_6__D319__3B059592
5a3a20ee,da27d694,CviMVPe_PlDNA_6_20230724,F10,20,CviMVPe_50068,,camillerumberger11@gmail.com,F,10,2cht79aw,F10_CviMVPe_PlDNA_6__D327__E961D7BE
4df0fd5f,da27d694,CviMVPe_PlDNA_6_20230724,G10,21,CviMVPe_50089,,camillerumberger11@gmail.com,G,10,bwk743rx,G10_CviMVPe_PlDNA_6__D614__78D5022C
2b11d042,da27d694,CviMVPe_PlDNA_6_20230724,H10,19,CviMVPe_50005,,camillerumberger11@gmail.com,H,10,b21iscvz,H10_CviMVPe_PlDNA_6__D429__BF6B1D87
60f477f4,da27d694,CviMVPe_PlDNA_6_20230724,A11,21,CviMVPe_50195,,camillerumberger11@gmail.com,A,11,42akfltj,A11_CviMVPe_PlDNA_6__D409__A9327668
f88be75c,da27d694,CviMVPe_PlDNA_6_20230724,B11,22,CviMVPe_50177,,camillerumberger11@gmail.com,B,11,7qoanmx3,B11_CviMVPe_PlDNA_6__D491__F79656F8
09a482a2,da27d694,CviMVPe_PlDNA_6_20230724,C11,19,CviMVPe_50368,,camillerumberger11@gmail.com,C,11,yz188qru,C11_CviMVPe_PlDNA_6__D309__BEF60DB8
577c49aa,da27d694,CviMVPe_PlDNA_6_20230724,D11,21,CviMVPe_50039,,camillerumberger11@gmail.com,D,11,3j2fo4j0,D11_CviMVPe_PlDNA_6__D378__27E253F3
96a26a14,da27d694,CviMVPe_PlDNA_6_20230724,E11,20,CviMVPe_50202,,camillerumberger11@gmail.com,E,11,jixa670z,E11_CviMVPe_PlDNA_6__D460__D660C105
38264dd3,da27d694,CviMVPe_PlDNA_6_20230724,F11,21,CviMVPe_50108,,camillerumberger11@gmail.com,F,11,3g00w0fn,F11_CviMVPe_PlDNA_6__D857__37BD5AEE
a030b726,da27d694,CviMVPe_PlDNA_6_20230724,G11,19,CviMVPe_50153,,camillerumberger11@gmail.com,G,11,i8ppoa96,G11_CviMVPe_PlDNA_6__D634__3F995AE7
25880996,da27d694,CviMVPe_PlDNA_6_20230724,H11,21,CviMVPe_50205,,camillerumberger11@gmail.com,H,11,8ez9m8eg,H11_CviMVPe_PlDNA_6__D457__10245781
80add161,da27d694,CviMVPe_PlDNA_6_20230724,A12,19,CviMVPe_50053,,camillerumberger11@gmail.com,A,12,e1eep7lo,A12_CviMVPe_PlDNA_6__D373__C62B83B7
1c8d56a5,da27d694,CviMVPe_PlDNA_6_20230724,B12,22,CviMVPe_50357,,camillerumberger11@gmail.com,B,12,nlovoiwc,B12_CviMVPe_PlDNA_6__D223__FC050DC6
557b1d2a,da27d694,CviMVPe_PlDNA_6_20230724,C12,20,CviMVP_12288,,camillerumberger11@gmail.com,C,12,eacwkigb,C12_CviMVPe_PlDNA_6__SG-sharedLotterhosPuritz_1752__f1fb4734
b26fcf10,da27d694,CviMVPe_PlDNA_6_20230724,D12,22,CviMVPe_50126,,camillerumberger11@gmail.com,D,12,17p2ys8d,D12_CviMVPe_PlDNA_6__D865__4104CC2A
0217f537,da27d694,CviMVPe_PlDNA_6_20230724,E12,20,CviMVPe_50117,,camillerumberger11@gmail.com,E,12,r5557ek6,E12_CviMVPe_PlDNA_6__D829__F5766A54
9f94a041,da27d694,CviMVPe_PlDNA_6_20230724,F12,21,CviMVPe_50200,,camillerumberger11@gmail.com,F,12,e2vb35av,F12_CviMVPe_PlDNA_6__D421__66281012
a89b14a9,da27d694,CviMVPe_PlDNA_6_20230724,G12,20,CviMVP_12136,,camillerumberger11@gmail.com,G,12,c5t9z852,G12_CviMVPe_PlDNA_6__SG_1700__decb34ab
8ab0bc64,da27d694,CviMVPe_PlDNA_6_20230724,H12,18,CviMVPe_50378,,camillerumberger11@gmail.com,H,12,4mv95r7z,H12_CviMVPe_PlDNA_6__D344__57950236
c541c563,458d6c11,CviMVPe_PlDNA_6_20230801_Reextractions,C2,21,CviMVPe_50157,,camillerumberger11@gmail.com,C,2,502eo7dy,C2_CviMVPe_PlDNA_6__D590__EA869C50
92b94337,458d6c11,CviMVPe_PlDNA_6_20230801_Reextractions,E2,22,CviMVP_30177,,camillerumberger11@gmail.com,E,2,luiy2bg1,E2_CviMVPe_PlDNA_6__SG-sharedLotterhosPuritz_3060__9d3a21ad
7697883e,458d6c11,CviMVPe_PlDNA_6_20230801_Reextractions,G2,22,CviMVPe_50375,,camillerumberger11@gmail.com,G,2,e3lhr4gz,G2_CviMVPe_PlDNA_6__D200__33092739
49664cd7,458d6c11,CviMVPe_PlDNA_6_20230801_Reextractions,B3,18,CviMVP_11921,,camillerumberger11@gmail.com,B,3,ngcdcsfd,B3_CviMVPe_PlDNA_6__SG_1627__913d6d02
3e6b3dd4,458d6c11,CviMVPe_PlDNA_6_20230801_Reextractions,E3,22,CviMVPe_50066,,camillerumberger11@gmail.com,E,3,pl6qw38l,E3_CviMVPe_PlDNA_6__D349__3100BFA1
e5345c78,458d6c11,CviMVPe_PlDNA_6_20230801_Reextractions,D4,18,CviMVPe_50125,,camillerumberger11@gmail.com,D,4,f8tg8zwg,D4_CviMVPe_PlDNA_6__D853__2FE9A127
eca6780b,458d6c11,CviMVPe_PlDNA_6_20230801_Reextractions,E5,22,CviMVPe_50140,,camillerumberger11@gmail.com,E,5,0d81cjug,E5_CviMVPe_PlDNA_6__D799__2051A6AC
0aeda359,458d6c11,CviMVPe_PlDNA_6_20230801_Reextractions,B6,19,CviMVP_12776,,camillerumberger11@gmail.com,B,6,hgwt3tsv,B6_CviMVPe_PlDNA_6__SG_1919__1b8435de
d8f51740,458d6c11,CviMVPe_PlDNA_6_20230801_Reextractions,F7,21,CviMVPe_50187,,camillerumberger11@gmail.com,F,7,tvsghr6j,F7_CviMVPe_PlDNA_6__D195__E69D86F1
c1fbf0ab,458d6c11,CviMVPe_PlDNA_6_20230801_Reextractions,B8,21,CviMVPe_50183,,camillerumberger11@gmail.com,B,8,3ymtvxj6,B8_CviMVPe_PlDNA_6__D489__3898043B
35ec2886,458d6c11,CviMVPe_PlDNA_6_20230801_Reextractions,H9,22,CviMVP_12601,,camillerumberger11@gmail.com,H,9,sfb68ebt,H9_CviMVPe_PlDNA_6__SG-sharedLotterhosPuritz_1859__cd440534
db0b7828,ddeb7a58,CviMVPe_PlDNA_6_Replace_E2,E2,19,CviMVP_30174,,nicole.mongillo28@gmail.com,E,2,ec7d3930,E2_CviMVPe_PlDNA_6_Replace__SG-sharedLotterhosPuritz_3059__85a6ff3b
2e26a912,824cf043,PracticePlate_20230815,B1,22,000000,,camillerumberger11@gmail.com,B,1,a9c446aa,B1_PracticePlate_20230815__000000__000000
6e54f930,824cf043,PracticePlate_20230815,A1,20,000000,,camillerumberger11@gmail.com,A,1,f3d3fe09,A1_PracticePlate_20230815__000000__000000
b28fa80b,824cf043,PracticePlate_20230815,C1,19,000000,,camillerumberger11@gmail.com,C,1,095ec994,C1_PracticePlate_20230815__000000__000000
3d4d8f24,824cf043,PracticePlate_20230815,D1,22,000000,,camillerumberger11@gmail.com,D,1,052e2b44,D1_PracticePlate_20230815__000000__000000
99f0e2b7,824cf043,PracticePlate_20230815,E1,20,000000,,camillerumberger11@gmail.com,E,1,81ec5c91,E1_PracticePlate_20230815__000000__000000
564edbae,824cf043,PracticePlate_20230815,F1,20,000000,,camillerumberger11@gmail.com,F,1,511523d2,F1_PracticePlate_20230815__000000__000000
371f619b,824cf043,PracticePlate_20230815,G1,22,000000,,camillerumberger11@gmail.com,G,1,7af8ad3e,G1_PracticePlate_20230815__000000__000000
27a7e1c7,824cf043,PracticePlate_20230815,H1,22,000000,,camillerumberger11@gmail.com,H,1,2a807268,H1_PracticePlate_20230815__000000__000000
39e64cc4,824cf043,PracticePlate_20230815,A2,22,000000,,camillerumberger11@gmail.com,A,2,44bffdf9,A2_PracticePlate_20230815__000000__000000
4ed842ee,824cf043,PracticePlate_20230815,B2,19,000000,,camillerumberger11@gmail.com,B,2,1f59cc0a,B2_PracticePlate_20230815__000000__000000
11b0abd6,824cf043,PracticePlate_20230815,C2,22,000000,,camillerumberger11@gmail.com,C,2,3ada3703,C2_PracticePlate_20230815__000000__000000
30224121,824cf043,PracticePlate_20230815,D2,22,000000,,camillerumberger11@gmail.com,D,2,fe266e92,D2_PracticePlate_20230815__000000__000000
7cdc00d1,824cf043,PracticePlate_20230815,E2,20,000000,,camillerumberger11@gmail.com,E,2,7f1476c0,E2_PracticePlate_20230815__000000__000000
ef1484be,824cf043,PracticePlate_20230815,F2,22,000000,,camillerumberger11@gmail.com,F,2,4c9c02c8,F2_PracticePlate_20230815__000000__000000
57d2d304,824cf043,PracticePlate_20230815,G2,21,000000,,camillerumberger11@gmail.com,G,2,9d64e0ef,G2_PracticePlate_20230815__000000__000000
15089488,824cf043,PracticePlate_20230815,H2,19,000000,,camillerumberger11@gmail.com,H,2,db75dd0f,H2_PracticePlate_20230815__000000__000000
18c0a0d3,824cf043,PracticePlate_20230815,A3,23,000000,,camillerumberger11@gmail.com,A,3,da9c0870,A3_PracticePlate_20230815__000000__000000
4f29abd4,824cf043,PracticePlate_20230815,B3,20,000000,,camillerumberger11@gmail.com,B,3,4cbe9d3f,B3_PracticePlate_20230815__000000__000000
b684c761,824cf043,PracticePlate_20230815,C3,19,000000,,camillerumberger11@gmail.com,C,3,9ab8e33b,C3_PracticePlate_20230815__000000__000000
be0b83d2,824cf043,PracticePlate_20230815,D3,20,000000,,camillerumberger11@gmail.com,D,3,f55b1fdc,D3_PracticePlate_20230815__000000__000000
5a90889e,824cf043,PracticePlate_20230815,E3,22,000000,,camillerumberger11@gmail.com,E,3,a3dc3926,E3_PracticePlate_20230815__000000__000000
a5a69710,824cf043,PracticePlate_20230815,F3,20,000000,,camillerumberger11@gmail.com,F,3,54bcb34a,F3_PracticePlate_20230815__000000__000000
594b3543,824cf043,PracticePlate_20230815,G3,18,000000,,camillerumberger11@gmail.com,G,3,699a144b,G3_PracticePlate_20230815__000000__000000
ab0cfebc,824cf043,PracticePlate_20230815,H3,21,000000,,camillerumberger11@gmail.com,H,3,aae93c0b,H3_PracticePlate_20230815__000000__000000
84eab2d1,824cf043,PracticePlate_20230815,A4,21,000000,,camillerumberger11@gmail.com,A,4,3bed349f,A4_PracticePlate_20230815__000000__000000
5451a0a8,824cf043,PracticePlate_20230815,B4,21,000000,,camillerumberger11@gmail.com,B,4,5dc73146,B4_PracticePlate_20230815__000000__000000
a76f2024,824cf043,PracticePlate_20230815,C4,21,000000,,camillerumberger11@gmail.com,C,4,0fb89e0b,C4_PracticePlate_20230815__000000__000000
984a966e,824cf043,PracticePlate_20230815,D4,20,000000,,camillerumberger11@gmail.com,D,4,f724fa9b,D4_PracticePlate_20230815__000000__000000
65cb607a,824cf043,PracticePlate_20230815,E4,18,000000,,camillerumberger11@gmail.com,E,4,ae7608a7,E4_PracticePlate_20230815__000000__000000
48c4bbb6,824cf043,PracticePlate_20230815,F4,22,000000,,camillerumberger11@gmail.com,F,4,a5cb0a2c,F4_PracticePlate_20230815__000000__000000
7e4da976,824cf043,PracticePlate_20230815,G4,18,000000,,camillerumberger11@gmail.com,G,4,dfdcd601,G4_PracticePlate_20230815__000000__000000
f0b000a9,824cf043,PracticePlate_20230815,H4,20,000000,,camillerumberger11@gmail.com,H,4,9d1f0621,H4_PracticePlate_20230815__000000__000000
7602354a,824cf043,PracticePlate_20230815,A5,20,000000,,camillerumberger11@gmail.com,A,5,ed5e76e7,A5_PracticePlate_20230815__000000__000000
5d51b61a,824cf043,PracticePlate_20230815,B5,20,000000,,camillerumberger11@gmail.com,B,5,1dacea51,B5_PracticePlate_20230815__000000__000000
02e8a3f3,824cf043,PracticePlate_20230815,C5,18,000000,,camillerumberger11@gmail.com,C,5,2dbed080,C5_PracticePlate_20230815__000000__000000
2ed6c068,824cf043,PracticePlate_20230815,D5,18,000000,,camillerumberger11@gmail.com,D,5,3f6c0ba4,D5_PracticePlate_20230815__000000__000000
27b25b43,824cf043,PracticePlate_20230815,E5,17,000000,,camillerumberger11@gmail.com,E,5,f7f5033e,E5_PracticePlate_20230815__000000__000000
6337f50c,824cf043,PracticePlate_20230815,F5,19,000000,,camillerumberger11@gmail.com,F,5,307658ab,F5_PracticePlate_20230815__000000__000000
8934a0ed,824cf043,PracticePlate_20230815,G5,21,000000,,camillerumberger11@gmail.com,G,5,a969f3a3,G5_PracticePlate_20230815__000000__000000
ed6eab7d,824cf043,PracticePlate_20230815,H5,21,000000,,camillerumberger11@gmail.com,H,5,5c11ff6a,H5_PracticePlate_20230815__000000__000000
1b9e2ff6,824cf043,PracticePlate_20230815,A6,21,000000,,camillerumberger11@gmail.com,A,6,48ee7b89,A6_PracticePlate_20230815__000000__000000
218c417b,824cf043,PracticePlate_20230815,B6,22,000000,,camillerumberger11@gmail.com,B,6,587d0658,B6_PracticePlate_20230815__000000__000000
853b24d2,824cf043,PracticePlate_20230815,C6,22,000000,,camillerumberger11@gmail.com,C,6,26cab50a,C6_PracticePlate_20230815__000000__000000
7b5ffd2b,824cf043,PracticePlate_20230815,D6,18,000000,,camillerumberger11@gmail.com,D,6,6103af1d,D6_PracticePlate_20230815__000000__000000
39a09118,824cf043,PracticePlate_20230815,E6,21,000000,,camillerumberger11@gmail.com,E,6,bd29991d,E6_PracticePlate_20230815__000000__000000
145ece2d,824cf043,PracticePlate_20230815,F6,19,000000,,camillerumberger11@gmail.com,F,6,5c8ae944,F6_PracticePlate_20230815__000000__000000
ad96222c,824cf043,PracticePlate_20230815,G6,18,000000,,camillerumberger11@gmail.com,G,6,a4380a1e,G6_PracticePlate_20230815__000000__000000
6a59f393,824cf043,PracticePlate_20230815,H6,19,000000,,camillerumberger11@gmail.com,H,6,b59d0f47,H6_PracticePlate_20230815__000000__000000
d96edaab,824cf043,PracticePlate_20230815,B7,18,000000,,camillerumberger11@gmail.com,B,7,ea41a92e,B7_PracticePlate_20230815__000000__000000
8ef1a75e,824cf043,PracticePlate_20230815,A7,21,000000,,camillerumberger11@gmail.com,A,7,88a3c521,A7_PracticePlate_20230815__000000__000000
bc16fffb,824cf043,PracticePlate_20230815,C7,19,000000,,camillerumberger11@gmail.com,C,7,b451ea52,C7_PracticePlate_20230815__000000__000000
f4b098c2,824cf043,PracticePlate_20230815,D7,20,000000,,camillerumberger11@gmail.com,D,7,39af8937,D7_PracticePlate_20230815__000000__000000
94b6f689,824cf043,PracticePlate_20230815,E7,22,000000,,camillerumberger11@gmail.com,E,7,751eb672,E7_PracticePlate_20230815__000000__000000
a3a2bd62,824cf043,PracticePlate_20230815,F7,20,000000,,camillerumberger11@gmail.com,F,7,533c4648,F7_PracticePlate_20230815__000000__000000
b416ecb3,824cf043,PracticePlate_20230815,G7,22,000000,,camillerumberger11@gmail.com,G,7,96d8c74b,G7_PracticePlate_20230815__000000__000000
30df1ffc,824cf043,PracticePlate_20230815,H7,21,000000,,camillerumberger11@gmail.com,H,7,b78d18e1,H7_PracticePlate_20230815__000000__000000
5c7452f0,824cf043,PracticePlate_20230815,A8,22,000000,,camillerumberger11@gmail.com,A,8,1820eb4f,A8_PracticePlate_20230815__000000__000000
06aa0793,824cf043,PracticePlate_20230815,B8,22,000000,,camillerumberger11@gmail.com,B,8,bdd3d698,B8_PracticePlate_20230815__000000__000000
1479a158,824cf043,PracticePlate_20230815,C8,22,000000,,camillerumberger11@gmail.com,C,8,48096a9c,C8_PracticePlate_20230815__000000__000000
0ce86712,824cf043,PracticePlate_20230815,D8,18,000000,,camillerumberger11@gmail.com,D,8,41efd966,D8_PracticePlate_20230815__000000__000000
8e5e4779,824cf043,PracticePlate_20230815,E8,19,000000,,camillerumberger11@gmail.com,E,8,5c83b747,E8_PracticePlate_20230815__000000__000000
d5c6aa75,824cf043,PracticePlate_20230815,F8,19,000000,,camillerumberger11@gmail.com,F,8,16da9e38,F8_PracticePlate_20230815__000000__000000
0f7e8064,824cf043,PracticePlate_20230815,G8,18,000000,,camillerumberger11@gmail.com,G,8,b236ae23,G8_PracticePlate_20230815__000000__000000
f48aa979,824cf043,PracticePlate_20230815,H8,24,000000,,camillerumberger11@gmail.com,H,8,5ba110ae,H8_PracticePlate_20230815__000000__000000
b4634d47,824cf043,PracticePlate_20230815,A9,19,000000,,camillerumberger11@gmail.com,A,9,82a9db29,A9_PracticePlate_20230815__000000__000000
f83c3050,824cf043,PracticePlate_20230815,B9,21,000000,,camillerumberger11@gmail.com,B,9,d27d9ba3,B9_PracticePlate_20230815__000000__000000
7f8c2978,824cf043,PracticePlate_20230815,C9,17,000000,,camillerumberger11@gmail.com,C,9,4a8b4e46,C9_PracticePlate_20230815__000000__000000
8ff69c27,824cf043,PracticePlate_20230815,D9,21,000000,,camillerumberger11@gmail.com,D,9,4880eec5,D9_PracticePlate_20230815__000000__000000
5f0315ed,824cf043,PracticePlate_20230815,E9,21,000000,,camillerumberger11@gmail.com,E,9,b9ebc883,E9_PracticePlate_20230815__000000__000000
de6a9dd6,824cf043,PracticePlate_20230815,F9,22,000000,,camillerumberger11@gmail.com,F,9,a4c284e6,F9_PracticePlate_20230815__000000__000000
3e731ad4,824cf043,PracticePlate_20230815,G9,22,000000,,camillerumberger11@gmail.com,G,9,a7bbdd5c,G9_PracticePlate_20230815__000000__000000
53d7e91e,824cf043,PracticePlate_20230815,H9,20,000000,,camillerumberger11@gmail.com,H,9,3615cdcc,H9_PracticePlate_20230815__000000__000000
7b494b5a,824cf043,PracticePlate_20230815,A10,20,000000,,camillerumberger11@gmail.com,A,10,b95ec23f,A10_PracticePlate_20230815__000000__000000
444c9d2c,824cf043,PracticePlate_20230815,B10,17,000000,,camillerumberger11@gmail.com,B,10,7385649c,B10_PracticePlate_20230815__000000__000000
1bf5afd6,824cf043,PracticePlate_20230815,C10,19,000000,,camillerumberger11@gmail.com,C,10,94629875,C10_PracticePlate_20230815__000000__000000
d53eb9aa,824cf043,PracticePlate_20230815,D10,22,000000,,camillerumberger11@gmail.com,D,10,5d53d990,D10_PracticePlate_20230815__000000__000000
50cf3d43,824cf043,PracticePlate_20230815,E10,18,000000,,camillerumberger11@gmail.com,E,10,569fe777,E10_PracticePlate_20230815__000000__000000
06e5937d,824cf043,PracticePlate_20230815,F10,18,000000,,camillerumberger11@gmail.com,F,10,1a09f2fc,F10_PracticePlate_20230815__000000__000000
a1844bce,824cf043,PracticePlate_20230815,G10,20,000000,,camillerumberger11@gmail.com,G,10,93095858,G10_PracticePlate_20230815__000000__000000
7f6f1ddd,824cf043,PracticePlate_20230815,H10,18,000000,,camillerumberger11@gmail.com,H,10,a35b4b38,H10_PracticePlate_20230815__000000__000000
27709b41,824cf043,PracticePlate_20230815,A11,21,000000,,camillerumberger11@gmail.com,A,11,b9c9b8ca,A11_PracticePlate_20230815__000000__000000
43fdbb22,824cf043,PracticePlate_20230815,B11,19,000000,,camillerumberger11@gmail.com,B,11,d043dbc5,B11_PracticePlate_20230815__000000__000000
78902b9e,824cf043,PracticePlate_20230815,C11,22,000000,,camillerumberger11@gmail.com,C,11,924da760,C11_PracticePlate_20230815__000000__000000
08ce24ef,824cf043,PracticePlate_20230815,D11,18,000000,,camillerumberger11@gmail.com,D,11,1b679c30,D11_PracticePlate_20230815__000000__000000
5178ee38,824cf043,PracticePlate_20230815,F11,21,000000,,camillerumberger11@gmail.com,F,11,cf8da294,F11_PracticePlate_20230815__000000__000000
3601b282,824cf043,PracticePlate_20230815,E11,21,000000,,camillerumberger11@gmail.com,E,11,6a8b2f33,E11_PracticePlate_20230815__000000__000000
5a1998a9,824cf043,PracticePlate_20230815,G11,21,000000,,camillerumberger11@gmail.com,G,11,1a6d642a,G11_PracticePlate_20230815__000000__000000
07ef8550,824cf043,PracticePlate_20230815,H11,21,000000,,camillerumberger11@gmail.com,H,11,928a0688,H11_PracticePlate_20230815__000000__000000
a40f3253,824cf043,PracticePlate_20230815,A12,18,000000,,camillerumberger11@gmail.com,A,12,a8aa58f3,A12_PracticePlate_20230815__000000__000000
ed0a4006,824cf043,PracticePlate_20230815,B12,22,000000,,camillerumberger11@gmail.com,B,12,83089eff,B12_PracticePlate_20230815__000000__000000
936d792b,824cf043,PracticePlate_20230815,C12,21,000000,,camillerumberger11@gmail.com,C,12,893d144c,C12_PracticePlate_20230815__000000__000000
c9f469d9,824cf043,PracticePlate_20230815,D12,22,000000,,camillerumberger11@gmail.com,D,12,d5aeb53a,D12_PracticePlate_20230815__000000__000000
52ee3211,824cf043,PracticePlate_20230815,E12,21,000000,,camillerumberger11@gmail.com,E,12,7ff934f1,E12_PracticePlate_20230815__000000__000000
b0369381,824cf043,PracticePlate_20230815,F12,21,000000,,camillerumberger11@gmail.com,F,12,acd101b3,F12_PracticePlate_20230815__000000__000000
6c1f224f,824cf043,PracticePlate_20230815,G12,22,000000,,camillerumberger11@gmail.com,G,12,3b156010,G12_PracticePlate_20230815__000000__000000
7d547c3a,824cf043,PracticePlate_20230815,H12,21,000000,,camillerumberger11@gmail.com,H,12,4736dd17,H12_PracticePlate_20230815__000000__000000
e0d0ec0c,48edcf94,,A1,20,CviMVPe_50360,,camillerumberger11@gmail.com,A,1,994htzwt,A1_CviMVPe_PlDNA_7__D245__AD01D66D
116881b4,48edcf94,,B1,21,CviMVP_10957,,camillerumberger11@gmail.com,B,1,0fqe2g6d,B1_CviMVPe_PlDNA_7__SG_1295__57606ad7
3e5a8b7a,48edcf94,,C1,20,CviMVPe_50023,,camillerumberger11@gmail.com,C,1,6gjbv2pg,C1_CviMVPe_PlDNA_7__D521__948B28B4
b5b812cd,48edcf94,,D1,20,CviMVP_12250,,camillerumberger11@gmail.com,D,1,slk6wazk,D1_CviMVPe_PlDNA_7__SG-sharedLotterhosPuritz_1739__86d6dd29
50b863b2,48edcf94,,F1,20,CviMVPe_50119,,camillerumberger11@gmail.com,F,1,p052ul0o,F1_CviMVPe_PlDNA_7__D841__614C49B4
bda5db7f,48edcf94,,E1,20,CviMVP_11762,,camillerumberger11@gmail.com,E,1,mdyy3o4z,E1_CviMVPe_PlDNA_7__SG_1572__cb4e0fea
b8eba01d,48edcf94,,G1,22,CviMVP_10514,,camillerumberger11@gmail.com,G,1,wb3wmelp,G1_CviMVPe_PlDNA_7__SG_1134__4679beda
37d038ed,48edcf94,,H1,19,CviMVPe_50002,,camillerumberger11@gmail.com,H,1,zebj77te,H1_CviMVPe_PlDNA_7__D416__48254724
81aa7565,48edcf94,,A2,20,CviMVP_10906,Replaced with 10807,camillerumberger11@gmail.com,A,2,hyfkcvi9,A2_CviMVPe_PlDNA_7__SG_1277__56f3e487
da7d9b1c,48edcf94,,B2,18,CviMVPe_50179,,camillerumberger11@gmail.com,B,2,uc4b6m2m,B2_CviMVPe_PlDNA_7__D505__DA998D5E
d58a0d00,48edcf94,,C2,22,CviMVP_12019,,camillerumberger11@gmail.com,C,2,poeoeoox,C2_CviMVPe_PlDNA_7__SG_1660__74856262
2432b1c9,48edcf94,,D2,21,CviMVPe_50143,,camillerumberger11@gmail.com,D,2,rxnmzj8s,D2_CviMVPe_PlDNA_7__D871__60d713f2
82e98e1d,48edcf94,,E2,22,CviMVPe_50052,,camillerumberger11@gmail.com,E,2,z9es309n,E2_CviMVPe_PlDNA_7__D392__F23E8B15
334e53d5,48edcf94,,F2,20,CviMVPe_50196,,camillerumberger11@gmail.com,F,2,x32940c4,F2_CviMVPe_PlDNA_7__D423__BAD9EDE2
7af40192,48edcf94,,G2,21,CviMVPe_50186,,camillerumberger11@gmail.com,G,2,wj74ajuo,G2_CviMVPe_PlDNA_7__D204__39ED1A0F
544c41fe,48edcf94,,H2,19,CviMVP_30048,,camillerumberger11@gmail.com,H,2,d3ljtuwh,H2_CviMVPe_PlDNA_7__SG-sharedLotterhosPuritz_3016__ae22d219
220c864a,48edcf94,,A3,22,CviMVPe_50021,,camillerumberger11@gmail.com,A,3,19e2bo7a,A3_CviMVPe_PlDNA_7__D515__35B82832
f6a20499,48edcf94,,B3,19,CviMVPe_50016,,camillerumberger11@gmail.com,B,3,xe15v0yu,B3_CviMVPe_PlDNA_7__D494__C3847A2F
92d3bc45,48edcf94,,C3,19,CviMVPe_50086,,camillerumberger11@gmail.com,C,3,b13axrk9,C3_CviMVPe_PlDNA_7__D623__7E2AF84B
70a7e3fe,48edcf94,,D3,22,CviMVPe_50041,,camillerumberger11@gmail.com,D,3,f6ti3kit,D3_CviMVPe_PlDNA_7__D368__91216A29
54c4ed0a,48edcf94,,E3,20,CviMVPe_50182,,camillerumberger11@gmail.com,E,3,qk1xyi3e,E3_CviMVPe_PlDNA_7__D490__FC67A3B1
9011a732,48edcf94,,F3,20,CviMVPe_50084,,camillerumberger11@gmail.com,F,3,pxhsoapn,F3_CviMVPe_PlDNA_7__D637__1F59F2B8
709dc675,48edcf94,,H3,18,CviMVPe_50145,,camillerumberger11@gmail.com,H,3,47m24ox2,H3_CviMVPe_PlDNA_7__D816__5F4FEE20
ddd2034b,48edcf94,,G3,18,CviMVPe_50112,,camillerumberger11@gmail.com,G,3,x915hd4p,G3_CviMVPe_PlDNA_7__D859__B4C27F12
42f54fab,48edcf94,,A4,22,CviMVPe_50044,,camillerumberger11@gmail.com,A,4,f4xxlvsk,A4_CviMVPe_PlDNA_7__D369__227DE456
7af767f7,48edcf94,,B4,22,CviMVPe_50106,,camillerumberger11@gmail.com,B,4,scpdltux,B4_CviMVPe_PlDNA_7__D833__1EB423F8
ee7d5392,48edcf94,,C4,21,CviMVPe_50144,,camillerumberger11@gmail.com,C,4,xvloy4ds,C4_CviMVPe_PlDNA_7__D785__C47B78DC
fd0364da,48edcf94,,D4,23,CviMVPe_50199,,camillerumberger11@gmail.com,D,4,5t6vkyjc,D4_CviMVPe_PlDNA_7__D453__16D4BE87
00ec5708,48edcf94,,E4,19,CviMVPe_50129,,camillerumberger11@gmail.com,E,4,ijpeyxpb,E4_CviMVPe_PlDNA_7__D818__9FFB6260
17eac50b,48edcf94,,F4,18,CviMVP_11281,,camillerumberger11@gmail.com,F,4,xctyj5fp,F4_CviMVPe_PlDNA_7__SG_1407__9b09aa13
b734f955,48edcf94,,G4,21,CviMVPe_50159,,camillerumberger11@gmail.com,G,4,i8gvidsy,G4_CviMVPe_PlDNA_7__D611__9E462FC9
468e31e9,48edcf94,,H4,21,CviMVPe_50158,,camillerumberger11@gmail.com,H,4,gh9pysbi,H4_CviMVPe_PlDNA_7__D641__85592D52
28d37538,48edcf94,,A5,19,CviMVPe_50181,,camillerumberger11@gmail.com,A,5,sh9mj6jr,A5_CviMVPe_PlDNA_7__D497__E2129593
0a91b144,48edcf94,,B5,18,CviMVPe_50091,,camillerumberger11@gmail.com,B,5,95o3e076,B5_CviMVPe_PlDNA_7__D622__E927EFCC
42749c4d,48edcf94,,C5,21,CviMVPe_50367,,camillerumberger11@gmail.com,C,5,nf67n85x,C5_CviMVPe_PlDNA_7__D318__3140E558
e7a08462,48edcf94,,D5,20,CviMVPe_50142,,camillerumberger11@gmail.com,D,5,mnc78mhy,D5_CviMVPe_PlDNA_7__D787__2CA6DD38
2214c33a,48edcf94,,E5,21,CviMVPe_50035,,camillerumberger11@gmail.com,E,5,84o17tgz,E5_CviMVPe_PlDNA_7__D586__996E9AB0
14e2076f,48edcf94,,F5,18,CviMVPe_50018,,camillerumberger11@gmail.com,F,5,21p91t67,F5_CviMVPe_PlDNA_7__D501__AEF41388
e85eed36,48edcf94,,G5,20,CviMVPe_50176,,camillerumberger11@gmail.com,G,5,egz6buay,G5_CviMVPe_PlDNA_7__D485__7767496A
77b943ae,48edcf94,,H5,22,CviMVPe_50361,,camillerumberger11@gmail.com,H,5,2nasos5r,H5_CviMVPe_PlDNA_7__D206__4496A68D
e62576b7,48edcf94,,A6,21,CviMVPe_50056,,camillerumberger11@gmail.com,A,6,42xbwhsw,A6_CviMVPe_PlDNA_7__D380__2B152ABE
4a25bda1,48edcf94,,B6,20,CviMVPe_50193,,camillerumberger11@gmail.com,B,6,yyrb27zj,B6_CviMVPe_PlDNA_7__D234__ABAFF92F
5bcae54e,48edcf94,,C6,20,CviMVPe_50024,,camillerumberger11@gmail.com,C,6,2t29ba53,C6_CviMVPe_PlDNA_7__D522__D65D0C31
5acb3794,48edcf94,,D6,19,CviMVPe_50120,,camillerumberger11@gmail.com,D,6,c2hu695l,D6_CviMVPe_PlDNA_7__D851__1D4ECC27
d7fc86df,48edcf94,,E6,18,CviMVPe_50007,,camillerumberger11@gmail.com,E,6,urzh9e0m,E6_CviMVPe_PlDNA_7__D431__E0DFDDDF
2627780f,48edcf94,,F6,22,CviMVPe_50139,,camillerumberger11@gmail.com,F,6,6p627odw,F6_CviMVPe_PlDNA_7__D873__ccd5b61b
9b5aec82,48edcf94,,G6,18,CviMVPe_50355,,camillerumberger11@gmail.com,G,6,zxn55i66,G6_CviMVPe_PlDNA_7__D210__DD095BEA
3f167f3b,48edcf94,,H6,21,CviMVPe_50151,,camillerumberger11@gmail.com,H,6,pn3vtx3c,H6_CviMVPe_PlDNA_7__D604__1EDF09A8
27ba50ad,48edcf94,,A7,18,CviMVP_12589,,camillerumberger11@gmail.com,A,7,6a541gdj,A7_CviMVPe_PlDNA_7__SG-sharedLotterhosPuritz_1855__c2ef8b63
b8d69b7e,48edcf94,,B7,22,CviMVPe_50080,,camillerumberger11@gmail.com,B,7,ioeewgxn,B7_CviMVPe_PlDNA_7__D219__5D244A9A
f006c4a8,48edcf94,,C7,19,CviMVPe_50358,,camillerumberger11@gmail.com,C,7,bqcfkkzc,C7_CviMVPe_PlDNA_7__D218__5D337335
c6ef81dd,48edcf94,,E7,20,CviMVPe_50124,,camillerumberger11@gmail.com,E,7,nclek93p,E7_CviMVPe_PlDNA_7__D863__DC93E8DB
a3848e52,48edcf94,,D7,23,CviMVPe_50149,,camillerumberger11@gmail.com,D,7,zxji6q6x,D7_CviMVPe_PlDNA_7__D784__34A74FE2
ce11bfd5,48edcf94,,F7,21,CviMVPe_50148,,camillerumberger11@gmail.com,F,7,otdatl0d,F7_CviMVPe_PlDNA_7__D813__85474216
32b43064,48edcf94,,G7,22,CviMVPe_50022,,camillerumberger11@gmail.com,G,7,rtwactho,G7_CviMVPe_PlDNA_7__D520__5069B8EC
fc1b53d4,48edcf94,,H7,22,CviMVPe_50208,,camillerumberger11@gmail.com,H,7,jck3p878,H7_CviMVPe_PlDNA_7__D458__A9620321
895b0ca4,48edcf94,,A8,18,CviMVPe_50123,,camillerumberger11@gmail.com,A,8,qsyogbsl,A8_CviMVPe_PlDNA_7__D843__15D4BAD1
f10a9ce7,48edcf94,,B8,22,CviMVPe_50175,,camillerumberger11@gmail.com,B,8,skx5f0n2,B8_CviMVPe_PlDNA_7__D518__F6E0CA00
8aab12a0,48edcf94,,C8,21,CviMVPe_50362,,camillerumberger11@gmail.com,C,8,jgpm8z74,C8_CviMVPe_PlDNA_7__D246__E361C823
307aa811,48edcf94,,D8,21,CviMVP_12264,,camillerumberger11@gmail.com,D,8,sya9a9lu,D8_CviMVPe_PlDNA_7__SG-sharedLotterhosPuritz_1744__b7a36d63
20e6e069,48edcf94,,E8,21,CviMVP_10752,,camillerumberger11@gmail.com,E,8,kcenw2fs,E8_CviMVPe_PlDNA_7__SG_1223__70f8e33b
08bc7452,48edcf94,,F8,22,CviMVP_12562,,camillerumberger11@gmail.com,F,8,v7zzs4eh,F8_CviMVPe_PlDNA_7__SG-sharedLotterhosPuritz_1846__f6a4d2fd
33c910da,48edcf94,,G8,19,CviMVPe_50118,,camillerumberger11@gmail.com,G,8,u1nech15,G8_CviMVPe_PlDNA_7__D845__9E618C95
c883c478,48edcf94,,H8,22,CviMVPe_50376,,camillerumberger11@gmail.com,H,8,84dqjxyy,H8_CviMVPe_PlDNA_7__D241__46365F0E
7a351dd1,48edcf94,,B9,22,CviMVPe_50109,,camillerumberger11@gmail.com,B,9,rknpue43,B9_CviMVPe_PlDNA_7__D823__DE6A9D1A
a2784351,48edcf94,,A9,22,CviMVPe_50064,,camillerumberger11@gmail.com,A,9,vo80w3y5,A9_CviMVPe_PlDNA_7__D314__B19CE842
1efbc548,48edcf94,,C9,18,CviMVPe_50156,,camillerumberger11@gmail.com,C,9,syz2x6y7,C9_CviMVPe_PlDNA_7__D594__7BCE38AB
3c42161f,48edcf94,,D9,17,CviMVPe_50377,,camillerumberger11@gmail.com,D,9,gsrr0tnl,D9_CviMVPe_PlDNA_7__D320__EEBADDCF
69264082,48edcf94,,E9,19,CviMVPe_50037,,camillerumberger11@gmail.com,E,9,nh25jlve,E9_CviMVPe_PlDNA_7__D365__8802D982
69a5d86d,48edcf94,,F9,21,CviMVPe_50111,,camillerumberger11@gmail.com,F,9,z1e7djab,F9_CviMVPe_PlDNA_7__D850__E95F93C1
21eb24a3,48edcf94,,G9,20,CviMVPe_50160,,camillerumberger11@gmail.com,G,9,qgjlcngh,G9_CviMVPe_PlDNA_7__D592__FC645A7E
39cbb01f,48edcf94,,H9,21,CviMVPe_50081,,camillerumberger11@gmail.com,H,9,ieqiuonv,H9_CviMVPe_PlDNA_7__D193__75D2DB84
3733a017,48edcf94,,A10,21,CviMVPe_50113,,camillerumberger11@gmail.com,A,10,mh4ysdjb,A10_CviMVPe_PlDNA_7__D840__9DE5BDBE
06ca5f1e,48edcf94,,B10,21,CviMVPe_50058,,camillerumberger11@gmail.com,B,10,9lo9opgz,B10_CviMVPe_PlDNA_7__D357__44E1CB35
f05039f6,48edcf94,,C10,19,CviMVPe_50138,,camillerumberger11@gmail.com,C,10,e41py6qf,C10_CviMVPe_PlDNA_7__D872__54094c41
8f090316,48edcf94,,D10,19,CviMVPe_50146,,camillerumberger11@gmail.com,D,10,e5jdhvkq,D10_CviMVPe_PlDNA_7__D779__71CC5071
a4b4381f,48edcf94,,E10,21,CviMVP_10596,,camillerumberger11@gmail.com,E,10,elj7at7b,E10_CviMVPe_PlDNA_7__SG_1167__666608b2
d0dbf594,48edcf94,,F10,21,CviMVP_12084,,camillerumberger11@gmail.com,F,10,fhd7vviv,F10_CviMVPe_PlDNA_7__SG_1682__9f835dac
3d930cae,48edcf94,,G10,22,CviMVP_12643,,camillerumberger11@gmail.com,G,10,2k3w8wgm,G10_CviMVPe_PlDNA_7__SG_1873__24fd8078
b475b5fb,48edcf94,,H10,17,CviMVPe_50191,,camillerumberger11@gmail.com,H,10,ywj1pwzm,H10_CviMVPe_PlDNA_7__D208__36F17A38
49b54594,48edcf94,,A11,18,CviMVPe_50003,,camillerumberger11@gmail.com,A,11,mcr7zcx1,A11_CviMVPe_PlDNA_7__D417__7FC7D21B
53da6439,48edcf94,,B11,18,CviMVPe_50057,,camillerumberger11@gmail.com,B,11,,
8b471950,48edcf94,,C11,20,CviMVPe_50188,,camillerumberger11@gmail.com,C,11,qwgudq72,C11_CviMVPe_PlDNA_7__D197__03F66240
b4d9f60e,48edcf94,,D11,22,CviMVPe_50060,,camillerumberger11@gmail.com,D,11,k49o2wx8,D11_CviMVPe_PlDNA_7__D325__03AC15C0
76aad427,48edcf94,,E11,19,CviMVPe_50147,,camillerumberger11@gmail.com,E,11,n4uoffbz,E11_CviMVPe_PlDNA_7__D781__029ECEB7
df485a7b,48edcf94,,F11,18,CviMVPe_50192,,camillerumberger11@gmail.com,F,11,62f2oyhm,F11_CviMVPe_PlDNA_7__D227__C01C6364
2ce00008,48edcf94,,G11,19,CviMVPe_50154,,camillerumberger11@gmail.com,G,11,fzf5dzwf,G11_CviMVPe_PlDNA_7__D631__30CC375A
3c2d4391,48edcf94,,H11,20,CviMVPe_50034,,camillerumberger11@gmail.com,H,11,f35sh97t,H11_CviMVPe_PlDNA_7__D589__0E18187E
5f743557,48edcf94,,A12,18,CviMVP_11305,,camillerumberger11@gmail.com,A,12,zgh21lyv,A12_CviMVPe_PlDNA_7__SG_1416__1225a415
128dca53,48edcf94,,B12,21,CviMVPe_50107,,camillerumberger11@gmail.com,B,12,tb30jh1k,B12_CviMVPe_PlDNA_7__D867__41A34BEE
85a0e000,48edcf94,,C12,20,CviMVP_11635,,camillerumberger11@gmail.com,C,12,keztmmf7,C12_CviMVPe_PlDNA_7__SG-sharedLotterhosPuritz_1529__cea1f7ed
3a6b96b6,48edcf94,,D12,19,CviMVPe_50065,,camillerumberger11@gmail.com,D,12,roszl47s,D12_CviMVPe_PlDNA_7__D312__C07AA992
e224d2ce,48edcf94,,E12,22,CviMVPe_50020,,camillerumberger11@gmail.com,E,12,9b77x998,E12_CviMVPe_PlDNA_7__D506__572E318A
c6b3513a,48edcf94,,F12,20,CviMVPe_50019,,camillerumberger11@gmail.com,F,12,yv8sgcl6,F12_CviMVPe_PlDNA_7__D502__2019ED4D
41796c38,48edcf94,,G12,19,CviMVP_10033,,camillerumberger11@gmail.com,G,12,b5q15zot,G12_CviMVPe_PlDNA_7__SG_1016__32ac523d
4c534e60,48edcf94,,H12,22,CviMVPe_50122,,camillerumberger11@gmail.com,H,12,30pgvi2m,H12_CviMVPe_PlDNA_7__D870__23315E9D
9c495814,76757e7f,CviMVPe_PlDNA_7_20230919_Reextractions,C1,21,CviMVPe_50023,,camillerumberger11@gmail.com,C,1,6gjbv2pg,C1_CviMVPe_PlDNA_7__D521__948B28B4
b3451d0b,76757e7f,CviMVPe_PlDNA_7_20230919_Reextractions,G7,21,CviMVPe_50022,,camillerumberger11@gmail.com,G,7,rtwactho,G7_CviMVPe_PlDNA_7__D520__5069B8EC
7cb3908a,76757e7f,CviMVPe_PlDNA_7_20230919_Reextractions,G12,22,CviMVP_10033,,camillerumberger11@gmail.com,G,12,b5q15zot,G12_CviMVPe_PlDNA_7__SG_1016__32ac523d
025a3366,76757e7f,CviMVPe_PlDNA_7_20230919_Reextractions,D5,21,CviMVPe_50142,,camillerumberger11@gmail.com,D,5,mnc78mhy,D5_CviMVPe_PlDNA_7__D787__2CA6DD38
b99ab16e,76757e7f,CviMVPe_PlDNA_7_20230919_Reextractions,E7,19,CviMVPe_50124,,camillerumberger11@gmail.com,E,7,nclek93p,E7_CviMVPe_PlDNA_7__D863__DC93E8DB
ddce6e10,76757e7f,CviMVPe_PlDNA_7_20230919_Reextractions,C2,20,CviMVP_12019,,camillerumberger11@gmail.com,C,2,poeoeoox,C2_CviMVPe_PlDNA_7__SG_1660__74856262
1e1f58e8,76757e7f,CviMVPe_PlDNA_7_20230919_Reextractions,C12,21,CviMVP_11635,,camillerumberger11@gmail.com,C,12,keztmmf7,C12_CviMVPe_PlDNA_7__SG-sharedLotterhosPuritz_1529__cea1f7ed
5c22e3a7,76757e7f,CviMVPe_PlDNA_7_20230919_Reextractions,B12,19,CviMVPe_50107,,camillerumberger11@gmail.com,B,12,tb30jh1k,B12_CviMVPe_PlDNA_7__D867__41A34BEE
f0472b7a,76757e7f,CviMVPe_PlDNA_7_20230919_Reextractions,B8,20,CviMVPe_50175,,camillerumberger11@gmail.com,B,8,skx5f0n2,B8_CviMVPe_PlDNA_7__D518__F6E0CA00
2888ac74,76757e7f,CviMVPe_PlDNA_7_20230919_Reextractions,B3,22,CviMVPe_50016,,camillerumberger11@gmail.com,B,3,xe15v0yu,B3_CviMVPe_PlDNA_7__D494__C3847A2F
5a91e062,76757e7f,CviMVPe_PlDNA_7_20230919_Reextractions,D9,21,CviMVPe_50377,,camillerumberger11@gmail.com,D,9,gsrr0tnl,D9_CviMVPe_PlDNA_7__D320__EEBADDCF
730b8ed8,76757e7f,CviMVPe_PlDNA_7_20230919_Reextractions,F9,21,CviMVPe_50111,,camillerumberger11@gmail.com,F,9,z1e7djab,F9_CviMVPe_PlDNA_7__D850__E95F93C1
e9a77cbb,780e9f62,CviMVPe_PlDNA_6_testReextractions,A10,18,CviMVP_11373,,camillerumberger11@gmail.com,A,10,lnzk5pz0,A10_CviMVPe_PlDNA_6__SG_1440__e79e5351
5275798a,780e9f62,CviMVPe_PlDNA_6_testReextractions,E8,20,CviMVPe_50206,,camillerumberger11@gmail.com,E,8,not7x86e,E8_CviMVPe_PlDNA_6__D456__5D66AA4C
ddc89753,780e9f62,CviMVPe_PlDNA_6_testReextractions,H8,21,CviMVPe_50010,,camillerumberger11@gmail.com,H,8,mzjylcys,H8_CviMVPe_PlDNA_6__D451__81894C0C
164a5265,780e9f62,CviMVPe_PlDNA_6_testReextractions,A9,20,CviMVPe_50371,,camillerumberger11@gmail.com,A,9,8gyolw7j,A9_CviMVPe_PlDNA_6__D311__3B56D682
ba5964f6,37eac3ea,CviMVPe_PlDNA_7_20230921_Reextractions2,C6,22,CviMVPe_50024,,camillerumberger11@gmail.com,C,6,2t29ba53,C6_CviMVPe_PlDNA_7__D522__D65D0C31
999d4a53,37eac3ea,CviMVPe_PlDNA_7_20230921_Reextractions2,E12,22,CviMVPe_50020,,camillerumberger11@gmail.com,E,12,9b77x998,E12_CviMVPe_PlDNA_7__D506__572E318A
fa151d60,37eac3ea,CviMVPe_PlDNA_7_20230921_Reextractions2,A6,22,CviMVPe_50056,,camillerumberger11@gmail.com,A,6,42xbwhsw,A6_CviMVPe_PlDNA_7__D380__2B152ABE
2f0136e6,37eac3ea,CviMVPe_PlDNA_7_20230921_Reextractions2,G11,22,CviMVPe_50154,,camillerumberger11@gmail.com,G,11,fzf5dzwf,G11_CviMVPe_PlDNA_7__D631__30CC375A
7fe39dce,37eac3ea,CviMVPe_PlDNA_7_20230921_Reextractions2,F9,21,CviMVPe_50111,,camillerumberger11@gmail.com,F,9,z1e7djab,F9_CviMVPe_PlDNA_7__D850__E95F93C1
b080da20,37eac3ea,CviMVPe_PlDNA_7_20230921_Reextractions2,D11,21,CviMVPe_50060,,camillerumberger11@gmail.com,D,11,k49o2wx8,D11_CviMVPe_PlDNA_7__D325__03AC15C0
4c48900e,37eac3ea,CviMVPe_PlDNA_7_20230921_Reextractions2,A11,21,CviMVPe_50003,,camillerumberger11@gmail.com,A,11,mcr7zcx1,A11_CviMVPe_PlDNA_7__D417__7FC7D21B
23789a2a,37eac3ea,CviMVPe_PlDNA_7_20230921_Reextractions2,B2,20,CviMVPe_50179,,camillerumberger11@gmail.com,B,2,uc4b6m2m,B2_CviMVPe_PlDNA_7__D505__DA998D5E
2d874b45,9686766b,CviMVPe_PlDNA_7_20230927_Reextractions3,B1,18,CviMVP_10957,,camillerumberger11@gmail.com,B,1,0fqe2g6d,B1_CviMVPe_PlDNA_7__SG_1295__57606ad7
9afc9a18,9686766b,CviMVPe_PlDNA_7_20230927_Reextractions3,C1,20,CviMVPe_50023,,camillerumberger11@gmail.com,C,1,6gjbv2pg,C1_CviMVPe_PlDNA_7__D521__948B28B4
302aa199,9686766b,CviMVPe_PlDNA_7_20230927_Reextractions3,E1,18,CviMVP_11762,,camillerumberger11@gmail.com,E,1,mdyy3o4z,E1_CviMVPe_PlDNA_7__SG_1572__cb4e0fea
5afa69c0,9686766b,CviMVPe_PlDNA_7_20230927_Reextractions3,G1,16,CviMVP_10514,Maxed out tissue vial,camillerumberger11@gmail.com,G,1,wb3wmelp,G1_CviMVPe_PlDNA_7__SG_1134__4679beda
57edfc8c,9686766b,CviMVPe_PlDNA_7_20230927_Reextractions3,D2,19,CviMVPe_50143,,camillerumberger11@gmail.com,D,2,rxnmzj8s,D2_CviMVPe_PlDNA_7__D871__60d713f2
3fcea5df,9686766b,CviMVPe_PlDNA_7_20230927_Reextractions3,A2,22,CviMVP_10906,Replaced with 10807,camillerumberger11@gmail.com,A,2,hyfkcvi9,A2_CviMVPe_PlDNA_7__SG_1277__56f3e487
7ea6549e,9686766b,CviMVPe_PlDNA_7_20230927_Reextractions3,C3,23,CviMVPe_50086,,camillerumberger11@gmail.com,C,3,b13axrk9,C3_CviMVPe_PlDNA_7__D623__7E2AF84B
e13f889a,9686766b,CviMVPe_PlDNA_7_20230927_Reextractions3,D3,21,CviMVPe_50041,,camillerumberger11@gmail.com,D,3,f6ti3kit,D3_CviMVPe_PlDNA_7__D368__91216A29
e146cc2e,9686766b,CviMVPe_PlDNA_7_20230927_Reextractions3,E3,22,CviMVPe_50182,,camillerumberger11@gmail.com,E,3,qk1xyi3e,E3_CviMVPe_PlDNA_7__D490__FC67A3B1
fdb971eb,9686766b,CviMVPe_PlDNA_7_20230927_Reextractions3,A4,22,CviMVPe_50044,,camillerumberger11@gmail.com,A,4,f4xxlvsk,A4_CviMVPe_PlDNA_7__D369__227DE456
c5bf7ce3,9686766b,CviMVPe_PlDNA_7_20230927_Reextractions3,D4,22,CviMVPe_50199,,camillerumberger11@gmail.com,D,4,5t6vkyjc,D4_CviMVPe_PlDNA_7__D453__16D4BE87
5e5f3e0b,9686766b,CviMVPe_PlDNA_7_20230927_Reextractions3,C5,18,CviMVPe_50367,,camillerumberger11@gmail.com,C,5,nf67n85x,C5_CviMVPe_PlDNA_7__D318__3140E558
2393410f,9686766b,CviMVPe_PlDNA_7_20230927_Reextractions3,D5,20,CviMVPe_50142,,camillerumberger11@gmail.com,D,5,mnc78mhy,D5_CviMVPe_PlDNA_7__D787__2CA6DD38
32b0d02b,9686766b,CviMVPe_PlDNA_7_20230927_Reextractions3,E5,22,CviMVPe_50035,,camillerumberger11@gmail.com,E,5,84o17tgz,E5_CviMVPe_PlDNA_7__D586__996E9AB0
1a8fb812,9686766b,CviMVPe_PlDNA_7_20230927_Reextractions3,F5,22,CviMVPe_50018,,camillerumberger11@gmail.com,F,5,21p91t67,F5_CviMVPe_PlDNA_7__D501__AEF41388
cbb91e68,9686766b,CviMVPe_PlDNA_7_20230927_Reextractions3,H5,20,CviMVPe_50361,,camillerumberger11@gmail.com,H,5,2nasos5r,H5_CviMVPe_PlDNA_7__D206__4496A68D
11059d4d,9686766b,CviMVPe_PlDNA_7_20230927_Reextractions3,H6,20,CviMVPe_50151,,camillerumberger11@gmail.com,H,6,pn3vtx3c,H6_CviMVPe_PlDNA_7__D604__1EDF09A8
385a4a55,9686766b,CviMVPe_PlDNA_7_20230927_Reextractions3,F7,18,CviMVPe_50148,,camillerumberger11@gmail.com,F,7,otdatl0d,F7_CviMVPe_PlDNA_7__D813__85474216
bbfbbb74,9686766b,CviMVPe_PlDNA_7_20230927_Reextractions3,G9,20,CviMVPe_50160,,camillerumberger11@gmail.com,G,9,qgjlcngh,G9_CviMVPe_PlDNA_7__D592__FC645A7E
e2baf8df,9686766b,CviMVPe_PlDNA_7_20230927_Reextractions3,H10,18,CviMVPe_50191,,camillerumberger11@gmail.com,H,10,ywj1pwzm,H10_CviMVPe_PlDNA_7__D208__36F17A38
f7e47b11,9686766b,CviMVPe_PlDNA_7_20230927_Reextractions3,G10,20,CviMVP_12643,,camillerumberger11@gmail.com,G,10,2k3w8wgm,G10_CviMVPe_PlDNA_7__SG_1873__24fd8078
cf162e05,9686766b,CviMVPe_PlDNA_7_20230927_Reextractions3,C11,22,CviMVPe_50188,,camillerumberger11@gmail.com,C,11,qwgudq72,C11_CviMVPe_PlDNA_7__D197__03F66240
166f5821,9686766b,CviMVPe_PlDNA_7_20230927_Reextractions3,F11,19,CviMVPe_50192,,camillerumberger11@gmail.com,F,11,62f2oyhm,F11_CviMVPe_PlDNA_7__D227__C01C6364
ff88b636,9686766b,CviMVPe_PlDNA_7_20230927_Reextractions3,B12,17,CviMVPe_50107,,camillerumberger11@gmail.com,B,12,tb30jh1k,B12_CviMVPe_PlDNA_7__D867__41A34BEE
ffcc8730,6cd9bebc,CviMVP_PlDNA_8_20231012,A1,20,CviMVP_12147,,zeasegnitz@gmail.com,A,1,03ggkjdm,A1_CviMVP_PlDNA_8__SG_1704__5a1dbe6d
45dff3bd,6cd9bebc,CviMVP_PlDNA_8_20231012,B1,20,CviMVP_12908,,zeasegnitz@gmail.com,B,1,onae79ji,B1_PlDNA_8__SG_1963__eb235ee9
af996190,6cd9bebc,CviMVP_PlDNA_8_20231012,C1,21,CviMVP_11355,,zeasegnitz@gmail.com,C,1,riuv1lgz,C1_PlDNA_8__SG_1435__7dd409da
f5a291da,6cd9bebc,CviMVP_PlDNA_8_20231012,D1,22,CviMVP_10426,,zeasegnitz@gmail.com,D,1,gto1kshy,D1_PlDNA_8__SG_1094__dbbaa94b
c9a819b8,6cd9bebc,CviMVP_PlDNA_8_20231012,E1,18,CviMVP_12869,,zeasegnitz@gmail.com,E,1,8n608wq5,E1_PlDNA_8__SG_1950__7393d075
c7ebd727,6cd9bebc,CviMVP_PlDNA_8_20231012,F1,22,CviMVP_11653,,zeasegnitz@gmail.com,F,1,prx0vet5,F1_PlDNA_8__SG-sharedLotterhosPuritz_1535__190eee14
264d6d1b,6cd9bebc,CviMVP_PlDNA_8_20231012,G1,22,CviMVP_30054,tissue in vial maxed out,zeasegnitz@gmail.com,G,1,ppl79lo9,G1_PlDNA_8__SG-sharedLotterhosPuritz_3018__0816a7c7
b762bed0,6cd9bebc,CviMVP_PlDNA_8_20231012,H1,20,CviMVP_12857,,zeasegnitz@gmail.com,H,1,5t32236h,H1_PlDNA_8__SG_1946__c72e69f0
a820acfe,6cd9bebc,CviMVP_PlDNA_8_20231012,A2,22,CviMVP_11900,,zeasegnitz@gmail.com,A,2,7l14w7hj,A2_PlDNA_8__SG_1620__0699af35
64000a26,6cd9bebc,CviMVP_PlDNA_8_20231012,B2,21,CviMVP_12923,,zeasegnitz@gmail.com,B,2,szr8lg1m,B2_PlDNA_8__SG_1968__395d59b2
9d93f8ec,6cd9bebc,CviMVP_PlDNA_8_20231012,C2,22,CviMVP_10732,,zeasegnitz@gmail.com,C,2,zuhhotub,C2_PlDNA_8__SG_1216__f035d672
8eab5f7b,6cd9bebc,CviMVP_PlDNA_8_20231012,D2,21,CviMVP_10557,,zeasegnitz@gmail.com,D,2,rwvqiblz,D2_PlDNA_8__SG_1150__d9d44bea
48d9cad4,6cd9bebc,CviMVP_PlDNA_8_20231012,E2,20,CviMVP_12911,,zeasegnitz@gmail.com,E,2,gcti4szu,E2_PlDNA_8__SG_1964__e12c9fad
588a98ec,6cd9bebc,CviMVP_PlDNA_8_20231012,F2,22,CviMVP_12649,"lots of tissue in vial, goopy",zeasegnitz@gmail.com,F,2,64ac4ha7,F2_PlDNA_8__SG_1875__a48165f7
88d70093,6cd9bebc,CviMVP_PlDNA_8_20231012,G2,19,CviMVP_12980,,zeasegnitz@gmail.com,G,2,gwxo1inl,G2_PlDNA_8__SG_1987__51f2e064
d4b43a82,6cd9bebc,CviMVP_PlDNA_8_20231012,H2,20,CviMVP_12476,very little tissue left,zeasegnitz@gmail.com,H,2,edn7m5fo,H2_PlDNA_8__SG_1815__8b57d335
a2debd30,6cd9bebc,CviMVP_PlDNA_8_20231012,A3,21,CviMVP_10813,,zeasegnitz@gmail.com,A,3,7mmd1wah,A3_PlDNA_8__SG_1244__e32d6f62
363efa15,6cd9bebc,CviMVP_PlDNA_8_20231012,B3,19,CviMVP_11930,,zeasegnitz@gmail.com,B,3,ven9fejz,B3_PlDNA_8__SG_1630__d7ee4a92
a41deed5,6cd9bebc,CviMVP_PlDNA_8_20231012,C3,21,CviMVP_11594,,zeasegnitz@gmail.com,C,3,4maqgzki,C3_PlDNA_8__SG-sharedLotterhosPuritz_1515__7b4479d6
fca1a803,6cd9bebc,CviMVP_PlDNA_8_20231012,D3,20,CviMVP_30150,,zeasegnitz@gmail.com,D,3,1be30z07,D3_PlDNA_8__SG-sharedLotterhosPuritz_3051__0a898d6c
d1d50c87,6cd9bebc,CviMVP_PlDNA_8_20231012,E3,22,CviMVP_12878,,zeasegnitz@gmail.com,E,3,ma8vyok2,E3_PlDNA_8__SG_1953__768af66b
8b16ea6d,6cd9bebc,CviMVP_PlDNA_8_20231012,F3,22,CviMVP_12947,,zeasegnitz@gmail.com,F,3,53hr9kxp,F3_PlDNA_8__SG_1976__e7453abd
f77844cb,6cd9bebc,CviMVP_PlDNA_8_20231012,G3,22,CviMVP_12634,lots of tissue in vial,zeasegnitz@gmail.com,G,3,o8yx0n1t,G3_PlDNA_8__SG_1870__e23dc377
d5750d43,6cd9bebc,CviMVP_PlDNA_8_20231012,H3,20,CviMVP_11811,,zeasegnitz@gmail.com,H,3,64qnij3r,H3_PlDNA_8__SG_1590__6ac21255
2b895e5f,6cd9bebc,CviMVP_PlDNA_8_20231012,A4,19,CviMVP_10040,,zeasegnitz@gmail.com,A,4,fq463pp3,A4_PlDNA_8__SG_1018__d1b93996
f649a4c0,6cd9bebc,CviMVP_PlDNA_8_20231012,B4,18,CviMVP_12821,,zeasegnitz@gmail.com,B,4,t1u3uzvy,B4_PlDNA_8__SG_1934__cc08ebbc
f6c75e30,6cd9bebc,CviMVP_PlDNA_8_20231012,C4,22,CviMVP_12899,,zeasegnitz@gmail.com,C,4,pzwpqgzl,C4_PlDNA_8__SG_1960__3357f004
274d9a73,6cd9bebc,CviMVP_PlDNA_8_20231012,D4,22,CviMVP_12956,,zeasegnitz@gmail.com,D,4,tsf14s29,D4_PlDNA_8__SG_1979__4d9cf09e
3fe17707,6cd9bebc,CviMVP_PlDNA_8_20231012,E4,20,CviMVP_10465,,zeasegnitz@gmail.com,E,4,l17zhkzi,E4_PlDNA_8__SG_1110__fa506746
709dbff2,6cd9bebc,CviMVP_PlDNA_8_20231012,F4,21,CviMVP_11297,vial 11297 replaced vial 11283 as that vial had barely any tissue,zeasegnitz@gmail.com,F,4,4uv92om6,F4_PlDNA_8__SG_1413__3470f785
619aa55a,6cd9bebc,CviMVP_PlDNA_8_20231012,G4,21,CviMVP_12839,,zeasegnitz@gmail.com,G,4,nucy9938,G4_PlDNA_8__SG_1940__aa240ac0
749de48c,6cd9bebc,CviMVP_PlDNA_8_20231012,H4,22,CviMVP_12953,,zeasegnitz@gmail.com,H,4,2t0eoam9,H4_PlDNA_8__SG_1978__d8d8fcac
2059e7e9,6cd9bebc,CviMVP_PlDNA_8_20231012,A5,22,CviMVP_10667,,zeasegnitz@gmail.com,A,5,e44848n6,A5_PlDNA_8__SG_1193__ce1081da
795607ca,6cd9bebc,CviMVP_PlDNA_8_20231012,B5,22,CviMVP_12762,,zeasegnitz@gmail.com,B,5,8tnnvv6b,B5_PlDNA_8__SG_1915__6081db2b
aafaf23d,6cd9bebc,CviMVP_PlDNA_8_20231012,C5,20,CviMVP_11457,,zeasegnitz@gmail.com,C,5,l3tso54t,C5_PlDNA_8__SG_1469__a4aec96e
ff58332d,6cd9bebc,CviMVP_PlDNA_8_20231012,D5,21,CviMVP_12893,,zeasegnitz@gmail.com,D,5,chd8lhzw,D5_PlDNA_8__SG_1958__1cc13247
1ab33e72,6cd9bebc,CviMVP_PlDNA_8_20231012,E5,20,CviMVP_11972,,zeasegnitz@gmail.com,E,5,0x8pbdf7,E5_PlDNA_8__SG_1644__56daca75
dd887c84,6cd9bebc,CviMVP_PlDNA_8_20231012,F5,21,CviMVP_12093,,zeasegnitz@gmail.com,F,5,9bjjg69s,F5_PlDNA_8__SG_1685__5ab3f690
6023152a,6cd9bebc,CviMVP_PlDNA_8_20231012,G5,22,CviMVP_12806,,zeasegnitz@gmail.com,G,5,zm9euyqv,G5_PlDNA_8__SG_1929__f5d9f828
69b0443d,6cd9bebc,CviMVP_PlDNA_8_20231012,H5,20,CviMVP_11437,,zeasegnitz@gmail.com,H,5,xl9p2dl0,H5_PlDNA_8__SG_1462__7035a568
6c368b65,6cd9bebc,CviMVP_PlDNA_8_20231012,A6,21,CviMVP_12547,,zeasegnitz@gmail.com,A,6,dbbfz8vc,A6_PlDNA_8__SG-sharedLotterhosPuritz_1841__a851fd66
164b204c,6cd9bebc,CviMVP_PlDNA_8_20231012,B6,21,CviMVP_10972,,zeasegnitz@gmail.com,B,6,x9w26p8q,B6_PlDNA_8__SG_1300__44ce9ee3
402a6a12,6cd9bebc,CviMVP_PlDNA_8_20231012,C6,21,CviMVP_12214,,zeasegnitz@gmail.com,C,6,famho9vo,C6_PlDNA_8__SG-sharedLotterhosPuritz_1727__ae5c9174
4b70206c,6cd9bebc,CviMVP_PlDNA_8_20231012,D6,24,CviMVP_12974,gunky wet tissue,zeasegnitz@gmail.com,D,6,wz4xextc,D6_PlDNA_8__SG_1985__db2b8025
99b06118,6cd9bebc,CviMVP_PlDNA_8_20231012,E6,22,CviMVP_12854,,zeasegnitz@gmail.com,E,6,qhjkukpa,E6_PlDNA_8__SG_1945__47841aa2
e45635fd,6cd9bebc,CviMVP_PlDNA_8_20231012,F6,20,CviMVP_12845,,zeasegnitz@gmail.com,F,6,mp59sma9,F6_PlDNA_8__SG_1942__7d9bec89
b1d2bd1e,6cd9bebc,CviMVP_PlDNA_8_20231012,G6,21,CviMVP_12090,,zeasegnitz@gmail.com,G,6,q0q7x2ar,G6_PlDNA_8__SG_1683__f7d0048b
952641c2,6cd9bebc,CviMVP_PlDNA_8_20231012,H6,22,CviMVP_11264,,zeasegnitz@gmail.com,H,6,nu47np10,H6_PlDNA_8__SG_1399__2a0af914
9f2f0a56,6cd9bebc,CviMVP_PlDNA_8_20231012,A7,18,CviMVP_12941,,zeasegnitz@gmail.com,A,7,fgzu8xkv,A7_PlDNA_8__SG_1974__61233be3
15efb9e9,6cd9bebc,CviMVP_PlDNA_8_20231012,B7,22,CviMVP_11882,,zeasegnitz@gmail.com,B,7,uzdarwum,B7_PlDNA_8__SG_1614__19a95902
b177d86b,6cd9bebc,CviMVP_PlDNA_8_20231012,C7,21,CviMVP_10664,,zeasegnitz@gmail.com,C,7,gnlxgzly,C7_PlDNA_8__SG_1192__0fe6e60e
df6f0d31,6cd9bebc,CviMVP_PlDNA_8_20231012,D7,21,CviMVP_11552,,zeasegnitz@gmail.com,D,7,oflxr2yy,D7_PlDNA_8__SG-sharedLotterhosPuritz_1501__f7ccf56f
dd0c14df,6cd9bebc,CviMVP_PlDNA_8_20231012,E7,20,CviMVP_10833,,zeasegnitz@gmail.com,E,7,071ljzwt,E7_PlDNA_8__SG_1251__5c726cbb
870d0fab,6cd9bebc,CviMVP_PlDNA_8_20231012,F7,19,CviMVP_12917,,zeasegnitz@gmail.com,F,7,vjbdwsm3,F7_PlDNA_8__SG_1966__f8c004b4
bca5aecc,6cd9bebc,CviMVP_PlDNA_8_20231012,G7,21,CviMVP_12848,,zeasegnitz@gmail.com,G,7,pi2bwj1m,G7_PlDNA_8__SG_1943__0c49012b
88b72283,6cd9bebc,CviMVP_PlDNA_8_20231012,H7,19,CviMVP_12196,,zeasegnitz@gmail.com,H,7,toim2jjy,H7_PlDNA_8__SG-sharedLotterhosPuritz_1721__65316746
7e0df353,6cd9bebc,CviMVP_PlDNA_8_20231012,A8,22,CviMVP_12902,,zeasegnitz@gmail.com,A,8,reif051v,A8_PlDNA_8__SG_1961__5fb604b5
99bb1822,6cd9bebc,CviMVP_PlDNA_8_20231012,B8,21,CviMVP_11677,,zeasegnitz@gmail.com,B,8,uhxw2suo,B8_PlDNA_8__SG_1543__2be99652
477aeeba,6cd9bebc,CviMVP_PlDNA_8_20231012,C8,20,CviMVP_12815,,zeasegnitz@gmail.com,C,8,w3aggvsy,C8_PlDNA_8__SG_1932__20da4fab
8bae47aa,6cd9bebc,CviMVP_PlDNA_8_20231012,D8,20,CviMVP_11115,,zeasegnitz@gmail.com,D,8,kte6qiql,D8_PlDNA_8__SG_1349__2d6f6e87
e2205c3f,6cd9bebc,CviMVP_PlDNA_8_20231012,E8,22,CviMVP_10570,,zeasegnitz@gmail.com,E,8,hkmp2gum,E8_PlDNA_8__SG_1155__7a376376
9704021c,6cd9bebc,CviMVP_PlDNA_8_20231012,F8,22,CviMVP_10510,,zeasegnitz@gmail.com,F,8,4cg0ui2h,F8_PlDNA_8__SG_1132__c78437b2
add675c2,6cd9bebc,CviMVP_PlDNA_8_20231012,G8,20,CviMVP_11749,,zeasegnitz@gmail.com,G,8,gai8of3g,G8_PlDNA_8__SG_1567__d4e8b574
e945d9c1,6cd9bebc,CviMVP_PlDNA_8_20231012,H8,22,CviMVP_12184,,zeasegnitz@gmail.com,H,8,ap684glz,H8_PlDNA_8__SG_1717__4c543071
47301302,6cd9bebc,CviMVP_PlDNA_8_20231012,A9,20,CviMVP_11291,"tissue maxed out; accidentally put A10 into tube, will need to replace & re-extract",zeasegnitz@gmail.com,A,9,iicmyfwc,A9_PlDNA_8__SG_1411__7780840a
b7e09bd3,6cd9bebc,CviMVP_PlDNA_8_20231012,B9,20,CviMVP_12887,,zeasegnitz@gmail.com,B,9,dvgi8nee,B9_PlDNA_8__SG_1956__2c578cb3
73da78b7,6cd9bebc,CviMVP_PlDNA_8_20231012,C9,21,CviMVP_11231,,zeasegnitz@gmail.com,C,9,kyx4dwf3,C9_PlDNA_8__SG_1388__408449ca
2d3239e0,6cd9bebc,CviMVP_PlDNA_8_20231012,D9,19,CviMVP_11160,,zeasegnitz@gmail.com,D,9,185hsvqm,D9_PlDNA_8__SG_1364__c3cc12f7
77840c8d,6cd9bebc,CviMVP_PlDNA_8_20231012,E9,19,CviMVP_10943,,zeasegnitz@gmail.com,E,9,fh0250at,E9_PlDNA_8__SG_1290__0146de7c
7295a085,6cd9bebc,CviMVP_PlDNA_8_20231012,F9,20,CviMVP_11549,,zeasegnitz@gmail.com,F,9,befql7no,F9_PlDNA_8__SG-sharedLotterhosPuritz_1500__66a95736
a9d593dd,6cd9bebc,CviMVP_PlDNA_8_20231012,G9,18,CviMVP_11050,,zeasegnitz@gmail.com,G,9,ri17nf77,G9_PlDNA_8__SG_1327__ed207175
1f8c60dc,6cd9bebc,CviMVP_PlDNA_8_20231012,H9,19,CviMVP_12938,,zeasegnitz@gmail.com,H,9,k2u0wavl,H9_PlDNA_8__SG_1973__6e1dd4a0
90e2a081,6cd9bebc,CviMVP_PlDNA_8_20231012,A10,23,CviMVP_12363,,zeasegnitz@gmail.com,A,10,xbdt70t4,A10_PlDNA_8__SG-sharedLotterhosPuritz_1777__59910a02
ae18afcb,6cd9bebc,CviMVP_PlDNA_8_20231012,B10,21,CviMVP_12968,,zeasegnitz@gmail.com,B,10,hzi9s3cb,B10_PlDNA_8__SG_1983__1d443376
aa63b70a,6cd9bebc,CviMVP_PlDNA_8_20231012,C10,20,CviMVP_12827,,zeasegnitz@gmail.com,C,10,acuq3bl2,C10_PlDNA_8__SG_1936__1b3e42a8
16d156ca,6cd9bebc,CviMVP_PlDNA_8_20231012,D10,20,CviMVP_10755,,zeasegnitz@gmail.com,D,10,jn5jn1j4,D10_PlDNA_8__SG_1224__1f808b18
5c4da3f1,6cd9bebc,CviMVP_PlDNA_8_20231012,E10,18,CviMVP_12803,,zeasegnitz@gmail.com,E,10,wwgndpqq,E10_PlDNA_8__SG_1928__e5d81d6d
48a748f7,6cd9bebc,CviMVP_PlDNA_8_20231012,F10,22,CviMVP_30072,"barely any tissue, no ethanol in original vial 30066- need to replace - replaced with 30072",zeasegnitz@gmail.com,F,10,55993seo,F10_PlDNA_8__SG-sharedLotterhosPuritz_3024__46a33a07
fffad230,6cd9bebc,CviMVP_PlDNA_8_20231012,G10,19,CviMVP_10285,,zeasegnitz@gmail.com,G,10,ro0mqd18,G10_PlDNA_8__SG_1044__2065a9df
06aaef97,6cd9bebc,CviMVP_PlDNA_8_20231012,H10,20,CviMVP_12863,,zeasegnitz@gmail.com,H,10,pbesidun,H10_PlDNA_8__SG_1948__72ad7752
d9a206cc,6cd9bebc,CviMVP_PlDNA_8_20231012,A11,21,CviMVP_30101,"not enough tissue in vial 30098, replace with 30101 (indiv 3034)",zeasegnitz@gmail.com,A,11,c9qo1y5y,A11_PlDNA_8__SG-sharedLotterhosPuritz_3034__e2c30345
298e94d3,6cd9bebc,CviMVP_PlDNA_8_20231012,B11,20,CviMVP_11414,,zeasegnitz@gmail.com,B,11,4dxo0otp,B11_PlDNA_8__SG_1454__7119b428
347b621a,6cd9bebc,CviMVP_PlDNA_8_20231012,C11,23,CviMVP_12768,"vial sightly pressurized, tons of tissue",zeasegnitz@gmail.com,C,11,7vfqqtsp,C11_PlDNA_8__SG_1914__2afde6ae
c8614661,6cd9bebc,CviMVP_PlDNA_8_20231012,D11,22,CviMVP_12408,,zeasegnitz@gmail.com,D,11,tkncq62q,D11_PlDNA_8__SG_1792__ce78a1ce
da391482,6cd9bebc,CviMVP_PlDNA_8_20231012,E11,21,CviMVP_12872,,zeasegnitz@gmail.com,E,11,u0yhytng,E11_PlDNA_8__SG_1951__9c0cb988
0a770e4a,6cd9bebc,CviMVP_PlDNA_8_20231012,F11,21,CviMVP_12535,,zeasegnitz@gmail.com,F,11,9q7bmlah,F11_PlDNA_8__SG_1837__3e5f9953
12a7530c,6cd9bebc,CviMVP_PlDNA_8_20231012,G11,21,CviMVP_10435,,zeasegnitz@gmail.com,G,11,b4jaokdl,G11_PlDNA_8__SG_1096__6f8b4b94
03761f94,6cd9bebc,CviMVP_PlDNA_8_20231012,H11,22,CviMVP_11056,,zeasegnitz@gmail.com,H,11,2rkv0ssb,H11_PlDNA_8__SG_1329__10b5f219
69209417,6cd9bebc,CviMVP_PlDNA_8_20231012,A12,18,CviMVP_10568,,zeasegnitz@gmail.com,A,12,su1rjqoy,A12_PlDNA_8__SG_1154__0a8fa4a5
937fe7a9,6cd9bebc,CviMVP_PlDNA_8_20231012,B12,21,CviMVP_10100,,zeasegnitz@gmail.com,B,12,wjy5iyx6,B12_PlDNA_8__SG_1036__906d5a68
1419ad86,6cd9bebc,CviMVP_PlDNA_8_20231012,C12,22,CviMVP_10491,,zeasegnitz@gmail.com,C,12,y2sthfj7,C12_PlDNA_8__SG_1122__c4a094b0
1797c39c,6cd9bebc,CviMVP_PlDNA_8_20231012,D12,20,CviMVP_12413,,zeasegnitz@gmail.com,D,12,y9q9zq61,D12_PlDNA_8__SG_1794__9f4a3c1c
2761daee,6cd9bebc,CviMVP_PlDNA_8_20231012,E12,20,CviMVP_11817,,zeasegnitz@gmail.com,E,12,fh53fva5,E12_PlDNA_8__SG_1592__b9c4b9d7
2fcfb5a5,6cd9bebc,CviMVP_PlDNA_8_20231012,F12,22,CviMVP_10308,,zeasegnitz@gmail.com,F,12,mvip3n8f,F12_PlDNA_8__SG_1053__950c6b7a
086f39d6,6cd9bebc,CviMVP_PlDNA_8_20231012,G12,20,CviMVP_12598,gunky wet tissue,zeasegnitz@gmail.com,G,12,egaqx2gw,G12_PlDNA_8__SG-sharedLotterhosPuritz_1858__c4b9118b
31e9c07b,6cd9bebc,CviMVP_PlDNA_8_20231012,H12,18,CviMVP_12297,,zeasegnitz@gmail.com,H,12,uoc0shnk,H12_PlDNA_8__SG-sharedLotterhosPuritz_1755__01e5dbdc
c9a074ce,9e1f633a,CviMVP_PlDNA_8_Reextractions,B2,19,CviMVP_12923,,eppley.madeline@gmail.com,B,2,szr8lg1m,B2_PlDNA_8__SG_1968__395d59b2
d4ffd1c1,9e1f633a,CviMVP_PlDNA_8_Reextractions,E2,21,CviMVP_12911,,eppley.madeline@gmail.com,E,2,gcti4szu,E2_PlDNA_8__SG_1964__e12c9fad
f80d2129,9e1f633a,CviMVP_PlDNA_8_Reextractions,G2,20,CviMVP_12980,,eppley.madeline@gmail.com,G,2,gwxo1inl,G2_PlDNA_8__SG_1987__51f2e064
5e8b4684,61d23f15,CviMVP_PlDNA_8_Replace_H2,H2,20,CviMVP_12482,,eppley.madeline@gmail.com,H,2,b98e3b08,H2_CviMVP_PlDNA_8_Replace__SG_1817__40830da8
4400000f,9e1f633a,CviMVP_PlDNA_8_Reextractions,A3,21,CviMVP_10813,,eppley.madeline@gmail.com,A,3,7mmd1wah,A3_PlDNA_8__SG_1244__e32d6f62
eb061b96,9e1f633a,CviMVP_PlDNA_8_Reextractions,D3,20,CviMVP_30150,,eppley.madeline@gmail.com,D,3,1be30z07,D3_PlDNA_8__SG-sharedLotterhosPuritz_3051__0a898d6c
2435f121,9e1f633a,CviMVP_PlDNA_8_Reextractions,H3,19,CviMVP_11811,,eppley.madeline@gmail.com,H,3,64qnij3r,H3_PlDNA_8__SG_1590__6ac21255
5a7420bf,9e1f633a,CviMVP_PlDNA_8_Reextractions,A4,21,CviMVP_10040,Very gunky tissue- chunk of mantle in vial,eppley.madeline@gmail.com,A,4,fq463pp3,A4_PlDNA_8__SG_1018__d1b93996
7b4d1f74,9e1f633a,CviMVP_PlDNA_8_Reextractions,E5,21,CviMVP_11972,,eppley.madeline@gmail.com,E,5,0x8pbdf7,E5_PlDNA_8__SG_1644__56daca75
e63d7a72,9e1f633a,CviMVP_PlDNA_8_Reextractions,H5,22,CviMVP_11437,,eppley.madeline@gmail.com,H,5,xl9p2dl0,H5_PlDNA_8__SG_1462__7035a568
1f2c3b6c,9e1f633a,CviMVP_PlDNA_8_Reextractions,B7,21,CviMVP_11882,,eppley.madeline@gmail.com,B,7,uzdarwum,B7_PlDNA_8__SG_1614__19a95902
5743c75b,9e1f633a,CviMVP_PlDNA_8_Reextractions,D7,21,CviMVP_11552,,eppley.madeline@gmail.com,D,7,oflxr2yy,D7_PlDNA_8__SG-sharedLotterhosPuritz_1501__f7ccf56f
309eba02,9e1f633a,CviMVP_PlDNA_8_Reextractions,C8,21,CviMVP_12815,,eppley.madeline@gmail.com,C,8,w3aggvsy,C8_PlDNA_8__SG_1932__20da4fab
3d6e10c2,9e1f633a,CviMVP_PlDNA_8_Reextractions,H8,22,CviMVP_12184,,eppley.madeline@gmail.com,H,8,ap684glz,H8_PlDNA_8__SG_1717__4c543071
13e6fb60,da9c0f37,CviMVP_PlDNA_8_Replace_A9,A9,20,CviMVP_11293,,eppley.madeline@gmail.com,A,9,8cdb4b2b,A9_CviMVP_PlDNA_8_Replace__SG_1412__25359cc5
d662a896,9e1f633a,CviMVP_PlDNA_8_Reextractions,C9,20,CviMVP_11231,,eppley.madeline@gmail.com,C,9,kyx4dwf3,C9_PlDNA_8__SG_1388__408449ca
4975081b,9e1f633a,CviMVP_PlDNA_8_Reextractions,F9,22,CviMVP_11549,,eppley.madeline@gmail.com,F,9,befql7no,F9_PlDNA_8__SG-sharedLotterhosPuritz_1500__66a95736
82791833,9e1f633a,CviMVP_PlDNA_8_Reextractions,G9,22,CviMVP_11050,,eppley.madeline@gmail.com,G,9,ri17nf77,G9_PlDNA_8__SG_1327__ed207175
06573ac0,9e1f633a,CviMVP_PlDNA_8_Reextractions,A10,20,CviMVP_12363,,eppley.madeline@gmail.com,A,10,xbdt70t4,A10_PlDNA_8__SG-sharedLotterhosPuritz_1777__59910a02
578a3418,9e1f633a,CviMVP_PlDNA_8_Reextractions,B10,19,CviMVP_12968,,eppley.madeline@gmail.com,B,10,hzi9s3cb,B10_PlDNA_8__SG_1983__1d443376
1b610a23,9e1f633a,CviMVP_PlDNA_8_Reextractions,C10,22,CviMVP_12827,,eppley.madeline@gmail.com,C,10,acuq3bl2,C10_PlDNA_8__SG_1936__1b3e42a8
6d10c121,9e1f633a,CviMVP_PlDNA_8_Reextractions,B11,20,CviMVP_11414,,eppley.madeline@gmail.com,B,11,4dxo0otp,B11_PlDNA_8__SG_1454__7119b428
a35c3c87,9e1f633a,CviMVP_PlDNA_8_Reextractions,B12,18,CviMVP_10100,,eppley.madeline@gmail.com,B,12,wjy5iyx6,B12_PlDNA_8__SG_1036__906d5a68
59fda389,9e1f633a,CviMVP_PlDNA_8_Reextractions,F12,21,CviMVP_10308,,eppley.madeline@gmail.com,F,12,mvip3n8f,F12_PlDNA_8__SG_1053__950c6b7a
0b110f95,448dbaac,CviMVP_PlDNA_9_20240124,A1,20,CviMVP_12375,,eppley.madeline@gmail.com,A,1,bhu7nlpa,A1_PlDNA_9__SG_1781__7f410d51
c5b6b038,448dbaac,CviMVP_PlDNA_9_20240124,B1,20,CviMVP_130521,,eppley.madeline@gmail.com,B,1,ekfy8o1a,B1_PlDNA_9__SG_2064__0d827eb8
36433786,448dbaac,CviMVP_PlDNA_9_20240124,C1,20,CviMVP_131641,,eppley.madeline@gmail.com,C,1,oqf099xy,C1_PlDNA_9__SG_2101__3afce4c2
a93adf68,448dbaac,CviMVP_PlDNA_9_20240124,E1,21,CviMVP_15188,,eppley.madeline@gmail.com,E,1,6k0jgnd6,E1_PlDNA_9__SG_2057__f18670d4
6744cb22,448dbaac,CviMVP_PlDNA_9_20240124,D1,22,CviMVP_15137,,eppley.madeline@gmail.com,D,1,674b2npf,D1_PlDNA_9__SG_2040__dc33a58e
ba08ebb0,448dbaac,CviMVP_PlDNA_9_20240124,F1,22,CviMVP_12303,,eppley.madeline@gmail.com,F,1,w4a1tbxd,F1_PlDNA_9__SG-sharedLotterhosPuritz_1757__049f813c
a8c47e7a,448dbaac,CviMVP_PlDNA_9_20240124,G1,21,CviMVP_11460,,eppley.madeline@gmail.com,G,1,03wtlsmc,G1_PlDNA_9__SG_1470__6cd46626
7155c1c8,448dbaac,CviMVP_PlDNA_9_20240124,H1,22,CviMVP_12491,,eppley.madeline@gmail.com,H,1,gxbxb8vr,H1_PlDNA_9__SG_1820__b614e69e
e0e3e576,448dbaac,CviMVP_PlDNA_9_20240124,A2,19,CviMVP_11148,,eppley.madeline@gmail.com,A,2,r0n6com1,A2_PlDNA_9__SG_1360__c5b3f2ee
5d74e98a,448dbaac,CviMVP_PlDNA_9_20240124,B2,22,CviMVP_10471,,eppley.madeline@gmail.com,B,2,o9ph19r2,B2_PlDNA_9__SG_1113__ca8c8025
e8e23be7,448dbaac,CviMVP_PlDNA_9_20240124,C2,20,CviMVP_10057,,eppley.madeline@gmail.com,C,2,edzgw3a8,C2_PlDNA_9__SG_1025__43336380
f84f7e82,448dbaac,CviMVP_PlDNA_9_20240124,D2,20,CviMVP_10978,,eppley.madeline@gmail.com,D,2,0ku4omwy,D2_PlDNA_9__SG_1302__062f683c
aedad43c,448dbaac,CviMVP_PlDNA_9_20240124,E2,21,CviMVP_11984,,eppley.madeline@gmail.com,E,2,vr7isea4,E2_PlDNA_9__SG_1648__95efc17e
c255dce5,448dbaac,CviMVP_PlDNA_9_20240124,F2,20,CviMVP_12736,,eppley.madeline@gmail.com,F,2,haqgoyz8,F2_PlDNA_9__SG_1905__1d855527
96d9bdbd,448dbaac,CviMVP_PlDNA_9_20240124,G2,19,CviMVP_10366,,eppley.madeline@gmail.com,G,2,85j0kzmi,G2_PlDNA_9__SG_1073__bd1c4a4b
2b91a4c9,448dbaac,CviMVP_PlDNA_9_20240124,A3,21,CviMVP_12713,,eppley.madeline@gmail.com,A,3,v18zhwqb,A3_PlDNA_9__SG_1897__a4e3658f
d0a97983,448dbaac,CviMVP_PlDNA_9_20240124,H2,21,CviMVP_12977,,eppley.madeline@gmail.com,H,2,6v6c38gk,H2_PlDNA_9__SG_1986__c1f242a3
311d091b,448dbaac,CviMVP_PlDNA_9_20240124,C3,22,CviMVP_130551,,eppley.madeline@gmail.com,C,3,jdj7wmhb,C3_PlDNA_9__SG_2065__727d1736
3189656c,448dbaac,CviMVP_PlDNA_9_20240124,B3,19,CviMVP_130791,,eppley.madeline@gmail.com,B,3,1okxhgoa,B3_PlDNA_9__SG_2073__c2b8621b
f3f7ce97,448dbaac,CviMVP_PlDNA_9_20240124,D3,22,CviMVP_10772,,eppley.madeline@gmail.com,D,3,spwjn0pq,D3_PlDNA_9__SG_1230__2ae16b20
3e6bb9ac,448dbaac,CviMVP_PlDNA_9_20240124,E3,18,CviMVP_11352,,eppley.madeline@gmail.com,E,3,o8pzkajs,E3_PlDNA_9__SG_1433__7ac28abe
005d87d8,448dbaac,CviMVP_PlDNA_9_20240124,F3,20,CviMVP_131571,,eppley.madeline@gmail.com,F,3,4s7pwp9z,F3_PlDNA_9__SG_2099__8f119d72
72802f48,448dbaac,CviMVP_PlDNA_9_20240124,G3,19,CviMVP_131451,,eppley.madeline@gmail.com,G,3,t4sq3gli,G3_PlDNA_9__SG_2095__d4b38e21
7d485034,448dbaac,CviMVP_PlDNA_9_20240124,H3,20,CviMVP_12818,,eppley.madeline@gmail.com,H,3,yvca1qjo,H3_PlDNA_9__SG_1933__203e3d9f
300a9cda,448dbaac,CviMVP_PlDNA_9_20240124,A4,21,CviMVP_10766,,eppley.madeline@gmail.com,A,4,1k6xpg7w,A4_PlDNA_9__SG_1228__f84802b3
295428c7,448dbaac,CviMVP_PlDNA_9_20240124,B4,18,CviMVP_12342,,eppley.madeline@gmail.com,B,4,rm2oic2l,B4_PlDNA_9__SG-sharedLotterhosPuritz_1770__5603bc09
2bdcce02,448dbaac,CviMVP_PlDNA_9_20240124,C4,20,CviMVP_10554,,eppley.madeline@gmail.com,C,4,wi2h05q6,C4_PlDNA_9__SG_1149__75628f53
4cad6c7c,448dbaac,CviMVP_PlDNA_9_20240124,D4,22,CviMVP_130341,"Vial didn't have the extra ""1"" at the end, but it came from the correct freezer box",eppley.madeline@gmail.com,D,4,p3zhps8i,D4_PlDNA_9__SG_2005__7864d4b8
0cb6f3f4,448dbaac,CviMVP_PlDNA_9_20240124,E4,19,CviMVP_11826,,eppley.madeline@gmail.com,E,4,z4tn8nj9,E4_PlDNA_9__SG_1595__bc82001d
c30ba916,448dbaac,CviMVP_PlDNA_9_20240124,F4,22,CviMVP_131181,,eppley.madeline@gmail.com,F,4,ceuz76ev,F4_PlDNA_9__SG_2086__90eb25bf
ce176a4c,448dbaac,CviMVP_PlDNA_9_20240124,G4,22,CviMVP_12733,,eppley.madeline@gmail.com,G,4,p7quu4qm,G4_PlDNA_9__SG_1904__a0ecfc23
bdf772c4,448dbaac,CviMVP_PlDNA_9_20240124,H4,22,CviMVP_15097,,eppley.madeline@gmail.com,H,4,1lipockt,H4_PlDNA_9__SG_2026__d4e67cae
06553b9f,448dbaac,CviMVP_PlDNA_9_20240124,A5,20,CviMVP_15170,,eppley.madeline@gmail.com,A,5,se3gik95,A5_PlDNA_9__SG_2051__8fd6c592
d0733a77,448dbaac,CviMVP_PlDNA_9_20240124,B5,21,CviMVP_11015,,eppley.madeline@gmail.com,B,5,97s261z5,B5_PlDNA_9__SG_1315__bbdc8fb5
19291712,448dbaac,CviMVP_PlDNA_9_20240124,C5,19,CviMVP_11039,,eppley.madeline@gmail.com,C,5,q42zgfza,C5_PlDNA_9__SG_1323__be0b8284
50acafd9,448dbaac,CviMVP_PlDNA_9_20240124,D5,19,CviMVP_10655,,eppley.madeline@gmail.com,D,5,hnkbamqg,D5_PlDNA_9__SG_1189__141d1f5c
,,,,,,,,,,,
c20788aa,448dbaac,CviMVP_PlDNA_9_20240124,E5,22,CviMVP_10048,,eppley.madeline@gmail.com,E,5,kl4takzt,E5_PlDNA_9__SG_1023__d57a40a5
ff921ffc,448dbaac,CviMVP_PlDNA_9_20240124,F5,19,CviMVP_11570,,eppley.madeline@gmail.com,F,5,54g1ur86,F5_PlDNA_9__SG-sharedLotterhosPuritz_1507__bc4a0c29
833c6b95,448dbaac,CviMVP_PlDNA_9_20240124,G5,22,CviMVP_130881,,eppley.madeline@gmail.com,G,5,80ok5imo,G5_PlDNA_9__SG_2076__10d3cadc
f6c1d41a,448dbaac,CviMVP_PlDNA_9_20240124,A6,21,CviMVP_15200,,eppley.madeline@gmail.com,A,6,54bpodz1,A6_PlDNA_9__SG_2061__4151017c
927a4f21,448dbaac,CviMVP_PlDNA_9_20240124,H5,20,CviMVP_10423,,eppley.madeline@gmail.com,H,5,uh4p1zwy,H5_PlDNA_9__SG_1093__c9ed3857
ed2152aa,448dbaac,CviMVP_PlDNA_9_20240124,C6,19,CviMVP_15055,,eppley.madeline@gmail.com,C,6,ebcd29eu,C6_PlDNA_9__SG_2012__f47e7f81
4a220a29,448dbaac,CviMVP_PlDNA_9_20240124,B6,20,CviMVP_12944,,eppley.madeline@gmail.com,B,6,7jzhjymf,B6_PlDNA_9__SG_1975__b2a7e292
eaaa01fe,448dbaac,CviMVP_PlDNA_9_20240124,D6,18,CviMVP_10613,,eppley.madeline@gmail.com,D,6,5hpjtd73,D6_PlDNA_9__SG_1174__ee66e4d4
e23c210f,448dbaac,CviMVP_PlDNA_9_20240124,E6,22,CviMVP_130131,,eppley.madeline@gmail.com,E,6,83l6l43z,E6_PlDNA_9__SG_1998__fe47af3b
8d3b8a0d,448dbaac,CviMVP_PlDNA_9_20240124,F6,18,CviMVP_11885,,eppley.madeline@gmail.com,F,6,490f8pzx,F6_PlDNA_9__SG_1615__6a27a919
ee2d97fd,448dbaac,CviMVP_PlDNA_9_20240124,G6,22,CviMVP_11936,,eppley.madeline@gmail.com,G,6,hh4smhgq,G6_PlDNA_9__SG_1632__a51500b0
d1d1165e,448dbaac,CviMVP_PlDNA_9_20240124,H6,18,CviMVP_130101,,eppley.madeline@gmail.com,H,6,ol4f4tio,H6_PlDNA_9__SG_1997__cb99d215
324638a8,448dbaac,CviMVP_PlDNA_9_20240124,A7,19,CviMVP_12986,,eppley.madeline@gmail.com,A,7,qfw0n9vb,A7_PlDNA_9__SG_1989__45751c77
23117299,448dbaac,CviMVP_PlDNA_9_20240124,B7,22,CviMVP_12843,,eppley.madeline@gmail.com,B,7,ka0ilw7t,B7_PlDNA_9__SG_1941__5582645b
29e7ee56,448dbaac,CviMVP_PlDNA_9_20240124,C7,21,CviMVP_134061,,eppley.madeline@gmail.com,C,7,g2z7svgh,C7_PlDNA_9__SG_2062__63c77cac
f16953a7,448dbaac,CviMVP_PlDNA_9_20240124,D7,22,CviMVP_131541,,eppley.madeline@gmail.com,D,7,cb6512xi,D7_PlDNA_9__SG_2098__f762beac
3ad009da,448dbaac,CviMVP_PlDNA_9_20240124,E7,18,CviMVP_11743,,eppley.madeline@gmail.com,E,7,26w6mxmc,E7_PlDNA_9__SG_1565__422b7170
c75c583d,448dbaac,CviMVP_PlDNA_9_20240124,G7,18,CviMVP_12905,,eppley.madeline@gmail.com,G,7,q0w57zak,G7_PlDNA_9__SG_1962__f1cb5d7f
7923a37e,448dbaac,CviMVP_PlDNA_9_20240124,F7,22,CviMVP_10822,,eppley.madeline@gmail.com,F,7,vvutk6tc,F7_PlDNA_9__SG_1247__16de1608
c46d1dd3,448dbaac,CviMVP_PlDNA_9_20240124,H7,19,CviMVP_10735,,eppley.madeline@gmail.com,H,7,coyoh3wi,H7_PlDNA_9__SG_1217__1140f0e6
285e56e0,448dbaac,CviMVP_PlDNA_9_20240124,A8,18,CviMVP_10623,,eppley.madeline@gmail.com,A,8,xincdhdr,A8_PlDNA_9__SG_1178__c91e54a1
e7b79b80,448dbaac,CviMVP_PlDNA_9_20240124,B8,18,CviMVP_131361,,eppley.madeline@gmail.com,B,8,t8xrxrjj,B8_PlDNA_9__SG_2092__9107cc79
aa653de3,448dbaac,CviMVP_PlDNA_9_20240124,C8,21,CviMVP_131301,,eppley.madeline@gmail.com,C,8,j5dpuvrc,C8_PlDNA_9__SG_2090__050351ba
58729df7,448dbaac,CviMVP_PlDNA_9_20240124,D8,22,CviMVP_11564,,eppley.madeline@gmail.com,D,8,mnukp2ve,D8_PlDNA_9__SG-sharedLotterhosPuritz_1505__87833e2e
4cc1abf3,448dbaac,CviMVP_PlDNA_9_20240124,E8,18,CviMVP_11012,,eppley.madeline@gmail.com,E,8,ks43qkqj,E8_PlDNA_9__SG_1314__03cbe437
ebf97be0,448dbaac,CviMVP_PlDNA_9_20240124,F8,20,CviMVP_12965,,eppley.madeline@gmail.com,F,8,1q01a4hz,F8_PlDNA_9__SG_1982__cdc0db57
86eea4bc,448dbaac,CviMVP_PlDNA_9_20240124,G8,20,CviMVP_11228,,eppley.madeline@gmail.com,G,8,yqm6zrmx,G8_PlDNA_9__SG_1387__2f72692a
40313c99,448dbaac,CviMVP_PlDNA_9_20240124,H8,21,CviMVP_11382,,eppley.madeline@gmail.com,H,8,23viccyv,H8_PlDNA_9__SG_1443__8b09f1b1
f123a14e,448dbaac,CviMVP_PlDNA_9_20240124,A9,21,CviMVP_15116,,eppley.madeline@gmail.com,A,9,ak5j60d5,A9_PlDNA_9__SG_2033__2d4e3341
a9356e48,448dbaac,CviMVP_PlDNA_9_20240124,B9,20,CviMVP_131211,,eppley.madeline@gmail.com,B,9,93v9k4pj,B9_PlDNA_9__SG_2087__fcc7e794
ebe61e41,448dbaac,CviMVP_PlDNA_9_20240124,C9,22,CviMVP_15167,,eppley.madeline@gmail.com,C,9,2mub4ltj,C9_PlDNA_9__SG_2050__56b2035f
01ad683d,448dbaac,CviMVP_PlDNA_9_20240124,D9,19,CviMVP_12387,,eppley.madeline@gmail.com,D,9,vial4nlm,D9_PlDNA_9__SG_1785__fa2d628c
aeb66940,448dbaac,CviMVP_PlDNA_9_20240124,E9,21,CviMVP_11139,,eppley.madeline@gmail.com,E,9,2lzoluri,E9_PlDNA_9__SG_1357__58c0530b
3d852219,448dbaac,CviMVP_PlDNA_9_20240124,F9,18,CviMVP_10349,,eppley.madeline@gmail.com,F,9,7bxfusxs,F9_PlDNA_9__SG_1067__8d996fb4
49de07f3,448dbaac,CviMVP_PlDNA_9_20240124,G9,22,CviMVP_15173,,eppley.madeline@gmail.com,G,9,8loxvnz3,G9_PlDNA_9__SG_2052__f6325207
c96bfe7f,448dbaac,CviMVP_PlDNA_9_20240124,H9,21,CviMVP_11445,,eppley.madeline@gmail.com,H,9,bpij6lyb,H9_PlDNA_9__SG_1465__fcaf0737
f821eb63,448dbaac,CviMVP_PlDNA_9_20240124,A10,18,CviMVP_11172,,eppley.madeline@gmail.com,A,10,sv2mr28c,A10_PlDNA_9__SG_1368__c77fd73e
3ed15f36,448dbaac,CviMVP_PlDNA_9_20240124,B10,18,CviMVP_10363,,eppley.madeline@gmail.com,B,10,5jtctd6m,B10_PlDNA_9__SG_1072__ecf788f5
5ab8579d,448dbaac,CviMVP_PlDNA_9_20240124,C10,22,CviMVP_11255,,eppley.madeline@gmail.com,C,10,epbtikbh,C10_PlDNA_9__SG_1396__9210bd0b
d6c5b27d,448dbaac,CviMVP_PlDNA_9_20240124,D10,20,CviMVP_130971,,eppley.madeline@gmail.com,D,10,mipxwyh2,D10_PlDNA_9__SG_2079__aa2812ca
13f9a9ba,448dbaac,CviMVP_PlDNA_9_20240124,E10,19,CviMVP_15197,,eppley.madeline@gmail.com,E,10,6dkgsp8g,E10_PlDNA_9__SG_2060__51453c8e
7d7d1f28,448dbaac,CviMVP_PlDNA_9_20240124,F10,21,CviMVP_30081,,eppley.madeline@gmail.com,F,10,8v4hpstp,F10_PlDNA_9__SG-sharedLotterhosPuritz_3027__c7057db0
2e8499cd,448dbaac,CviMVP_PlDNA_9_20240124,G10,19,CviMVP_30108,Incorrect vial number - vial is 30018. Put into plate,eppley.madeline@gmail.com,G,10,h4nvjobt,G10_PlDNA_9__SG-sharedLotterhosPuritz_3037__a3dbbbac
5a9fdc4c,448dbaac,CviMVP_PlDNA_9_20240124,H10,22,CviMVP_131391,,eppley.madeline@gmail.com,H,10,p6v6f5no,H10_PlDNA_9__SG_2093__b7ab79f2
d3d99d5c,448dbaac,CviMVP_PlDNA_9_20240124,A11,19,CviMVP_10778,,eppley.madeline@gmail.com,A,11,1g4sa5ef,A11_PlDNA_9__SG_1232__7ec57c2f
2fe02ee1,448dbaac,CviMVP_PlDNA_9_20240124,B11,22,CviMVP_15070,,eppley.madeline@gmail.com,B,11,btpzkqzm,B11_PlDNA_9__SG_2017__21ebaf27
62efbcad,448dbaac,CviMVP_PlDNA_9_20240124,C11,18,CviMVP_15122,,eppley.madeline@gmail.com,C,11,mvc41rhl,C11_PlDNA_9__SG_2035__fe995562
4587d1ff,448dbaac,CviMVP_PlDNA_9_20240124,E11,19,CviMVP_15064,,eppley.madeline@gmail.com,E,11,aux6yvym,E11_PlDNA_9__SG_2015__5f30e515
b567458f,448dbaac,CviMVP_PlDNA_9_20240124,D11,22,CviMVP_15143,,eppley.madeline@gmail.com,D,11,r0b5uv81,D11_PlDNA_9__SG_2042__661e376f
df2b11ea,448dbaac,CviMVP_PlDNA_9_20240124,G11,21,CviMVP_15046,,eppley.madeline@gmail.com,G,11,3076h5c2,G11_PlDNA_9__SG_2009__c8217fce
51f6c259,448dbaac,CviMVP_PlDNA_9_20240124,F11,22,CviMVP_130311,,eppley.madeline@gmail.com,F,11,r1qlu30t,F11_PlDNA_9__SG_2004__15538084
612d6f97,448dbaac,CviMVP_PlDNA_9_20240124,A12,19,CviMVP_10658,,eppley.madeline@gmail.com,A,12,sgorls2t,A12_PlDNA_9__SG_1190__99b8c3ee
fa354411,448dbaac,CviMVP_PlDNA_9_20240124,H11,21,CviMVP_15161,,eppley.madeline@gmail.com,H,11,3zlo86ib,H11_PlDNA_9__SG_2048__d143067d
889e4aab,448dbaac,CviMVP_PlDNA_9_20240124,C12,20,CviMVP_131151,,eppley.madeline@gmail.com,C,12,fzkbjo3j,C12_PlDNA_9__SG_2085__9e9d2027
725d7dd0,448dbaac,CviMVP_PlDNA_9_20240124,B12,18,CviMVP_131091,,eppley.madeline@gmail.com,B,12,p9cdktcf,B12_PlDNA_9__SG_2083__c9e957d2
ab4fabb9,448dbaac,CviMVP_PlDNA_9_20240124,E12,20,CviMVP_15061,,eppley.madeline@gmail.com,E,12,5i3m2r34,E12_PlDNA_9__SG_2014__4508c3ac
ab077812,448dbaac,CviMVP_PlDNA_9_20240124,D12,20,CviMVP_11261,,eppley.madeline@gmail.com,D,12,p753u0nr,D12_PlDNA_9__SG_1398__5a46f7b5
50782377,448dbaac,CviMVP_PlDNA_9_20240124,F12,19,CviMVP_15146,,eppley.madeline@gmail.com,F,12,6p8pw3ij,F12_PlDNA_9__SG_2043__cb780332
8a340343,448dbaac,CviMVP_PlDNA_9_20240124,H12,22,CviMVP_12983,,eppley.madeline@gmail.com,H,12,8oc191x5,H12_PlDNA_9__SG_1988__a8aedd8e
7e11e363,448dbaac,CviMVP_PlDNA_9_20240124,G12,,CviMVP_12087,Input on 3/21/2024 after doing missing data check - entry for G12 was missing. Unknown mg_tissue in extraction.,eppley.madeline@gmail.com,G,12,qoxlv687,G12_PlDNA_9__SG_1684__90d17b66
4b396465,025fcacb,CviMVP_PlDNA_10,A1,20,CviMVP_12396,,eppley.madeline@gmail.com,A,1,33jiv8k3,A1_PlDNA_10__SG_1788__5e94a232
6b0b8454,025fcacb,CviMVP_PlDNA_10,B1,21,CviMVP_12995,,eppley.madeline@gmail.com,B,1,ifbbfl2w,B1_PlDNA_10__SG_1992__a1957416
9c9e1bce,025fcacb,CviMVP_PlDNA_10,C1,21,CviMVP_11277,not a lot of tissue left,eppley.madeline@gmail.com,C,1,oa3nrajn,C1_PlDNA_10__SG_1405__db366b9b
0e0a9158,025fcacb,CviMVP_PlDNA_10,D1,21,CviMVP_131331,,eppley.madeline@gmail.com,D,1,2608ybqw,D1_PlDNA_10__SG_2091__372072dd
132a6c21,025fcacb,CviMVP_PlDNA_10,E1,20,CviMVP_11588,,eppley.madeline@gmail.com,E,1,k3i2vzx5,E1_PlDNA_10__SG-sharedLotterhosPuritz_1513__6c83a6da
93d52ea7,025fcacb,CviMVP_PlDNA_10,F1,21,CviMVP_15140,,eppley.madeline@gmail.com,F,1,kwqtd3il,F1_PlDNA_10__SG_2041__b9a3bfb4
b3098023,025fcacb,CviMVP_PlDNA_10,G1,22,CviMVP_12698,,eppley.madeline@gmail.com,G,1,uofesqmz,G1_PlDNA_10__SG_1892__34807bab
d20a6ee0,025fcacb,CviMVP_PlDNA_10,H1,21,CviMVP_12959,,eppley.madeline@gmail.com,H,1,ykswskvd,H1_PlDNA_10__SG_1980__7a4f292f
3f1de77e,025fcacb,CviMVP_PlDNA_10,A2,21,CviMVP_15110,,eppley.madeline@gmail.com,A,2,f0o0nn67,A2_PlDNA_10__SG_2031__4c9fc050
8f0d269c,025fcacb,CviMVP_PlDNA_10,B2,21,CviMVP_12619,,eppley.madeline@gmail.com,B,2,z7n9z24i,B2_PlDNA_10__SG-sharedLotterhosPuritz_1865__d6963291
52bc01e3,025fcacb,CviMVP_PlDNA_10,C2,21,CviMVP_130281,,eppley.madeline@gmail.com,C,2,ya8ebrpt,C2_PlDNA_10__SG_2003__b40d508d
2501430d,025fcacb,CviMVP_PlDNA_10,D2,20,CviMVP_12121,,eppley.madeline@gmail.com,D,2,i6zu0u63,D2_PlDNA_10__SG_1695__0eae69c4
d0745ba9,025fcacb,CviMVP_PlDNA_10,E2,22,CviMVP_130191,,eppley.madeline@gmail.com,E,2,wmbwcrsz,E2_PlDNA_10__SG_2000__f05c5a6e
be5ffdaa,025fcacb,CviMVP_PlDNA_10,F2,21,CviMVP_15131,,eppley.madeline@gmail.com,F,2,55dy8cyo,F2_PlDNA_10__SG_2038__38049366
3d764570,025fcacb,CviMVP_PlDNA_10,G2,22,CviMVP_11053,,eppley.madeline@gmail.com,G,2,tafhm0uj,G2_PlDNA_10__SG_1328__6b7a6a27
0e60a917,025fcacb,CviMVP_PlDNA_10,H2,23,CviMVP_11995,,eppley.madeline@gmail.com,H,2,lqxrvs1g,H2_PlDNA_10__SG_1652__e0c1d32d
ab3c376a,025fcacb,CviMVP_PlDNA_10,A3,20,CviMVP_15125,,eppley.madeline@gmail.com,A,3,jvhz25kt,A3_PlDNA_10__SG_2036__b141fc51
328ad49b,025fcacb,CviMVP_PlDNA_10,B3,22,CviMVP_130731,,eppley.madeline@gmail.com,B,3,w16pxofh,B3_PlDNA_10__SG_2071__b4afd129
d66878ed,025fcacb,CviMVP_PlDNA_10,C3,21,CviMVP_15191,,eppley.madeline@gmail.com,C,3,dywwdtl7,C3_PlDNA_10__SG_2058__1f9da7a1
64727702,025fcacb,CviMVP_PlDNA_10,D3,22,CviMVP_10479,,eppley.madeline@gmail.com,D,3,lcffuao3,D3_PlDNA_10__SG_1117__78a75902
3a8586fb,025fcacb,CviMVP_PlDNA_10,E3,22,CviMVP_11169,,eppley.madeline@gmail.com,E,3,8kmd5iuv,E3_PlDNA_10__SG_1367__848f0492
39fec28f,025fcacb,CviMVP_PlDNA_10,F3,22,CviMVP_12205,,eppley.madeline@gmail.com,F,3,1iyhdt84,F3_PlDNA_10__SG-sharedLotterhosPuritz_1724__dfa791d5
9e7b3d05,025fcacb,CviMVP_PlDNA_10,G3,23,CviMVP_10349,,eppley.madeline@gmail.com,G,3,x7tpvp5c,G3_PlDNA_10__SG_1067__8d996fb4
15326afc,025fcacb,CviMVP_PlDNA_10,H3,21,CviMVP_11903,,eppley.madeline@gmail.com,H,3,wl37up5h,H3_PlDNA_10__SG_1621__537d3b67
05db6690,025fcacb,CviMVP_PlDNA_10,A4,22,CviMVP_11716,,eppley.madeline@gmail.com,A,4,ng1upusb,A4_PlDNA_10__SG_1556__e491b857
7ddadb33,025fcacb,CviMVP_PlDNA_10,B4,21,CviMVP_30159,,eppley.madeline@gmail.com,B,4,fkg2yt4b,B4_PlDNA_10__SG-sharedLotterhosPuritz_3054__b35976e5
611bc404,025fcacb,CviMVP_PlDNA_10,C4,22,CviMVP_12081,,eppley.madeline@gmail.com,C,4,kdxfhnup,C4_PlDNA_10__SG_1681__f4ee8856
2c75af7e,025fcacb,CviMVP_PlDNA_10,D4,22,CviMVP_15085,,eppley.madeline@gmail.com,D,4,qlism882,D4_PlDNA_10__SG_2022__fe5dd5e1
aaf222bc,025fcacb,CviMVP_PlDNA_10,E4,22,CviMVP_15091,,eppley.madeline@gmail.com,E,4,353rhqzh,E4_PlDNA_10__SG_2024__45ef0038
,,,,,,,,,,,
cd85e677,025fcacb,CviMVP_PlDNA_10,G4,22,CviMVP_11068,,eppley.madeline@gmail.com,G,4,j5f1w0eg,G4_PlDNA_10__SG_1333__3ba1aeca
157eaacd,025fcacb,CviMVP_PlDNA_10,H4,22,CviMVP_130851,,eppley.madeline@gmail.com,H,4,n80cbq5w,H4_PlDNA_10__SG_2075__7ce89a58
49266715,025fcacb,CviMVP_PlDNA_10,A5,18,CviMVP_15176,,eppley.madeline@gmail.com,A,5,3fjisu8m,A5_PlDNA_10__SG_2053__a99d49c4
dacfd208,025fcacb,CviMVP_PlDNA_10,B5,19,CviMVP_10577,,eppley.madeline@gmail.com,B,5,cbz0xlly,B5_PlDNA_10__SG_1158__3bbb4b81
840b4d22,025fcacb,CviMVP_PlDNA_10,C5,22,CviMVP_12687,,eppley.madeline@gmail.com,C,5,97u4waag,C5_PlDNA_10__SG_1888__a831e64b
0c80fa3f,025fcacb,CviMVP_PlDNA_10,D5,22,CviMVP_15094,,eppley.madeline@gmail.com,D,5,iisksdif,D5_PlDNA_10__SG_2025__5bd16ce4
0a3a8d2c,025fcacb,CviMVP_PlDNA_10,E5,20,CviMVP_11420,,eppley.madeline@gmail.com,E,5,j36r28tb,E5_PlDNA_10__SG_1456__68650f46
6475be80,025fcacb,CviMVP_PlDNA_10,F5,21,CviMVP_131421,,eppley.madeline@gmail.com,F,5,mcjbxt3v,F5_PlDNA_10__SG_2094__02a78116
2a10a73d,025fcacb,CviMVP_PlDNA_10,G5,20,CviMVP_11448,,eppley.madeline@gmail.com,G,5,bn8zm02l,G5_PlDNA_10__SG_1466__596c2168
bb5cce8e,025fcacb,CviMVP_PlDNA_10,H5,23,CviMVP_130941,,eppley.madeline@gmail.com,H,5,0v2dw9ca,H5_PlDNA_10__SG_2078__b8a33fcd
8aa9cbd5,025fcacb,CviMVP_PlDNA_10,A6,20,CviMVP_12262,,eppley.madeline@gmail.com,A,6,sld7tjgd,A6_PlDNA_10__SG-sharedLotterhosPuritz_1743__a99589c6
953eaa04,025fcacb,CviMVP_PlDNA_10,B6,22,CviMVP_12528,,eppley.madeline@gmail.com,B,6,z2hp31gb,B6_PlDNA_10__SG_1834__e5dca67e
b2016822,025fcacb,CviMVP_PlDNA_10,C6,20,CviMVP_10652,,eppley.madeline@gmail.com,C,6,5mdoks59,C6_PlDNA_10__SG_1188__d3bbc7d3
d52e52cd,025fcacb,CviMVP_PlDNA_10,D6,23,CviMVP_130611,130611,eppley.madeline@gmail.com,D,6,50nvqfqb,D6_PlDNA_10__SG_2067__ad481849
482b8c95,025fcacb,CviMVP_PlDNA_10,E6,19,CviMVP_11399,,eppley.madeline@gmail.com,E,6,6vy35hk4,E6_PlDNA_10__SG_1449__a339503d
b8afe6a6,025fcacb,CviMVP_PlDNA_10,F6,22,CviMVP_15158,,eppley.madeline@gmail.com,F,6,oz2vs49l,F6_PlDNA_10__SG_2047__b1ff69b8
8563cca3,025fcacb,CviMVP_PlDNA_10,G6,20,CviMVP_10279,,eppley.madeline@gmail.com,G,6,d3mj8gwk,G6_PlDNA_10__SG_1042__f25060f5
3bd3a73f,025fcacb,CviMVP_PlDNA_10,H6,18,CviMVP_130491,,eppley.madeline@gmail.com,H,6,qcx78t0f,H6_PlDNA_10__SG_2063__47fa25a7
fe96281e,025fcacb,CviMVP_PlDNA_10,A7,19,CviMVP_130701,,eppley.madeline@gmail.com,A,7,5jln49p4,A7_PlDNA_10__SG_2070__a576a0fa
caaa630a,025fcacb,CviMVP_PlDNA_10,B7,19,CviMVP_15100,,eppley.madeline@gmail.com,B,7,vo80z7lw,B7_PlDNA_10__SG_2027__40c79c0d
9e8659c1,025fcacb,CviMVP_PlDNA_10,C7,19,CviMVP_130011,used vial 13001,eppley.madeline@gmail.com,C,7,rfny1cwn,C7_PlDNA_10__SG_1994__84a84701
adc1a68a,025fcacb,CviMVP_PlDNA_10,D7,19,CviMVP_11214,,eppley.madeline@gmail.com,D,7,ie3lmykg,D7_PlDNA_10__SG_1382__c71a858c
e48157f3,025fcacb,CviMVP_PlDNA_10,E7,20,CviMVP_12741,,eppley.madeline@gmail.com,E,7,k2x0zb5i,E7_PlDNA_10__SG_1907__e2ee8f04
c31f3799,025fcacb,CviMVP_PlDNA_10,F7,22,CviMVP_10954,,eppley.madeline@gmail.com,F,7,yrv556de,F7_PlDNA_10__SG_1293__c99dadb2
c4e56238,025fcacb,CviMVP_PlDNA_10,G7,22,CviMVP_130911,,eppley.madeline@gmail.com,G,7,cs5j5cvo,G7_PlDNA_10__SG_2077__40f6a386
cce5fe78,025fcacb,CviMVP_PlDNA_10,H7,21,CviMVP_30138,,eppley.madeline@gmail.com,H,7,bfr4fvf6,H7_PlDNA_10__SG-sharedLotterhosPuritz_3047__7e0b2539
f9bc086c,025fcacb,CviMVP_PlDNA_10,A8,22,CviMVP_30057,,eppley.madeline@gmail.com,A,8,lwyletsm,A8_PlDNA_10__SG-sharedLotterhosPuritz_3019__f0dc9509
d4669e49,025fcacb,CviMVP_PlDNA_10,B8,20,CviMVP_11731,,eppley.madeline@gmail.com,B,8,gcg13zpx,B8_PlDNA_10__SG_1561__29fb6cb6
c2229e5f,025fcacb,CviMVP_PlDNA_10,C8,19,CviMVP_12513,,eppley.madeline@gmail.com,C,8,8g2kckmf,C8_PlDNA_10__SG_1828__01304bbf
6d9299dd,025fcacb,CviMVP_PlDNA_10,D8,22,CviMVP_12875,,eppley.madeline@gmail.com,D,8,wwq18en9,D8_PlDNA_10__SG_1952__3d31a3db
30edd056,025fcacb,CviMVP_PlDNA_10,E8,19,CviMVP_10744,,eppley.madeline@gmail.com,E,8,6b9fr6zs,E8_PlDNA_10__SG_1220__48a201e9
84706d79,025fcacb,CviMVP_PlDNA_10,F8,22,CviMVP_11540,,eppley.madeline@gmail.com,F,8,ordbbogl,F8_PlDNA_10__SG-sharedLotterhosPuritz_1497__165d898b
d6365a18,025fcacb,CviMVP_PlDNA_10,G8,18,CviMVP_15079,,eppley.madeline@gmail.com,G,8,h8b64lwi,G8_PlDNA_10__SG_2020__de490c97
73c52960,025fcacb,CviMVP_PlDNA_10,H8,19,CviMVP_15128,,eppley.madeline@gmail.com,H,8,7giss4xk,H8_PlDNA_10__SG_2037__0941fca6
da1e5576,025fcacb,CviMVP_PlDNA_10,A9,18,CviMVP_130041,used vial 13004,eppley.madeline@gmail.com,A,9,8fvypsyr,A9_PlDNA_10__SG_1995__80981cf3
c32264be,025fcacb,CviMVP_PlDNA_10,B9,18,CviMVP_11897,,eppley.madeline@gmail.com,B,9,g5tclntm,B9_PlDNA_10__SG_1619__c0fd1cbb
e17d151f,025fcacb,CviMVP_PlDNA_10,C9,20,CviMVP_11710,,eppley.madeline@gmail.com,C,9,15953yg1,C9_PlDNA_10__SG_1554__87714daf
45365776,025fcacb,CviMVP_PlDNA_10,D9,20,CviMVP_10481,,eppley.madeline@gmail.com,D,9,lz6e7nzw,D9_PlDNA_10__SG_1118__73f34c90
3f89c3d3,025fcacb,CviMVP_PlDNA_10,E9,20,CviMVP_15149,,eppley.madeline@gmail.com,E,9,fzhnecjm,E9_PlDNA_10__SG_2044__7f176d05
882e24ae,025fcacb,CviMVP_PlDNA_10,F9,22,CviMVP_15058,,eppley.madeline@gmail.com,F,9,0xzds7dm,F9_PlDNA_10__SG_2013__3c59ee43
31cbe2f3,025fcacb,CviMVP_PlDNA_10,G9,21,CviMVP_11442,,eppley.madeline@gmail.com,G,9,4b8468p7,G9_PlDNA_10__SG_1464__b7526ee9
07eedfe2,025fcacb,CviMVP_PlDNA_10,H9,19,CviMVP_10586,,eppley.madeline@gmail.com,H,9,uv852mhy,H9_PlDNA_10__SG_1162__ae9f6ba6
44aca5bd,025fcacb,CviMVP_PlDNA_10,A10,22,CviMVP_12291,,eppley.madeline@gmail.com,A,10,m2xnwo4w,A10_PlDNA_10__SG-sharedLotterhosPuritz_1753__559d4ace
73a35972,025fcacb,CviMVP_PlDNA_10,B10,20,CviMVP_10539,,eppley.madeline@gmail.com,B,10,rp34dhhg,B10_PlDNA_10__SG_1143__ca81df15
3bd555d0,025fcacb,CviMVP_PlDNA_10,C10,21,CviMVP_11615,,eppley.madeline@gmail.com,C,10,s4dmo1d9,C10_PlDNA_10__SG-sharedLotterhosPuritz_1522__412fe23d
7ba14aef,025fcacb,CviMVP_PlDNA_10,D10,19,CviMVP_10442,,eppley.madeline@gmail.com,D,10,7g86tezn,D10_PlDNA_10__SG_1099__8fcbb868
cf7aa6a1,025fcacb,CviMVP_PlDNA_10,E10,18,CviMVP_12992,,eppley.madeline@gmail.com,E,10,t10iljgu,E10_PlDNA_10__SG_1991__176b15fe
bbb02022,025fcacb,CviMVP_PlDNA_10,F10,23,CviMVP_15113,,eppley.madeline@gmail.com,F,10,71rdrin5,F10_PlDNA_10__SG_2032__8a552bc7
8cd8ef62,025fcacb,CviMVP_PlDNA_10,G10,21,CviMVP_131241,,eppley.madeline@gmail.com,G,10,ra86h750,G10_PlDNA_10__SG_2088__6672fa31
1e9aac35,025fcacb,CviMVP_PlDNA_10,H10,20,CviMVP_12437,,eppley.madeline@gmail.com,H,10,wtiiwj1m,H10_PlDNA_10__SG_1802__bf1fa7f4
f77531f7,025fcacb,CviMVP_PlDNA_10,A11,18,CviMVP_130221,used vial 13022,eppley.madeline@gmail.com,A,11,xaye0vpr,A11_PlDNA_10__SG_2001__3e0f0f64
6a30105d,025fcacb,CviMVP_PlDNA_10,B11,22,CviMVP_130251,used vial 13025,eppley.madeline@gmail.com,B,11,khjn9421,B11_PlDNA_10__SG_2002__0754d098
663f27f7,025fcacb,CviMVP_PlDNA_10,C11,19,CviMVP_130161,used vial 13016,eppley.madeline@gmail.com,C,11,s4sohfu0,C11_PlDNA_10__SG_1999__1fd75d06
811b148f,025fcacb,CviMVP_PlDNA_10,D11,20,CviMVP_10015,,eppley.madeline@gmail.com,D,11,f79zay4o,D11_PlDNA_10__SG_1014__8102b940
d26604df,025fcacb,CviMVP_PlDNA_10,E11,18,CviMVP_15105,,eppley.madeline@gmail.com,E,11,drtut0oq,E11_PlDNA_10__SG_2029__759a8bec
b6f4b287,025fcacb,CviMVP_PlDNA_10,F11,22,CviMVP_10841,,eppley.madeline@gmail.com,F,11,ypea9rbu,F11_PlDNA_10__SG_1254__76d18d2d
c31df6b5,025fcacb,CviMVP_PlDNA_10,G11,23,CviMVP_12881,,eppley.madeline@gmail.com,G,11,o1fvra01,G11_PlDNA_10__SG_1954__5a1ba8fc
429da229,025fcacb,CviMVP_PlDNA_10,H11,18,CviMVP_12830,,eppley.madeline@gmail.com,H,11,06xc2pll,H11_PlDNA_10__SG_1937__4b32fd1f
326539f0,025fcacb,CviMVP_PlDNA_10,A12,20,CviMVP_12166,,eppley.madeline@gmail.com,A,12,006stzqu,A12_PlDNA_10__SG_1711__103eead9
066b7e70,025fcacb,CviMVP_PlDNA_10,B12,22,CviMVP_15088,,eppley.madeline@gmail.com,B,12,60qxz5ka,B12_PlDNA_10__SG_2023__c0c00370
6f72a118,025fcacb,CviMVP_PlDNA_10,C12,21,CviMVP_12488,,eppley.madeline@gmail.com,C,12,33e8n49y,C12_PlDNA_10__SG_1819__4c9efbeb
2c9c1dce,025fcacb,CviMVP_PlDNA_10,D12,23,CviMVP_15043,,eppley.madeline@gmail.com,D,12,i85okneg,D12_PlDNA_10__SG_2008__b9f810d0
2c1a80ff,025fcacb,CviMVP_PlDNA_10,E12,20,CviMVP_12001,,eppley.madeline@gmail.com,E,12,tpdab5hr,E12_PlDNA_10__SG_1654__ff1aabfe
5a08d342,025fcacb,CviMVP_PlDNA_10,F12,20,CviMVP_10504,,eppley.madeline@gmail.com,F,12,ydh5zz5l,F12_PlDNA_10__SG_1129__2a1edb19
24ce68fe,025fcacb,CviMVP_PlDNA_10,G12,20,CviMVP_15164,,eppley.madeline@gmail.com,G,12,3uchqvrn,G12_PlDNA_10__SG_2049__a5d31ffb
05be7eee,025fcacb,CviMVP_PlDNA_10,H12,22,CviMVP_12109,,eppley.madeline@gmail.com,H,12,jycd11uw,H12_PlDNA_10__SG_1691__0e7d321d
54a4cb58,025fcacb,CviMVP_PlDNA_10,F4,19,CviMVP_11308,not much tissue left,eppley.madeline@gmail.com,F,4,hgxc8t01,F4_PlDNA_10__SG_1417__d4db5fe7
5376971b,6d343f6b,CviMVP_PlDNA_10_Reextractions,D1,21,CviMVP_131331,by Madeline,lee.fenuccio@gmail.com,D,1,2608ybqw,D1_PlDNA_10__SG_2091__372072dd
0d8d057f,6d343f6b,CviMVP_PlDNA_10_Reextractions,C2,18,CviMVP_130281,by Madeline,lee.fenuccio@gmail.com,C,2,ya8ebrpt,C2_PlDNA_10__SG_2003__b40d508d
07cd1e8e,6d343f6b,CviMVP_PlDNA_10_Reextractions,D2,19,CviMVP_12121,by Lee,lee.fenuccio@gmail.com,D,2,i6zu0u63,D2_PlDNA_10__SG_1695__0eae69c4
fc634f30,6d343f6b,CviMVP_PlDNA_10_Reextractions,E2,24,CviMVP_130191,by Madeline,lee.fenuccio@gmail.com,E,2,wmbwcrsz,E2_PlDNA_10__SG_2000__f05c5a6e
b0d87d55,6d343f6b,CviMVP_PlDNA_10_Reextractions,G8,21,CviMVP_15079,by Lee,lee.fenuccio@gmail.com,G,8,h8b64lwi,G8_PlDNA_10__SG_2020__de490c97
d583396a,6d343f6b,CviMVP_PlDNA_10_Reextractions,E9,22,CviMVP_15149,by Madeline,lee.fenuccio@gmail.com,E,9,fzhnecjm,E9_PlDNA_10__SG_2044__7f176d05
9d4a1df2,6d343f6b,CviMVP_PlDNA_10_Reextractions,G9,20,CviMVP_11442,by Madeline,lee.fenuccio@gmail.com,G,9,4b8468p7,G9_PlDNA_10__SG_1464__b7526ee9
351bf513,6d343f6b,CviMVP_PlDNA_10_Reextractions,B11,20,CviMVP_130251,by Madeline,lee.fenuccio@gmail.com,B,11,khjn9421,B11_PlDNA_10__SG_2002__0754d098