"Plate","Well","Fluor","Content","Cq","Cq_Mean","SQ_Mean","Pathogen","clean_ID","Vial_Label","ID_SiteDate","mg_tissue","sample_id_for_grouping","sample_pathogen","replicate","cq_difference","status","need_rerun","weighted_sq","intensity"
1,"A03","FAM","Unkn-09",NA,0,0,"Dermo","A3_CviMVP_PlDNA_9_SG_1897_a4e3658f","CviMVP_12713","DC_DR_ME_2022-10-25",21,"A3_CviMVP_PlDNA_9_SG_1897_a4e3658f","1_A3_CviMVP_PlDNA_9_SG_1897_a4e3658f_Dermo",1,NA,"Inconclusive",TRUE,0,0
1,"A04","FAM","Unkn-09",38.69,38.69,0,"Dermo","A3_CviMVP_PlDNA_9_SG_1897_a4e3658f","CviMVP_12713","DC_DR_ME_2022-10-25",21,"A3_CviMVP_PlDNA_9_SG_1897_a4e3658f","1_A3_CviMVP_PlDNA_9_SG_1897_a4e3658f_Dermo",2,NA,"Inconclusive",TRUE,0,0
1,"A05","FAM","Unkn-17",30.42,30.23,0,"Dermo","A4_CviMVP_PlDNA_9_SG_1228_f84802b3","CviMVP_10766","TP_TX_2022-6-28",21,"A4_CviMVP_PlDNA_9_SG_1228_f84802b3","1_A4_CviMVP_PlDNA_9_SG_1228_f84802b3_Dermo",1,0.370000000000001,"Positive",FALSE,0,0
1,"A06","FAM","Unkn-17",30.05,30.23,0,"Dermo","A4_CviMVP_PlDNA_9_SG_1228_f84802b3","CviMVP_10766","TP_TX_2022-6-28",21,"A4_CviMVP_PlDNA_9_SG_1228_f84802b3","1_A4_CviMVP_PlDNA_9_SG_1228_f84802b3_Dermo",2,0.370000000000001,"Positive",FALSE,0,0
1,"A07","FAM","Unkn-25",31.87,32.04,0,"Dermo","A5_CviMVP_PlDNA_9_SG_2051_8fd6c592","CviMVP_15170","EC_ApBay_FL_2023-10-4",20,"A5_CviMVP_PlDNA_9_SG_2051_8fd6c592","1_A5_CviMVP_PlDNA_9_SG_2051_8fd6c592_Dermo",1,0.34,"Positive",FALSE,0,0
1,"A08","FAM","Unkn-25",32.21,32.04,0,"Dermo","A5_CviMVP_PlDNA_9_SG_2051_8fd6c592","CviMVP_15170","EC_ApBay_FL_2023-10-4",20,"A5_CviMVP_PlDNA_9_SG_2051_8fd6c592","1_A5_CviMVP_PlDNA_9_SG_2051_8fd6c592_Dermo",2,0.34,"Positive",FALSE,0,0
1,"A09","FAM","Unkn-33",30.12,30.15,0,"Dermo","A6_CviMVP_PlDNA_9_SG_2061_4151017c","CviMVP_15200","EC_ApBay_FL_2023-10-4",21,"A6_CviMVP_PlDNA_9_SG_2061_4151017c","1_A6_CviMVP_PlDNA_9_SG_2061_4151017c_Dermo",1,0.0599999999999987,"Positive",FALSE,0,0
1,"A10","FAM","Unkn-33",30.18,30.15,0,"Dermo","A6_CviMVP_PlDNA_9_SG_2061_4151017c","CviMVP_15200","EC_ApBay_FL_2023-10-4",21,"A6_CviMVP_PlDNA_9_SG_2061_4151017c","1_A6_CviMVP_PlDNA_9_SG_2061_4151017c_Dermo",2,0.0599999999999987,"Positive",FALSE,0,0
1,"A11","FAM","Unkn-41",25.11,25.25,1e-05,"Dermo","A7_CviMVP_PlDNA_9_SG_1989_45751c77","CviMVP_12986","AC_LIS_CT_2023-10-3",19,"A7_CviMVP_PlDNA_9_SG_1989_45751c77","1_A7_CviMVP_PlDNA_9_SG_1989_45751c77_Dermo",1,NA,"Inconclusive",TRUE,3670.25052631579,0
1,"A12","FAM","Unkn-41",25.4,25.25,1e-05,"Dermo",NA,NA,NA,20,"row_10","1_row_10_Dermo",1,NA,"Inconclusive",TRUE,3486.738,0
1,"B03","FAM","Unkn-10",21.28,21.53,7e-05,"Dermo","B3_CviMVP_PlDNA_9_SG_2073_c2b8621b","CviMVP_130791","FC_LIS_CT_2023-10-11",19,"B3_CviMVP_PlDNA_9_SG_2073_c2b8621b","1_B3_CviMVP_PlDNA_9_SG_2073_c2b8621b_Dermo",1,0.5,"Positive",FALSE,25691.7536842105,3
1,"B04","FAM","Unkn-10",21.78,21.53,7e-05,"Dermo","B3_CviMVP_PlDNA_9_SG_2073_c2b8621b","CviMVP_130791","FC_LIS_CT_2023-10-11",19,"B3_CviMVP_PlDNA_9_SG_2073_c2b8621b","1_B3_CviMVP_PlDNA_9_SG_2073_c2b8621b_Dermo",2,0.5,"Positive",FALSE,25691.7536842105,3
1,"B05","FAM","Unkn-18",NA,0,0,"Dermo","B4_CviMVP_PlDNA_9_SG.sharedLotterhosPuritz_1770_5603bc09","CviMVP_12342","DWS_CB_VA_2022-10-7",18,"B4_CviMVP_PlDNA_9_SG.sharedLotterhosPuritz_1770_5603bc09","1_B4_CviMVP_PlDNA_9_SG.sharedLotterhosPuritz_1770_5603bc09_Dermo",1,NA,"Inconclusive",TRUE,0,0
1,"B06","FAM","Unkn-18",37.66,37.66,0,"Dermo","B4_CviMVP_PlDNA_9_SG.sharedLotterhosPuritz_1770_5603bc09","CviMVP_12342","DWS_CB_VA_2022-10-7",18,"B4_CviMVP_PlDNA_9_SG.sharedLotterhosPuritz_1770_5603bc09","1_B4_CviMVP_PlDNA_9_SG.sharedLotterhosPuritz_1770_5603bc09_Dermo",2,NA,"Inconclusive",TRUE,0,0
1,"B07","FAM","Unkn-26",25.32,25.44,1e-05,"Dermo","B5_CviMVP_PlDNA_9_SG_1315_bbdc8fb5","CviMVP_11015","Mer_GA_2022-7-26",21,"B5_CviMVP_PlDNA_9_SG_1315_bbdc8fb5","1_B5_CviMVP_PlDNA_9_SG_1315_bbdc8fb5_Dermo",1,0.23,"Positive",FALSE,3320.70285714286,2
1,"B08","FAM","Unkn-26",25.55,25.44,1e-05,"Dermo","B5_CviMVP_PlDNA_9_SG_1315_bbdc8fb5","CviMVP_11015","Mer_GA_2022-7-26",21,"B5_CviMVP_PlDNA_9_SG_1315_bbdc8fb5","1_B5_CviMVP_PlDNA_9_SG_1315_bbdc8fb5_Dermo",2,0.23,"Positive",FALSE,3320.70285714286,2
1,"B09","FAM","Unkn-34",26.51,26.51,0,"Dermo","B6_CviMVP_PlDNA_9_SG_1975_b2a7e292","CviMVP_12944","FFJ_CF_NC_2023-7-19",20,"B6_CviMVP_PlDNA_9_SG_1975_b2a7e292","1_B6_CviMVP_PlDNA_9_SG_1975_b2a7e292_Dermo",1,0.0100000000000016,"Positive",FALSE,0,0
1,"B10","FAM","Unkn-34",26.5,26.51,0,"Dermo","B6_CviMVP_PlDNA_9_SG_1975_b2a7e292","CviMVP_12944","FFJ_CF_NC_2023-7-19",20,"B6_CviMVP_PlDNA_9_SG_1975_b2a7e292","1_B6_CviMVP_PlDNA_9_SG_1975_b2a7e292_Dermo",2,0.0100000000000016,"Positive",FALSE,0,0
1,"B11","FAM","Unkn-42",28.2,28.34,0,"Dermo","B7_CviMVP_PlDNA_9_SG_1941_5582645b","CviMVP_12843","UNCW_MS_NC_2023-7-17",22,"B7_CviMVP_PlDNA_9_SG_1941_5582645b","1_B7_CviMVP_PlDNA_9_SG_1941_5582645b_Dermo",1,0.27,"Positive",FALSE,0,0
1,"B12","FAM","Unkn-42",28.47,28.34,0,"Dermo","B7_CviMVP_PlDNA_9_SG_1941_5582645b","CviMVP_12843","UNCW_MS_NC_2023-7-17",22,"B7_CviMVP_PlDNA_9_SG_1941_5582645b","1_B7_CviMVP_PlDNA_9_SG_1941_5582645b_Dermo",2,0.27,"Positive",FALSE,0,0
1,"C03","FAM","Unkn-11",28.35,28.17,0,"Dermo","C3_CviMVP_PlDNA_9_SG_2065_727d1736","CviMVP_130551","IL_ApBay_FL_2023-10-3",22,"C3_CviMVP_PlDNA_9_SG_2065_727d1736","1_C3_CviMVP_PlDNA_9_SG_2065_727d1736_Dermo",1,0.360000000000003,"Positive",FALSE,0,0
1,"C04","FAM","Unkn-11",27.99,28.17,0,"Dermo","C3_CviMVP_PlDNA_9_SG_2065_727d1736","CviMVP_130551","IL_ApBay_FL_2023-10-3",22,"C3_CviMVP_PlDNA_9_SG_2065_727d1736","1_C3_CviMVP_PlDNA_9_SG_2065_727d1736_Dermo",2,0.360000000000003,"Positive",FALSE,0,0
1,"C05","FAM","Unkn-19",30.37,30.07,0,"Dermo","C4_CviMVP_PlDNA_9_SG_1149_75628f53","CviMVP_10554","FP_Sav_GA_2022-6-10",20,"C4_CviMVP_PlDNA_9_SG_1149_75628f53","1_C4_CviMVP_PlDNA_9_SG_1149_75628f53_Dermo",1,0.609999999999999,"Positive",FALSE,0,0
1,"C06","FAM","Unkn-19",29.76,30.07,0,"Dermo","C4_CviMVP_PlDNA_9_SG_1149_75628f53","CviMVP_10554","FP_Sav_GA_2022-6-10",20,"C4_CviMVP_PlDNA_9_SG_1149_75628f53","1_C4_CviMVP_PlDNA_9_SG_1149_75628f53_Dermo",2,0.609999999999999,"Positive",FALSE,0,0
1,"C07","FAM","Unkn-27",21.55,21.62,7e-05,"Dermo","C5_CviMVP_PlDNA_9_SG_1323_be0b8284","CviMVP_11039","Mer_GA_2022-7-26",19,"C5_CviMVP_PlDNA_9_SG_1323_be0b8284","1_C5_CviMVP_PlDNA_9_SG_1323_be0b8284_Dermo",1,0.140000000000001,"Positive",FALSE,25691.7536842105,3
1,"C08","FAM","Unkn-27",21.69,21.62,7e-05,"Dermo","C5_CviMVP_PlDNA_9_SG_1323_be0b8284","CviMVP_11039","Mer_GA_2022-7-26",19,"C5_CviMVP_PlDNA_9_SG_1323_be0b8284","1_C5_CviMVP_PlDNA_9_SG_1323_be0b8284_Dermo",2,0.140000000000001,"Positive",FALSE,25691.7536842105,3
1,"C09","FAM","Unkn-35",28.47,28.55,0,"Dermo","C6_CviMVP_PlDNA_9_SG_2012_f47e7f81","CviMVP_15055","AC_LIS_CT_2023-10-3",19,"C6_CviMVP_PlDNA_9_SG_2012_f47e7f81","1_C6_CviMVP_PlDNA_9_SG_2012_f47e7f81_Dermo",1,0.150000000000002,"Positive",FALSE,0,0
1,"C10","FAM","Unkn-35",28.62,28.55,0,"Dermo","C6_CviMVP_PlDNA_9_SG_2012_f47e7f81","CviMVP_15055","AC_LIS_CT_2023-10-3",19,"C6_CviMVP_PlDNA_9_SG_2012_f47e7f81","1_C6_CviMVP_PlDNA_9_SG_2012_f47e7f81_Dermo",2,0.150000000000002,"Positive",FALSE,0,0
1,"C11","FAM","Unkn-43",35,34.84,0,"Dermo",NA,NA,NA,20,"row_29","1_row_29_Dermo",1,NA,"Inconclusive",TRUE,0,0
1,"C12","FAM","Unkn-43",34.68,34.84,0,"Dermo",NA,NA,NA,20,"row_30","1_row_30_Dermo",1,NA,"Inconclusive",TRUE,0,0
1,"D03","FAM","Unkn-12",31.78,31.45,0,"Dermo","D3_CviMVP_PlDNA_9_SG_1230_2ae16b20","CviMVP_10772","CC_VA_2022-7-11",22,"D3_CviMVP_PlDNA_9_SG_1230_2ae16b20","1_D3_CviMVP_PlDNA_9_SG_1230_2ae16b20_Dermo",1,0.670000000000002,"Positive",FALSE,0,0
1,"D04","FAM","Unkn-12",31.11,31.45,0,"Dermo","D3_CviMVP_PlDNA_9_SG_1230_2ae16b20","CviMVP_10772","CC_VA_2022-7-11",22,"D3_CviMVP_PlDNA_9_SG_1230_2ae16b20","1_D3_CviMVP_PlDNA_9_SG_1230_2ae16b20_Dermo",2,0.670000000000002,"Positive",FALSE,0,0
1,"D05","FAM","Unkn-20",26.56,26.17,0,"Dermo","D4_CviMVP_PlDNA_9_SG_2005_7864d4b8","CviMVP_130341","AC_LIS_CT_2023-10-3",22,"D4_CviMVP_PlDNA_9_SG_2005_7864d4b8","1_D4_CviMVP_PlDNA_9_SG_2005_7864d4b8_Dermo",1,0.789999999999999,"Positive",FALSE,0,0
1,"D06","FAM","Unkn-20",25.77,26.17,0,"Dermo","D4_CviMVP_PlDNA_9_SG_2005_7864d4b8","CviMVP_130341","AC_LIS_CT_2023-10-3",22,"D4_CviMVP_PlDNA_9_SG_2005_7864d4b8","1_D4_CviMVP_PlDNA_9_SG_2005_7864d4b8_Dermo",2,0.789999999999999,"Positive",FALSE,0,0
1,"D07","FAM","Unkn-28",33.07,33.56,0,"Dermo",NA,NA,NA,20,"row_35","1_row_35_Dermo",1,NA,"Inconclusive",TRUE,0,0
1,"D08","FAM","Unkn-28",34.05,33.56,0,"Dermo",NA,NA,NA,20,"row_36","1_row_36_Dermo",1,NA,"Inconclusive",TRUE,0,0
1,"D09","FAM","Unkn-36",31.96,32.17,0,"Dermo","D6_CviMVP_PlDNA_9_SG_1174_ee66e4d4","CviMVP_10613","SkR_GA_2022-6-14",18,"D6_CviMVP_PlDNA_9_SG_1174_ee66e4d4","1_D6_CviMVP_PlDNA_9_SG_1174_ee66e4d4_Dermo",1,0.409999999999997,"Positive",FALSE,0,0
1,"D10","FAM","Unkn-36",32.37,32.17,0,"Dermo","D6_CviMVP_PlDNA_9_SG_1174_ee66e4d4","CviMVP_10613","SkR_GA_2022-6-14",18,"D6_CviMVP_PlDNA_9_SG_1174_ee66e4d4","1_D6_CviMVP_PlDNA_9_SG_1174_ee66e4d4_Dermo",2,0.409999999999997,"Positive",FALSE,0,0
1,"D11","FAM","Unkn-44",22.68,22.6,4e-05,"Dermo",NA,NA,NA,20,"row_39","1_row_39_Dermo",1,NA,"Inconclusive",TRUE,13946.952,0
1,"D12","FAM","Unkn-44",22.52,22.6,4e-05,"Dermo",NA,NA,NA,20,"row_40","1_row_40_Dermo",1,NA,"Inconclusive",TRUE,13946.952,0
1,"E03","FAM","Unkn-13",32.93,32.4,0,"Dermo",NA,NA,NA,20,"row_41","1_row_41_Dermo",1,NA,"Inconclusive",TRUE,0,0
1,"E04","FAM","Unkn-13",31.87,32.4,0,"Dermo",NA,NA,NA,20,"row_42","1_row_42_Dermo",1,NA,"Inconclusive",TRUE,0,0
1,"E05","FAM","Unkn-21",28.75,28.16,0,"Dermo","E4_CviMVP_PlDNA_9_SG_1595_bc82001d","CviMVP_11826","KP_FGR_FL_2022-8-23",19,"E4_CviMVP_PlDNA_9_SG_1595_bc82001d","1_E4_CviMVP_PlDNA_9_SG_1595_bc82001d_Dermo",1,1.17,"Positive",FALSE,0,0
1,"E06","FAM","Unkn-21",27.58,28.16,0,"Dermo","E4_CviMVP_PlDNA_9_SG_1595_bc82001d","CviMVP_11826","KP_FGR_FL_2022-8-23",19,"E4_CviMVP_PlDNA_9_SG_1595_bc82001d","1_E4_CviMVP_PlDNA_9_SG_1595_bc82001d_Dermo",2,1.17,"Positive",FALSE,0,0
1,"E07","FAM","Unkn-29",36.16,36.62,0,"Dermo",NA,NA,NA,20,"row_45","1_row_45_Dermo",1,NA,"Inconclusive",TRUE,0,0
1,"E08","FAM","Unkn-29",37.08,36.62,0,"Dermo",NA,NA,NA,20,"row_46","1_row_46_Dermo",1,NA,"Inconclusive",TRUE,0,0
1,"E09","FAM","Unkn-37",29.46,29.48,0,"Dermo",NA,NA,NA,20,"row_47","1_row_47_Dermo",1,NA,"Inconclusive",TRUE,0,0
1,"E10","FAM","Unkn-37",29.5,29.48,0,"Dermo",NA,NA,NA,20,"row_48","1_row_48_Dermo",1,NA,"Inconclusive",TRUE,0,0
1,"F03","FAM","Unkn-14",29.5,29.22,0,"Dermo","F3_CviMVP_PlDNA_9_SG_2099_8f119d72","CviMVP_131571","FC_LIS_CT_2023-10-11",20,"F3_CviMVP_PlDNA_9_SG_2099_8f119d72","1_F3_CviMVP_PlDNA_9_SG_2099_8f119d72_Dermo",1,0.559999999999999,"Positive",FALSE,0,0
1,"F04","FAM","Unkn-14",28.94,29.22,0,"Dermo","F3_CviMVP_PlDNA_9_SG_2099_8f119d72","CviMVP_131571","FC_LIS_CT_2023-10-11",20,"F3_CviMVP_PlDNA_9_SG_2099_8f119d72","1_F3_CviMVP_PlDNA_9_SG_2099_8f119d72_Dermo",2,0.559999999999999,"Positive",FALSE,0,0
1,"F05","FAM","Unkn-22",21.14,21.18,9e-05,"Dermo","F4_CviMVP_PlDNA_9_SG_2086_90eb25bf","CviMVP_131181","FC_LIS_CT_2023-10-11",22,"F4_CviMVP_PlDNA_9_SG_2086_90eb25bf","1_F4_CviMVP_PlDNA_9_SG_2086_90eb25bf_Dermo",1,0.0899999999999999,"Positive",FALSE,28527.8563636364,3
1,"F06","FAM","Unkn-22",21.23,21.18,9e-05,"Dermo","F4_CviMVP_PlDNA_9_SG_2086_90eb25bf","CviMVP_131181","FC_LIS_CT_2023-10-11",22,"F4_CviMVP_PlDNA_9_SG_2086_90eb25bf","1_F4_CviMVP_PlDNA_9_SG_2086_90eb25bf_Dermo",2,0.0899999999999999,"Positive",FALSE,28527.8563636364,3
1,"F07","FAM","Unkn-30",28.73,28.79,0,"Dermo","F5_CviMVP_PlDNA_9_SG.sharedLotterhosPuritz_1507_bc4a0c29","CviMVP_11570","NR_NB_RI_2022-8-19",19,"F5_CviMVP_PlDNA_9_SG.sharedLotterhosPuritz_1507_bc4a0c29","1_F5_CviMVP_PlDNA_9_SG.sharedLotterhosPuritz_1507_bc4a0c29_Dermo",1,0.120000000000001,"Positive",FALSE,0,0
1,"F08","FAM","Unkn-30",28.85,28.79,0,"Dermo","F5_CviMVP_PlDNA_9_SG.sharedLotterhosPuritz_1507_bc4a0c29","CviMVP_11570","NR_NB_RI_2022-8-19",19,"F5_CviMVP_PlDNA_9_SG.sharedLotterhosPuritz_1507_bc4a0c29","1_F5_CviMVP_PlDNA_9_SG.sharedLotterhosPuritz_1507_bc4a0c29_Dermo",2,0.120000000000001,"Positive",FALSE,0,0
1,"F09","FAM","Unkn-38",26.42,26.45,0,"Dermo",NA,NA,NA,20,"row_55","1_row_55_Dermo",1,NA,"Inconclusive",TRUE,0,0
1,"F10","FAM","Unkn-38",26.47,26.45,0,"Dermo",NA,NA,NA,20,"row_56","1_row_56_Dermo",1,NA,"Inconclusive",TRUE,0,0
1,"G03","FAM","Unkn-15",22.74,22.34,4e-05,"Dermo","G3_CviMVP_PlDNA_9_SG_2095_d4b38e21","CviMVP_131451","FC_LIS_CT_2023-10-11",19,"G3_CviMVP_PlDNA_9_SG_2095_d4b38e21","1_G3_CviMVP_PlDNA_9_SG_2095_d4b38e21_Dermo",1,0.799999999999997,"Positive",FALSE,14681.0021052632,3
1,"G04","FAM","Unkn-15",21.94,22.34,4e-05,"Dermo","G3_CviMVP_PlDNA_9_SG_2095_d4b38e21","CviMVP_131451","FC_LIS_CT_2023-10-11",19,"G3_CviMVP_PlDNA_9_SG_2095_d4b38e21","1_G3_CviMVP_PlDNA_9_SG_2095_d4b38e21_Dermo",2,0.799999999999997,"Positive",FALSE,14681.0021052632,3
1,"G05","FAM","Unkn-23",36.29,35.84,0,"Dermo","G4_CviMVP_PlDNA_9_SG_1904_a0ecfc23","CviMVP_12733","Orrs_Cove_ME_2022-10-31",22,"G4_CviMVP_PlDNA_9_SG_1904_a0ecfc23","1_G4_CviMVP_PlDNA_9_SG_1904_a0ecfc23_Dermo",1,0.890000000000001,"Positive",FALSE,0,0
1,"G06","FAM","Unkn-23",35.4,35.84,0,"Dermo","G4_CviMVP_PlDNA_9_SG_1904_a0ecfc23","CviMVP_12733","Orrs_Cove_ME_2022-10-31",22,"G4_CviMVP_PlDNA_9_SG_1904_a0ecfc23","1_G4_CviMVP_PlDNA_9_SG_1904_a0ecfc23_Dermo",2,0.890000000000001,"Positive",FALSE,0,0
1,"G07","FAM","Unkn-31",27.69,27.81,0,"Dermo","G5_CviMVP_PlDNA_9_SG_2076_10d3cadc","CviMVP_130881","FC_LIS_CT_2023-10-11",22,"G5_CviMVP_PlDNA_9_SG_2076_10d3cadc","1_G5_CviMVP_PlDNA_9_SG_2076_10d3cadc_Dermo",1,0.23,"Positive",FALSE,0,0
1,"G08","FAM","Unkn-31",27.92,27.81,0,"Dermo","G5_CviMVP_PlDNA_9_SG_2076_10d3cadc","CviMVP_130881","FC_LIS_CT_2023-10-11",22,"G5_CviMVP_PlDNA_9_SG_2076_10d3cadc","1_G5_CviMVP_PlDNA_9_SG_2076_10d3cadc_Dermo",2,0.23,"Positive",FALSE,0,0
1,"G09","FAM","Unkn-39",37.83,37.83,0,"Dermo","G6_CviMVP_PlDNA_9_SG_1632_a51500b0","CviMVP_11936","SaltBay_Canada_2022-9-27",22,"G6_CviMVP_PlDNA_9_SG_1632_a51500b0","1_G6_CviMVP_PlDNA_9_SG_1632_a51500b0_Dermo",1,NA,"Inconclusive",TRUE,0,0
1,"G10","FAM","Unkn-39",NA,0,0,"Dermo","G6_CviMVP_PlDNA_9_SG_1632_a51500b0","CviMVP_11936","SaltBay_Canada_2022-9-27",22,"G6_CviMVP_PlDNA_9_SG_1632_a51500b0","1_G6_CviMVP_PlDNA_9_SG_1632_a51500b0_Dermo",2,NA,"Inconclusive",TRUE,0,0
1,"H03","FAM","Unkn-16",38.27,38.67,0,"Dermo","H3_CviMVP_PlDNA_9_SG_1933_203e3d9f","CviMVP_12818","UNCW_MS_NC_2023-7-17",20,"H3_CviMVP_PlDNA_9_SG_1933_203e3d9f","1_H3_CviMVP_PlDNA_9_SG_1933_203e3d9f_Dermo",1,0.809999999999995,"Positive",FALSE,0,0
1,"H04","FAM","Unkn-16",39.08,38.67,0,"Dermo","H3_CviMVP_PlDNA_9_SG_1933_203e3d9f","CviMVP_12818","UNCW_MS_NC_2023-7-17",20,"H3_CviMVP_PlDNA_9_SG_1933_203e3d9f","1_H3_CviMVP_PlDNA_9_SG_1933_203e3d9f_Dermo",2,0.809999999999995,"Positive",FALSE,0,0
1,"H05","FAM","Unkn-24",34.08,33.46,0,"Dermo","H4_CviMVP_PlDNA_9_SG_2026_d4e67cae","CviMVP_15097","IL_ApBay_FL_2023-10-3",22,"H4_CviMVP_PlDNA_9_SG_2026_d4e67cae","1_H4_CviMVP_PlDNA_9_SG_2026_d4e67cae_Dermo",1,1.23999999999999,"Positive",FALSE,0,0
1,"H06","FAM","Unkn-24",32.84,33.46,0,"Dermo","H4_CviMVP_PlDNA_9_SG_2026_d4e67cae","CviMVP_15097","IL_ApBay_FL_2023-10-3",22,"H4_CviMVP_PlDNA_9_SG_2026_d4e67cae","1_H4_CviMVP_PlDNA_9_SG_2026_d4e67cae_Dermo",2,1.23999999999999,"Positive",FALSE,0,0
1,"H07","FAM","Unkn-32",NA,0,0,"Dermo",NA,NA,NA,20,"row_69","1_row_69_Dermo",1,NA,"Negative",FALSE,0,0
1,"H08","FAM","Unkn-32",36.76,36.76,0,"Dermo",NA,NA,NA,20,"row_70","1_row_70_Dermo",1,NA,"Inconclusive",TRUE,0,0
1,"H09","FAM","Unkn-40",25.86,25.84,0,"Dermo","H6_CviMVP_PlDNA_9_SG_1997_cb99d215","CviMVP_130101","AC_LIS_CT_2023-10-3",18,"H6_CviMVP_PlDNA_9_SG_1997_cb99d215","1_H6_CviMVP_PlDNA_9_SG_1997_cb99d215_Dermo",1,0.0300000000000011,"Positive",FALSE,0,0
1,"H10","FAM","Unkn-40",25.83,25.84,0,"Dermo","H6_CviMVP_PlDNA_9_SG_1997_cb99d215","CviMVP_130101","AC_LIS_CT_2023-10-3",18,"H6_CviMVP_PlDNA_9_SG_1997_cb99d215","1_H6_CviMVP_PlDNA_9_SG_1997_cb99d215_Dermo",2,0.0300000000000011,"Positive",FALSE,0,0
1,"H11","FAM","Neg Ctrl",31.49,31.49,0,"Dermo",NA,NA,NA,20,"row_73","1_row_73_Dermo",1,NA,"Inconclusive",TRUE,0,0
1,"H12","FAM","Neg Ctrl",31.48,31.48,0,"Dermo",NA,NA,NA,20,"row_74","1_row_74_Dermo",1,NA,"Inconclusive",TRUE,0,0
1,"A03","HEX","Unkn-09",NA,0,0,"MSX","A3_CviMVP_PlDNA_9_SG_1897_a4e3658f","CviMVP_12713","DC_DR_ME_2022-10-25",21,"A3_CviMVP_PlDNA_9_SG_1897_a4e3658f","1_A3_CviMVP_PlDNA_9_SG_1897_a4e3658f_MSX",1,NA,"Inconclusive",TRUE,0,0
1,"A04","HEX","Unkn-09",38.07,38.07,0,"MSX","A3_CviMVP_PlDNA_9_SG_1897_a4e3658f","CviMVP_12713","DC_DR_ME_2022-10-25",21,"A3_CviMVP_PlDNA_9_SG_1897_a4e3658f","1_A3_CviMVP_PlDNA_9_SG_1897_a4e3658f_MSX",2,NA,"Inconclusive",TRUE,0,0
1,"A05","HEX","Unkn-17",37.9,38.04,0,"MSX","A4_CviMVP_PlDNA_9_SG_1228_f84802b3","CviMVP_10766","TP_TX_2022-6-28",21,"A4_CviMVP_PlDNA_9_SG_1228_f84802b3","1_A4_CviMVP_PlDNA_9_SG_1228_f84802b3_MSX",1,0.280000000000001,"Positive",FALSE,0,0
1,"A06","HEX","Unkn-17",38.18,38.04,0,"MSX","A4_CviMVP_PlDNA_9_SG_1228_f84802b3","CviMVP_10766","TP_TX_2022-6-28",21,"A4_CviMVP_PlDNA_9_SG_1228_f84802b3","1_A4_CviMVP_PlDNA_9_SG_1228_f84802b3_MSX",2,0.280000000000001,"Positive",FALSE,0,0
1,"A07","HEX","Unkn-25",31.6,31.79,0,"MSX","A5_CviMVP_PlDNA_9_SG_2051_8fd6c592","CviMVP_15170","EC_ApBay_FL_2023-10-4",20,"A5_CviMVP_PlDNA_9_SG_2051_8fd6c592","1_A5_CviMVP_PlDNA_9_SG_2051_8fd6c592_MSX",1,0.389999999999997,"Positive",FALSE,0,0
1,"A08","HEX","Unkn-25",31.99,31.79,0,"MSX","A5_CviMVP_PlDNA_9_SG_2051_8fd6c592","CviMVP_15170","EC_ApBay_FL_2023-10-4",20,"A5_CviMVP_PlDNA_9_SG_2051_8fd6c592","1_A5_CviMVP_PlDNA_9_SG_2051_8fd6c592_MSX",2,0.389999999999997,"Positive",FALSE,0,0
1,"A09","HEX","Unkn-33",32.11,32.55,0,"MSX","A6_CviMVP_PlDNA_9_SG_2061_4151017c","CviMVP_15200","EC_ApBay_FL_2023-10-4",21,"A6_CviMVP_PlDNA_9_SG_2061_4151017c","1_A6_CviMVP_PlDNA_9_SG_2061_4151017c_MSX",1,0.890000000000001,"Positive",FALSE,0,0
1,"A10","HEX","Unkn-33",33,32.55,0,"MSX","A6_CviMVP_PlDNA_9_SG_2061_4151017c","CviMVP_15200","EC_ApBay_FL_2023-10-4",21,"A6_CviMVP_PlDNA_9_SG_2061_4151017c","1_A6_CviMVP_PlDNA_9_SG_2061_4151017c_MSX",2,0.890000000000001,"Positive",FALSE,0,0
1,"A11","HEX","Unkn-41",33.01,33.55,0,"MSX","A7_CviMVP_PlDNA_9_SG_1989_45751c77","CviMVP_12986","AC_LIS_CT_2023-10-3",19,"A7_CviMVP_PlDNA_9_SG_1989_45751c77","1_A7_CviMVP_PlDNA_9_SG_1989_45751c77_MSX",1,NA,"Inconclusive",TRUE,0,0
1,"A12","HEX","Unkn-41",34.08,33.55,0,"MSX",NA,NA,NA,20,"row_84","1_row_84_MSX",1,NA,"Inconclusive",TRUE,0,0
1,"B03","HEX","Unkn-10",NA,0,0,"MSX","B3_CviMVP_PlDNA_9_SG_2073_c2b8621b","CviMVP_130791","FC_LIS_CT_2023-10-11",19,"B3_CviMVP_PlDNA_9_SG_2073_c2b8621b","1_B3_CviMVP_PlDNA_9_SG_2073_c2b8621b_MSX",1,NA,"Negative",FALSE,0,0
1,"B04","HEX","Unkn-10",NA,0,0,"MSX","B3_CviMVP_PlDNA_9_SG_2073_c2b8621b","CviMVP_130791","FC_LIS_CT_2023-10-11",19,"B3_CviMVP_PlDNA_9_SG_2073_c2b8621b","1_B3_CviMVP_PlDNA_9_SG_2073_c2b8621b_MSX",2,NA,"Negative",FALSE,0,0
1,"B05","HEX","Unkn-18",NA,0,0,"MSX","B4_CviMVP_PlDNA_9_SG.sharedLotterhosPuritz_1770_5603bc09","CviMVP_12342","DWS_CB_VA_2022-10-7",18,"B4_CviMVP_PlDNA_9_SG.sharedLotterhosPuritz_1770_5603bc09","1_B4_CviMVP_PlDNA_9_SG.sharedLotterhosPuritz_1770_5603bc09_MSX",1,NA,"Negative",FALSE,0,0
1,"B06","HEX","Unkn-18",NA,0,0,"MSX","B4_CviMVP_PlDNA_9_SG.sharedLotterhosPuritz_1770_5603bc09","CviMVP_12342","DWS_CB_VA_2022-10-7",18,"B4_CviMVP_PlDNA_9_SG.sharedLotterhosPuritz_1770_5603bc09","1_B4_CviMVP_PlDNA_9_SG.sharedLotterhosPuritz_1770_5603bc09_MSX",2,NA,"Negative",FALSE,0,0
1,"B07","HEX","Unkn-26",27.6,27.71,0,"MSX","B5_CviMVP_PlDNA_9_SG_1315_bbdc8fb5","CviMVP_11015","Mer_GA_2022-7-26",21,"B5_CviMVP_PlDNA_9_SG_1315_bbdc8fb5","1_B5_CviMVP_PlDNA_9_SG_1315_bbdc8fb5_MSX",1,0.219999999999999,"Positive",FALSE,0,0
1,"B08","HEX","Unkn-26",27.82,27.71,0,"MSX","B5_CviMVP_PlDNA_9_SG_1315_bbdc8fb5","CviMVP_11015","Mer_GA_2022-7-26",21,"B5_CviMVP_PlDNA_9_SG_1315_bbdc8fb5","1_B5_CviMVP_PlDNA_9_SG_1315_bbdc8fb5_MSX",2,0.219999999999999,"Positive",FALSE,0,0
1,"B09","HEX","Unkn-34",29.63,29.6,0,"MSX","B6_CviMVP_PlDNA_9_SG_1975_b2a7e292","CviMVP_12944","FFJ_CF_NC_2023-7-19",20,"B6_CviMVP_PlDNA_9_SG_1975_b2a7e292","1_B6_CviMVP_PlDNA_9_SG_1975_b2a7e292_MSX",1,0.0599999999999987,"Positive",FALSE,0,0
1,"B10","HEX","Unkn-34",29.57,29.6,0,"MSX","B6_CviMVP_PlDNA_9_SG_1975_b2a7e292","CviMVP_12944","FFJ_CF_NC_2023-7-19",20,"B6_CviMVP_PlDNA_9_SG_1975_b2a7e292","1_B6_CviMVP_PlDNA_9_SG_1975_b2a7e292_MSX",2,0.0599999999999987,"Positive",FALSE,0,0
1,"B11","HEX","Unkn-42",23.8,23.7,1e-05,"MSX","B7_CviMVP_PlDNA_9_SG_1941_5582645b","CviMVP_12843","UNCW_MS_NC_2023-7-17",22,"B7_CviMVP_PlDNA_9_SG_1941_5582645b","1_B7_CviMVP_PlDNA_9_SG_1941_5582645b_MSX",1,0.199999999999999,"Positive",FALSE,3550.24272727273,2
1,"B12","HEX","Unkn-42",23.6,23.7,1e-05,"MSX","B7_CviMVP_PlDNA_9_SG_1941_5582645b","CviMVP_12843","UNCW_MS_NC_2023-7-17",22,"B7_CviMVP_PlDNA_9_SG_1941_5582645b","1_B7_CviMVP_PlDNA_9_SG_1941_5582645b_MSX",2,0.199999999999999,"Positive",FALSE,3550.24272727273,2
1,"C03","HEX","Unkn-11",NA,0,0,"MSX","C3_CviMVP_PlDNA_9_SG_2065_727d1736","CviMVP_130551","IL_ApBay_FL_2023-10-3",22,"C3_CviMVP_PlDNA_9_SG_2065_727d1736","1_C3_CviMVP_PlDNA_9_SG_2065_727d1736_MSX",1,NA,"Negative",FALSE,0,0
1,"C04","HEX","Unkn-11",NA,0,0,"MSX","C3_CviMVP_PlDNA_9_SG_2065_727d1736","CviMVP_130551","IL_ApBay_FL_2023-10-3",22,"C3_CviMVP_PlDNA_9_SG_2065_727d1736","1_C3_CviMVP_PlDNA_9_SG_2065_727d1736_MSX",2,NA,"Negative",FALSE,0,0
1,"C05","HEX","Unkn-19",24.26,23.89,1e-05,"MSX","C4_CviMVP_PlDNA_9_SG_1149_75628f53","CviMVP_10554","FP_Sav_GA_2022-6-10",20,"C4_CviMVP_PlDNA_9_SG_1149_75628f53","1_C4_CviMVP_PlDNA_9_SG_1149_75628f53_MSX",1,0.740000000000002,"Positive",FALSE,3905.267,2
1,"C06","HEX","Unkn-19",23.52,23.89,1e-05,"MSX","C4_CviMVP_PlDNA_9_SG_1149_75628f53","CviMVP_10554","FP_Sav_GA_2022-6-10",20,"C4_CviMVP_PlDNA_9_SG_1149_75628f53","1_C4_CviMVP_PlDNA_9_SG_1149_75628f53_MSX",2,0.740000000000002,"Positive",FALSE,3905.267,2
1,"C07","HEX","Unkn-27",29.75,29.95,0,"MSX","C5_CviMVP_PlDNA_9_SG_1323_be0b8284","CviMVP_11039","Mer_GA_2022-7-26",19,"C5_CviMVP_PlDNA_9_SG_1323_be0b8284","1_C5_CviMVP_PlDNA_9_SG_1323_be0b8284_MSX",1,0.399999999999999,"Positive",FALSE,0,0
1,"C08","HEX","Unkn-27",30.15,29.95,0,"MSX","C5_CviMVP_PlDNA_9_SG_1323_be0b8284","CviMVP_11039","Mer_GA_2022-7-26",19,"C5_CviMVP_PlDNA_9_SG_1323_be0b8284","1_C5_CviMVP_PlDNA_9_SG_1323_be0b8284_MSX",2,0.399999999999999,"Positive",FALSE,0,0
1,"C09","HEX","Unkn-35",30.08,30.44,0,"MSX","C6_CviMVP_PlDNA_9_SG_2012_f47e7f81","CviMVP_15055","AC_LIS_CT_2023-10-3",19,"C6_CviMVP_PlDNA_9_SG_2012_f47e7f81","1_C6_CviMVP_PlDNA_9_SG_2012_f47e7f81_MSX",1,0.720000000000002,"Positive",FALSE,0,0
1,"C10","HEX","Unkn-35",30.8,30.44,0,"MSX","C6_CviMVP_PlDNA_9_SG_2012_f47e7f81","CviMVP_15055","AC_LIS_CT_2023-10-3",19,"C6_CviMVP_PlDNA_9_SG_2012_f47e7f81","1_C6_CviMVP_PlDNA_9_SG_2012_f47e7f81_MSX",2,0.720000000000002,"Positive",FALSE,0,0
1,"C11","HEX","Unkn-43",33.08,33.48,0,"MSX",NA,NA,NA,20,"row_103","1_row_103_MSX",1,NA,"Inconclusive",TRUE,0,0
1,"C12","HEX","Unkn-43",33.87,33.48,0,"MSX",NA,NA,NA,20,"row_104","1_row_104_MSX",1,NA,"Inconclusive",TRUE,0,0
1,"D03","HEX","Unkn-12",36.98,36.98,0,"MSX","D3_CviMVP_PlDNA_9_SG_1230_2ae16b20","CviMVP_10772","CC_VA_2022-7-11",22,"D3_CviMVP_PlDNA_9_SG_1230_2ae16b20","1_D3_CviMVP_PlDNA_9_SG_1230_2ae16b20_MSX",1,NA,"Inconclusive",TRUE,0,0
1,"D04","HEX","Unkn-12",NA,0,0,"MSX","D3_CviMVP_PlDNA_9_SG_1230_2ae16b20","CviMVP_10772","CC_VA_2022-7-11",22,"D3_CviMVP_PlDNA_9_SG_1230_2ae16b20","1_D3_CviMVP_PlDNA_9_SG_1230_2ae16b20_MSX",2,NA,"Inconclusive",TRUE,0,0
1,"D05","HEX","Unkn-20",NA,0,0,"MSX","D4_CviMVP_PlDNA_9_SG_2005_7864d4b8","CviMVP_130341","AC_LIS_CT_2023-10-3",22,"D4_CviMVP_PlDNA_9_SG_2005_7864d4b8","1_D4_CviMVP_PlDNA_9_SG_2005_7864d4b8_MSX",1,NA,"Negative",FALSE,0,0
1,"D06","HEX","Unkn-20",NA,0,0,"MSX","D4_CviMVP_PlDNA_9_SG_2005_7864d4b8","CviMVP_130341","AC_LIS_CT_2023-10-3",22,"D4_CviMVP_PlDNA_9_SG_2005_7864d4b8","1_D4_CviMVP_PlDNA_9_SG_2005_7864d4b8_MSX",2,NA,"Negative",FALSE,0,0
1,"D07","HEX","Unkn-28",31.43,31.59,0,"MSX",NA,NA,NA,20,"row_109","1_row_109_MSX",1,NA,"Inconclusive",TRUE,0,0
1,"D08","HEX","Unkn-28",31.75,31.59,0,"MSX",NA,NA,NA,20,"row_110","1_row_110_MSX",1,NA,"Inconclusive",TRUE,0,0
1,"D09","HEX","Unkn-36",32.44,32.64,0,"MSX","D6_CviMVP_PlDNA_9_SG_1174_ee66e4d4","CviMVP_10613","SkR_GA_2022-6-14",18,"D6_CviMVP_PlDNA_9_SG_1174_ee66e4d4","1_D6_CviMVP_PlDNA_9_SG_1174_ee66e4d4_MSX",1,0.400000000000006,"Positive",FALSE,0,0
1,"D10","HEX","Unkn-36",32.84,32.64,0,"MSX","D6_CviMVP_PlDNA_9_SG_1174_ee66e4d4","CviMVP_10613","SkR_GA_2022-6-14",18,"D6_CviMVP_PlDNA_9_SG_1174_ee66e4d4","1_D6_CviMVP_PlDNA_9_SG_1174_ee66e4d4_MSX",2,0.400000000000006,"Positive",FALSE,0,0
1,"D11","HEX","Unkn-44",32.43,32.73,0,"MSX",NA,NA,NA,20,"row_113","1_row_113_MSX",1,NA,"Inconclusive",TRUE,0,0
1,"D12","HEX","Unkn-44",33.03,32.73,0,"MSX",NA,NA,NA,20,"row_114","1_row_114_MSX",1,NA,"Inconclusive",TRUE,0,0
1,"E03","HEX","Unkn-13",NA,0,0,"MSX",NA,NA,NA,20,"row_115","1_row_115_MSX",1,NA,"Negative",FALSE,0,0
1,"E04","HEX","Unkn-13",NA,0,0,"MSX",NA,NA,NA,20,"row_116","1_row_116_MSX",1,NA,"Negative",FALSE,0,0
1,"E05","HEX","Unkn-21",32.44,31.88,0,"MSX","E4_CviMVP_PlDNA_9_SG_1595_bc82001d","CviMVP_11826","KP_FGR_FL_2022-8-23",19,"E4_CviMVP_PlDNA_9_SG_1595_bc82001d","1_E4_CviMVP_PlDNA_9_SG_1595_bc82001d_MSX",1,1.11,"Positive",FALSE,0,0
1,"E06","HEX","Unkn-21",31.33,31.88,0,"MSX","E4_CviMVP_PlDNA_9_SG_1595_bc82001d","CviMVP_11826","KP_FGR_FL_2022-8-23",19,"E4_CviMVP_PlDNA_9_SG_1595_bc82001d","1_E4_CviMVP_PlDNA_9_SG_1595_bc82001d_MSX",2,1.11,"Positive",FALSE,0,0
1,"E07","HEX","Unkn-29",NA,0,0,"MSX",NA,NA,NA,20,"row_119","1_row_119_MSX",1,NA,"Negative",FALSE,0,0
1,"E08","HEX","Unkn-29",37.98,37.98,0,"MSX",NA,NA,NA,20,"row_120","1_row_120_MSX",1,NA,"Inconclusive",TRUE,0,0
1,"E09","HEX","Unkn-37",NA,0,0,"MSX",NA,NA,NA,20,"row_121","1_row_121_MSX",1,NA,"Negative",FALSE,0,0
1,"E10","HEX","Unkn-37",NA,0,0,"MSX",NA,NA,NA,20,"row_122","1_row_122_MSX",1,NA,"Negative",FALSE,0,0
1,"F03","HEX","Unkn-14",NA,0,0,"MSX","F3_CviMVP_PlDNA_9_SG_2099_8f119d72","CviMVP_131571","FC_LIS_CT_2023-10-11",20,"F3_CviMVP_PlDNA_9_SG_2099_8f119d72","1_F3_CviMVP_PlDNA_9_SG_2099_8f119d72_MSX",1,NA,"Negative",FALSE,0,0
1,"F04","HEX","Unkn-14",NA,0,0,"MSX","F3_CviMVP_PlDNA_9_SG_2099_8f119d72","CviMVP_131571","FC_LIS_CT_2023-10-11",20,"F3_CviMVP_PlDNA_9_SG_2099_8f119d72","1_F3_CviMVP_PlDNA_9_SG_2099_8f119d72_MSX",2,NA,"Negative",FALSE,0,0
1,"F05","HEX","Unkn-22",NA,0,0,"MSX","F4_CviMVP_PlDNA_9_SG_2086_90eb25bf","CviMVP_131181","FC_LIS_CT_2023-10-11",22,"F4_CviMVP_PlDNA_9_SG_2086_90eb25bf","1_F4_CviMVP_PlDNA_9_SG_2086_90eb25bf_MSX",1,NA,"Negative",FALSE,0,0
1,"F06","HEX","Unkn-22",NA,0,0,"MSX","F4_CviMVP_PlDNA_9_SG_2086_90eb25bf","CviMVP_131181","FC_LIS_CT_2023-10-11",22,"F4_CviMVP_PlDNA_9_SG_2086_90eb25bf","1_F4_CviMVP_PlDNA_9_SG_2086_90eb25bf_MSX",2,NA,"Negative",FALSE,0,0
1,"F07","HEX","Unkn-30",NA,0,0,"MSX","F5_CviMVP_PlDNA_9_SG.sharedLotterhosPuritz_1507_bc4a0c29","CviMVP_11570","NR_NB_RI_2022-8-19",19,"F5_CviMVP_PlDNA_9_SG.sharedLotterhosPuritz_1507_bc4a0c29","1_F5_CviMVP_PlDNA_9_SG.sharedLotterhosPuritz_1507_bc4a0c29_MSX",1,NA,"Negative",FALSE,0,0
1,"F08","HEX","Unkn-30",NA,0,0,"MSX","F5_CviMVP_PlDNA_9_SG.sharedLotterhosPuritz_1507_bc4a0c29","CviMVP_11570","NR_NB_RI_2022-8-19",19,"F5_CviMVP_PlDNA_9_SG.sharedLotterhosPuritz_1507_bc4a0c29","1_F5_CviMVP_PlDNA_9_SG.sharedLotterhosPuritz_1507_bc4a0c29_MSX",2,NA,"Negative",FALSE,0,0
1,"F09","HEX","Unkn-38",NA,0,0,"MSX",NA,NA,NA,20,"row_129","1_row_129_MSX",1,NA,"Negative",FALSE,0,0
1,"F10","HEX","Unkn-38",NA,0,0,"MSX",NA,NA,NA,20,"row_130","1_row_130_MSX",1,NA,"Negative",FALSE,0,0
1,"G03","HEX","Unkn-15",37.26,36.15,0,"MSX","G3_CviMVP_PlDNA_9_SG_2095_d4b38e21","CviMVP_131451","FC_LIS_CT_2023-10-11",19,"G3_CviMVP_PlDNA_9_SG_2095_d4b38e21","1_G3_CviMVP_PlDNA_9_SG_2095_d4b38e21_MSX",1,2.23,"Inconclusive",TRUE,0,0
1,"G04","HEX","Unkn-15",35.03,36.15,0,"MSX","G3_CviMVP_PlDNA_9_SG_2095_d4b38e21","CviMVP_131451","FC_LIS_CT_2023-10-11",19,"G3_CviMVP_PlDNA_9_SG_2095_d4b38e21","1_G3_CviMVP_PlDNA_9_SG_2095_d4b38e21_MSX",2,2.23,"Inconclusive",TRUE,0,0
1,"G05","HEX","Unkn-23",38.21,36.88,0,"MSX","G4_CviMVP_PlDNA_9_SG_1904_a0ecfc23","CviMVP_12733","Orrs_Cove_ME_2022-10-31",22,"G4_CviMVP_PlDNA_9_SG_1904_a0ecfc23","1_G4_CviMVP_PlDNA_9_SG_1904_a0ecfc23_MSX",1,2.65,"Inconclusive",TRUE,0,0
1,"G06","HEX","Unkn-23",35.56,36.88,0,"MSX","G4_CviMVP_PlDNA_9_SG_1904_a0ecfc23","CviMVP_12733","Orrs_Cove_ME_2022-10-31",22,"G4_CviMVP_PlDNA_9_SG_1904_a0ecfc23","1_G4_CviMVP_PlDNA_9_SG_1904_a0ecfc23_MSX",2,2.65,"Inconclusive",TRUE,0,0
1,"G07","HEX","Unkn-31",39.07,37.48,0,"MSX","G5_CviMVP_PlDNA_9_SG_2076_10d3cadc","CviMVP_130881","FC_LIS_CT_2023-10-11",22,"G5_CviMVP_PlDNA_9_SG_2076_10d3cadc","1_G5_CviMVP_PlDNA_9_SG_2076_10d3cadc_MSX",1,3.18,"Inconclusive",TRUE,0,0
1,"G08","HEX","Unkn-31",35.89,37.48,0,"MSX","G5_CviMVP_PlDNA_9_SG_2076_10d3cadc","CviMVP_130881","FC_LIS_CT_2023-10-11",22,"G5_CviMVP_PlDNA_9_SG_2076_10d3cadc","1_G5_CviMVP_PlDNA_9_SG_2076_10d3cadc_MSX",2,3.18,"Inconclusive",TRUE,0,0
1,"G09","HEX","Unkn-39",NA,0,0,"MSX","G6_CviMVP_PlDNA_9_SG_1632_a51500b0","CviMVP_11936","SaltBay_Canada_2022-9-27",22,"G6_CviMVP_PlDNA_9_SG_1632_a51500b0","1_G6_CviMVP_PlDNA_9_SG_1632_a51500b0_MSX",1,NA,"Negative",FALSE,0,0
1,"G10","HEX","Unkn-39",NA,0,0,"MSX","G6_CviMVP_PlDNA_9_SG_1632_a51500b0","CviMVP_11936","SaltBay_Canada_2022-9-27",22,"G6_CviMVP_PlDNA_9_SG_1632_a51500b0","1_G6_CviMVP_PlDNA_9_SG_1632_a51500b0_MSX",2,NA,"Negative",FALSE,0,0
1,"H03","HEX","Unkn-16",36.25,35.41,0,"MSX","H3_CviMVP_PlDNA_9_SG_1933_203e3d9f","CviMVP_12818","UNCW_MS_NC_2023-7-17",20,"H3_CviMVP_PlDNA_9_SG_1933_203e3d9f","1_H3_CviMVP_PlDNA_9_SG_1933_203e3d9f_MSX",1,1.68,"Positive",FALSE,0,0
1,"H04","HEX","Unkn-16",34.57,35.41,0,"MSX","H3_CviMVP_PlDNA_9_SG_1933_203e3d9f","CviMVP_12818","UNCW_MS_NC_2023-7-17",20,"H3_CviMVP_PlDNA_9_SG_1933_203e3d9f","1_H3_CviMVP_PlDNA_9_SG_1933_203e3d9f_MSX",2,1.68,"Positive",FALSE,0,0
1,"H05","HEX","Unkn-24",1.74,1.74,9.60103,"MSX","H4_CviMVP_PlDNA_9_SG_2026_d4e67cae","CviMVP_15097","IL_ApBay_FL_2023-10-3",22,"H4_CviMVP_PlDNA_9_SG_2026_d4e67cae","1_H4_CviMVP_PlDNA_9_SG_2026_d4e67cae_MSX",1,NA,"Inconclusive",TRUE,3408598693.18273,0
1,"H06","HEX","Unkn-24",NA,0,0,"MSX","H4_CviMVP_PlDNA_9_SG_2026_d4e67cae","CviMVP_15097","IL_ApBay_FL_2023-10-3",22,"H4_CviMVP_PlDNA_9_SG_2026_d4e67cae","1_H4_CviMVP_PlDNA_9_SG_2026_d4e67cae_MSX",2,NA,"Inconclusive",TRUE,0,0
1,"H07","HEX","Unkn-32",1.76,1.76,9.48468,"MSX",NA,NA,NA,20,"row_143","1_row_143_MSX",1,NA,"Inconclusive",TRUE,3704020780.956,0
1,"H08","HEX","Unkn-32",NA,0,0,"MSX",NA,NA,NA,20,"row_144","1_row_144_MSX",1,NA,"Negative",FALSE,0,0
1,"H09","HEX","Unkn-40",38.21,38.18,0,"MSX","H6_CviMVP_PlDNA_9_SG_1997_cb99d215","CviMVP_130101","AC_LIS_CT_2023-10-3",18,"H6_CviMVP_PlDNA_9_SG_1997_cb99d215","1_H6_CviMVP_PlDNA_9_SG_1997_cb99d215_MSX",1,0.0700000000000003,"Positive",FALSE,0,0
1,"H10","HEX","Unkn-40",38.14,38.18,0,"MSX","H6_CviMVP_PlDNA_9_SG_1997_cb99d215","CviMVP_130101","AC_LIS_CT_2023-10-3",18,"H6_CviMVP_PlDNA_9_SG_1997_cb99d215","1_H6_CviMVP_PlDNA_9_SG_1997_cb99d215_MSX",2,0.0700000000000003,"Positive",FALSE,0,0
1,"H11","HEX","Neg Ctrl",34.04,34.04,0,"MSX",NA,NA,NA,20,"row_147","1_row_147_MSX",1,NA,"Inconclusive",TRUE,0,0
1,"H12","HEX","Neg Ctrl",33.56,33.56,0,"MSX",NA,NA,NA,20,"row_148","1_row_148_MSX",1,NA,"Inconclusive",TRUE,0,0
2,"A03","FAM","Unkn-09",26.42,26.62,0,"Dermo","A3_CviMVP_PlDNA_10_SG_2036_b141fc51","CviMVP_15125","EC_ApBay_FL_2023-10-4",20,"A3_CviMVP_PlDNA_10_SG_2036_b141fc51","2_A3_CviMVP_PlDNA_10_SG_2036_b141fc51_Dermo",1,0.389999999999997,"Positive",FALSE,0,0
2,"A04","FAM","Unkn-09",26.81,26.62,0,"Dermo","A3_CviMVP_PlDNA_10_SG_2036_b141fc51","CviMVP_15125","EC_ApBay_FL_2023-10-4",20,"A3_CviMVP_PlDNA_10_SG_2036_b141fc51","2_A3_CviMVP_PlDNA_10_SG_2036_b141fc51_Dermo",2,0.389999999999997,"Positive",FALSE,0,0
2,"A05","FAM","Unkn-17",NA,0,0,"Dermo","A4_CviMVP_PlDNA_10_SG_1556_e491b857","CviMVP_11716","CPR_MS_AL_2022-8-24",22,"A4_CviMVP_PlDNA_10_SG_1556_e491b857","2_A4_CviMVP_PlDNA_10_SG_1556_e491b857_Dermo",1,NA,"Inconclusive",TRUE,0,0
2,"A06","FAM","Unkn-17",37.52,37.52,0,"Dermo","A4_CviMVP_PlDNA_10_SG_1556_e491b857","CviMVP_11716","CPR_MS_AL_2022-8-24",22,"A4_CviMVP_PlDNA_10_SG_1556_e491b857","2_A4_CviMVP_PlDNA_10_SG_1556_e491b857_Dermo",2,NA,"Inconclusive",TRUE,0,0
2,"A07","FAM","Unkn-25",33.96,34,0,"Dermo","A5_CviMVP_PlDNA_10_SG_2053_a99d49c4","CviMVP_15176","EC_ApBay_FL_2023-10-4",18,"A5_CviMVP_PlDNA_10_SG_2053_a99d49c4","2_A5_CviMVP_PlDNA_10_SG_2053_a99d49c4_Dermo",1,0.0799999999999983,"Positive",FALSE,0,0
2,"A08","FAM","Unkn-25",34.04,34,0,"Dermo","A5_CviMVP_PlDNA_10_SG_2053_a99d49c4","CviMVP_15176","EC_ApBay_FL_2023-10-4",18,"A5_CviMVP_PlDNA_10_SG_2053_a99d49c4","2_A5_CviMVP_PlDNA_10_SG_2053_a99d49c4_Dermo",2,0.0799999999999983,"Positive",FALSE,0,0
2,"A09","FAM","Unkn-33",23.47,23.54,1e-05,"Dermo","A6_CviMVP_PlDNA_10_SG.sharedLotterhosPuritz_1743_a99589c6","CviMVP_12262","WS_CB_VA_2022-10-7",20,"A6_CviMVP_PlDNA_10_SG.sharedLotterhosPuritz_1743_a99589c6","2_A6_CviMVP_PlDNA_10_SG.sharedLotterhosPuritz_1743_a99589c6_Dermo",1,0.140000000000001,"Positive",FALSE,3486.738,2
2,"A10","FAM","Unkn-33",23.61,23.54,1e-05,"Dermo","A6_CviMVP_PlDNA_10_SG.sharedLotterhosPuritz_1743_a99589c6","CviMVP_12262","WS_CB_VA_2022-10-7",20,"A6_CviMVP_PlDNA_10_SG.sharedLotterhosPuritz_1743_a99589c6","2_A6_CviMVP_PlDNA_10_SG.sharedLotterhosPuritz_1743_a99589c6_Dermo",2,0.140000000000001,"Positive",FALSE,3486.738,2
2,"A11","FAM","Neg Ctrl",37.67,37.67,0,"Dermo",NA,NA,NA,20,"row_9","2_row_9_Dermo",1,NA,"Inconclusive",TRUE,0,0
2,"A12","FAM","Neg Ctrl",NA,0,0,"Dermo",NA,NA,NA,20,"row_10","2_row_10_Dermo",1,NA,"Negative",FALSE,0,0
2,"B03","FAM","Unkn-10",33.05,33.39,0,"Dermo","B3_CviMVP_PlDNA_10_SG_2071_b4afd129","CviMVP_130731","IL_ApBay_FL_2023-10-3",22,"B3_CviMVP_PlDNA_10_SG_2071_b4afd129","2_B3_CviMVP_PlDNA_10_SG_2071_b4afd129_Dermo",1,0.670000000000002,"Positive",FALSE,0,0
2,"B04","FAM","Unkn-10",33.72,33.39,0,"Dermo","B3_CviMVP_PlDNA_10_SG_2071_b4afd129","CviMVP_130731","IL_ApBay_FL_2023-10-3",22,"B3_CviMVP_PlDNA_10_SG_2071_b4afd129","2_B3_CviMVP_PlDNA_10_SG_2071_b4afd129_Dermo",2,0.670000000000002,"Positive",FALSE,0,0
2,"B05","FAM","Unkn-18",37.16,37.16,0,"Dermo","B4_CviMVP_PlDNA_10_SG.sharedLotterhosPuritz_3054_b35976e5","CviMVP_30159","HC_DB_NJ_2022-9-23",21,"B4_CviMVP_PlDNA_10_SG.sharedLotterhosPuritz_3054_b35976e5","2_B4_CviMVP_PlDNA_10_SG.sharedLotterhosPuritz_3054_b35976e5_Dermo",1,NA,"Inconclusive",TRUE,0,0
2,"B06","FAM","Unkn-18",NA,0,0,"Dermo","B4_CviMVP_PlDNA_10_SG.sharedLotterhosPuritz_3054_b35976e5","CviMVP_30159","HC_DB_NJ_2022-9-23",21,"B4_CviMVP_PlDNA_10_SG.sharedLotterhosPuritz_3054_b35976e5","2_B4_CviMVP_PlDNA_10_SG.sharedLotterhosPuritz_3054_b35976e5_Dermo",2,NA,"Inconclusive",TRUE,0,0
2,"B07","FAM","Unkn-26",34.61,34.7,0,"Dermo","B5_CviMVP_PlDNA_10_SG_1158_3bbb4b81","CviMVP_10577","SkR_GA_2022-6-14",19,"B5_CviMVP_PlDNA_10_SG_1158_3bbb4b81","2_B5_CviMVP_PlDNA_10_SG_1158_3bbb4b81_Dermo",1,0.18,"Positive",FALSE,0,0
2,"B08","FAM","Unkn-26",34.79,34.7,0,"Dermo","B5_CviMVP_PlDNA_10_SG_1158_3bbb4b81","CviMVP_10577","SkR_GA_2022-6-14",19,"B5_CviMVP_PlDNA_10_SG_1158_3bbb4b81","2_B5_CviMVP_PlDNA_10_SG_1158_3bbb4b81_Dermo",2,0.18,"Positive",FALSE,0,0
2,"B09","FAM","Unkn-34",35.22,35.22,0,"Dermo","B6_CviMVP_PlDNA_10_SG_1834_e5dca67e","CviMVP_12528","PrEdIs_CN_A_2022-10-18",22,"B6_CviMVP_PlDNA_10_SG_1834_e5dca67e","2_B6_CviMVP_PlDNA_10_SG_1834_e5dca67e_Dermo",1,NA,"Inconclusive",TRUE,0,0
2,"B10","FAM","Unkn-34",NA,0,0,"Dermo","B6_CviMVP_PlDNA_10_SG_1834_e5dca67e","CviMVP_12528","PrEdIs_CN_A_2022-10-18",22,"B6_CviMVP_PlDNA_10_SG_1834_e5dca67e","2_B6_CviMVP_PlDNA_10_SG_1834_e5dca67e_Dermo",2,NA,"Inconclusive",TRUE,0,0
2,"B11","FAM","Unkn-41",27.73,27.77,0,"Dermo","A7_CviMVP_PlDNA_10_SG_2070_a576a0fa","CviMVP_130701","IL_ApBay_FL_2023-10-3",19,"A7_CviMVP_PlDNA_10_SG_2070_a576a0fa","2_A7_CviMVP_PlDNA_10_SG_2070_a576a0fa_Dermo",1,0.0799999999999983,"Positive",FALSE,0,0
2,"B12","FAM","Unkn-41",27.81,27.77,0,"Dermo","A7_CviMVP_PlDNA_10_SG_2070_a576a0fa","CviMVP_130701","IL_ApBay_FL_2023-10-3",19,"A7_CviMVP_PlDNA_10_SG_2070_a576a0fa","2_A7_CviMVP_PlDNA_10_SG_2070_a576a0fa_Dermo",2,0.0799999999999983,"Positive",FALSE,0,0
2,"C03","FAM","Unkn-11",24.49,24.59,0,"Dermo","C3_CviMVP_PlDNA_10_SG_2058_1f9da7a1","CviMVP_15191","EC_ApBay_FL_2023-10-4",21,"C3_CviMVP_PlDNA_10_SG_2058_1f9da7a1","2_C3_CviMVP_PlDNA_10_SG_2058_1f9da7a1_Dermo",1,0.200000000000003,"Positive",FALSE,0,0
2,"C04","FAM","Unkn-11",24.69,24.59,0,"Dermo","C3_CviMVP_PlDNA_10_SG_2058_1f9da7a1","CviMVP_15191","EC_ApBay_FL_2023-10-4",21,"C3_CviMVP_PlDNA_10_SG_2058_1f9da7a1","2_C3_CviMVP_PlDNA_10_SG_2058_1f9da7a1_Dermo",2,0.200000000000003,"Positive",FALSE,0,0
2,"C05","FAM","Unkn-19",35.85,35.97,0,"Dermo","C4_CviMVP_PlDNA_10_SG_1681_f4ee8856","CviMVP_12081","EelLake_Canada_2022-9-27",22,"C4_CviMVP_PlDNA_10_SG_1681_f4ee8856","2_C4_CviMVP_PlDNA_10_SG_1681_f4ee8856_Dermo",1,0.25,"Positive",FALSE,0,0
2,"C06","FAM","Unkn-19",36.1,35.97,0,"Dermo","C4_CviMVP_PlDNA_10_SG_1681_f4ee8856","CviMVP_12081","EelLake_Canada_2022-9-27",22,"C4_CviMVP_PlDNA_10_SG_1681_f4ee8856","2_C4_CviMVP_PlDNA_10_SG_1681_f4ee8856_Dermo",2,0.25,"Positive",FALSE,0,0
2,"C07","FAM","Unkn-27",NA,0,0,"Dermo","C5_CviMVP_PlDNA_10_SG_1888_a831e64b","CviMVP_12687","DC_DR_ME_2022-10-25",22,"C5_CviMVP_PlDNA_10_SG_1888_a831e64b","2_C5_CviMVP_PlDNA_10_SG_1888_a831e64b_Dermo",1,NA,"Negative",FALSE,0,0
2,"C08","FAM","Unkn-27",NA,0,0,"Dermo","C5_CviMVP_PlDNA_10_SG_1888_a831e64b","CviMVP_12687","DC_DR_ME_2022-10-25",22,"C5_CviMVP_PlDNA_10_SG_1888_a831e64b","2_C5_CviMVP_PlDNA_10_SG_1888_a831e64b_Dermo",2,NA,"Negative",FALSE,0,0
2,"C09","FAM","Unkn-35",34.73,34.72,0,"Dermo","C6_CviMVP_PlDNA_10_SG_1188_d3bbc7d3","CviMVP_10652","Culch_Ba_LA_2022-6-21",20,"C6_CviMVP_PlDNA_10_SG_1188_d3bbc7d3","2_C6_CviMVP_PlDNA_10_SG_1188_d3bbc7d3_Dermo",1,0.029999999999994,"Positive",FALSE,0,0
2,"C10","FAM","Unkn-35",34.7,34.72,0,"Dermo","C6_CviMVP_PlDNA_10_SG_1188_d3bbc7d3","CviMVP_10652","Culch_Ba_LA_2022-6-21",20,"C6_CviMVP_PlDNA_10_SG_1188_d3bbc7d3","2_C6_CviMVP_PlDNA_10_SG_1188_d3bbc7d3_Dermo",2,0.029999999999994,"Positive",FALSE,0,0
2,"C11","FAM","Unkn-42",28.28,28.28,0,"Dermo","B7_CviMVP_PlDNA_10_SG_2027_40c79c0d","CviMVP_15100","IL_ApBay_FL_2023-10-3",19,"B7_CviMVP_PlDNA_10_SG_2027_40c79c0d","2_B7_CviMVP_PlDNA_10_SG_2027_40c79c0d_Dermo",1,0.00999999999999801,"Positive",FALSE,0,0
2,"C12","FAM","Unkn-42",28.29,28.28,0,"Dermo","B7_CviMVP_PlDNA_10_SG_2027_40c79c0d","CviMVP_15100","IL_ApBay_FL_2023-10-3",19,"B7_CviMVP_PlDNA_10_SG_2027_40c79c0d","2_B7_CviMVP_PlDNA_10_SG_2027_40c79c0d_Dermo",2,0.00999999999999801,"Positive",FALSE,0,0
2,"D03","FAM","Unkn-12",NA,0,0,"Dermo","D3_CviMVP_PlDNA_10_SG_1117_78a75902","CviMVP_10479","CB_TX_2022-6-9",22,"D3_CviMVP_PlDNA_10_SG_1117_78a75902","2_D3_CviMVP_PlDNA_10_SG_1117_78a75902_Dermo",1,NA,"Negative",FALSE,0,0
2,"D04","FAM","Unkn-12",NA,0,0,"Dermo","D3_CviMVP_PlDNA_10_SG_1117_78a75902","CviMVP_10479","CB_TX_2022-6-9",22,"D3_CviMVP_PlDNA_10_SG_1117_78a75902","2_D3_CviMVP_PlDNA_10_SG_1117_78a75902_Dermo",2,NA,"Negative",FALSE,0,0
2,"D05","FAM","Unkn-20",32,32.05,0,"Dermo","D4_CviMVP_PlDNA_10_SG_2022_fe5dd5e1","CviMVP_15085","IL_ApBay_FL_2023-10-3",22,"D4_CviMVP_PlDNA_10_SG_2022_fe5dd5e1","2_D4_CviMVP_PlDNA_10_SG_2022_fe5dd5e1_Dermo",1,0.0900000000000034,"Positive",FALSE,0,0
2,"D06","FAM","Unkn-20",32.09,32.05,0,"Dermo","D4_CviMVP_PlDNA_10_SG_2022_fe5dd5e1","CviMVP_15085","IL_ApBay_FL_2023-10-3",22,"D4_CviMVP_PlDNA_10_SG_2022_fe5dd5e1","2_D4_CviMVP_PlDNA_10_SG_2022_fe5dd5e1_Dermo",2,0.0900000000000034,"Positive",FALSE,0,0
2,"D07","FAM","Unkn-28",35.26,35.65,0,"Dermo","D5_CviMVP_PlDNA_10_SG_2025_5bd16ce4","CviMVP_15094","IL_ApBay_FL_2023-10-3",22,"D5_CviMVP_PlDNA_10_SG_2025_5bd16ce4","2_D5_CviMVP_PlDNA_10_SG_2025_5bd16ce4_Dermo",1,0.780000000000001,"Positive",FALSE,0,0
2,"D08","FAM","Unkn-28",36.04,35.65,0,"Dermo","D5_CviMVP_PlDNA_10_SG_2025_5bd16ce4","CviMVP_15094","IL_ApBay_FL_2023-10-3",22,"D5_CviMVP_PlDNA_10_SG_2025_5bd16ce4","2_D5_CviMVP_PlDNA_10_SG_2025_5bd16ce4_Dermo",2,0.780000000000001,"Positive",FALSE,0,0
2,"D09","FAM","Unkn-36",35.23,34.95,0,"Dermo","D6_CviMVP_PlDNA_10_SG_2067_ad481849","CviMVP_130611","IL_ApBay_FL_2023-10-3",23,"D6_CviMVP_PlDNA_10_SG_2067_ad481849","2_D6_CviMVP_PlDNA_10_SG_2067_ad481849_Dermo",1,0.559999999999995,"Positive",FALSE,0,0
2,"D10","FAM","Unkn-36",34.67,34.95,0,"Dermo","D6_CviMVP_PlDNA_10_SG_2067_ad481849","CviMVP_130611","IL_ApBay_FL_2023-10-3",23,"D6_CviMVP_PlDNA_10_SG_2067_ad481849","2_D6_CviMVP_PlDNA_10_SG_2067_ad481849_Dermo",2,0.559999999999995,"Positive",FALSE,0,0
2,"D11","FAM","Unkn-43",29.05,29.21,0,"Dermo","C7_CviMVP_PlDNA_10_SG_1994_84a84701","CviMVP_130011","AC_LIS_CT_2023-10-3",19,"C7_CviMVP_PlDNA_10_SG_1994_84a84701","2_C7_CviMVP_PlDNA_10_SG_1994_84a84701_Dermo",1,0.32,"Positive",FALSE,0,0
2,"D12","FAM","Unkn-43",29.37,29.21,0,"Dermo","C7_CviMVP_PlDNA_10_SG_1994_84a84701","CviMVP_130011","AC_LIS_CT_2023-10-3",19,"C7_CviMVP_PlDNA_10_SG_1994_84a84701","2_C7_CviMVP_PlDNA_10_SG_1994_84a84701_Dermo",2,0.32,"Positive",FALSE,0,0
2,"E03","FAM","Unkn-13",36.1,36.89,0,"Dermo","E3_CviMVP_PlDNA_10_SG_1367_848f0492","CviMVP_11169","Nickle_Rf_LA_2022-8-1",22,"E3_CviMVP_PlDNA_10_SG_1367_848f0492","2_E3_CviMVP_PlDNA_10_SG_1367_848f0492_Dermo",1,1.58,"Positive",FALSE,0,0
2,"E04","FAM","Unkn-13",37.68,36.89,0,"Dermo","E3_CviMVP_PlDNA_10_SG_1367_848f0492","CviMVP_11169","Nickle_Rf_LA_2022-8-1",22,"E3_CviMVP_PlDNA_10_SG_1367_848f0492","2_E3_CviMVP_PlDNA_10_SG_1367_848f0492_Dermo",2,1.58,"Positive",FALSE,0,0
2,"E05","FAM","Unkn-21",28.54,28.64,0,"Dermo","E4_CviMVP_PlDNA_10_SG_2024_45ef0038","CviMVP_15091","IL_ApBay_FL_2023-10-3",22,"E4_CviMVP_PlDNA_10_SG_2024_45ef0038","2_E4_CviMVP_PlDNA_10_SG_2024_45ef0038_Dermo",1,0.199999999999999,"Positive",FALSE,0,0
2,"E06","FAM","Unkn-21",28.74,28.64,0,"Dermo","E4_CviMVP_PlDNA_10_SG_2024_45ef0038","CviMVP_15091","IL_ApBay_FL_2023-10-3",22,"E4_CviMVP_PlDNA_10_SG_2024_45ef0038","2_E4_CviMVP_PlDNA_10_SG_2024_45ef0038_Dermo",2,0.199999999999999,"Positive",FALSE,0,0
2,"E07","FAM","Unkn-29",34.88,35.75,0,"Dermo","E5_CviMVP_PlDNA_10_SG_1456_68650f46","CviMVP_11420","Cal_Lake_LA_2022-8-11",20,"E5_CviMVP_PlDNA_10_SG_1456_68650f46","2_E5_CviMVP_PlDNA_10_SG_1456_68650f46_Dermo",1,1.73999999999999,"Positive",FALSE,0,0
2,"E08","FAM","Unkn-29",36.62,35.75,0,"Dermo","E5_CviMVP_PlDNA_10_SG_1456_68650f46","CviMVP_11420","Cal_Lake_LA_2022-8-11",20,"E5_CviMVP_PlDNA_10_SG_1456_68650f46","2_E5_CviMVP_PlDNA_10_SG_1456_68650f46_Dermo",2,1.73999999999999,"Positive",FALSE,0,0
2,"E09","FAM","Unkn-37",23.92,24,0,"Dermo","E6_CviMVP_PlDNA_10_SG_1449_a339503d","CviMVP_11399","Cal_Lake_LA_2022-8-11",20,"E6_CviMVP_PlDNA_10_SG_1449_a339503d","2_E6_CviMVP_PlDNA_10_SG_1449_a339503d_Dermo",1,0.169999999999998,"Positive",FALSE,0,0
2,"E10","FAM","Unkn-37",24.09,24,0,"Dermo","E6_CviMVP_PlDNA_10_SG_1449_a339503d","CviMVP_11399","Cal_Lake_LA_2022-8-11",20,"E6_CviMVP_PlDNA_10_SG_1449_a339503d","2_E6_CviMVP_PlDNA_10_SG_1449_a339503d_Dermo",2,0.169999999999998,"Positive",FALSE,0,0
2,"E11","FAM","Unkn-44",NA,0,0,"Dermo","D7_CviMVP_PlDNA_10_SG_1382_c71a858c","CviMVP_11214","Sister_Lk_LA_2022-8-9",19,"D7_CviMVP_PlDNA_10_SG_1382_c71a858c","2_D7_CviMVP_PlDNA_10_SG_1382_c71a858c_Dermo",1,NA,"Negative",FALSE,0,0
2,"E12","FAM","Unkn-44",NA,0,0,"Dermo","D7_CviMVP_PlDNA_10_SG_1382_c71a858c","CviMVP_11214","Sister_Lk_LA_2022-8-9",19,"D7_CviMVP_PlDNA_10_SG_1382_c71a858c","2_D7_CviMVP_PlDNA_10_SG_1382_c71a858c_Dermo",2,NA,"Negative",FALSE,0,0
2,"F03","FAM","Unkn-14",26.73,26.87,0,"Dermo","F3_CviMVP_PlDNA_10_SG.sharedLotterhosPuritz_1724_dfa791d5","CviMVP_12205","WS_CB_VA_2022-10-7",22,"F3_CviMVP_PlDNA_10_SG.sharedLotterhosPuritz_1724_dfa791d5","2_F3_CviMVP_PlDNA_10_SG.sharedLotterhosPuritz_1724_dfa791d5_Dermo",1,0.289999999999999,"Positive",FALSE,0,0
2,"F04","FAM","Unkn-14",27.02,26.87,0,"Dermo","F3_CviMVP_PlDNA_10_SG.sharedLotterhosPuritz_1724_dfa791d5","CviMVP_12205","WS_CB_VA_2022-10-7",22,"F3_CviMVP_PlDNA_10_SG.sharedLotterhosPuritz_1724_dfa791d5","2_F3_CviMVP_PlDNA_10_SG.sharedLotterhosPuritz_1724_dfa791d5_Dermo",2,0.289999999999999,"Positive",FALSE,0,0
2,"F05","FAM","Unkn-22",26.02,26.03,0,"Dermo","F4_CviMVP_PlDNA_10_SG_1417_d4db5fe7","CviMVP_11308","GriceCove_SC_2022-8-10",19,"F4_CviMVP_PlDNA_10_SG_1417_d4db5fe7","2_F4_CviMVP_PlDNA_10_SG_1417_d4db5fe7_Dermo",1,0.0199999999999996,"Positive",FALSE,0,0
2,"F06","FAM","Unkn-22",26.04,26.03,0,"Dermo","F4_CviMVP_PlDNA_10_SG_1417_d4db5fe7","CviMVP_11308","GriceCove_SC_2022-8-10",19,"F4_CviMVP_PlDNA_10_SG_1417_d4db5fe7","2_F4_CviMVP_PlDNA_10_SG_1417_d4db5fe7_Dermo",2,0.0199999999999996,"Positive",FALSE,0,0
2,"F07","FAM","Unkn-30",25.41,25.58,0,"Dermo","F5_CviMVP_PlDNA_10_SG_2094_02a78116","CviMVP_131421","FC_LIS_CT_2023-10-11",21,"F5_CviMVP_PlDNA_10_SG_2094_02a78116","2_F5_CviMVP_PlDNA_10_SG_2094_02a78116_Dermo",1,0.350000000000001,"Positive",FALSE,0,0
2,"F08","FAM","Unkn-30",25.76,25.58,0,"Dermo","F5_CviMVP_PlDNA_10_SG_2094_02a78116","CviMVP_131421","FC_LIS_CT_2023-10-11",21,"F5_CviMVP_PlDNA_10_SG_2094_02a78116","2_F5_CviMVP_PlDNA_10_SG_2094_02a78116_Dermo",2,0.350000000000001,"Positive",FALSE,0,0
2,"F09","FAM","Unkn-38",28.54,28.6,0,"Dermo","F6_CviMVP_PlDNA_10_SG_2047_b1ff69b8","CviMVP_15158","EC_ApBay_FL_2023-10-4",22,"F6_CviMVP_PlDNA_10_SG_2047_b1ff69b8","2_F6_CviMVP_PlDNA_10_SG_2047_b1ff69b8_Dermo",1,0.120000000000001,"Positive",FALSE,0,0
2,"F10","FAM","Unkn-38",28.66,28.6,0,"Dermo","F6_CviMVP_PlDNA_10_SG_2047_b1ff69b8","CviMVP_15158","EC_ApBay_FL_2023-10-4",22,"F6_CviMVP_PlDNA_10_SG_2047_b1ff69b8","2_F6_CviMVP_PlDNA_10_SG_2047_b1ff69b8_Dermo",2,0.120000000000001,"Positive",FALSE,0,0
2,"F11","FAM","Unkn-45",NA,0,0,"Dermo","E7_CviMVP_PlDNA_10_SG_1907_e2ee8f04","CviMVP_12741","Orrs_Cove_ME_2022-10-31",20,"E7_CviMVP_PlDNA_10_SG_1907_e2ee8f04","2_E7_CviMVP_PlDNA_10_SG_1907_e2ee8f04_Dermo",1,NA,"Negative",FALSE,0,0
2,"F12","FAM","Unkn-45",NA,0,0,"Dermo","E7_CviMVP_PlDNA_10_SG_1907_e2ee8f04","CviMVP_12741","Orrs_Cove_ME_2022-10-31",20,"E7_CviMVP_PlDNA_10_SG_1907_e2ee8f04","2_E7_CviMVP_PlDNA_10_SG_1907_e2ee8f04_Dermo",2,NA,"Negative",FALSE,0,0
2,"G03","FAM","Unkn-15",23.77,23.93,0,"Dermo","G3_CviMVP_PlDNA_10_SG_1067_8d996fb4","CviMVP_10349","OL_MI_SC_2022-5-31",20,"G3_CviMVP_PlDNA_10_SG_1067_8d996fb4","2_G3_CviMVP_PlDNA_10_SG_1067_8d996fb4_Dermo",1,0.309999999999999,"Positive",FALSE,0,0
2,"G04","FAM","Unkn-15",24.08,23.93,0,"Dermo","G3_CviMVP_PlDNA_10_SG_1067_8d996fb4","CviMVP_10349","OL_MI_SC_2022-5-31",20,"G3_CviMVP_PlDNA_10_SG_1067_8d996fb4","2_G3_CviMVP_PlDNA_10_SG_1067_8d996fb4_Dermo",2,0.309999999999999,"Positive",FALSE,0,0
2,"G05","FAM","Unkn-23",23.17,23.29,1e-05,"Dermo","G4_CviMVP_PlDNA_10_SG_1333_3ba1aeca","CviMVP_11068","Mer_GA_2022-7-26",22,"G4_CviMVP_PlDNA_10_SG_1333_3ba1aeca","2_G4_CviMVP_PlDNA_10_SG_1333_3ba1aeca_Dermo",1,0.25,"Positive",FALSE,3169.76181818182,2
2,"G06","FAM","Unkn-23",23.42,23.29,1e-05,"Dermo","G4_CviMVP_PlDNA_10_SG_1333_3ba1aeca","CviMVP_11068","Mer_GA_2022-7-26",22,"G4_CviMVP_PlDNA_10_SG_1333_3ba1aeca","2_G4_CviMVP_PlDNA_10_SG_1333_3ba1aeca_Dermo",2,0.25,"Positive",FALSE,3169.76181818182,2
2,"G07","FAM","Unkn-31",20.54,20.68,4e-05,"Dermo","G5_CviMVP_PlDNA_10_SG_1466_596c2168","CviMVP_11448","SR_GB_NH_2022-8-12",20,"G5_CviMVP_PlDNA_10_SG_1466_596c2168","2_G5_CviMVP_PlDNA_10_SG_1466_596c2168_Dermo",1,0.289999999999999,"Positive",FALSE,13946.952,3
2,"G08","FAM","Unkn-31",20.83,20.68,4e-05,"Dermo","G5_CviMVP_PlDNA_10_SG_1466_596c2168","CviMVP_11448","SR_GB_NH_2022-8-12",20,"G5_CviMVP_PlDNA_10_SG_1466_596c2168","2_G5_CviMVP_PlDNA_10_SG_1466_596c2168_Dermo",2,0.289999999999999,"Positive",FALSE,13946.952,3
2,"G09","FAM","Unkn-39",NA,0,0,"Dermo","G6_CviMVP_PlDNA_10_SG_1042_f25060f5","CviMVP_10279","OL_MI_SC_2022-5-31",20,"G6_CviMVP_PlDNA_10_SG_1042_f25060f5","2_G6_CviMVP_PlDNA_10_SG_1042_f25060f5_Dermo",1,NA,"Inconclusive",TRUE,0,0
2,"G10","FAM","Unkn-39",38.47,38.47,0,"Dermo","G6_CviMVP_PlDNA_10_SG_1042_f25060f5","CviMVP_10279","OL_MI_SC_2022-5-31",20,"G6_CviMVP_PlDNA_10_SG_1042_f25060f5","2_G6_CviMVP_PlDNA_10_SG_1042_f25060f5_Dermo",2,NA,"Inconclusive",TRUE,0,0
2,"H03","FAM","Unkn-16",29.57,29.7,0,"Dermo","H3_CviMVP_PlDNA_10_SG_1621_537d3b67","CviMVP_11903","SawIs_MA_2022-9-5",21,"H3_CviMVP_PlDNA_10_SG_1621_537d3b67","2_H3_CviMVP_PlDNA_10_SG_1621_537d3b67_Dermo",1,0.27,"Positive",FALSE,0,0
2,"H04","FAM","Unkn-16",29.84,29.7,0,"Dermo","H3_CviMVP_PlDNA_10_SG_1621_537d3b67","CviMVP_11903","SawIs_MA_2022-9-5",21,"H3_CviMVP_PlDNA_10_SG_1621_537d3b67","2_H3_CviMVP_PlDNA_10_SG_1621_537d3b67_Dermo",2,0.27,"Positive",FALSE,0,0
2,"H05","FAM","Unkn-24",29.28,29.32,0,"Dermo","H4_CviMVP_PlDNA_10_SG_2075_7ce89a58","CviMVP_130851","FC_LIS_CT_2023-10-11",22,"H4_CviMVP_PlDNA_10_SG_2075_7ce89a58","2_H4_CviMVP_PlDNA_10_SG_2075_7ce89a58_Dermo",1,0.0899999999999999,"Positive",FALSE,0,0
2,"H06","FAM","Unkn-24",29.37,29.32,0,"Dermo","H4_CviMVP_PlDNA_10_SG_2075_7ce89a58","CviMVP_130851","FC_LIS_CT_2023-10-11",22,"H4_CviMVP_PlDNA_10_SG_2075_7ce89a58","2_H4_CviMVP_PlDNA_10_SG_2075_7ce89a58_Dermo",2,0.0899999999999999,"Positive",FALSE,0,0
2,"H07","FAM","Unkn-32",23.94,24.07,0,"Dermo","H5_CviMVP_PlDNA_10_SG_2078_b8a33fcd","CviMVP_130941","FC_LIS_CT_2023-10-11",23,"H5_CviMVP_PlDNA_10_SG_2078_b8a33fcd","2_H5_CviMVP_PlDNA_10_SG_2078_b8a33fcd_Dermo",1,0.27,"Positive",FALSE,0,0
2,"H08","FAM","Unkn-32",24.21,24.07,0,"Dermo","H5_CviMVP_PlDNA_10_SG_2078_b8a33fcd","CviMVP_130941","FC_LIS_CT_2023-10-11",23,"H5_CviMVP_PlDNA_10_SG_2078_b8a33fcd","2_H5_CviMVP_PlDNA_10_SG_2078_b8a33fcd_Dermo",2,0.27,"Positive",FALSE,0,0
2,"H09","FAM","Unkn-40",22.75,22.89,1e-05,"Dermo","H6_CviMVP_PlDNA_10_SG_2063_47fa25a7","CviMVP_130491","IL_ApBay_FL_2023-10-3",18,"H6_CviMVP_PlDNA_10_SG_2063_47fa25a7","2_H6_CviMVP_PlDNA_10_SG_2063_47fa25a7_Dermo",1,0.27,"Positive",FALSE,3874.15333333333,2
2,"H10","FAM","Unkn-40",23.02,22.89,1e-05,"Dermo","H6_CviMVP_PlDNA_10_SG_2063_47fa25a7","CviMVP_130491","IL_ApBay_FL_2023-10-3",18,"H6_CviMVP_PlDNA_10_SG_2063_47fa25a7","2_H6_CviMVP_PlDNA_10_SG_2063_47fa25a7_Dermo",2,0.27,"Positive",FALSE,3874.15333333333,2
2,"A03","HEX","Unkn-09",36.66,36.6,0,"MSX","A3_CviMVP_PlDNA_10_SG_2036_b141fc51","CviMVP_15125","EC_ApBay_FL_2023-10-4",20,"A3_CviMVP_PlDNA_10_SG_2036_b141fc51","2_A3_CviMVP_PlDNA_10_SG_2036_b141fc51_MSX",1,0.129999999999995,"Positive",FALSE,0,0
2,"A04","HEX","Unkn-09",36.53,36.6,0,"MSX","A3_CviMVP_PlDNA_10_SG_2036_b141fc51","CviMVP_15125","EC_ApBay_FL_2023-10-4",20,"A3_CviMVP_PlDNA_10_SG_2036_b141fc51","2_A3_CviMVP_PlDNA_10_SG_2036_b141fc51_MSX",2,0.129999999999995,"Positive",FALSE,0,0
2,"A05","HEX","Unkn-17",NA,0,0,"MSX","A4_CviMVP_PlDNA_10_SG_1556_e491b857","CviMVP_11716","CPR_MS_AL_2022-8-24",22,"A4_CviMVP_PlDNA_10_SG_1556_e491b857","2_A4_CviMVP_PlDNA_10_SG_1556_e491b857_MSX",1,NA,"Negative",FALSE,0,0
2,"A06","HEX","Unkn-17",NA,0,0,"MSX","A4_CviMVP_PlDNA_10_SG_1556_e491b857","CviMVP_11716","CPR_MS_AL_2022-8-24",22,"A4_CviMVP_PlDNA_10_SG_1556_e491b857","2_A4_CviMVP_PlDNA_10_SG_1556_e491b857_MSX",2,NA,"Negative",FALSE,0,0
2,"A07","HEX","Unkn-25",36.44,36.44,0,"MSX","A5_CviMVP_PlDNA_10_SG_2053_a99d49c4","CviMVP_15176","EC_ApBay_FL_2023-10-4",18,"A5_CviMVP_PlDNA_10_SG_2053_a99d49c4","2_A5_CviMVP_PlDNA_10_SG_2053_a99d49c4_MSX",1,NA,"Inconclusive",TRUE,0,0
2,"A08","HEX","Unkn-25",NA,0,0,"MSX","A5_CviMVP_PlDNA_10_SG_2053_a99d49c4","CviMVP_15176","EC_ApBay_FL_2023-10-4",18,"A5_CviMVP_PlDNA_10_SG_2053_a99d49c4","2_A5_CviMVP_PlDNA_10_SG_2053_a99d49c4_MSX",2,NA,"Inconclusive",TRUE,0,0
2,"A09","HEX","Unkn-33",NA,0,0,"MSX","A6_CviMVP_PlDNA_10_SG.sharedLotterhosPuritz_1743_a99589c6","CviMVP_12262","WS_CB_VA_2022-10-7",20,"A6_CviMVP_PlDNA_10_SG.sharedLotterhosPuritz_1743_a99589c6","2_A6_CviMVP_PlDNA_10_SG.sharedLotterhosPuritz_1743_a99589c6_MSX",1,NA,"Negative",FALSE,0,0
2,"A10","HEX","Unkn-33",NA,0,0,"MSX","A6_CviMVP_PlDNA_10_SG.sharedLotterhosPuritz_1743_a99589c6","CviMVP_12262","WS_CB_VA_2022-10-7",20,"A6_CviMVP_PlDNA_10_SG.sharedLotterhosPuritz_1743_a99589c6","2_A6_CviMVP_PlDNA_10_SG.sharedLotterhosPuritz_1743_a99589c6_MSX",2,NA,"Negative",FALSE,0,0
2,"A11","HEX","Neg Ctrl",NA,0,0,"MSX",NA,NA,NA,20,"row_85","2_row_85_MSX",1,NA,"Negative",FALSE,0,0
2,"A12","HEX","Neg Ctrl",NA,0,0,"MSX",NA,NA,NA,20,"row_86","2_row_86_MSX",1,NA,"Negative",FALSE,0,0
2,"B03","HEX","Unkn-10",NA,0,0,"MSX","B3_CviMVP_PlDNA_10_SG_2071_b4afd129","CviMVP_130731","IL_ApBay_FL_2023-10-3",22,"B3_CviMVP_PlDNA_10_SG_2071_b4afd129","2_B3_CviMVP_PlDNA_10_SG_2071_b4afd129_MSX",1,NA,"Negative",FALSE,0,0
2,"B04","HEX","Unkn-10",NA,0,0,"MSX","B3_CviMVP_PlDNA_10_SG_2071_b4afd129","CviMVP_130731","IL_ApBay_FL_2023-10-3",22,"B3_CviMVP_PlDNA_10_SG_2071_b4afd129","2_B3_CviMVP_PlDNA_10_SG_2071_b4afd129_MSX",2,NA,"Negative",FALSE,0,0
2,"B05","HEX","Unkn-18",26.68,26.74,0,"MSX","B4_CviMVP_PlDNA_10_SG.sharedLotterhosPuritz_3054_b35976e5","CviMVP_30159","HC_DB_NJ_2022-9-23",21,"B4_CviMVP_PlDNA_10_SG.sharedLotterhosPuritz_3054_b35976e5","2_B4_CviMVP_PlDNA_10_SG.sharedLotterhosPuritz_3054_b35976e5_MSX",1,0.109999999999999,"Positive",FALSE,0,0
2,"B06","HEX","Unkn-18",26.79,26.74,0,"MSX","B4_CviMVP_PlDNA_10_SG.sharedLotterhosPuritz_3054_b35976e5","CviMVP_30159","HC_DB_NJ_2022-9-23",21,"B4_CviMVP_PlDNA_10_SG.sharedLotterhosPuritz_3054_b35976e5","2_B4_CviMVP_PlDNA_10_SG.sharedLotterhosPuritz_3054_b35976e5_MSX",2,0.109999999999999,"Positive",FALSE,0,0
2,"B07","HEX","Unkn-26",30.01,30.21,0,"MSX","B5_CviMVP_PlDNA_10_SG_1158_3bbb4b81","CviMVP_10577","SkR_GA_2022-6-14",19,"B5_CviMVP_PlDNA_10_SG_1158_3bbb4b81","2_B5_CviMVP_PlDNA_10_SG_1158_3bbb4b81_MSX",1,0.399999999999999,"Positive",FALSE,0,0
2,"B08","HEX","Unkn-26",30.41,30.21,0,"MSX","B5_CviMVP_PlDNA_10_SG_1158_3bbb4b81","CviMVP_10577","SkR_GA_2022-6-14",19,"B5_CviMVP_PlDNA_10_SG_1158_3bbb4b81","2_B5_CviMVP_PlDNA_10_SG_1158_3bbb4b81_MSX",2,0.399999999999999,"Positive",FALSE,0,0
2,"B09","HEX","Unkn-34",35.89,36.07,0,"MSX","B6_CviMVP_PlDNA_10_SG_1834_e5dca67e","CviMVP_12528","PrEdIs_CN_A_2022-10-18",22,"B6_CviMVP_PlDNA_10_SG_1834_e5dca67e","2_B6_CviMVP_PlDNA_10_SG_1834_e5dca67e_MSX",1,0.350000000000001,"Positive",FALSE,0,0
2,"B10","HEX","Unkn-34",36.24,36.07,0,"MSX","B6_CviMVP_PlDNA_10_SG_1834_e5dca67e","CviMVP_12528","PrEdIs_CN_A_2022-10-18",22,"B6_CviMVP_PlDNA_10_SG_1834_e5dca67e","2_B6_CviMVP_PlDNA_10_SG_1834_e5dca67e_MSX",2,0.350000000000001,"Positive",FALSE,0,0
2,"B11","HEX","Unkn-41",NA,0,0,"MSX","A7_CviMVP_PlDNA_10_SG_2070_a576a0fa","CviMVP_130701","IL_ApBay_FL_2023-10-3",19,"A7_CviMVP_PlDNA_10_SG_2070_a576a0fa","2_A7_CviMVP_PlDNA_10_SG_2070_a576a0fa_MSX",1,NA,"Inconclusive",TRUE,0,0
2,"B12","HEX","Unkn-41",37.03,37.03,0,"MSX","A7_CviMVP_PlDNA_10_SG_2070_a576a0fa","CviMVP_130701","IL_ApBay_FL_2023-10-3",19,"A7_CviMVP_PlDNA_10_SG_2070_a576a0fa","2_A7_CviMVP_PlDNA_10_SG_2070_a576a0fa_MSX",2,NA,"Inconclusive",TRUE,0,0
2,"C03","HEX","Unkn-11",NA,0,0,"MSX","C3_CviMVP_PlDNA_10_SG_2058_1f9da7a1","CviMVP_15191","EC_ApBay_FL_2023-10-4",21,"C3_CviMVP_PlDNA_10_SG_2058_1f9da7a1","2_C3_CviMVP_PlDNA_10_SG_2058_1f9da7a1_MSX",1,NA,"Negative",FALSE,0,0
2,"C04","HEX","Unkn-11",NA,0,0,"MSX","C3_CviMVP_PlDNA_10_SG_2058_1f9da7a1","CviMVP_15191","EC_ApBay_FL_2023-10-4",21,"C3_CviMVP_PlDNA_10_SG_2058_1f9da7a1","2_C3_CviMVP_PlDNA_10_SG_2058_1f9da7a1_MSX",2,NA,"Negative",FALSE,0,0
2,"C05","HEX","Unkn-19",NA,0,0,"MSX","C4_CviMVP_PlDNA_10_SG_1681_f4ee8856","CviMVP_12081","EelLake_Canada_2022-9-27",22,"C4_CviMVP_PlDNA_10_SG_1681_f4ee8856","2_C4_CviMVP_PlDNA_10_SG_1681_f4ee8856_MSX",1,NA,"Negative",FALSE,0,0
2,"C06","HEX","Unkn-19",NA,0,0,"MSX","C4_CviMVP_PlDNA_10_SG_1681_f4ee8856","CviMVP_12081","EelLake_Canada_2022-9-27",22,"C4_CviMVP_PlDNA_10_SG_1681_f4ee8856","2_C4_CviMVP_PlDNA_10_SG_1681_f4ee8856_MSX",2,NA,"Negative",FALSE,0,0
2,"C07","HEX","Unkn-27",32.23,32.38,0,"MSX","C5_CviMVP_PlDNA_10_SG_1888_a831e64b","CviMVP_12687","DC_DR_ME_2022-10-25",22,"C5_CviMVP_PlDNA_10_SG_1888_a831e64b","2_C5_CviMVP_PlDNA_10_SG_1888_a831e64b_MSX",1,0.300000000000004,"Positive",FALSE,0,0
2,"C08","HEX","Unkn-27",32.53,32.38,0,"MSX","C5_CviMVP_PlDNA_10_SG_1888_a831e64b","CviMVP_12687","DC_DR_ME_2022-10-25",22,"C5_CviMVP_PlDNA_10_SG_1888_a831e64b","2_C5_CviMVP_PlDNA_10_SG_1888_a831e64b_MSX",2,0.300000000000004,"Positive",FALSE,0,0
2,"C09","HEX","Unkn-35",NA,0,0,"MSX","C6_CviMVP_PlDNA_10_SG_1188_d3bbc7d3","CviMVP_10652","Culch_Ba_LA_2022-6-21",20,"C6_CviMVP_PlDNA_10_SG_1188_d3bbc7d3","2_C6_CviMVP_PlDNA_10_SG_1188_d3bbc7d3_MSX",1,NA,"Negative",FALSE,0,0
2,"C10","HEX","Unkn-35",NA,0,0,"MSX","C6_CviMVP_PlDNA_10_SG_1188_d3bbc7d3","CviMVP_10652","Culch_Ba_LA_2022-6-21",20,"C6_CviMVP_PlDNA_10_SG_1188_d3bbc7d3","2_C6_CviMVP_PlDNA_10_SG_1188_d3bbc7d3_MSX",2,NA,"Negative",FALSE,0,0
2,"C11","HEX","Unkn-42",37.47,38.05,0,"MSX","B7_CviMVP_PlDNA_10_SG_2027_40c79c0d","CviMVP_15100","IL_ApBay_FL_2023-10-3",19,"B7_CviMVP_PlDNA_10_SG_2027_40c79c0d","2_B7_CviMVP_PlDNA_10_SG_2027_40c79c0d_MSX",1,1.16,"Positive",FALSE,0,0
2,"C12","HEX","Unkn-42",38.63,38.05,0,"MSX","B7_CviMVP_PlDNA_10_SG_2027_40c79c0d","CviMVP_15100","IL_ApBay_FL_2023-10-3",19,"B7_CviMVP_PlDNA_10_SG_2027_40c79c0d","2_B7_CviMVP_PlDNA_10_SG_2027_40c79c0d_MSX",2,1.16,"Positive",FALSE,0,0
2,"D03","HEX","Unkn-12",NA,0,0,"MSX","D3_CviMVP_PlDNA_10_SG_1117_78a75902","CviMVP_10479","CB_TX_2022-6-9",22,"D3_CviMVP_PlDNA_10_SG_1117_78a75902","2_D3_CviMVP_PlDNA_10_SG_1117_78a75902_MSX",1,NA,"Negative",FALSE,0,0
2,"D04","HEX","Unkn-12",NA,0,0,"MSX","D3_CviMVP_PlDNA_10_SG_1117_78a75902","CviMVP_10479","CB_TX_2022-6-9",22,"D3_CviMVP_PlDNA_10_SG_1117_78a75902","2_D3_CviMVP_PlDNA_10_SG_1117_78a75902_MSX",2,NA,"Negative",FALSE,0,0
2,"D05","HEX","Unkn-20",37.86,38.28,0,"MSX","D4_CviMVP_PlDNA_10_SG_2022_fe5dd5e1","CviMVP_15085","IL_ApBay_FL_2023-10-3",22,"D4_CviMVP_PlDNA_10_SG_2022_fe5dd5e1","2_D4_CviMVP_PlDNA_10_SG_2022_fe5dd5e1_MSX",1,0.850000000000001,"Positive",FALSE,0,0
2,"D06","HEX","Unkn-20",38.71,38.28,0,"MSX","D4_CviMVP_PlDNA_10_SG_2022_fe5dd5e1","CviMVP_15085","IL_ApBay_FL_2023-10-3",22,"D4_CviMVP_PlDNA_10_SG_2022_fe5dd5e1","2_D4_CviMVP_PlDNA_10_SG_2022_fe5dd5e1_MSX",2,0.850000000000001,"Positive",FALSE,0,0
2,"D07","HEX","Unkn-28",NA,0,0,"MSX","D5_CviMVP_PlDNA_10_SG_2025_5bd16ce4","CviMVP_15094","IL_ApBay_FL_2023-10-3",22,"D5_CviMVP_PlDNA_10_SG_2025_5bd16ce4","2_D5_CviMVP_PlDNA_10_SG_2025_5bd16ce4_MSX",1,NA,"Inconclusive",TRUE,0,0
2,"D08","HEX","Unkn-28",38.99,38.99,0,"MSX","D5_CviMVP_PlDNA_10_SG_2025_5bd16ce4","CviMVP_15094","IL_ApBay_FL_2023-10-3",22,"D5_CviMVP_PlDNA_10_SG_2025_5bd16ce4","2_D5_CviMVP_PlDNA_10_SG_2025_5bd16ce4_MSX",2,NA,"Inconclusive",TRUE,0,0
2,"D09","HEX","Unkn-36",NA,0,0,"MSX","D6_CviMVP_PlDNA_10_SG_2067_ad481849","CviMVP_130611","IL_ApBay_FL_2023-10-3",23,"D6_CviMVP_PlDNA_10_SG_2067_ad481849","2_D6_CviMVP_PlDNA_10_SG_2067_ad481849_MSX",1,NA,"Negative",FALSE,0,0
2,"D10","HEX","Unkn-36",NA,0,0,"MSX","D6_CviMVP_PlDNA_10_SG_2067_ad481849","CviMVP_130611","IL_ApBay_FL_2023-10-3",23,"D6_CviMVP_PlDNA_10_SG_2067_ad481849","2_D6_CviMVP_PlDNA_10_SG_2067_ad481849_MSX",2,NA,"Negative",FALSE,0,0
2,"D11","HEX","Unkn-43",NA,0,0,"MSX","C7_CviMVP_PlDNA_10_SG_1994_84a84701","CviMVP_130011","AC_LIS_CT_2023-10-3",19,"C7_CviMVP_PlDNA_10_SG_1994_84a84701","2_C7_CviMVP_PlDNA_10_SG_1994_84a84701_MSX",1,NA,"Inconclusive",TRUE,0,0
2,"D12","HEX","Unkn-43",39.04,39.04,0,"MSX","C7_CviMVP_PlDNA_10_SG_1994_84a84701","CviMVP_130011","AC_LIS_CT_2023-10-3",19,"C7_CviMVP_PlDNA_10_SG_1994_84a84701","2_C7_CviMVP_PlDNA_10_SG_1994_84a84701_MSX",2,NA,"Inconclusive",TRUE,0,0
2,"E03","HEX","Unkn-13",NA,0,0,"MSX","E3_CviMVP_PlDNA_10_SG_1367_848f0492","CviMVP_11169","Nickle_Rf_LA_2022-8-1",22,"E3_CviMVP_PlDNA_10_SG_1367_848f0492","2_E3_CviMVP_PlDNA_10_SG_1367_848f0492_MSX",1,NA,"Negative",FALSE,0,0
2,"E04","HEX","Unkn-13",NA,0,0,"MSX","E3_CviMVP_PlDNA_10_SG_1367_848f0492","CviMVP_11169","Nickle_Rf_LA_2022-8-1",22,"E3_CviMVP_PlDNA_10_SG_1367_848f0492","2_E3_CviMVP_PlDNA_10_SG_1367_848f0492_MSX",2,NA,"Negative",FALSE,0,0
2,"E05","HEX","Unkn-21",NA,0,0,"MSX","E4_CviMVP_PlDNA_10_SG_2024_45ef0038","CviMVP_15091","IL_ApBay_FL_2023-10-3",22,"E4_CviMVP_PlDNA_10_SG_2024_45ef0038","2_E4_CviMVP_PlDNA_10_SG_2024_45ef0038_MSX",1,NA,"Negative",FALSE,0,0
2,"E06","HEX","Unkn-21",NA,0,0,"MSX","E4_CviMVP_PlDNA_10_SG_2024_45ef0038","CviMVP_15091","IL_ApBay_FL_2023-10-3",22,"E4_CviMVP_PlDNA_10_SG_2024_45ef0038","2_E4_CviMVP_PlDNA_10_SG_2024_45ef0038_MSX",2,NA,"Negative",FALSE,0,0
2,"E07","HEX","Unkn-29",NA,0,0,"MSX","E5_CviMVP_PlDNA_10_SG_1456_68650f46","CviMVP_11420","Cal_Lake_LA_2022-8-11",20,"E5_CviMVP_PlDNA_10_SG_1456_68650f46","2_E5_CviMVP_PlDNA_10_SG_1456_68650f46_MSX",1,NA,"Negative",FALSE,0,0
2,"E08","HEX","Unkn-29",NA,0,0,"MSX","E5_CviMVP_PlDNA_10_SG_1456_68650f46","CviMVP_11420","Cal_Lake_LA_2022-8-11",20,"E5_CviMVP_PlDNA_10_SG_1456_68650f46","2_E5_CviMVP_PlDNA_10_SG_1456_68650f46_MSX",2,NA,"Negative",FALSE,0,0
2,"E09","HEX","Unkn-37",NA,0,0,"MSX","E6_CviMVP_PlDNA_10_SG_1449_a339503d","CviMVP_11399","Cal_Lake_LA_2022-8-11",20,"E6_CviMVP_PlDNA_10_SG_1449_a339503d","2_E6_CviMVP_PlDNA_10_SG_1449_a339503d_MSX",1,NA,"Negative",FALSE,0,0
2,"E10","HEX","Unkn-37",NA,0,0,"MSX","E6_CviMVP_PlDNA_10_SG_1449_a339503d","CviMVP_11399","Cal_Lake_LA_2022-8-11",20,"E6_CviMVP_PlDNA_10_SG_1449_a339503d","2_E6_CviMVP_PlDNA_10_SG_1449_a339503d_MSX",2,NA,"Negative",FALSE,0,0
2,"E11","HEX","Unkn-44",NA,0,0,"MSX","D7_CviMVP_PlDNA_10_SG_1382_c71a858c","CviMVP_11214","Sister_Lk_LA_2022-8-9",19,"D7_CviMVP_PlDNA_10_SG_1382_c71a858c","2_D7_CviMVP_PlDNA_10_SG_1382_c71a858c_MSX",1,NA,"Negative",FALSE,0,0
2,"E12","HEX","Unkn-44",NA,0,0,"MSX","D7_CviMVP_PlDNA_10_SG_1382_c71a858c","CviMVP_11214","Sister_Lk_LA_2022-8-9",19,"D7_CviMVP_PlDNA_10_SG_1382_c71a858c","2_D7_CviMVP_PlDNA_10_SG_1382_c71a858c_MSX",2,NA,"Negative",FALSE,0,0
2,"F03","HEX","Unkn-14",NA,0,0,"MSX","F3_CviMVP_PlDNA_10_SG.sharedLotterhosPuritz_1724_dfa791d5","CviMVP_12205","WS_CB_VA_2022-10-7",22,"F3_CviMVP_PlDNA_10_SG.sharedLotterhosPuritz_1724_dfa791d5","2_F3_CviMVP_PlDNA_10_SG.sharedLotterhosPuritz_1724_dfa791d5_MSX",1,NA,"Negative",FALSE,0,0
2,"F04","HEX","Unkn-14",NA,0,0,"MSX","F3_CviMVP_PlDNA_10_SG.sharedLotterhosPuritz_1724_dfa791d5","CviMVP_12205","WS_CB_VA_2022-10-7",22,"F3_CviMVP_PlDNA_10_SG.sharedLotterhosPuritz_1724_dfa791d5","2_F3_CviMVP_PlDNA_10_SG.sharedLotterhosPuritz_1724_dfa791d5_MSX",2,NA,"Negative",FALSE,0,0
2,"F05","HEX","Unkn-22",NA,0,0,"MSX","F4_CviMVP_PlDNA_10_SG_1417_d4db5fe7","CviMVP_11308","GriceCove_SC_2022-8-10",19,"F4_CviMVP_PlDNA_10_SG_1417_d4db5fe7","2_F4_CviMVP_PlDNA_10_SG_1417_d4db5fe7_MSX",1,NA,"Negative",FALSE,0,0
2,"F06","HEX","Unkn-22",NA,0,0,"MSX","F4_CviMVP_PlDNA_10_SG_1417_d4db5fe7","CviMVP_11308","GriceCove_SC_2022-8-10",19,"F4_CviMVP_PlDNA_10_SG_1417_d4db5fe7","2_F4_CviMVP_PlDNA_10_SG_1417_d4db5fe7_MSX",2,NA,"Negative",FALSE,0,0
2,"F07","HEX","Unkn-30",33.4,33.32,0,"MSX","F5_CviMVP_PlDNA_10_SG_2094_02a78116","CviMVP_131421","FC_LIS_CT_2023-10-11",21,"F5_CviMVP_PlDNA_10_SG_2094_02a78116","2_F5_CviMVP_PlDNA_10_SG_2094_02a78116_MSX",1,0.149999999999999,"Positive",FALSE,0,0
2,"F08","HEX","Unkn-30",33.25,33.32,0,"MSX","F5_CviMVP_PlDNA_10_SG_2094_02a78116","CviMVP_131421","FC_LIS_CT_2023-10-11",21,"F5_CviMVP_PlDNA_10_SG_2094_02a78116","2_F5_CviMVP_PlDNA_10_SG_2094_02a78116_MSX",2,0.149999999999999,"Positive",FALSE,0,0
2,"F09","HEX","Unkn-38",NA,0,0,"MSX","F6_CviMVP_PlDNA_10_SG_2047_b1ff69b8","CviMVP_15158","EC_ApBay_FL_2023-10-4",22,"F6_CviMVP_PlDNA_10_SG_2047_b1ff69b8","2_F6_CviMVP_PlDNA_10_SG_2047_b1ff69b8_MSX",1,NA,"Inconclusive",TRUE,0,0
2,"F10","HEX","Unkn-38",38.81,38.81,0,"MSX","F6_CviMVP_PlDNA_10_SG_2047_b1ff69b8","CviMVP_15158","EC_ApBay_FL_2023-10-4",22,"F6_CviMVP_PlDNA_10_SG_2047_b1ff69b8","2_F6_CviMVP_PlDNA_10_SG_2047_b1ff69b8_MSX",2,NA,"Inconclusive",TRUE,0,0
2,"F11","HEX","Unkn-45",NA,0,0,"MSX","E7_CviMVP_PlDNA_10_SG_1907_e2ee8f04","CviMVP_12741","Orrs_Cove_ME_2022-10-31",20,"E7_CviMVP_PlDNA_10_SG_1907_e2ee8f04","2_E7_CviMVP_PlDNA_10_SG_1907_e2ee8f04_MSX",1,NA,"Negative",FALSE,0,0
2,"F12","HEX","Unkn-45",NA,0,0,"MSX","E7_CviMVP_PlDNA_10_SG_1907_e2ee8f04","CviMVP_12741","Orrs_Cove_ME_2022-10-31",20,"E7_CviMVP_PlDNA_10_SG_1907_e2ee8f04","2_E7_CviMVP_PlDNA_10_SG_1907_e2ee8f04_MSX",2,NA,"Negative",FALSE,0,0
2,"G03","HEX","Unkn-15",NA,0,0,"MSX","G3_CviMVP_PlDNA_10_SG_1067_8d996fb4","CviMVP_10349","OL_MI_SC_2022-5-31",20,"G3_CviMVP_PlDNA_10_SG_1067_8d996fb4","2_G3_CviMVP_PlDNA_10_SG_1067_8d996fb4_MSX",1,NA,"Negative",FALSE,0,0
2,"G04","HEX","Unkn-15",NA,0,0,"MSX","G3_CviMVP_PlDNA_10_SG_1067_8d996fb4","CviMVP_10349","OL_MI_SC_2022-5-31",20,"G3_CviMVP_PlDNA_10_SG_1067_8d996fb4","2_G3_CviMVP_PlDNA_10_SG_1067_8d996fb4_MSX",2,NA,"Negative",FALSE,0,0
2,"G05","HEX","Unkn-23",34.3,34.23,0,"MSX","G4_CviMVP_PlDNA_10_SG_1333_3ba1aeca","CviMVP_11068","Mer_GA_2022-7-26",22,"G4_CviMVP_PlDNA_10_SG_1333_3ba1aeca","2_G4_CviMVP_PlDNA_10_SG_1333_3ba1aeca_MSX",1,0.129999999999995,"Positive",FALSE,0,0
2,"G06","HEX","Unkn-23",34.17,34.23,0,"MSX","G4_CviMVP_PlDNA_10_SG_1333_3ba1aeca","CviMVP_11068","Mer_GA_2022-7-26",22,"G4_CviMVP_PlDNA_10_SG_1333_3ba1aeca","2_G4_CviMVP_PlDNA_10_SG_1333_3ba1aeca_MSX",2,0.129999999999995,"Positive",FALSE,0,0
2,"G07","HEX","Unkn-31",22.61,22.8,1e-05,"MSX","G5_CviMVP_PlDNA_10_SG_1466_596c2168","CviMVP_11448","SR_GB_NH_2022-8-12",20,"G5_CviMVP_PlDNA_10_SG_1466_596c2168","2_G5_CviMVP_PlDNA_10_SG_1466_596c2168_MSX",1,0.390000000000001,"Positive",FALSE,3905.267,2
2,"G08","HEX","Unkn-31",23,22.8,1e-05,"MSX","G5_CviMVP_PlDNA_10_SG_1466_596c2168","CviMVP_11448","SR_GB_NH_2022-8-12",20,"G5_CviMVP_PlDNA_10_SG_1466_596c2168","2_G5_CviMVP_PlDNA_10_SG_1466_596c2168_MSX",2,0.390000000000001,"Positive",FALSE,3905.267,2
2,"G09","HEX","Unkn-39",NA,0,0,"MSX","G6_CviMVP_PlDNA_10_SG_1042_f25060f5","CviMVP_10279","OL_MI_SC_2022-5-31",20,"G6_CviMVP_PlDNA_10_SG_1042_f25060f5","2_G6_CviMVP_PlDNA_10_SG_1042_f25060f5_MSX",1,NA,"Negative",FALSE,0,0
2,"G10","HEX","Unkn-39",NA,0,0,"MSX","G6_CviMVP_PlDNA_10_SG_1042_f25060f5","CviMVP_10279","OL_MI_SC_2022-5-31",20,"G6_CviMVP_PlDNA_10_SG_1042_f25060f5","2_G6_CviMVP_PlDNA_10_SG_1042_f25060f5_MSX",2,NA,"Negative",FALSE,0,0
2,"H03","HEX","Unkn-16",NA,0,0,"MSX","H3_CviMVP_PlDNA_10_SG_1621_537d3b67","CviMVP_11903","SawIs_MA_2022-9-5",21,"H3_CviMVP_PlDNA_10_SG_1621_537d3b67","2_H3_CviMVP_PlDNA_10_SG_1621_537d3b67_MSX",1,NA,"Negative",FALSE,0,0
2,"H04","HEX","Unkn-16",NA,0,0,"MSX","H3_CviMVP_PlDNA_10_SG_1621_537d3b67","CviMVP_11903","SawIs_MA_2022-9-5",21,"H3_CviMVP_PlDNA_10_SG_1621_537d3b67","2_H3_CviMVP_PlDNA_10_SG_1621_537d3b67_MSX",2,NA,"Negative",FALSE,0,0
2,"H05","HEX","Unkn-24",37.99,37.46,0,"MSX","H4_CviMVP_PlDNA_10_SG_2075_7ce89a58","CviMVP_130851","FC_LIS_CT_2023-10-11",22,"H4_CviMVP_PlDNA_10_SG_2075_7ce89a58","2_H4_CviMVP_PlDNA_10_SG_2075_7ce89a58_MSX",1,1.06,"Positive",FALSE,0,0
2,"H06","HEX","Unkn-24",36.93,37.46,0,"MSX","H4_CviMVP_PlDNA_10_SG_2075_7ce89a58","CviMVP_130851","FC_LIS_CT_2023-10-11",22,"H4_CviMVP_PlDNA_10_SG_2075_7ce89a58","2_H4_CviMVP_PlDNA_10_SG_2075_7ce89a58_MSX",2,1.06,"Positive",FALSE,0,0
2,"H07","HEX","Unkn-32",38.59,37.33,0,"MSX","H5_CviMVP_PlDNA_10_SG_2078_b8a33fcd","CviMVP_130941","FC_LIS_CT_2023-10-11",23,"H5_CviMVP_PlDNA_10_SG_2078_b8a33fcd","2_H5_CviMVP_PlDNA_10_SG_2078_b8a33fcd_MSX",1,2.52,"Inconclusive",TRUE,0,0
2,"H08","HEX","Unkn-32",36.07,37.33,0,"MSX","H5_CviMVP_PlDNA_10_SG_2078_b8a33fcd","CviMVP_130941","FC_LIS_CT_2023-10-11",23,"H5_CviMVP_PlDNA_10_SG_2078_b8a33fcd","2_H5_CviMVP_PlDNA_10_SG_2078_b8a33fcd_MSX",2,2.52,"Inconclusive",TRUE,0,0
2,"H09","HEX","Unkn-40",NA,0,0,"MSX","H6_CviMVP_PlDNA_10_SG_2063_47fa25a7","CviMVP_130491","IL_ApBay_FL_2023-10-3",18,"H6_CviMVP_PlDNA_10_SG_2063_47fa25a7","2_H6_CviMVP_PlDNA_10_SG_2063_47fa25a7_MSX",1,NA,"Negative",FALSE,0,0
2,"H10","HEX","Unkn-40",NA,0,0,"MSX","H6_CviMVP_PlDNA_10_SG_2063_47fa25a7","CviMVP_130491","IL_ApBay_FL_2023-10-3",18,"H6_CviMVP_PlDNA_10_SG_2063_47fa25a7","2_H6_CviMVP_PlDNA_10_SG_2063_47fa25a7_MSX",2,NA,"Negative",FALSE,0,0
3,"A03","FAM","Unkn-01",23.12,23.16,6e-05,"Dermo","A8_CviMVP_PlDNA_5_SG_1240_5c86242a","CviMVP_10802","CC_VA_2022-7-11",22,"A8_CviMVP_PlDNA_5_SG_1240_5c86242a","3_A8_CviMVP_PlDNA_5_SG_1240_5c86242a_Dermo",1,0.0899999999999999,"Positive",FALSE,19018.5709090909,3
3,"A04","FAM","Unkn-01",23.21,23.16,6e-05,"Dermo","A8_CviMVP_PlDNA_5_SG_1240_5c86242a","CviMVP_10802","CC_VA_2022-7-11",22,"A8_CviMVP_PlDNA_5_SG_1240_5c86242a","3_A8_CviMVP_PlDNA_5_SG_1240_5c86242a_Dermo",2,0.0899999999999999,"Positive",FALSE,19018.5709090909,3
3,"A05","FAM","Unkn-09",33.15,33.25,0,"Dermo","A10_CviMVP_PlDNA_5_SG.sharedLotterhosPuritz_3010_78670ac9","CviMVP_30030","CS_DB_NJ_2022-9-21",18,"A10_CviMVP_PlDNA_5_SG.sharedLotterhosPuritz_3010_78670ac9","3_A10_CviMVP_PlDNA_5_SG.sharedLotterhosPuritz_3010_78670ac9_Dermo",1,0.200000000000003,"Positive",FALSE,0,0
3,"A06","FAM","Unkn-09",33.35,33.25,0,"Dermo","A10_CviMVP_PlDNA_5_SG.sharedLotterhosPuritz_3010_78670ac9","CviMVP_30030","CS_DB_NJ_2022-9-21",18,"A10_CviMVP_PlDNA_5_SG.sharedLotterhosPuritz_3010_78670ac9","3_A10_CviMVP_PlDNA_5_SG.sharedLotterhosPuritz_3010_78670ac9_Dermo",2,0.200000000000003,"Positive",FALSE,0,0
3,"A07","FAM","Unkn-17",37.33,37.33,0,"Dermo","A11_CviMVP_PlDNA_5_SG.sharedLotterhosPuritz_3026_80be4f10","CviMVP_30078","CS_DB_NJ_2022-9-21",22,"A11_CviMVP_PlDNA_5_SG.sharedLotterhosPuritz_3026_80be4f10","3_A11_CviMVP_PlDNA_5_SG.sharedLotterhosPuritz_3026_80be4f10_Dermo",1,NA,"Inconclusive",TRUE,0,0
3,"A08","FAM","Unkn-17",NA,0,0,"Dermo","A11_CviMVP_PlDNA_5_SG.sharedLotterhosPuritz_3026_80be4f10","CviMVP_30078","CS_DB_NJ_2022-9-21",22,"A11_CviMVP_PlDNA_5_SG.sharedLotterhosPuritz_3026_80be4f10","3_A11_CviMVP_PlDNA_5_SG.sharedLotterhosPuritz_3026_80be4f10_Dermo",2,NA,"Inconclusive",TRUE,0,0
3,"A09","FAM","Unkn-25",NA,0,0,"Dermo","A12_CviMVP_PlDNA_5_SG_1825_b3a90178","CviMVP_12505","PrEdIs_CN_A_2022-10-18",21,"A12_CviMVP_PlDNA_5_SG_1825_b3a90178","3_A12_CviMVP_PlDNA_5_SG_1825_b3a90178_Dermo",1,NA,"Negative",FALSE,0,0
3,"A10","FAM","Unkn-25",NA,0,0,"Dermo","A12_CviMVP_PlDNA_5_SG_1825_b3a90178","CviMVP_12505","PrEdIs_CN_A_2022-10-18",21,"A12_CviMVP_PlDNA_5_SG_1825_b3a90178","3_A12_CviMVP_PlDNA_5_SG_1825_b3a90178_Dermo",2,NA,"Negative",FALSE,0,0
3,"A11","FAM","Neg Ctrl",NA,0,0,"Dermo",NA,NA,NA,20,"row_9","3_row_9_Dermo",1,NA,"Negative",FALSE,0,0
3,"A12","FAM","Neg Ctrl",NA,0,0,"Dermo",NA,NA,NA,20,"row_10","3_row_10_Dermo",1,NA,"Negative",FALSE,0,0
3,"B03","FAM","Unkn-02",36.46,36.38,0,"Dermo","B8_CviMVP_PlDNA_5_SG_1558_fba7a623","CviMVP_11722","CPR_MS_AL_2022-8-24",20,"B8_CviMVP_PlDNA_5_SG_1558_fba7a623","3_B8_CviMVP_PlDNA_5_SG_1558_fba7a623_Dermo",1,0.149999999999999,"Positive",FALSE,0,0
3,"B04","FAM","Unkn-02",36.31,36.38,0,"Dermo","B8_CviMVP_PlDNA_5_SG_1558_fba7a623","CviMVP_11722","CPR_MS_AL_2022-8-24",20,"B8_CviMVP_PlDNA_5_SG_1558_fba7a623","3_B8_CviMVP_PlDNA_5_SG_1558_fba7a623_Dermo",2,0.149999999999999,"Positive",FALSE,0,0
3,"B05","FAM","Unkn-10",39.59,39.59,0,"Dermo","B10_CviMVP_PlDNA_5_SG_1037_baf65a49","CviMVP_10104","LakeFortuna_LA_2022-5-11",20,"B10_CviMVP_PlDNA_5_SG_1037_baf65a49","3_B10_CviMVP_PlDNA_5_SG_1037_baf65a49_Dermo",1,NA,"Inconclusive",TRUE,0,0
3,"B06","FAM","Unkn-10",NA,0,0,"Dermo","B10_CviMVP_PlDNA_5_SG_1037_baf65a49","CviMVP_10104","LakeFortuna_LA_2022-5-11",20,"B10_CviMVP_PlDNA_5_SG_1037_baf65a49","3_B10_CviMVP_PlDNA_5_SG_1037_baf65a49_Dermo",2,NA,"Inconclusive",TRUE,0,0
3,"B07","FAM","Unkn-18",NA,0,0,"Dermo","B11_CviMVP_PlDNA_5_SG.sharedLotterhosPuritz_3035_b56ac115","CviMVP_30103","HC_DB_NJ_2022-9-23",19,"B11_CviMVP_PlDNA_5_SG.sharedLotterhosPuritz_3035_b56ac115","3_B11_CviMVP_PlDNA_5_SG.sharedLotterhosPuritz_3035_b56ac115_Dermo",1,NA,"Negative",FALSE,0,0
3,"B08","FAM","Unkn-18",NA,0,0,"Dermo","B11_CviMVP_PlDNA_5_SG.sharedLotterhosPuritz_3035_b56ac115","CviMVP_30103","HC_DB_NJ_2022-9-23",19,"B11_CviMVP_PlDNA_5_SG.sharedLotterhosPuritz_3035_b56ac115","3_B11_CviMVP_PlDNA_5_SG.sharedLotterhosPuritz_3035_b56ac115_Dermo",2,NA,"Negative",FALSE,0,0
3,"B09","FAM","Unkn-26",NA,0,0,"Dermo","A9_CviMVP_PlDNA_5_SG_1659_12a25bac","CviMVP_12016","EelLake_Canada_2022-9-27",19,"A9_CviMVP_PlDNA_5_SG_1659_12a25bac","3_A9_CviMVP_PlDNA_5_SG_1659_12a25bac_Dermo",1,NA,"Negative",FALSE,0,0
3,"B10","FAM","Unkn-26",NA,0,0,"Dermo","A9_CviMVP_PlDNA_5_SG_1659_12a25bac","CviMVP_12016","EelLake_Canada_2022-9-27",19,"A9_CviMVP_PlDNA_5_SG_1659_12a25bac","3_A9_CviMVP_PlDNA_5_SG_1659_12a25bac_Dermo",2,NA,"Negative",FALSE,0,0
3,"B11","FAM","Unkn",25.7,25.7,1e-05,"Dermo","D7_CviMVP_PlDNA_5_SG_1796_1ba8d3a0","CviMVP_12419","NPS_PS_NC_2022-10-12",21,"D7_CviMVP_PlDNA_5_SG_1796_1ba8d3a0","3_D7_CviMVP_PlDNA_5_SG_1796_1ba8d3a0_Dermo",1,0.0100000000000016,"Positive",FALSE,3320.70285714286,2
3,"B12","FAM","Unkn",25.71,25.71,1e-05,"Dermo","D7_CviMVP_PlDNA_5_SG_1796_1ba8d3a0","CviMVP_12419","NPS_PS_NC_2022-10-12",21,"D7_CviMVP_PlDNA_5_SG_1796_1ba8d3a0","3_D7_CviMVP_PlDNA_5_SG_1796_1ba8d3a0_Dermo",2,0.0100000000000016,"Positive",FALSE,3320.70285714286,2
3,"C03","FAM","Unkn-03",NA,0,0,"Dermo","C8_CviMVP_PlDNA_5_SG_1177_84b10c5a","CviMVP_10620","Culch_Ba_LA_2022-6-21",19,"C8_CviMVP_PlDNA_5_SG_1177_84b10c5a","3_C8_CviMVP_PlDNA_5_SG_1177_84b10c5a_Dermo",1,NA,"Negative",FALSE,0,0
3,"C04","FAM","Unkn-03",NA,0,0,"Dermo","C8_CviMVP_PlDNA_5_SG_1177_84b10c5a","CviMVP_10620","Culch_Ba_LA_2022-6-21",19,"C8_CviMVP_PlDNA_5_SG_1177_84b10c5a","3_C8_CviMVP_PlDNA_5_SG_1177_84b10c5a_Dermo",2,NA,"Negative",FALSE,0,0
3,"C05","FAM","Unkn-11",23.59,23.46,5e-05,"Dermo","C10_CviMVP_PlDNA_5_SG_1699_ba3f6196","CviMVP_12133","SaLa_GA_2022-10-5",22,"C10_CviMVP_PlDNA_5_SG_1699_ba3f6196","3_C10_CviMVP_PlDNA_5_SG_1699_ba3f6196_Dermo",1,0.260000000000002,"Positive",FALSE,15848.8090909091,3
3,"C06","FAM","Unkn-11",23.33,23.46,5e-05,"Dermo","C10_CviMVP_PlDNA_5_SG_1699_ba3f6196","CviMVP_12133","SaLa_GA_2022-10-5",22,"C10_CviMVP_PlDNA_5_SG_1699_ba3f6196","3_C10_CviMVP_PlDNA_5_SG_1699_ba3f6196_Dermo",2,0.260000000000002,"Positive",FALSE,15848.8090909091,3
3,"C07","FAM","Unkn-19",38.63,38.63,0,"Dermo","C11_CviMVP_PlDNA_5_SG.sharedLotterhosPuritz_1853_a4196b8b","CviMVP_12583","LCP_UP_MD_2022-10-20",21,"C11_CviMVP_PlDNA_5_SG.sharedLotterhosPuritz_1853_a4196b8b","3_C11_CviMVP_PlDNA_5_SG.sharedLotterhosPuritz_1853_a4196b8b_Dermo",1,NA,"Inconclusive",TRUE,0,0
3,"C08","FAM","Unkn-19",NA,0,0,"Dermo","C11_CviMVP_PlDNA_5_SG.sharedLotterhosPuritz_1853_a4196b8b","CviMVP_12583","LCP_UP_MD_2022-10-20",21,"C11_CviMVP_PlDNA_5_SG.sharedLotterhosPuritz_1853_a4196b8b","3_C11_CviMVP_PlDNA_5_SG.sharedLotterhosPuritz_1853_a4196b8b_Dermo",2,NA,"Inconclusive",TRUE,0,0
3,"C09","FAM","Unkn-27",38.58,38.58,0,"Dermo","C12_CviMVP_PlDNA_5_SG_1348_b189398c","CviMVP_11112","Nickle_Rf_LA_2022-8-1",22,"C12_CviMVP_PlDNA_5_SG_1348_b189398c","3_C12_CviMVP_PlDNA_5_SG_1348_b189398c_Dermo",1,NA,"Inconclusive",TRUE,0,0
3,"C10","FAM","Unkn-27",NA,0,0,"Dermo","C12_CviMVP_PlDNA_5_SG_1348_b189398c","CviMVP_11112","Nickle_Rf_LA_2022-8-1",22,"C12_CviMVP_PlDNA_5_SG_1348_b189398c","3_C12_CviMVP_PlDNA_5_SG_1348_b189398c_Dermo",2,NA,"Inconclusive",TRUE,0,0
3,"C11","FAM","Unkn-33",35.93,35.49,0,"Dermo","E7_CviMVP_PlDNA_5_SG_1916_b4df3bc3","CviMVP_12765","Orrs_Cove_ME_2022-10-31",22,"E7_CviMVP_PlDNA_5_SG_1916_b4df3bc3","3_E7_CviMVP_PlDNA_5_SG_1916_b4df3bc3_Dermo",1,0.880000000000003,"Positive",FALSE,0,0
3,"C12","FAM","Unkn-33",35.05,35.49,0,"Dermo","E7_CviMVP_PlDNA_5_SG_1916_b4df3bc3","CviMVP_12765","Orrs_Cove_ME_2022-10-31",22,"E7_CviMVP_PlDNA_5_SG_1916_b4df3bc3","3_E7_CviMVP_PlDNA_5_SG_1916_b4df3bc3_Dermo",2,0.880000000000003,"Positive",FALSE,0,0
3,"D03","FAM","Unkn-04",NA,0,0,"Dermo","D8_CviMVP_PlDNA_5_SG.sharedLotterhosPuritz_1850_dfd894f5","CviMVP_12574","LCP_UP_MD_2022-10-20",22,"D8_CviMVP_PlDNA_5_SG.sharedLotterhosPuritz_1850_dfd894f5","3_D8_CviMVP_PlDNA_5_SG.sharedLotterhosPuritz_1850_dfd894f5_Dermo",1,NA,"Negative",FALSE,0,0
3,"D04","FAM","Unkn-04",NA,0,0,"Dermo","D8_CviMVP_PlDNA_5_SG.sharedLotterhosPuritz_1850_dfd894f5","CviMVP_12574","LCP_UP_MD_2022-10-20",22,"D8_CviMVP_PlDNA_5_SG.sharedLotterhosPuritz_1850_dfd894f5","3_D8_CviMVP_PlDNA_5_SG.sharedLotterhosPuritz_1850_dfd894f5_Dermo",2,NA,"Negative",FALSE,0,0
3,"D05","FAM","Unkn-12",NA,0,0,"Dermo","D10_CviMVP_PlDNA_5_SG_1673_65fa18bf","CviMVP_12058","EelLake_Canada_2022-9-27",21,"D10_CviMVP_PlDNA_5_SG_1673_65fa18bf","3_D10_CviMVP_PlDNA_5_SG_1673_65fa18bf_Dermo",1,NA,"Negative",FALSE,0,0
3,"D06","FAM","Unkn-12",NA,0,0,"Dermo","D10_CviMVP_PlDNA_5_SG_1673_65fa18bf","CviMVP_12058","EelLake_Canada_2022-9-27",21,"D10_CviMVP_PlDNA_5_SG_1673_65fa18bf","3_D10_CviMVP_PlDNA_5_SG_1673_65fa18bf_Dermo",2,NA,"Negative",FALSE,0,0
3,"D07","FAM","Unkn-20",29.57,29.63,0,"Dermo","D11_CviMVP_PlDNA_5_SG.sharedLotterhosPuritz_1523_b1a44415","CviMVP_11617","DC_NB_RI_2022-8-19",22,"D11_CviMVP_PlDNA_5_SG.sharedLotterhosPuritz_1523_b1a44415","3_D11_CviMVP_PlDNA_5_SG.sharedLotterhosPuritz_1523_b1a44415_Dermo",1,0.129999999999999,"Positive",FALSE,0,0
3,"D08","FAM","Unkn-20",29.7,29.63,0,"Dermo","D11_CviMVP_PlDNA_5_SG.sharedLotterhosPuritz_1523_b1a44415","CviMVP_11617","DC_NB_RI_2022-8-19",22,"D11_CviMVP_PlDNA_5_SG.sharedLotterhosPuritz_1523_b1a44415","3_D11_CviMVP_PlDNA_5_SG.sharedLotterhosPuritz_1523_b1a44415_Dermo",2,0.129999999999999,"Positive",FALSE,0,0
3,"D09","FAM","Unkn-28",NA,0,0,"Dermo","D12_CviMVP_PlDNA_5_SG.sharedLotterhosPuritz_1856_c5dc6416","CviMVP_12592","LCP_UP_MD_2022-10-20",22,"D12_CviMVP_PlDNA_5_SG.sharedLotterhosPuritz_1856_c5dc6416","3_D12_CviMVP_PlDNA_5_SG.sharedLotterhosPuritz_1856_c5dc6416_Dermo",1,NA,"Inconclusive",TRUE,0,0
3,"D10","FAM","Unkn-28",37.72,37.72,0,"Dermo","D12_CviMVP_PlDNA_5_SG.sharedLotterhosPuritz_1856_c5dc6416","CviMVP_12592","LCP_UP_MD_2022-10-20",22,"D12_CviMVP_PlDNA_5_SG.sharedLotterhosPuritz_1856_c5dc6416","3_D12_CviMVP_PlDNA_5_SG.sharedLotterhosPuritz_1856_c5dc6416_Dermo",2,NA,"Inconclusive",TRUE,0,0
3,"D11","FAM","Unkn-34",NA,0,0,"Dermo","F7_CviMVP_PlDNA_5_SG_1354_541bb3b2","CviMVP_11130","Nickle_Rf_LA_2022-8-1",22,"F7_CviMVP_PlDNA_5_SG_1354_541bb3b2","3_F7_CviMVP_PlDNA_5_SG_1354_541bb3b2_Dermo",1,NA,"Inconclusive",TRUE,0,0
3,"D12","FAM","Unkn-34",39.87,39.87,0,"Dermo","F7_CviMVP_PlDNA_5_SG_1354_541bb3b2","CviMVP_11130","Nickle_Rf_LA_2022-8-1",22,"F7_CviMVP_PlDNA_5_SG_1354_541bb3b2","3_F7_CviMVP_PlDNA_5_SG_1354_541bb3b2_Dermo",2,NA,"Inconclusive",TRUE,0,0
3,"E03","FAM","Unkn-05",NA,0,0,"Dermo","E8_CviMVP_PlDNA_5_SG_1555_8dbba465","CviMVP_11713","CPR_MS_AL_2022-8-24",21,"E8_CviMVP_PlDNA_5_SG_1555_8dbba465","3_E8_CviMVP_PlDNA_5_SG_1555_8dbba465_Dermo",1,NA,"Negative",FALSE,0,0
3,"E04","FAM","Unkn-05",NA,0,0,"Dermo","E8_CviMVP_PlDNA_5_SG_1555_8dbba465","CviMVP_11713","CPR_MS_AL_2022-8-24",21,"E8_CviMVP_PlDNA_5_SG_1555_8dbba465","3_E8_CviMVP_PlDNA_5_SG_1555_8dbba465_Dermo",2,NA,"Negative",FALSE,0,0
3,"E05","FAM","Unkn-13",34.55,34.64,0,"Dermo","E10_CviMVP_PlDNA_5_SG_1339_2f706811","CviMVP_11086","Mer_GA_2022-7-26",21,"E10_CviMVP_PlDNA_5_SG_1339_2f706811","3_E10_CviMVP_PlDNA_5_SG_1339_2f706811_Dermo",1,0.190000000000005,"Positive",FALSE,0,0
3,"E06","FAM","Unkn-13",34.74,34.64,0,"Dermo","E10_CviMVP_PlDNA_5_SG_1339_2f706811","CviMVP_11086","Mer_GA_2022-7-26",21,"E10_CviMVP_PlDNA_5_SG_1339_2f706811","3_E10_CviMVP_PlDNA_5_SG_1339_2f706811_Dermo",2,0.190000000000005,"Positive",FALSE,0,0
3,"E07","FAM","Unkn-21",NA,0,0,"Dermo","E11_CviMVP_PlDNA_5_SG_1084_5795889f","CviMVP_10414","GalBay_TX_2022-6-2",23,"E11_CviMVP_PlDNA_5_SG_1084_5795889f","3_E11_CviMVP_PlDNA_5_SG_1084_5795889f_Dermo",1,NA,"Inconclusive",TRUE,0,0
3,"E08","FAM","Unkn-21",36.37,36.37,0,"Dermo","E11_CviMVP_PlDNA_5_SG_1084_5795889f","CviMVP_10414","GalBay_TX_2022-6-2",23,"E11_CviMVP_PlDNA_5_SG_1084_5795889f","3_E11_CviMVP_PlDNA_5_SG_1084_5795889f_Dermo",2,NA,"Inconclusive",TRUE,0,0
3,"E09","FAM","Unkn-29",26.35,26.43,1e-05,"Dermo","E12_CviMVP_PlDNA_5_SG_1185_aba5efd7","CviMVP_10643","Culch_Ba_LA_2022-6-21",20,"E12_CviMVP_PlDNA_5_SG_1185_aba5efd7","3_E12_CviMVP_PlDNA_5_SG_1185_aba5efd7_Dermo",1,0.16,"Positive",FALSE,3486.738,2
3,"E10","FAM","Unkn-29",26.51,26.43,1e-05,"Dermo","E12_CviMVP_PlDNA_5_SG_1185_aba5efd7","CviMVP_10643","Culch_Ba_LA_2022-6-21",20,"E12_CviMVP_PlDNA_5_SG_1185_aba5efd7","3_E12_CviMVP_PlDNA_5_SG_1185_aba5efd7_Dermo",2,0.16,"Positive",FALSE,3486.738,2
3,"E11","FAM","Unkn-35",35.32,34.75,0,"Dermo","G7_CviMVP_PlDNA_5_SG.sharedLotterhosPuritz_1537_b0ca9a64","CviMVP_11659","DC_NB_RI_2022-8-19",22,"G7_CviMVP_PlDNA_5_SG.sharedLotterhosPuritz_1537_b0ca9a64","3_G7_CviMVP_PlDNA_5_SG.sharedLotterhosPuritz_1537_b0ca9a64_Dermo",1,1.14,"Positive",FALSE,0,0
3,"E12","FAM","Unkn-35",34.18,34.75,0,"Dermo","G7_CviMVP_PlDNA_5_SG.sharedLotterhosPuritz_1537_b0ca9a64","CviMVP_11659","DC_NB_RI_2022-8-19",22,"G7_CviMVP_PlDNA_5_SG.sharedLotterhosPuritz_1537_b0ca9a64","3_G7_CviMVP_PlDNA_5_SG.sharedLotterhosPuritz_1537_b0ca9a64_Dermo",2,1.14,"Positive",FALSE,0,0
3,"F03","FAM","Unkn-06",28.02,28.01,0,"Dermo","F8_CviMVP_PlDNA_5_SG_1236_d423013f","CviMVP_10790","CC_VA_2022-7-11",19,"F8_CviMVP_PlDNA_5_SG_1236_d423013f","3_F8_CviMVP_PlDNA_5_SG_1236_d423013f_Dermo",1,0.00999999999999801,"Positive",FALSE,0,0
3,"F04","FAM","Unkn-06",28.01,28.01,0,"Dermo","F8_CviMVP_PlDNA_5_SG_1236_d423013f","CviMVP_10790","CC_VA_2022-7-11",19,"F8_CviMVP_PlDNA_5_SG_1236_d423013f","3_F8_CviMVP_PlDNA_5_SG_1236_d423013f_Dermo",2,0.00999999999999801,"Positive",FALSE,0,0
3,"F05","FAM","Unkn-14",NA,0,0,"Dermo","F10_CviMVP_PlDNA_5_SG_1140_2d92ccfe","CviMVP_10531","FP_Sav_GA_2022-6-10",19,"F10_CviMVP_PlDNA_5_SG_1140_2d92ccfe","3_F10_CviMVP_PlDNA_5_SG_1140_2d92ccfe_Dermo",1,NA,"Negative",FALSE,0,0
3,"F06","FAM","Unkn-14",NA,0,0,"Dermo","F10_CviMVP_PlDNA_5_SG_1140_2d92ccfe","CviMVP_10531","FP_Sav_GA_2022-6-10",19,"F10_CviMVP_PlDNA_5_SG_1140_2d92ccfe","3_F10_CviMVP_PlDNA_5_SG_1140_2d92ccfe_Dermo",2,NA,"Negative",FALSE,0,0
3,"F07","FAM","Unkn-22",NA,0,0,"Dermo",NA,NA,NA,20,"row_55","3_row_55_Dermo",1,NA,"Negative",FALSE,0,0
3,"F08","FAM","Unkn-22",NA,0,0,"Dermo",NA,NA,NA,20,"row_56","3_row_56_Dermo",1,NA,"Negative",FALSE,0,0
3,"F09","FAM","Unkn-30",38.42,38.42,0,"Dermo","F12_CviMVP_PlDNA_5_SG_1564_9305f148","CviMVP_11740","CPR_MS_AL_2022-8-24",20,"F12_CviMVP_PlDNA_5_SG_1564_9305f148","3_F12_CviMVP_PlDNA_5_SG_1564_9305f148_Dermo",1,NA,"Inconclusive",TRUE,0,0
3,"F10","FAM","Unkn-30",NA,0,0,"Dermo","F12_CviMVP_PlDNA_5_SG_1564_9305f148","CviMVP_11740","CPR_MS_AL_2022-8-24",20,"F12_CviMVP_PlDNA_5_SG_1564_9305f148","3_F12_CviMVP_PlDNA_5_SG_1564_9305f148_Dermo",2,NA,"Inconclusive",TRUE,0,0
3,"F11","FAM","Unkn-36",30.15,30.17,0,"Dermo","H7_CviMVP_PlDNA_5_SG_1790_4da0737e","CviMVP_12402","NPS_PS_NC_2022-10-12",21,"H7_CviMVP_PlDNA_5_SG_1790_4da0737e","3_H7_CviMVP_PlDNA_5_SG_1790_4da0737e_Dermo",1,0.0400000000000027,"Positive",FALSE,0,0
3,"F12","FAM","Unkn-36",30.19,30.17,0,"Dermo","H7_CviMVP_PlDNA_5_SG_1790_4da0737e","CviMVP_12402","NPS_PS_NC_2022-10-12",21,"H7_CviMVP_PlDNA_5_SG_1790_4da0737e","3_H7_CviMVP_PlDNA_5_SG_1790_4da0737e_Dermo",2,0.0400000000000027,"Positive",FALSE,0,0
3,"G03","FAM","Unkn-07",39.26,39.26,0,"Dermo","G8_CviMVP_PlDNA_5_SG_1347_6fd02556","CviMVP_11109","Nickle_Rf_LA_2022-8-1",20,"G8_CviMVP_PlDNA_5_SG_1347_6fd02556","3_G8_CviMVP_PlDNA_5_SG_1347_6fd02556_Dermo",1,NA,"Inconclusive",TRUE,0,0
3,"G04","FAM","Unkn-07",NA,0,0,"Dermo","G8_CviMVP_PlDNA_5_SG_1347_6fd02556","CviMVP_11109","Nickle_Rf_LA_2022-8-1",20,"G8_CviMVP_PlDNA_5_SG_1347_6fd02556","3_G8_CviMVP_PlDNA_5_SG_1347_6fd02556_Dermo",2,NA,"Inconclusive",TRUE,0,0
3,"G05","FAM","Unkn-15",39.76,38.56,0,"Dermo","G10_CviMVP_PlDNA_5_SG_1680_659f75bd","CviMVP_12078","EelLake_Canada_2022-9-27",19,"G10_CviMVP_PlDNA_5_SG_1680_659f75bd","3_G10_CviMVP_PlDNA_5_SG_1680_659f75bd_Dermo",1,2.4,"Inconclusive",TRUE,0,0
3,"G06","FAM","Unkn-15",37.36,38.56,0,"Dermo","G10_CviMVP_PlDNA_5_SG_1680_659f75bd","CviMVP_12078","EelLake_Canada_2022-9-27",19,"G10_CviMVP_PlDNA_5_SG_1680_659f75bd","3_G10_CviMVP_PlDNA_5_SG_1680_659f75bd_Dermo",2,2.4,"Inconclusive",TRUE,0,0
3,"G07","FAM","Unkn-23",26.95,27.05,1e-05,"Dermo","G11_CviMVP_PlDNA_5_SG_1803_645f7974","CviMVP_12440","NPS_PS_NC_2022-10-12",20,"G11_CviMVP_PlDNA_5_SG_1803_645f7974","3_G11_CviMVP_PlDNA_5_SG_1803_645f7974_Dermo",1,0.199999999999999,"Positive",FALSE,3486.738,2
3,"G08","FAM","Unkn-23",27.15,27.05,1e-05,"Dermo","G11_CviMVP_PlDNA_5_SG_1803_645f7974","CviMVP_12440","NPS_PS_NC_2022-10-12",20,"G11_CviMVP_PlDNA_5_SG_1803_645f7974","3_G11_CviMVP_PlDNA_5_SG_1803_645f7974_Dermo",2,0.199999999999999,"Positive",FALSE,3486.738,2
3,"G09","FAM","Unkn-31",28.79,28.71,0,"Dermo","G12_CviMVP_PlDNA_5_SG.sharedLotterhosPuritz_1860_6b3c9694","CviMVP_12604","LCP_UP_MD_2022-10-20",22,"G12_CviMVP_PlDNA_5_SG.sharedLotterhosPuritz_1860_6b3c9694","3_G12_CviMVP_PlDNA_5_SG.sharedLotterhosPuritz_1860_6b3c9694_Dermo",1,0.16,"Positive",FALSE,0,0
3,"G10","FAM","Unkn-31",28.63,28.71,0,"Dermo","G12_CviMVP_PlDNA_5_SG.sharedLotterhosPuritz_1860_6b3c9694","CviMVP_12604","LCP_UP_MD_2022-10-20",22,"G12_CviMVP_PlDNA_5_SG.sharedLotterhosPuritz_1860_6b3c9694","3_G12_CviMVP_PlDNA_5_SG.sharedLotterhosPuritz_1860_6b3c9694_Dermo",2,0.16,"Positive",FALSE,0,0
3,"H03","FAM","Unkn-08",NA,0,0,"Dermo","H8_CviMVP_PlDNA_5_SG.sharedLotterhosPuritz_1776_3c0d0ba6","CviMVP_12360","DWS_CB_VA_2022-10-7",20,"H8_CviMVP_PlDNA_5_SG.sharedLotterhosPuritz_1776_3c0d0ba6","3_H8_CviMVP_PlDNA_5_SG.sharedLotterhosPuritz_1776_3c0d0ba6_Dermo",1,NA,"Negative",FALSE,0,0
3,"H04","FAM","Unkn-08",NA,0,0,"Dermo","H8_CviMVP_PlDNA_5_SG.sharedLotterhosPuritz_1776_3c0d0ba6","CviMVP_12360","DWS_CB_VA_2022-10-7",20,"H8_CviMVP_PlDNA_5_SG.sharedLotterhosPuritz_1776_3c0d0ba6","3_H8_CviMVP_PlDNA_5_SG.sharedLotterhosPuritz_1776_3c0d0ba6_Dermo",2,NA,"Negative",FALSE,0,0
3,"H05","FAM","Unkn-16",26.12,26.04,1e-05,"Dermo","H10_CviMVP_PlDNA_5_SG_1420_9ee80cac","CviMVP_11317","GriceCove_SC_2022-8-10",22,"H10_CviMVP_PlDNA_5_SG_1420_9ee80cac","3_H10_CviMVP_PlDNA_5_SG_1420_9ee80cac_Dermo",1,0.150000000000002,"Positive",FALSE,3169.76181818182,2
3,"H06","FAM","Unkn-16",25.97,26.04,1e-05,"Dermo","H10_CviMVP_PlDNA_5_SG_1420_9ee80cac","CviMVP_11317","GriceCove_SC_2022-8-10",22,"H10_CviMVP_PlDNA_5_SG_1420_9ee80cac","3_H10_CviMVP_PlDNA_5_SG_1420_9ee80cac_Dermo",2,0.150000000000002,"Positive",FALSE,3169.76181818182,2
3,"H07","FAM","Unkn-24",37.54,37.54,0,"Dermo","H11_CviMVP_PlDNA_5_SG_1288_67942cfd","CviMVP_10937","Sapelo_Is_GA_2022-7-17",21,"H11_CviMVP_PlDNA_5_SG_1288_67942cfd","3_H11_CviMVP_PlDNA_5_SG_1288_67942cfd_Dermo",1,NA,"Inconclusive",TRUE,0,0
3,"H08","FAM","Unkn-24",NA,0,0,"Dermo","H11_CviMVP_PlDNA_5_SG_1288_67942cfd","CviMVP_10937","Sapelo_Is_GA_2022-7-17",21,"H11_CviMVP_PlDNA_5_SG_1288_67942cfd","3_H11_CviMVP_PlDNA_5_SG_1288_67942cfd_Dermo",2,NA,"Inconclusive",TRUE,0,0
3,"H09","FAM","Unkn-32",NA,0,0,"Dermo","H12_CviMVP_PlDNA_5_SG_1370_ad268e37","CviMVP_11178","Nickle_Rf_LA_2022-8-1",22,"H12_CviMVP_PlDNA_5_SG_1370_ad268e37","3_H12_CviMVP_PlDNA_5_SG_1370_ad268e37_Dermo",1,NA,"Negative",FALSE,0,0
3,"H10","FAM","Unkn-32",NA,0,0,"Dermo","H12_CviMVP_PlDNA_5_SG_1370_ad268e37","CviMVP_11178","Nickle_Rf_LA_2022-8-1",22,"H12_CviMVP_PlDNA_5_SG_1370_ad268e37","3_H12_CviMVP_PlDNA_5_SG_1370_ad268e37_Dermo",2,NA,"Negative",FALSE,0,0
3,"A03","HEX","Unkn-01",NA,0,0,"MSX","A8_CviMVP_PlDNA_5_SG_1240_5c86242a","CviMVP_10802","CC_VA_2022-7-11",22,"A8_CviMVP_PlDNA_5_SG_1240_5c86242a","3_A8_CviMVP_PlDNA_5_SG_1240_5c86242a_MSX",1,NA,"Negative",FALSE,0,0
3,"A04","HEX","Unkn-01",NA,0,0,"MSX","A8_CviMVP_PlDNA_5_SG_1240_5c86242a","CviMVP_10802","CC_VA_2022-7-11",22,"A8_CviMVP_PlDNA_5_SG_1240_5c86242a","3_A8_CviMVP_PlDNA_5_SG_1240_5c86242a_MSX",2,NA,"Negative",FALSE,0,0
3,"A05","HEX","Unkn-09",28.6,28.49,0,"MSX","A10_CviMVP_PlDNA_5_SG.sharedLotterhosPuritz_3010_78670ac9","CviMVP_30030","CS_DB_NJ_2022-9-21",18,"A10_CviMVP_PlDNA_5_SG.sharedLotterhosPuritz_3010_78670ac9","3_A10_CviMVP_PlDNA_5_SG.sharedLotterhosPuritz_3010_78670ac9_MSX",1,0.220000000000002,"Positive",FALSE,0,0
3,"A06","HEX","Unkn-09",28.38,28.49,0,"MSX","A10_CviMVP_PlDNA_5_SG.sharedLotterhosPuritz_3010_78670ac9","CviMVP_30030","CS_DB_NJ_2022-9-21",18,"A10_CviMVP_PlDNA_5_SG.sharedLotterhosPuritz_3010_78670ac9","3_A10_CviMVP_PlDNA_5_SG.sharedLotterhosPuritz_3010_78670ac9_MSX",2,0.220000000000002,"Positive",FALSE,0,0
3,"A07","HEX","Unkn-17",NA,0,0,"MSX","A11_CviMVP_PlDNA_5_SG.sharedLotterhosPuritz_3026_80be4f10","CviMVP_30078","CS_DB_NJ_2022-9-21",22,"A11_CviMVP_PlDNA_5_SG.sharedLotterhosPuritz_3026_80be4f10","3_A11_CviMVP_PlDNA_5_SG.sharedLotterhosPuritz_3026_80be4f10_MSX",1,NA,"Negative",FALSE,0,0
3,"A08","HEX","Unkn-17",NA,0,0,"MSX","A11_CviMVP_PlDNA_5_SG.sharedLotterhosPuritz_3026_80be4f10","CviMVP_30078","CS_DB_NJ_2022-9-21",22,"A11_CviMVP_PlDNA_5_SG.sharedLotterhosPuritz_3026_80be4f10","3_A11_CviMVP_PlDNA_5_SG.sharedLotterhosPuritz_3026_80be4f10_MSX",2,NA,"Negative",FALSE,0,0
3,"A09","HEX","Unkn-25",NA,0,0,"MSX","A12_CviMVP_PlDNA_5_SG_1825_b3a90178","CviMVP_12505","PrEdIs_CN_A_2022-10-18",21,"A12_CviMVP_PlDNA_5_SG_1825_b3a90178","3_A12_CviMVP_PlDNA_5_SG_1825_b3a90178_MSX",1,NA,"Negative",FALSE,0,0
3,"A10","HEX","Unkn-25",NA,0,0,"MSX","A12_CviMVP_PlDNA_5_SG_1825_b3a90178","CviMVP_12505","PrEdIs_CN_A_2022-10-18",21,"A12_CviMVP_PlDNA_5_SG_1825_b3a90178","3_A12_CviMVP_PlDNA_5_SG_1825_b3a90178_MSX",2,NA,"Negative",FALSE,0,0
3,"A11","HEX","Neg Ctrl",NA,0,0,"MSX",NA,NA,NA,20,"row_85","3_row_85_MSX",1,NA,"Negative",FALSE,0,0
3,"A12","HEX","Neg Ctrl",NA,0,0,"MSX",NA,NA,NA,20,"row_86","3_row_86_MSX",1,NA,"Negative",FALSE,0,0
3,"B03","HEX","Unkn-02",NA,0,0,"MSX","B8_CviMVP_PlDNA_5_SG_1558_fba7a623","CviMVP_11722","CPR_MS_AL_2022-8-24",20,"B8_CviMVP_PlDNA_5_SG_1558_fba7a623","3_B8_CviMVP_PlDNA_5_SG_1558_fba7a623_MSX",1,NA,"Negative",FALSE,0,0
3,"B04","HEX","Unkn-02",NA,0,0,"MSX","B8_CviMVP_PlDNA_5_SG_1558_fba7a623","CviMVP_11722","CPR_MS_AL_2022-8-24",20,"B8_CviMVP_PlDNA_5_SG_1558_fba7a623","3_B8_CviMVP_PlDNA_5_SG_1558_fba7a623_MSX",2,NA,"Negative",FALSE,0,0
3,"B05","HEX","Unkn-10",NA,0,0,"MSX","B10_CviMVP_PlDNA_5_SG_1037_baf65a49","CviMVP_10104","LakeFortuna_LA_2022-5-11",20,"B10_CviMVP_PlDNA_5_SG_1037_baf65a49","3_B10_CviMVP_PlDNA_5_SG_1037_baf65a49_MSX",1,NA,"Negative",FALSE,0,0
3,"B06","HEX","Unkn-10",NA,0,0,"MSX","B10_CviMVP_PlDNA_5_SG_1037_baf65a49","CviMVP_10104","LakeFortuna_LA_2022-5-11",20,"B10_CviMVP_PlDNA_5_SG_1037_baf65a49","3_B10_CviMVP_PlDNA_5_SG_1037_baf65a49_MSX",2,NA,"Negative",FALSE,0,0
3,"B07","HEX","Unkn-18",NA,0,0,"MSX","B11_CviMVP_PlDNA_5_SG.sharedLotterhosPuritz_3035_b56ac115","CviMVP_30103","HC_DB_NJ_2022-9-23",19,"B11_CviMVP_PlDNA_5_SG.sharedLotterhosPuritz_3035_b56ac115","3_B11_CviMVP_PlDNA_5_SG.sharedLotterhosPuritz_3035_b56ac115_MSX",1,NA,"Negative",FALSE,0,0
3,"B08","HEX","Unkn-18",NA,0,0,"MSX","B11_CviMVP_PlDNA_5_SG.sharedLotterhosPuritz_3035_b56ac115","CviMVP_30103","HC_DB_NJ_2022-9-23",19,"B11_CviMVP_PlDNA_5_SG.sharedLotterhosPuritz_3035_b56ac115","3_B11_CviMVP_PlDNA_5_SG.sharedLotterhosPuritz_3035_b56ac115_MSX",2,NA,"Negative",FALSE,0,0
3,"B09","HEX","Unkn-26",NA,0,0,"MSX","A9_CviMVP_PlDNA_5_SG_1659_12a25bac","CviMVP_12016","EelLake_Canada_2022-9-27",19,"A9_CviMVP_PlDNA_5_SG_1659_12a25bac","3_A9_CviMVP_PlDNA_5_SG_1659_12a25bac_MSX",1,NA,"Negative",FALSE,0,0
3,"B10","HEX","Unkn-26",NA,0,0,"MSX","A9_CviMVP_PlDNA_5_SG_1659_12a25bac","CviMVP_12016","EelLake_Canada_2022-9-27",19,"A9_CviMVP_PlDNA_5_SG_1659_12a25bac","3_A9_CviMVP_PlDNA_5_SG_1659_12a25bac_MSX",2,NA,"Negative",FALSE,0,0
3,"B11","HEX","Unkn",NA,0,0,"MSX","D7_CviMVP_PlDNA_5_SG_1796_1ba8d3a0","CviMVP_12419","NPS_PS_NC_2022-10-12",21,"D7_CviMVP_PlDNA_5_SG_1796_1ba8d3a0","3_D7_CviMVP_PlDNA_5_SG_1796_1ba8d3a0_MSX",1,NA,"Negative",FALSE,0,0
3,"B12","HEX","Unkn",NA,0,0,"MSX","D7_CviMVP_PlDNA_5_SG_1796_1ba8d3a0","CviMVP_12419","NPS_PS_NC_2022-10-12",21,"D7_CviMVP_PlDNA_5_SG_1796_1ba8d3a0","3_D7_CviMVP_PlDNA_5_SG_1796_1ba8d3a0_MSX",2,NA,"Negative",FALSE,0,0
3,"C03","HEX","Unkn-03",NA,0,0,"MSX","C8_CviMVP_PlDNA_5_SG_1177_84b10c5a","CviMVP_10620","Culch_Ba_LA_2022-6-21",19,"C8_CviMVP_PlDNA_5_SG_1177_84b10c5a","3_C8_CviMVP_PlDNA_5_SG_1177_84b10c5a_MSX",1,NA,"Negative",FALSE,0,0
3,"C04","HEX","Unkn-03",NA,0,0,"MSX","C8_CviMVP_PlDNA_5_SG_1177_84b10c5a","CviMVP_10620","Culch_Ba_LA_2022-6-21",19,"C8_CviMVP_PlDNA_5_SG_1177_84b10c5a","3_C8_CviMVP_PlDNA_5_SG_1177_84b10c5a_MSX",2,NA,"Negative",FALSE,0,0
3,"C05","HEX","Unkn-11",NA,0,0,"MSX","C10_CviMVP_PlDNA_5_SG_1699_ba3f6196","CviMVP_12133","SaLa_GA_2022-10-5",22,"C10_CviMVP_PlDNA_5_SG_1699_ba3f6196","3_C10_CviMVP_PlDNA_5_SG_1699_ba3f6196_MSX",1,NA,"Negative",FALSE,0,0
3,"C06","HEX","Unkn-11",NA,0,0,"MSX","C10_CviMVP_PlDNA_5_SG_1699_ba3f6196","CviMVP_12133","SaLa_GA_2022-10-5",22,"C10_CviMVP_PlDNA_5_SG_1699_ba3f6196","3_C10_CviMVP_PlDNA_5_SG_1699_ba3f6196_MSX",2,NA,"Negative",FALSE,0,0
3,"C07","HEX","Unkn-19",NA,0,0,"MSX","C11_CviMVP_PlDNA_5_SG.sharedLotterhosPuritz_1853_a4196b8b","CviMVP_12583","LCP_UP_MD_2022-10-20",21,"C11_CviMVP_PlDNA_5_SG.sharedLotterhosPuritz_1853_a4196b8b","3_C11_CviMVP_PlDNA_5_SG.sharedLotterhosPuritz_1853_a4196b8b_MSX",1,NA,"Negative",FALSE,0,0
3,"C08","HEX","Unkn-19",NA,0,0,"MSX","C11_CviMVP_PlDNA_5_SG.sharedLotterhosPuritz_1853_a4196b8b","CviMVP_12583","LCP_UP_MD_2022-10-20",21,"C11_CviMVP_PlDNA_5_SG.sharedLotterhosPuritz_1853_a4196b8b","3_C11_CviMVP_PlDNA_5_SG.sharedLotterhosPuritz_1853_a4196b8b_MSX",2,NA,"Negative",FALSE,0,0
3,"C09","HEX","Unkn-27",NA,0,0,"MSX","C12_CviMVP_PlDNA_5_SG_1348_b189398c","CviMVP_11112","Nickle_Rf_LA_2022-8-1",22,"C12_CviMVP_PlDNA_5_SG_1348_b189398c","3_C12_CviMVP_PlDNA_5_SG_1348_b189398c_MSX",1,NA,"Negative",FALSE,0,0
3,"C10","HEX","Unkn-27",NA,0,0,"MSX","C12_CviMVP_PlDNA_5_SG_1348_b189398c","CviMVP_11112","Nickle_Rf_LA_2022-8-1",22,"C12_CviMVP_PlDNA_5_SG_1348_b189398c","3_C12_CviMVP_PlDNA_5_SG_1348_b189398c_MSX",2,NA,"Negative",FALSE,0,0
3,"C11","HEX","Unkn-33",33.49,33.54,0,"MSX","E7_CviMVP_PlDNA_5_SG_1916_b4df3bc3","CviMVP_12765","Orrs_Cove_ME_2022-10-31",22,"E7_CviMVP_PlDNA_5_SG_1916_b4df3bc3","3_E7_CviMVP_PlDNA_5_SG_1916_b4df3bc3_MSX",1,0.100000000000001,"Positive",FALSE,0,0
3,"C12","HEX","Unkn-33",33.59,33.54,0,"MSX","E7_CviMVP_PlDNA_5_SG_1916_b4df3bc3","CviMVP_12765","Orrs_Cove_ME_2022-10-31",22,"E7_CviMVP_PlDNA_5_SG_1916_b4df3bc3","3_E7_CviMVP_PlDNA_5_SG_1916_b4df3bc3_MSX",2,0.100000000000001,"Positive",FALSE,0,0
3,"D03","HEX","Unkn-04",NA,0,0,"MSX","D8_CviMVP_PlDNA_5_SG.sharedLotterhosPuritz_1850_dfd894f5","CviMVP_12574","LCP_UP_MD_2022-10-20",22,"D8_CviMVP_PlDNA_5_SG.sharedLotterhosPuritz_1850_dfd894f5","3_D8_CviMVP_PlDNA_5_SG.sharedLotterhosPuritz_1850_dfd894f5_MSX",1,NA,"Negative",FALSE,0,0
3,"D04","HEX","Unkn-04",NA,0,0,"MSX","D8_CviMVP_PlDNA_5_SG.sharedLotterhosPuritz_1850_dfd894f5","CviMVP_12574","LCP_UP_MD_2022-10-20",22,"D8_CviMVP_PlDNA_5_SG.sharedLotterhosPuritz_1850_dfd894f5","3_D8_CviMVP_PlDNA_5_SG.sharedLotterhosPuritz_1850_dfd894f5_MSX",2,NA,"Negative",FALSE,0,0
3,"D05","HEX","Unkn-12",NA,0,0,"MSX","D10_CviMVP_PlDNA_5_SG_1673_65fa18bf","CviMVP_12058","EelLake_Canada_2022-9-27",21,"D10_CviMVP_PlDNA_5_SG_1673_65fa18bf","3_D10_CviMVP_PlDNA_5_SG_1673_65fa18bf_MSX",1,NA,"Negative",FALSE,0,0
3,"D06","HEX","Unkn-12",NA,0,0,"MSX","D10_CviMVP_PlDNA_5_SG_1673_65fa18bf","CviMVP_12058","EelLake_Canada_2022-9-27",21,"D10_CviMVP_PlDNA_5_SG_1673_65fa18bf","3_D10_CviMVP_PlDNA_5_SG_1673_65fa18bf_MSX",2,NA,"Negative",FALSE,0,0
3,"D07","HEX","Unkn-20",NA,0,0,"MSX","D11_CviMVP_PlDNA_5_SG.sharedLotterhosPuritz_1523_b1a44415","CviMVP_11617","DC_NB_RI_2022-8-19",22,"D11_CviMVP_PlDNA_5_SG.sharedLotterhosPuritz_1523_b1a44415","3_D11_CviMVP_PlDNA_5_SG.sharedLotterhosPuritz_1523_b1a44415_MSX",1,NA,"Negative",FALSE,0,0
3,"D08","HEX","Unkn-20",NA,0,0,"MSX","D11_CviMVP_PlDNA_5_SG.sharedLotterhosPuritz_1523_b1a44415","CviMVP_11617","DC_NB_RI_2022-8-19",22,"D11_CviMVP_PlDNA_5_SG.sharedLotterhosPuritz_1523_b1a44415","3_D11_CviMVP_PlDNA_5_SG.sharedLotterhosPuritz_1523_b1a44415_MSX",2,NA,"Negative",FALSE,0,0
3,"D09","HEX","Unkn-28",35.47,35.69,0,"MSX","D12_CviMVP_PlDNA_5_SG.sharedLotterhosPuritz_1856_c5dc6416","CviMVP_12592","LCP_UP_MD_2022-10-20",22,"D12_CviMVP_PlDNA_5_SG.sharedLotterhosPuritz_1856_c5dc6416","3_D12_CviMVP_PlDNA_5_SG.sharedLotterhosPuritz_1856_c5dc6416_MSX",1,0.43,"Positive",FALSE,0,0
3,"D10","HEX","Unkn-28",35.9,35.69,0,"MSX","D12_CviMVP_PlDNA_5_SG.sharedLotterhosPuritz_1856_c5dc6416","CviMVP_12592","LCP_UP_MD_2022-10-20",22,"D12_CviMVP_PlDNA_5_SG.sharedLotterhosPuritz_1856_c5dc6416","3_D12_CviMVP_PlDNA_5_SG.sharedLotterhosPuritz_1856_c5dc6416_MSX",2,0.43,"Positive",FALSE,0,0
3,"D11","HEX","Unkn-34",NA,0,0,"MSX","F7_CviMVP_PlDNA_5_SG_1354_541bb3b2","CviMVP_11130","Nickle_Rf_LA_2022-8-1",22,"F7_CviMVP_PlDNA_5_SG_1354_541bb3b2","3_F7_CviMVP_PlDNA_5_SG_1354_541bb3b2_MSX",1,NA,"Negative",FALSE,0,0
3,"D12","HEX","Unkn-34",NA,0,0,"MSX","F7_CviMVP_PlDNA_5_SG_1354_541bb3b2","CviMVP_11130","Nickle_Rf_LA_2022-8-1",22,"F7_CviMVP_PlDNA_5_SG_1354_541bb3b2","3_F7_CviMVP_PlDNA_5_SG_1354_541bb3b2_MSX",2,NA,"Negative",FALSE,0,0
3,"E03","HEX","Unkn-05",NA,0,0,"MSX","E8_CviMVP_PlDNA_5_SG_1555_8dbba465","CviMVP_11713","CPR_MS_AL_2022-8-24",21,"E8_CviMVP_PlDNA_5_SG_1555_8dbba465","3_E8_CviMVP_PlDNA_5_SG_1555_8dbba465_MSX",1,NA,"Negative",FALSE,0,0
3,"E04","HEX","Unkn-05",NA,0,0,"MSX","E8_CviMVP_PlDNA_5_SG_1555_8dbba465","CviMVP_11713","CPR_MS_AL_2022-8-24",21,"E8_CviMVP_PlDNA_5_SG_1555_8dbba465","3_E8_CviMVP_PlDNA_5_SG_1555_8dbba465_MSX",2,NA,"Negative",FALSE,0,0
3,"E05","HEX","Unkn-13",38.25,38.51,0,"MSX","E10_CviMVP_PlDNA_5_SG_1339_2f706811","CviMVP_11086","Mer_GA_2022-7-26",21,"E10_CviMVP_PlDNA_5_SG_1339_2f706811","3_E10_CviMVP_PlDNA_5_SG_1339_2f706811_MSX",1,0.520000000000003,"Positive",FALSE,0,0
3,"E06","HEX","Unkn-13",38.77,38.51,0,"MSX","E10_CviMVP_PlDNA_5_SG_1339_2f706811","CviMVP_11086","Mer_GA_2022-7-26",21,"E10_CviMVP_PlDNA_5_SG_1339_2f706811","3_E10_CviMVP_PlDNA_5_SG_1339_2f706811_MSX",2,0.520000000000003,"Positive",FALSE,0,0
3,"E07","HEX","Unkn-21",NA,0,0,"MSX","E11_CviMVP_PlDNA_5_SG_1084_5795889f","CviMVP_10414","GalBay_TX_2022-6-2",23,"E11_CviMVP_PlDNA_5_SG_1084_5795889f","3_E11_CviMVP_PlDNA_5_SG_1084_5795889f_MSX",1,NA,"Negative",FALSE,0,0
3,"E08","HEX","Unkn-21",NA,0,0,"MSX","E11_CviMVP_PlDNA_5_SG_1084_5795889f","CviMVP_10414","GalBay_TX_2022-6-2",23,"E11_CviMVP_PlDNA_5_SG_1084_5795889f","3_E11_CviMVP_PlDNA_5_SG_1084_5795889f_MSX",2,NA,"Negative",FALSE,0,0
3,"E09","HEX","Unkn-29",NA,0,0,"MSX","E12_CviMVP_PlDNA_5_SG_1185_aba5efd7","CviMVP_10643","Culch_Ba_LA_2022-6-21",20,"E12_CviMVP_PlDNA_5_SG_1185_aba5efd7","3_E12_CviMVP_PlDNA_5_SG_1185_aba5efd7_MSX",1,NA,"Negative",FALSE,0,0
3,"E10","HEX","Unkn-29",NA,0,0,"MSX","E12_CviMVP_PlDNA_5_SG_1185_aba5efd7","CviMVP_10643","Culch_Ba_LA_2022-6-21",20,"E12_CviMVP_PlDNA_5_SG_1185_aba5efd7","3_E12_CviMVP_PlDNA_5_SG_1185_aba5efd7_MSX",2,NA,"Negative",FALSE,0,0
3,"E11","HEX","Unkn-35",38.29,38.71,0,"MSX","G7_CviMVP_PlDNA_5_SG.sharedLotterhosPuritz_1537_b0ca9a64","CviMVP_11659","DC_NB_RI_2022-8-19",22,"G7_CviMVP_PlDNA_5_SG.sharedLotterhosPuritz_1537_b0ca9a64","3_G7_CviMVP_PlDNA_5_SG.sharedLotterhosPuritz_1537_b0ca9a64_MSX",1,0.850000000000001,"Positive",FALSE,0,0
3,"E12","HEX","Unkn-35",39.14,38.71,0,"MSX","G7_CviMVP_PlDNA_5_SG.sharedLotterhosPuritz_1537_b0ca9a64","CviMVP_11659","DC_NB_RI_2022-8-19",22,"G7_CviMVP_PlDNA_5_SG.sharedLotterhosPuritz_1537_b0ca9a64","3_G7_CviMVP_PlDNA_5_SG.sharedLotterhosPuritz_1537_b0ca9a64_MSX",2,0.850000000000001,"Positive",FALSE,0,0
3,"F03","HEX","Unkn-06",NA,0,0,"MSX","F8_CviMVP_PlDNA_5_SG_1236_d423013f","CviMVP_10790","CC_VA_2022-7-11",19,"F8_CviMVP_PlDNA_5_SG_1236_d423013f","3_F8_CviMVP_PlDNA_5_SG_1236_d423013f_MSX",1,NA,"Negative",FALSE,0,0
3,"F04","HEX","Unkn-06",NA,0,0,"MSX","F8_CviMVP_PlDNA_5_SG_1236_d423013f","CviMVP_10790","CC_VA_2022-7-11",19,"F8_CviMVP_PlDNA_5_SG_1236_d423013f","3_F8_CviMVP_PlDNA_5_SG_1236_d423013f_MSX",2,NA,"Negative",FALSE,0,0
3,"F05","HEX","Unkn-14",24.28,24.24,5e-05,"MSX","F10_CviMVP_PlDNA_5_SG_1140_2d92ccfe","CviMVP_10531","FP_Sav_GA_2022-6-10",19,"F10_CviMVP_PlDNA_5_SG_1140_2d92ccfe","3_F10_CviMVP_PlDNA_5_SG_1140_2d92ccfe_MSX",1,0.0899999999999999,"Positive",FALSE,20554.0368421053,3
3,"F06","HEX","Unkn-14",24.19,24.24,5e-05,"MSX","F10_CviMVP_PlDNA_5_SG_1140_2d92ccfe","CviMVP_10531","FP_Sav_GA_2022-6-10",19,"F10_CviMVP_PlDNA_5_SG_1140_2d92ccfe","3_F10_CviMVP_PlDNA_5_SG_1140_2d92ccfe_MSX",2,0.0899999999999999,"Positive",FALSE,20554.0368421053,3
3,"F07","HEX","Unkn-22",NA,0,0,"MSX",NA,NA,NA,20,"row_131","3_row_131_MSX",1,NA,"Negative",FALSE,0,0
3,"F08","HEX","Unkn-22",NA,0,0,"MSX",NA,NA,NA,20,"row_132","3_row_132_MSX",1,NA,"Negative",FALSE,0,0
3,"F09","HEX","Unkn-30",NA,0,0,"MSX","F12_CviMVP_PlDNA_5_SG_1564_9305f148","CviMVP_11740","CPR_MS_AL_2022-8-24",20,"F12_CviMVP_PlDNA_5_SG_1564_9305f148","3_F12_CviMVP_PlDNA_5_SG_1564_9305f148_MSX",1,NA,"Negative",FALSE,0,0
3,"F10","HEX","Unkn-30",NA,0,0,"MSX","F12_CviMVP_PlDNA_5_SG_1564_9305f148","CviMVP_11740","CPR_MS_AL_2022-8-24",20,"F12_CviMVP_PlDNA_5_SG_1564_9305f148","3_F12_CviMVP_PlDNA_5_SG_1564_9305f148_MSX",2,NA,"Negative",FALSE,0,0
3,"F11","HEX","Unkn-36",NA,0,0,"MSX","H7_CviMVP_PlDNA_5_SG_1790_4da0737e","CviMVP_12402","NPS_PS_NC_2022-10-12",21,"H7_CviMVP_PlDNA_5_SG_1790_4da0737e","3_H7_CviMVP_PlDNA_5_SG_1790_4da0737e_MSX",1,NA,"Negative",FALSE,0,0
3,"F12","HEX","Unkn-36",NA,0,0,"MSX","H7_CviMVP_PlDNA_5_SG_1790_4da0737e","CviMVP_12402","NPS_PS_NC_2022-10-12",21,"H7_CviMVP_PlDNA_5_SG_1790_4da0737e","3_H7_CviMVP_PlDNA_5_SG_1790_4da0737e_MSX",2,NA,"Negative",FALSE,0,0
3,"G03","HEX","Unkn-07",NA,0,0,"MSX","G8_CviMVP_PlDNA_5_SG_1347_6fd02556","CviMVP_11109","Nickle_Rf_LA_2022-8-1",20,"G8_CviMVP_PlDNA_5_SG_1347_6fd02556","3_G8_CviMVP_PlDNA_5_SG_1347_6fd02556_MSX",1,NA,"Negative",FALSE,0,0
3,"G04","HEX","Unkn-07",NA,0,0,"MSX","G8_CviMVP_PlDNA_5_SG_1347_6fd02556","CviMVP_11109","Nickle_Rf_LA_2022-8-1",20,"G8_CviMVP_PlDNA_5_SG_1347_6fd02556","3_G8_CviMVP_PlDNA_5_SG_1347_6fd02556_MSX",2,NA,"Negative",FALSE,0,0
3,"G05","HEX","Unkn-15",NA,0,0,"MSX","G10_CviMVP_PlDNA_5_SG_1680_659f75bd","CviMVP_12078","EelLake_Canada_2022-9-27",19,"G10_CviMVP_PlDNA_5_SG_1680_659f75bd","3_G10_CviMVP_PlDNA_5_SG_1680_659f75bd_MSX",1,NA,"Negative",FALSE,0,0
3,"G06","HEX","Unkn-15",NA,0,0,"MSX","G10_CviMVP_PlDNA_5_SG_1680_659f75bd","CviMVP_12078","EelLake_Canada_2022-9-27",19,"G10_CviMVP_PlDNA_5_SG_1680_659f75bd","3_G10_CviMVP_PlDNA_5_SG_1680_659f75bd_MSX",2,NA,"Negative",FALSE,0,0
3,"G07","HEX","Unkn-23",39.51,39.51,0,"MSX","G11_CviMVP_PlDNA_5_SG_1803_645f7974","CviMVP_12440","NPS_PS_NC_2022-10-12",20,"G11_CviMVP_PlDNA_5_SG_1803_645f7974","3_G11_CviMVP_PlDNA_5_SG_1803_645f7974_MSX",1,NA,"Inconclusive",TRUE,0,0
3,"G08","HEX","Unkn-23",NA,0,0,"MSX","G11_CviMVP_PlDNA_5_SG_1803_645f7974","CviMVP_12440","NPS_PS_NC_2022-10-12",20,"G11_CviMVP_PlDNA_5_SG_1803_645f7974","3_G11_CviMVP_PlDNA_5_SG_1803_645f7974_MSX",2,NA,"Inconclusive",TRUE,0,0
3,"G09","HEX","Unkn-31",24.4,24.49,4e-05,"MSX","G12_CviMVP_PlDNA_5_SG.sharedLotterhosPuritz_1860_6b3c9694","CviMVP_12604","LCP_UP_MD_2022-10-20",22,"G12_CviMVP_PlDNA_5_SG.sharedLotterhosPuritz_1860_6b3c9694","3_G12_CviMVP_PlDNA_5_SG.sharedLotterhosPuritz_1860_6b3c9694_MSX",1,0.190000000000001,"Positive",FALSE,14200.9709090909,3
3,"G10","HEX","Unkn-31",24.59,24.49,4e-05,"MSX","G12_CviMVP_PlDNA_5_SG.sharedLotterhosPuritz_1860_6b3c9694","CviMVP_12604","LCP_UP_MD_2022-10-20",22,"G12_CviMVP_PlDNA_5_SG.sharedLotterhosPuritz_1860_6b3c9694","3_G12_CviMVP_PlDNA_5_SG.sharedLotterhosPuritz_1860_6b3c9694_MSX",2,0.190000000000001,"Positive",FALSE,14200.9709090909,3
3,"H03","HEX","Unkn-08",NA,0,0,"MSX","H8_CviMVP_PlDNA_5_SG.sharedLotterhosPuritz_1776_3c0d0ba6","CviMVP_12360","DWS_CB_VA_2022-10-7",20,"H8_CviMVP_PlDNA_5_SG.sharedLotterhosPuritz_1776_3c0d0ba6","3_H8_CviMVP_PlDNA_5_SG.sharedLotterhosPuritz_1776_3c0d0ba6_MSX",1,NA,"Negative",FALSE,0,0
3,"H04","HEX","Unkn-08",NA,0,0,"MSX","H8_CviMVP_PlDNA_5_SG.sharedLotterhosPuritz_1776_3c0d0ba6","CviMVP_12360","DWS_CB_VA_2022-10-7",20,"H8_CviMVP_PlDNA_5_SG.sharedLotterhosPuritz_1776_3c0d0ba6","3_H8_CviMVP_PlDNA_5_SG.sharedLotterhosPuritz_1776_3c0d0ba6_MSX",2,NA,"Negative",FALSE,0,0
3,"H05","HEX","Unkn-16",NA,0,0,"MSX","H10_CviMVP_PlDNA_5_SG_1420_9ee80cac","CviMVP_11317","GriceCove_SC_2022-8-10",22,"H10_CviMVP_PlDNA_5_SG_1420_9ee80cac","3_H10_CviMVP_PlDNA_5_SG_1420_9ee80cac_MSX",1,NA,"Negative",FALSE,0,0
3,"H06","HEX","Unkn-16",NA,0,0,"MSX","H10_CviMVP_PlDNA_5_SG_1420_9ee80cac","CviMVP_11317","GriceCove_SC_2022-8-10",22,"H10_CviMVP_PlDNA_5_SG_1420_9ee80cac","3_H10_CviMVP_PlDNA_5_SG_1420_9ee80cac_MSX",2,NA,"Negative",FALSE,0,0
3,"H07","HEX","Unkn-24",36.14,36.25,0,"MSX","H11_CviMVP_PlDNA_5_SG_1288_67942cfd","CviMVP_10937","Sapelo_Is_GA_2022-7-17",21,"H11_CviMVP_PlDNA_5_SG_1288_67942cfd","3_H11_CviMVP_PlDNA_5_SG_1288_67942cfd_MSX",1,0.210000000000001,"Positive",FALSE,0,0
3,"H08","HEX","Unkn-24",36.35,36.25,0,"MSX","H11_CviMVP_PlDNA_5_SG_1288_67942cfd","CviMVP_10937","Sapelo_Is_GA_2022-7-17",21,"H11_CviMVP_PlDNA_5_SG_1288_67942cfd","3_H11_CviMVP_PlDNA_5_SG_1288_67942cfd_MSX",2,0.210000000000001,"Positive",FALSE,0,0
3,"H09","HEX","Unkn-32",NA,0,0,"MSX","H12_CviMVP_PlDNA_5_SG_1370_ad268e37","CviMVP_11178","Nickle_Rf_LA_2022-8-1",22,"H12_CviMVP_PlDNA_5_SG_1370_ad268e37","3_H12_CviMVP_PlDNA_5_SG_1370_ad268e37_MSX",1,NA,"Negative",FALSE,0,0
3,"H10","HEX","Unkn-32",NA,0,0,"MSX","H12_CviMVP_PlDNA_5_SG_1370_ad268e37","CviMVP_11178","Nickle_Rf_LA_2022-8-1",22,"H12_CviMVP_PlDNA_5_SG_1370_ad268e37","3_H12_CviMVP_PlDNA_5_SG_1370_ad268e37_MSX",2,NA,"Negative",FALSE,0,0
4,"A03","FAM","Unkn-01",27.53,27.04,0,"Dermo","A1_CviMVP_PlDNA_8_SG_1704_5a1dbe6d","CviMVP_12147","SaLa_GA_2022-10-5",20,"A1_CviMVP_PlDNA_8_SG_1704_5a1dbe6d","4_A1_CviMVP_PlDNA_8_SG_1704_5a1dbe6d_Dermo",1,0.98,"Positive",FALSE,0,0
4,"A04","FAM","Unkn-01",26.55,27.04,0,"Dermo","A1_CviMVP_PlDNA_8_SG_1704_5a1dbe6d","CviMVP_12147","SaLa_GA_2022-10-5",20,"A1_CviMVP_PlDNA_8_SG_1704_5a1dbe6d","4_A1_CviMVP_PlDNA_8_SG_1704_5a1dbe6d_Dermo",2,0.98,"Positive",FALSE,0,0
4,"A05","FAM","Unkn-09",29.25,29.21,0,"Dermo","A2_CviMVP_PlDNA_8_SG_1620_0699af35","CviMVP_11900","SawIs_MA_2022-9-5",22,"A2_CviMVP_PlDNA_8_SG_1620_0699af35","4_A2_CviMVP_PlDNA_8_SG_1620_0699af35_Dermo",1,0.0799999999999983,"Positive",FALSE,0,0
4,"A06","FAM","Unkn-09",29.17,29.21,0,"Dermo","A2_CviMVP_PlDNA_8_SG_1620_0699af35","CviMVP_11900","SawIs_MA_2022-9-5",22,"A2_CviMVP_PlDNA_8_SG_1620_0699af35","4_A2_CviMVP_PlDNA_8_SG_1620_0699af35_Dermo",2,0.0799999999999983,"Positive",FALSE,0,0
4,"A07","FAM","Unkn-17",25.75,25.71,0,"Dermo","A3_CviMVP_PlDNA_8_SG_1244_e32d6f62","CviMVP_10813","CC_VA_2022-7-11",20,"A3_CviMVP_PlDNA_8_SG_1244_e32d6f62","4_A3_CviMVP_PlDNA_8_SG_1244_e32d6f62_Dermo",1,0.0700000000000003,"Positive",FALSE,0,0
4,"A08","FAM","Unkn-17",25.68,25.71,0,"Dermo","A3_CviMVP_PlDNA_8_SG_1244_e32d6f62","CviMVP_10813","CC_VA_2022-7-11",20,"A3_CviMVP_PlDNA_8_SG_1244_e32d6f62","4_A3_CviMVP_PlDNA_8_SG_1244_e32d6f62_Dermo",2,0.0700000000000003,"Positive",FALSE,0,0
4,"A09","FAM","Unkn-25",37.28,37.28,0,"Dermo","A4_CviMVP_PlDNA_8_SG_1018_d1b93996","CviMVP_10040","LakeFortuna_LA_2022-5-11",20,"A4_CviMVP_PlDNA_8_SG_1018_d1b93996","4_A4_CviMVP_PlDNA_8_SG_1018_d1b93996_Dermo",1,NA,"Inconclusive",TRUE,0,0
4,"A10","FAM","Unkn-25",NA,0,0,"Dermo","A4_CviMVP_PlDNA_8_SG_1018_d1b93996","CviMVP_10040","LakeFortuna_LA_2022-5-11",20,"A4_CviMVP_PlDNA_8_SG_1018_d1b93996","4_A4_CviMVP_PlDNA_8_SG_1018_d1b93996_Dermo",2,NA,"Inconclusive",TRUE,0,0
4,"B03","FAM","Unkn-02",31.1,30.91,0,"Dermo","B1_CviMVP_PlDNA_8_SG_1963_eb235ee9","CviMVP_12908","FFJ_CF_NC_2023-7-19",20,"B1_CviMVP_PlDNA_8_SG_1963_eb235ee9","4_B1_CviMVP_PlDNA_8_SG_1963_eb235ee9_Dermo",1,0.380000000000003,"Positive",FALSE,0,0
4,"B04","FAM","Unkn-02",30.72,30.91,0,"Dermo","B1_CviMVP_PlDNA_8_SG_1963_eb235ee9","CviMVP_12908","FFJ_CF_NC_2023-7-19",20,"B1_CviMVP_PlDNA_8_SG_1963_eb235ee9","4_B1_CviMVP_PlDNA_8_SG_1963_eb235ee9_Dermo",2,0.380000000000003,"Positive",FALSE,0,0
4,"B05","FAM","Unkn-10",25.09,25.07,1e-05,"Dermo","B2_CviMVP_PlDNA_8_SG_1968_395d59b2","CviMVP_12923","FFJ_CF_NC_2023-7-19",20,"B2_CviMVP_PlDNA_8_SG_1968_395d59b2","4_B2_CviMVP_PlDNA_8_SG_1968_395d59b2_Dermo",1,0.0399999999999991,"Positive",FALSE,3486.738,2
4,"B06","FAM","Unkn-10",25.05,25.07,1e-05,"Dermo","B2_CviMVP_PlDNA_8_SG_1968_395d59b2","CviMVP_12923","FFJ_CF_NC_2023-7-19",20,"B2_CviMVP_PlDNA_8_SG_1968_395d59b2","4_B2_CviMVP_PlDNA_8_SG_1968_395d59b2_Dermo",2,0.0399999999999991,"Positive",FALSE,3486.738,2
4,"B07","FAM","Unkn-18",39.01,39.01,0,"Dermo","B3_CviMVP_PlDNA_8_SG_1630_d7ee4a92","CviMVP_11930","SaltBay_Canada_2022-9-27",19,"B3_CviMVP_PlDNA_8_SG_1630_d7ee4a92","4_B3_CviMVP_PlDNA_8_SG_1630_d7ee4a92_Dermo",1,NA,"Inconclusive",TRUE,0,0
4,"B08","FAM","Unkn-18",NA,0,0,"Dermo","B3_CviMVP_PlDNA_8_SG_1630_d7ee4a92","CviMVP_11930","SaltBay_Canada_2022-9-27",19,"B3_CviMVP_PlDNA_8_SG_1630_d7ee4a92","4_B3_CviMVP_PlDNA_8_SG_1630_d7ee4a92_Dermo",2,NA,"Inconclusive",TRUE,0,0
4,"B09","FAM","Unkn-26",25.37,25.4,1e-05,"Dermo","B4_CviMVP_PlDNA_8_SG_1934_cc08ebbc","CviMVP_12821","UNCW_MS_NC_2023-7-17",18,"B4_CviMVP_PlDNA_8_SG_1934_cc08ebbc","4_B4_CviMVP_PlDNA_8_SG_1934_cc08ebbc_Dermo",1,0.0700000000000003,"Positive",FALSE,3874.15333333333,2
4,"B10","FAM","Unkn-26",25.44,25.4,1e-05,"Dermo","B4_CviMVP_PlDNA_8_SG_1934_cc08ebbc","CviMVP_12821","UNCW_MS_NC_2023-7-17",18,"B4_CviMVP_PlDNA_8_SG_1934_cc08ebbc","4_B4_CviMVP_PlDNA_8_SG_1934_cc08ebbc_Dermo",2,0.0700000000000003,"Positive",FALSE,3874.15333333333,2
4,"B11","FAM","Unkn-33",39.05,39.05,0,"Dermo","A5_CviMVP_PlDNA_8_SG_1193_ce1081da","CviMVP_10667","Culch_Ba_LA_2022-6-21",22,"A5_CviMVP_PlDNA_8_SG_1193_ce1081da","4_A5_CviMVP_PlDNA_8_SG_1193_ce1081da_Dermo",1,NA,"Inconclusive",TRUE,0,0
4,"B12","FAM","Unkn-33",NA,0,0,"Dermo","A5_CviMVP_PlDNA_8_SG_1193_ce1081da","CviMVP_10667","Culch_Ba_LA_2022-6-21",22,"A5_CviMVP_PlDNA_8_SG_1193_ce1081da","4_A5_CviMVP_PlDNA_8_SG_1193_ce1081da_Dermo",2,NA,"Inconclusive",TRUE,0,0
4,"C03","FAM","Unkn-03",39.05,39.05,0,"Dermo","C1_CviMVP_PlDNA_8_SG_1435_7dd409da","CviMVP_11355","Cal_Lake_LA_2022-8-11",21,"C1_CviMVP_PlDNA_8_SG_1435_7dd409da","4_C1_CviMVP_PlDNA_8_SG_1435_7dd409da_Dermo",1,NA,"Inconclusive",TRUE,0,0
4,"C04","FAM","Unkn-03",NA,0,0,"Dermo","C1_CviMVP_PlDNA_8_SG_1435_7dd409da","CviMVP_11355","Cal_Lake_LA_2022-8-11",21,"C1_CviMVP_PlDNA_8_SG_1435_7dd409da","4_C1_CviMVP_PlDNA_8_SG_1435_7dd409da_Dermo",2,NA,"Inconclusive",TRUE,0,0
4,"C05","FAM","Unkn-11",NA,0,0,"Dermo","C2_CviMVP_PlDNA_8_SG_1216_f035d672","CviMVP_10732","TP_TX_2022-6-28",22,"C2_CviMVP_PlDNA_8_SG_1216_f035d672","4_C2_CviMVP_PlDNA_8_SG_1216_f035d672_Dermo",1,NA,"Negative",FALSE,0,0
4,"C06","FAM","Unkn-11",NA,0,0,"Dermo","C2_CviMVP_PlDNA_8_SG_1216_f035d672","CviMVP_10732","TP_TX_2022-6-28",22,"C2_CviMVP_PlDNA_8_SG_1216_f035d672","4_C2_CviMVP_PlDNA_8_SG_1216_f035d672_Dermo",2,NA,"Negative",FALSE,0,0
4,"C07","FAM","Unkn-19",26.18,26.14,0,"Dermo","C3_CviMVP_PlDNA_8_SG.sharedLotterhosPuritz_1515_7b4479d6","CviMVP_11594","DC_NB_RI_2022-8-19",21,"C3_CviMVP_PlDNA_8_SG.sharedLotterhosPuritz_1515_7b4479d6","4_C3_CviMVP_PlDNA_8_SG.sharedLotterhosPuritz_1515_7b4479d6_Dermo",1,0.0799999999999983,"Positive",FALSE,0,0
4,"C08","FAM","Unkn-19",26.1,26.14,0,"Dermo","C3_CviMVP_PlDNA_8_SG.sharedLotterhosPuritz_1515_7b4479d6","CviMVP_11594","DC_NB_RI_2022-8-19",21,"C3_CviMVP_PlDNA_8_SG.sharedLotterhosPuritz_1515_7b4479d6","4_C3_CviMVP_PlDNA_8_SG.sharedLotterhosPuritz_1515_7b4479d6_Dermo",2,0.0799999999999983,"Positive",FALSE,0,0
4,"C09","FAM","Unkn-27",26,26.02,0,"Dermo","C4_CviMVP_PlDNA_8_SG_1960_3357f004","CviMVP_12899","FFJ_CF_NC_2023-7-19",22,"C4_CviMVP_PlDNA_8_SG_1960_3357f004","4_C4_CviMVP_PlDNA_8_SG_1960_3357f004_Dermo",1,0.0399999999999991,"Positive",FALSE,0,0
4,"C10","FAM","Unkn-27",26.04,26.02,0,"Dermo","C4_CviMVP_PlDNA_8_SG_1960_3357f004","CviMVP_12899","FFJ_CF_NC_2023-7-19",22,"C4_CviMVP_PlDNA_8_SG_1960_3357f004","4_C4_CviMVP_PlDNA_8_SG_1960_3357f004_Dermo",2,0.0399999999999991,"Positive",FALSE,0,0
4,"C11","FAM","Unkn-34",24.98,24.97,1e-05,"Dermo","B5_CviMVP_PlDNA_8_SG_1915_6081db2b","CviMVP_12762","Orrs_Cove_ME_2022-10-31",22,"B5_CviMVP_PlDNA_8_SG_1915_6081db2b","4_B5_CviMVP_PlDNA_8_SG_1915_6081db2b_Dermo",1,0.0199999999999996,"Positive",FALSE,3169.76181818182,2
4,"C12","FAM","Unkn-34",24.96,24.97,1e-05,"Dermo","B5_CviMVP_PlDNA_8_SG_1915_6081db2b","CviMVP_12762","Orrs_Cove_ME_2022-10-31",22,"B5_CviMVP_PlDNA_8_SG_1915_6081db2b","4_B5_CviMVP_PlDNA_8_SG_1915_6081db2b_Dermo",2,0.0199999999999996,"Positive",FALSE,3169.76181818182,2
4,"D03","FAM","Unkn-04",NA,0,0,"Dermo","D1_CviMVP_PlDNA_8_SG_1094_dbbaa94b","CviMVP_10426","GalBay_TX_2022-6-2",22,"D1_CviMVP_PlDNA_8_SG_1094_dbbaa94b","4_D1_CviMVP_PlDNA_8_SG_1094_dbbaa94b_Dermo",1,NA,"Negative",FALSE,0,0
4,"D04","FAM","Unkn-04",NA,0,0,"Dermo","D1_CviMVP_PlDNA_8_SG_1094_dbbaa94b","CviMVP_10426","GalBay_TX_2022-6-2",22,"D1_CviMVP_PlDNA_8_SG_1094_dbbaa94b","4_D1_CviMVP_PlDNA_8_SG_1094_dbbaa94b_Dermo",2,NA,"Negative",FALSE,0,0
4,"D05","FAM","Unkn-12",26.89,26.73,0,"Dermo","D2_CviMVP_PlDNA_8_SG_1150_d9d44bea","CviMVP_10557","FP_Sav_GA_2022-6-10",21,"D2_CviMVP_PlDNA_8_SG_1150_d9d44bea","4_D2_CviMVP_PlDNA_8_SG_1150_d9d44bea_Dermo",1,0.310000000000002,"Positive",FALSE,0,0
4,"D06","FAM","Unkn-12",26.58,26.73,0,"Dermo","D2_CviMVP_PlDNA_8_SG_1150_d9d44bea","CviMVP_10557","FP_Sav_GA_2022-6-10",21,"D2_CviMVP_PlDNA_8_SG_1150_d9d44bea","4_D2_CviMVP_PlDNA_8_SG_1150_d9d44bea_Dermo",2,0.310000000000002,"Positive",FALSE,0,0
4,"D07","FAM","Unkn-20",NA,0,0,"Dermo","D3_CviMVP_PlDNA_8_SG.sharedLotterhosPuritz_3051_0a898d6c","CviMVP_30150","HC_DB_NJ_2022-9-23",20,"D3_CviMVP_PlDNA_8_SG.sharedLotterhosPuritz_3051_0a898d6c","4_D3_CviMVP_PlDNA_8_SG.sharedLotterhosPuritz_3051_0a898d6c_Dermo",1,NA,"Inconclusive",TRUE,0,0
4,"D08","FAM","Unkn-20",38.52,38.52,0,"Dermo","D3_CviMVP_PlDNA_8_SG.sharedLotterhosPuritz_3051_0a898d6c","CviMVP_30150","HC_DB_NJ_2022-9-23",20,"D3_CviMVP_PlDNA_8_SG.sharedLotterhosPuritz_3051_0a898d6c","4_D3_CviMVP_PlDNA_8_SG.sharedLotterhosPuritz_3051_0a898d6c_Dermo",2,NA,"Inconclusive",TRUE,0,0
4,"D09","FAM","Unkn-28",NA,0,0,"Dermo","D4_CviMVP_PlDNA_8_SG_1979_4d9cf09e","CviMVP_12956","FFJ_CF_NC_2023-7-19",22,"D4_CviMVP_PlDNA_8_SG_1979_4d9cf09e","4_D4_CviMVP_PlDNA_8_SG_1979_4d9cf09e_Dermo",1,NA,"Inconclusive",TRUE,0,0
4,"D10","FAM","Unkn-28",39.37,39.37,0,"Dermo","D4_CviMVP_PlDNA_8_SG_1979_4d9cf09e","CviMVP_12956","FFJ_CF_NC_2023-7-19",22,"D4_CviMVP_PlDNA_8_SG_1979_4d9cf09e","4_D4_CviMVP_PlDNA_8_SG_1979_4d9cf09e_Dermo",2,NA,"Inconclusive",TRUE,0,0
4,"D11","FAM","Unkn-35",NA,0,0,"Dermo","C5_CviMVP_PlDNA_8_SG_1469_a4aec96e","CviMVP_11457","SR_GB_NH_2022-8-12",20,"C5_CviMVP_PlDNA_8_SG_1469_a4aec96e","4_C5_CviMVP_PlDNA_8_SG_1469_a4aec96e_Dermo",1,NA,"Negative",FALSE,0,0
4,"D12","FAM","Unkn-35",NA,0,0,"Dermo","C5_CviMVP_PlDNA_8_SG_1469_a4aec96e","CviMVP_11457","SR_GB_NH_2022-8-12",20,"C5_CviMVP_PlDNA_8_SG_1469_a4aec96e","4_C5_CviMVP_PlDNA_8_SG_1469_a4aec96e_Dermo",2,NA,"Negative",FALSE,0,0
4,"E03","FAM","Unkn-05",26.02,25.88,0,"Dermo","E1_CviMVP_PlDNA_8_SG_1950_7393d075","CviMVP_12869","UNCW_MS_NC_2023-7-17",18,"E1_CviMVP_PlDNA_8_SG_1950_7393d075","4_E1_CviMVP_PlDNA_8_SG_1950_7393d075_Dermo",1,0.280000000000001,"Positive",FALSE,0,0
4,"E04","FAM","Unkn-05",25.74,25.88,0,"Dermo","E1_CviMVP_PlDNA_8_SG_1950_7393d075","CviMVP_12869","UNCW_MS_NC_2023-7-17",18,"E1_CviMVP_PlDNA_8_SG_1950_7393d075","4_E1_CviMVP_PlDNA_8_SG_1950_7393d075_Dermo",2,0.280000000000001,"Positive",FALSE,0,0
4,"E05","FAM","Unkn-13",22.83,22.86,2e-05,"Dermo","E2_CviMVP_PlDNA_8_SG_1964_e12c9fad","CviMVP_12911","FFJ_CF_NC_2023-7-19",20,"E2_CviMVP_PlDNA_8_SG_1964_e12c9fad","4_E2_CviMVP_PlDNA_8_SG_1964_e12c9fad_Dermo",1,0.0600000000000023,"Positive",FALSE,6973.476,2
4,"E06","FAM","Unkn-13",22.89,22.86,2e-05,"Dermo","E2_CviMVP_PlDNA_8_SG_1964_e12c9fad","CviMVP_12911","FFJ_CF_NC_2023-7-19",20,"E2_CviMVP_PlDNA_8_SG_1964_e12c9fad","4_E2_CviMVP_PlDNA_8_SG_1964_e12c9fad_Dermo",2,0.0600000000000023,"Positive",FALSE,6973.476,2
4,"E07","FAM","Unkn-21",35.88,36.47,0,"Dermo","E3_CviMVP_PlDNA_8_SG_1953_768af66b","CviMVP_12878","UNCW_MS_NC_2023-7-17",22,"E3_CviMVP_PlDNA_8_SG_1953_768af66b","4_E3_CviMVP_PlDNA_8_SG_1953_768af66b_Dermo",1,1.18,"Positive",FALSE,0,0
4,"E08","FAM","Unkn-21",37.06,36.47,0,"Dermo","E3_CviMVP_PlDNA_8_SG_1953_768af66b","CviMVP_12878","UNCW_MS_NC_2023-7-17",22,"E3_CviMVP_PlDNA_8_SG_1953_768af66b","4_E3_CviMVP_PlDNA_8_SG_1953_768af66b_Dermo",2,1.18,"Positive",FALSE,0,0
4,"E09","FAM","Unkn-29",37.43,36.97,0,"Dermo","E4_CviMVP_PlDNA_8_SG_1110_fa506746","CviMVP_10465","CB_TX_2022-6-9",20,"E4_CviMVP_PlDNA_8_SG_1110_fa506746","4_E4_CviMVP_PlDNA_8_SG_1110_fa506746_Dermo",1,0.920000000000002,"Positive",FALSE,0,0
4,"E10","FAM","Unkn-29",36.51,36.97,0,"Dermo","E4_CviMVP_PlDNA_8_SG_1110_fa506746","CviMVP_10465","CB_TX_2022-6-9",20,"E4_CviMVP_PlDNA_8_SG_1110_fa506746","4_E4_CviMVP_PlDNA_8_SG_1110_fa506746_Dermo",2,0.920000000000002,"Positive",FALSE,0,0
4,"E11","FAM","Unkn-36",24.75,24.81,1e-05,"Dermo","D5_CviMVP_PlDNA_8_SG_1958_1cc13247","CviMVP_12893","FFJ_CF_NC_2023-7-19",21,"D5_CviMVP_PlDNA_8_SG_1958_1cc13247","4_D5_CviMVP_PlDNA_8_SG_1958_1cc13247_Dermo",1,0.120000000000001,"Positive",FALSE,3320.70285714286,2
4,"E12","FAM","Unkn-36",24.87,24.81,1e-05,"Dermo","D5_CviMVP_PlDNA_8_SG_1958_1cc13247","CviMVP_12893","FFJ_CF_NC_2023-7-19",21,"D5_CviMVP_PlDNA_8_SG_1958_1cc13247","4_D5_CviMVP_PlDNA_8_SG_1958_1cc13247_Dermo",2,0.120000000000001,"Positive",FALSE,3320.70285714286,2
4,"F03","FAM","Unkn-06",24.04,24.03,1e-05,"Dermo","F1_CviMVP_PlDNA_8_SG.sharedLotterhosPuritz_1535_190eee14","CviMVP_11653","DC_NB_RI_2022-8-19",22,"F1_CviMVP_PlDNA_8_SG.sharedLotterhosPuritz_1535_190eee14","4_F1_CviMVP_PlDNA_8_SG.sharedLotterhosPuritz_1535_190eee14_Dermo",1,0.00999999999999801,"Positive",FALSE,3169.76181818182,2
4,"F04","FAM","Unkn-06",24.03,24.03,1e-05,"Dermo","F1_CviMVP_PlDNA_8_SG.sharedLotterhosPuritz_1535_190eee14","CviMVP_11653","DC_NB_RI_2022-8-19",22,"F1_CviMVP_PlDNA_8_SG.sharedLotterhosPuritz_1535_190eee14","4_F1_CviMVP_PlDNA_8_SG.sharedLotterhosPuritz_1535_190eee14_Dermo",2,0.00999999999999801,"Positive",FALSE,3169.76181818182,2
4,"F05","FAM","Unkn-14",NA,0,0,"Dermo","F2_CviMVP_PlDNA_8_SG_1875_a48165f7","CviMVP_12649","DC_DR_ME_2022-10-25",22,"F2_CviMVP_PlDNA_8_SG_1875_a48165f7","4_F2_CviMVP_PlDNA_8_SG_1875_a48165f7_Dermo",1,NA,"Negative",FALSE,0,0
4,"F06","FAM","Unkn-14",NA,0,0,"Dermo","F2_CviMVP_PlDNA_8_SG_1875_a48165f7","CviMVP_12649","DC_DR_ME_2022-10-25",22,"F2_CviMVP_PlDNA_8_SG_1875_a48165f7","4_F2_CviMVP_PlDNA_8_SG_1875_a48165f7_Dermo",2,NA,"Negative",FALSE,0,0
4,"F07","FAM","Unkn-22",28.51,28.53,0,"Dermo","F3_CviMVP_PlDNA_8_SG_1976_e7453abd","CviMVP_12947","FFJ_CF_NC_2023-7-19",22,"F3_CviMVP_PlDNA_8_SG_1976_e7453abd","4_F3_CviMVP_PlDNA_8_SG_1976_e7453abd_Dermo",1,0.0499999999999972,"Positive",FALSE,0,0
4,"F08","FAM","Unkn-22",28.56,28.53,0,"Dermo","F3_CviMVP_PlDNA_8_SG_1976_e7453abd","CviMVP_12947","FFJ_CF_NC_2023-7-19",22,"F3_CviMVP_PlDNA_8_SG_1976_e7453abd","4_F3_CviMVP_PlDNA_8_SG_1976_e7453abd_Dermo",2,0.0499999999999972,"Positive",FALSE,0,0
4,"F09","FAM","Unkn-30",21.12,21.12,6e-05,"Dermo","F4_CviMVP_PlDNA_8_SG_1413_3470f785","CviMVP_11297","GriceCove_SC_2022-8-10",21,"F4_CviMVP_PlDNA_8_SG_1413_3470f785","4_F4_CviMVP_PlDNA_8_SG_1413_3470f785_Dermo",1,0.0100000000000016,"Positive",FALSE,19924.2171428571,3
4,"F10","FAM","Unkn-30",21.11,21.12,6e-05,"Dermo","F4_CviMVP_PlDNA_8_SG_1413_3470f785","CviMVP_11297","GriceCove_SC_2022-8-10",21,"F4_CviMVP_PlDNA_8_SG_1413_3470f785","4_F4_CviMVP_PlDNA_8_SG_1413_3470f785_Dermo",2,0.0100000000000016,"Positive",FALSE,19924.2171428571,3
4,"F11","FAM","Unkn-37",NA,0,0,"Dermo","E5_CviMVP_PlDNA_8_SG_1644_56daca75","CviMVP_11972","SaltBay_Canada_2022-9-27",20,"E5_CviMVP_PlDNA_8_SG_1644_56daca75","4_E5_CviMVP_PlDNA_8_SG_1644_56daca75_Dermo",1,NA,"Negative",FALSE,0,0
4,"F12","FAM","Unkn-37",NA,0,0,"Dermo","E5_CviMVP_PlDNA_8_SG_1644_56daca75","CviMVP_11972","SaltBay_Canada_2022-9-27",20,"E5_CviMVP_PlDNA_8_SG_1644_56daca75","4_E5_CviMVP_PlDNA_8_SG_1644_56daca75_Dermo",2,NA,"Negative",FALSE,0,0
4,"G03","FAM","Unkn-07",39.61,39.61,0,"Dermo","G1_CviMVP_PlDNA_8_SG.sharedLotterhosPuritz_3018_0816a7c7","CviMVP_30054","CS_DB_NJ_2022-9-21",22,"G1_CviMVP_PlDNA_8_SG.sharedLotterhosPuritz_3018_0816a7c7","4_G1_CviMVP_PlDNA_8_SG.sharedLotterhosPuritz_3018_0816a7c7_Dermo",1,NA,"Inconclusive",TRUE,0,0
4,"G04","FAM","Unkn-07",NA,0,0,"Dermo","G1_CviMVP_PlDNA_8_SG.sharedLotterhosPuritz_3018_0816a7c7","CviMVP_30054","CS_DB_NJ_2022-9-21",22,"G1_CviMVP_PlDNA_8_SG.sharedLotterhosPuritz_3018_0816a7c7","4_G1_CviMVP_PlDNA_8_SG.sharedLotterhosPuritz_3018_0816a7c7_Dermo",2,NA,"Inconclusive",TRUE,0,0
4,"G05","FAM","Unkn-15",25.75,25.58,0,"Dermo","G2_CviMVP_PlDNA_8_SG_1987_51f2e064","CviMVP_12980","FFJ_CF_NC_2023-7-19",20,"G2_CviMVP_PlDNA_8_SG_1987_51f2e064","4_G2_CviMVP_PlDNA_8_SG_1987_51f2e064_Dermo",1,0.34,"Positive",FALSE,0,0
4,"G06","FAM","Unkn-15",25.41,25.58,0,"Dermo","G2_CviMVP_PlDNA_8_SG_1987_51f2e064","CviMVP_12980","FFJ_CF_NC_2023-7-19",20,"G2_CviMVP_PlDNA_8_SG_1987_51f2e064","4_G2_CviMVP_PlDNA_8_SG_1987_51f2e064_Dermo",2,0.34,"Positive",FALSE,0,0
4,"G07","FAM","Unkn-23",NA,0,0,"Dermo","G3_CviMVP_PlDNA_8_SG_1870_e23dc377","CviMVP_12634","DC_DR_ME_2022-10-25",22,"G3_CviMVP_PlDNA_8_SG_1870_e23dc377","4_G3_CviMVP_PlDNA_8_SG_1870_e23dc377_Dermo",1,NA,"Negative",FALSE,0,0
4,"G08","FAM","Unkn-23",NA,0,0,"Dermo","G3_CviMVP_PlDNA_8_SG_1870_e23dc377","CviMVP_12634","DC_DR_ME_2022-10-25",22,"G3_CviMVP_PlDNA_8_SG_1870_e23dc377","4_G3_CviMVP_PlDNA_8_SG_1870_e23dc377_Dermo",2,NA,"Negative",FALSE,0,0
4,"G09","FAM","Unkn-31",38.76,38.76,0,"Dermo","G4_CviMVP_PlDNA_8_SG_1940_aa240ac0","CviMVP_12839","UNCW_MS_NC_2023-7-17",21,"G4_CviMVP_PlDNA_8_SG_1940_aa240ac0","4_G4_CviMVP_PlDNA_8_SG_1940_aa240ac0_Dermo",1,NA,"Inconclusive",TRUE,0,0
4,"G10","FAM","Unkn-31",NA,0,0,"Dermo","G4_CviMVP_PlDNA_8_SG_1940_aa240ac0","CviMVP_12839","UNCW_MS_NC_2023-7-17",21,"G4_CviMVP_PlDNA_8_SG_1940_aa240ac0","4_G4_CviMVP_PlDNA_8_SG_1940_aa240ac0_Dermo",2,NA,"Inconclusive",TRUE,0,0
4,"H03","FAM","Unkn-08",30.36,30.73,0,"Dermo","H1_CviMVP_PlDNA_8_SG_1946_c72e69f0","CviMVP_12857","UNCW_MS_NC_2023-7-17",20,"H1_CviMVP_PlDNA_8_SG_1946_c72e69f0","4_H1_CviMVP_PlDNA_8_SG_1946_c72e69f0_Dermo",1,0.740000000000002,"Positive",FALSE,0,0
4,"H04","FAM","Unkn-08",31.1,30.73,0,"Dermo","H1_CviMVP_PlDNA_8_SG_1946_c72e69f0","CviMVP_12857","UNCW_MS_NC_2023-7-17",20,"H1_CviMVP_PlDNA_8_SG_1946_c72e69f0","4_H1_CviMVP_PlDNA_8_SG_1946_c72e69f0_Dermo",2,0.740000000000002,"Positive",FALSE,0,0
4,"H05","FAM","Unkn-16",32.24,32.23,0,"Dermo","H2_CviMVP_PlDNA_8_SG_1817_40830da8","CviMVP_12482","PrEdIs_CN_A_2022-10-18",20,"H2_CviMVP_PlDNA_8_SG_1817_40830da8","4_H2_CviMVP_PlDNA_8_SG_1817_40830da8_Dermo",1,0.0200000000000031,"Positive",FALSE,0,0
4,"H06","FAM","Unkn-16",32.22,32.23,0,"Dermo","H2_CviMVP_PlDNA_8_SG_1817_40830da8","CviMVP_12482","PrEdIs_CN_A_2022-10-18",20,"H2_CviMVP_PlDNA_8_SG_1817_40830da8","4_H2_CviMVP_PlDNA_8_SG_1817_40830da8_Dermo",2,0.0200000000000031,"Positive",FALSE,0,0
4,"H07","FAM","Unkn-24",24.24,23.97,1e-05,"Dermo","H3_CviMVP_PlDNA_8_SG_1590_6ac21255","CviMVP_11811","KP_FGR_FL_2022-8-23",20,"H3_CviMVP_PlDNA_8_SG_1590_6ac21255","4_H3_CviMVP_PlDNA_8_SG_1590_6ac21255_Dermo",1,0.529999999999998,"Positive",FALSE,3486.738,2
4,"H08","FAM","Unkn-24",23.71,23.97,1e-05,"Dermo","H3_CviMVP_PlDNA_8_SG_1590_6ac21255","CviMVP_11811","KP_FGR_FL_2022-8-23",20,"H3_CviMVP_PlDNA_8_SG_1590_6ac21255","4_H3_CviMVP_PlDNA_8_SG_1590_6ac21255_Dermo",2,0.529999999999998,"Positive",FALSE,3486.738,2
4,"H09","FAM","Unkn-32",34.43,34.69,0,"Dermo","H4_CviMVP_PlDNA_8_SG_1978_d8d8fcac","CviMVP_12953","FFJ_CF_NC_2023-7-19",22,"H4_CviMVP_PlDNA_8_SG_1978_d8d8fcac","4_H4_CviMVP_PlDNA_8_SG_1978_d8d8fcac_Dermo",1,0.520000000000003,"Positive",FALSE,0,0
4,"H10","FAM","Unkn-32",34.95,34.69,0,"Dermo","H4_CviMVP_PlDNA_8_SG_1978_d8d8fcac","CviMVP_12953","FFJ_CF_NC_2023-7-19",22,"H4_CviMVP_PlDNA_8_SG_1978_d8d8fcac","4_H4_CviMVP_PlDNA_8_SG_1978_d8d8fcac_Dermo",2,0.520000000000003,"Positive",FALSE,0,0
4,"A03","HEX","Unkn-01",36.04,35.35,0,"MSX","A1_CviMVP_PlDNA_8_SG_1704_5a1dbe6d","CviMVP_12147","SaLa_GA_2022-10-5",20,"A1_CviMVP_PlDNA_8_SG_1704_5a1dbe6d","4_A1_CviMVP_PlDNA_8_SG_1704_5a1dbe6d_MSX",1,1.37,"Positive",FALSE,0,0
4,"A04","HEX","Unkn-01",34.67,35.35,0,"MSX","A1_CviMVP_PlDNA_8_SG_1704_5a1dbe6d","CviMVP_12147","SaLa_GA_2022-10-5",20,"A1_CviMVP_PlDNA_8_SG_1704_5a1dbe6d","4_A1_CviMVP_PlDNA_8_SG_1704_5a1dbe6d_MSX",2,1.37,"Positive",FALSE,0,0
4,"A05","HEX","Unkn-09",39.79,39.79,0,"MSX","A2_CviMVP_PlDNA_8_SG_1620_0699af35","CviMVP_11900","SawIs_MA_2022-9-5",22,"A2_CviMVP_PlDNA_8_SG_1620_0699af35","4_A2_CviMVP_PlDNA_8_SG_1620_0699af35_MSX",1,NA,"Inconclusive",TRUE,0,0
4,"A06","HEX","Unkn-09",NA,0,0,"MSX","A2_CviMVP_PlDNA_8_SG_1620_0699af35","CviMVP_11900","SawIs_MA_2022-9-5",22,"A2_CviMVP_PlDNA_8_SG_1620_0699af35","4_A2_CviMVP_PlDNA_8_SG_1620_0699af35_MSX",2,NA,"Inconclusive",TRUE,0,0
4,"A07","HEX","Unkn-17",35.67,35.75,0,"MSX","A3_CviMVP_PlDNA_8_SG_1244_e32d6f62","CviMVP_10813","CC_VA_2022-7-11",20,"A3_CviMVP_PlDNA_8_SG_1244_e32d6f62","4_A3_CviMVP_PlDNA_8_SG_1244_e32d6f62_MSX",1,0.159999999999997,"Positive",FALSE,0,0
4,"A08","HEX","Unkn-17",35.83,35.75,0,"MSX","A3_CviMVP_PlDNA_8_SG_1244_e32d6f62","CviMVP_10813","CC_VA_2022-7-11",20,"A3_CviMVP_PlDNA_8_SG_1244_e32d6f62","4_A3_CviMVP_PlDNA_8_SG_1244_e32d6f62_MSX",2,0.159999999999997,"Positive",FALSE,0,0
4,"A09","HEX","Unkn-25",38.98,38.9,0,"MSX","A4_CviMVP_PlDNA_8_SG_1018_d1b93996","CviMVP_10040","LakeFortuna_LA_2022-5-11",20,"A4_CviMVP_PlDNA_8_SG_1018_d1b93996","4_A4_CviMVP_PlDNA_8_SG_1018_d1b93996_MSX",1,0.149999999999999,"Positive",FALSE,0,0
4,"A10","HEX","Unkn-25",38.83,38.9,0,"MSX","A4_CviMVP_PlDNA_8_SG_1018_d1b93996","CviMVP_10040","LakeFortuna_LA_2022-5-11",20,"A4_CviMVP_PlDNA_8_SG_1018_d1b93996","4_A4_CviMVP_PlDNA_8_SG_1018_d1b93996_MSX",2,0.149999999999999,"Positive",FALSE,0,0
4,"B03","HEX","Unkn-02",31.26,31.12,0,"MSX","B1_CviMVP_PlDNA_8_SG_1963_eb235ee9","CviMVP_12908","FFJ_CF_NC_2023-7-19",20,"B1_CviMVP_PlDNA_8_SG_1963_eb235ee9","4_B1_CviMVP_PlDNA_8_SG_1963_eb235ee9_MSX",1,0.270000000000003,"Positive",FALSE,0,0
4,"B04","HEX","Unkn-02",30.99,31.12,0,"MSX","B1_CviMVP_PlDNA_8_SG_1963_eb235ee9","CviMVP_12908","FFJ_CF_NC_2023-7-19",20,"B1_CviMVP_PlDNA_8_SG_1963_eb235ee9","4_B1_CviMVP_PlDNA_8_SG_1963_eb235ee9_MSX",2,0.270000000000003,"Positive",FALSE,0,0
4,"B05","HEX","Unkn-10",20.63,20.61,0.00025,"MSX","B2_CviMVP_PlDNA_8_SG_1968_395d59b2","CviMVP_12923","FFJ_CF_NC_2023-7-19",20,"B2_CviMVP_PlDNA_8_SG_1968_395d59b2","4_B2_CviMVP_PlDNA_8_SG_1968_395d59b2_MSX",1,0.0399999999999991,"Positive",FALSE,97631.675,3
4,"B06","HEX","Unkn-10",20.59,20.61,0.00025,"MSX","B2_CviMVP_PlDNA_8_SG_1968_395d59b2","CviMVP_12923","FFJ_CF_NC_2023-7-19",20,"B2_CviMVP_PlDNA_8_SG_1968_395d59b2","4_B2_CviMVP_PlDNA_8_SG_1968_395d59b2_MSX",2,0.0399999999999991,"Positive",FALSE,97631.675,3
4,"B07","HEX","Unkn-18",39.99,39.99,0,"MSX","B3_CviMVP_PlDNA_8_SG_1630_d7ee4a92","CviMVP_11930","SaltBay_Canada_2022-9-27",19,"B3_CviMVP_PlDNA_8_SG_1630_d7ee4a92","4_B3_CviMVP_PlDNA_8_SG_1630_d7ee4a92_MSX",1,NA,"Inconclusive",TRUE,0,0
4,"B08","HEX","Unkn-18",NA,0,0,"MSX","B3_CviMVP_PlDNA_8_SG_1630_d7ee4a92","CviMVP_11930","SaltBay_Canada_2022-9-27",19,"B3_CviMVP_PlDNA_8_SG_1630_d7ee4a92","4_B3_CviMVP_PlDNA_8_SG_1630_d7ee4a92_MSX",2,NA,"Inconclusive",TRUE,0,0
4,"B09","HEX","Unkn-26",37.33,37.5,0,"MSX","B4_CviMVP_PlDNA_8_SG_1934_cc08ebbc","CviMVP_12821","UNCW_MS_NC_2023-7-17",18,"B4_CviMVP_PlDNA_8_SG_1934_cc08ebbc","4_B4_CviMVP_PlDNA_8_SG_1934_cc08ebbc_MSX",1,0.329999999999998,"Positive",FALSE,0,0
4,"B10","HEX","Unkn-26",37.66,37.5,0,"MSX","B4_CviMVP_PlDNA_8_SG_1934_cc08ebbc","CviMVP_12821","UNCW_MS_NC_2023-7-17",18,"B4_CviMVP_PlDNA_8_SG_1934_cc08ebbc","4_B4_CviMVP_PlDNA_8_SG_1934_cc08ebbc_MSX",2,0.329999999999998,"Positive",FALSE,0,0
4,"B11","HEX","Unkn-33",NA,0,0,"MSX","A5_CviMVP_PlDNA_8_SG_1193_ce1081da","CviMVP_10667","Culch_Ba_LA_2022-6-21",22,"A5_CviMVP_PlDNA_8_SG_1193_ce1081da","4_A5_CviMVP_PlDNA_8_SG_1193_ce1081da_MSX",1,NA,"Negative",FALSE,0,0
4,"B12","HEX","Unkn-33",NA,0,0,"MSX","A5_CviMVP_PlDNA_8_SG_1193_ce1081da","CviMVP_10667","Culch_Ba_LA_2022-6-21",22,"A5_CviMVP_PlDNA_8_SG_1193_ce1081da","4_A5_CviMVP_PlDNA_8_SG_1193_ce1081da_MSX",2,NA,"Negative",FALSE,0,0
4,"C03","HEX","Unkn-03",NA,0,0,"MSX","C1_CviMVP_PlDNA_8_SG_1435_7dd409da","CviMVP_11355","Cal_Lake_LA_2022-8-11",21,"C1_CviMVP_PlDNA_8_SG_1435_7dd409da","4_C1_CviMVP_PlDNA_8_SG_1435_7dd409da_MSX",1,NA,"Negative",FALSE,0,0
4,"C04","HEX","Unkn-03",NA,0,0,"MSX","C1_CviMVP_PlDNA_8_SG_1435_7dd409da","CviMVP_11355","Cal_Lake_LA_2022-8-11",21,"C1_CviMVP_PlDNA_8_SG_1435_7dd409da","4_C1_CviMVP_PlDNA_8_SG_1435_7dd409da_MSX",2,NA,"Negative",FALSE,0,0
4,"C05","HEX","Unkn-11",NA,0,0,"MSX","C2_CviMVP_PlDNA_8_SG_1216_f035d672","CviMVP_10732","TP_TX_2022-6-28",22,"C2_CviMVP_PlDNA_8_SG_1216_f035d672","4_C2_CviMVP_PlDNA_8_SG_1216_f035d672_MSX",1,NA,"Negative",FALSE,0,0
4,"C06","HEX","Unkn-11",NA,0,0,"MSX","C2_CviMVP_PlDNA_8_SG_1216_f035d672","CviMVP_10732","TP_TX_2022-6-28",22,"C2_CviMVP_PlDNA_8_SG_1216_f035d672","4_C2_CviMVP_PlDNA_8_SG_1216_f035d672_MSX",2,NA,"Negative",FALSE,0,0
4,"C07","HEX","Unkn-19",NA,0,0,"MSX","C3_CviMVP_PlDNA_8_SG.sharedLotterhosPuritz_1515_7b4479d6","CviMVP_11594","DC_NB_RI_2022-8-19",21,"C3_CviMVP_PlDNA_8_SG.sharedLotterhosPuritz_1515_7b4479d6","4_C3_CviMVP_PlDNA_8_SG.sharedLotterhosPuritz_1515_7b4479d6_MSX",1,NA,"Negative",FALSE,0,0
4,"C08","HEX","Unkn-19",NA,0,0,"MSX","C3_CviMVP_PlDNA_8_SG.sharedLotterhosPuritz_1515_7b4479d6","CviMVP_11594","DC_NB_RI_2022-8-19",21,"C3_CviMVP_PlDNA_8_SG.sharedLotterhosPuritz_1515_7b4479d6","4_C3_CviMVP_PlDNA_8_SG.sharedLotterhosPuritz_1515_7b4479d6_MSX",2,NA,"Negative",FALSE,0,0
4,"C09","HEX","Unkn-27",38.41,38.41,0,"MSX","C4_CviMVP_PlDNA_8_SG_1960_3357f004","CviMVP_12899","FFJ_CF_NC_2023-7-19",22,"C4_CviMVP_PlDNA_8_SG_1960_3357f004","4_C4_CviMVP_PlDNA_8_SG_1960_3357f004_MSX",1,NA,"Inconclusive",TRUE,0,0
4,"C10","HEX","Unkn-27",NA,0,0,"MSX","C4_CviMVP_PlDNA_8_SG_1960_3357f004","CviMVP_12899","FFJ_CF_NC_2023-7-19",22,"C4_CviMVP_PlDNA_8_SG_1960_3357f004","4_C4_CviMVP_PlDNA_8_SG_1960_3357f004_MSX",2,NA,"Inconclusive",TRUE,0,0
4,"C11","HEX","Unkn-34",29.55,29.59,0,"MSX","B5_CviMVP_PlDNA_8_SG_1915_6081db2b","CviMVP_12762","Orrs_Cove_ME_2022-10-31",22,"B5_CviMVP_PlDNA_8_SG_1915_6081db2b","4_B5_CviMVP_PlDNA_8_SG_1915_6081db2b_MSX",1,0.0899999999999999,"Positive",FALSE,0,0
4,"C12","HEX","Unkn-34",29.64,29.59,0,"MSX","B5_CviMVP_PlDNA_8_SG_1915_6081db2b","CviMVP_12762","Orrs_Cove_ME_2022-10-31",22,"B5_CviMVP_PlDNA_8_SG_1915_6081db2b","4_B5_CviMVP_PlDNA_8_SG_1915_6081db2b_MSX",2,0.0899999999999999,"Positive",FALSE,0,0
4,"D03","HEX","Unkn-04",NA,0,0,"MSX","D1_CviMVP_PlDNA_8_SG_1094_dbbaa94b","CviMVP_10426","GalBay_TX_2022-6-2",22,"D1_CviMVP_PlDNA_8_SG_1094_dbbaa94b","4_D1_CviMVP_PlDNA_8_SG_1094_dbbaa94b_MSX",1,NA,"Negative",FALSE,0,0
4,"D04","HEX","Unkn-04",NA,0,0,"MSX","D1_CviMVP_PlDNA_8_SG_1094_dbbaa94b","CviMVP_10426","GalBay_TX_2022-6-2",22,"D1_CviMVP_PlDNA_8_SG_1094_dbbaa94b","4_D1_CviMVP_PlDNA_8_SG_1094_dbbaa94b_MSX",2,NA,"Negative",FALSE,0,0
4,"D05","HEX","Unkn-12",22.17,22.01,0.00011,"MSX","D2_CviMVP_PlDNA_8_SG_1150_d9d44bea","CviMVP_10557","FP_Sav_GA_2022-6-10",21,"D2_CviMVP_PlDNA_8_SG_1150_d9d44bea","4_D2_CviMVP_PlDNA_8_SG_1150_d9d44bea_MSX",1,0.330000000000002,"Positive",FALSE,40912.3209523809,3
4,"D06","HEX","Unkn-12",21.84,22.01,0.00011,"MSX","D2_CviMVP_PlDNA_8_SG_1150_d9d44bea","CviMVP_10557","FP_Sav_GA_2022-6-10",21,"D2_CviMVP_PlDNA_8_SG_1150_d9d44bea","4_D2_CviMVP_PlDNA_8_SG_1150_d9d44bea_MSX",2,0.330000000000002,"Positive",FALSE,40912.3209523809,3
4,"D07","HEX","Unkn-20",38.74,38.74,0,"MSX","D3_CviMVP_PlDNA_8_SG.sharedLotterhosPuritz_3051_0a898d6c","CviMVP_30150","HC_DB_NJ_2022-9-23",20,"D3_CviMVP_PlDNA_8_SG.sharedLotterhosPuritz_3051_0a898d6c","4_D3_CviMVP_PlDNA_8_SG.sharedLotterhosPuritz_3051_0a898d6c_MSX",1,NA,"Inconclusive",TRUE,0,0
4,"D08","HEX","Unkn-20",NA,0,0,"MSX","D3_CviMVP_PlDNA_8_SG.sharedLotterhosPuritz_3051_0a898d6c","CviMVP_30150","HC_DB_NJ_2022-9-23",20,"D3_CviMVP_PlDNA_8_SG.sharedLotterhosPuritz_3051_0a898d6c","4_D3_CviMVP_PlDNA_8_SG.sharedLotterhosPuritz_3051_0a898d6c_MSX",2,NA,"Inconclusive",TRUE,0,0
4,"D09","HEX","Unkn-28",34.01,33.96,0,"MSX","D4_CviMVP_PlDNA_8_SG_1979_4d9cf09e","CviMVP_12956","FFJ_CF_NC_2023-7-19",22,"D4_CviMVP_PlDNA_8_SG_1979_4d9cf09e","4_D4_CviMVP_PlDNA_8_SG_1979_4d9cf09e_MSX",1,0.100000000000001,"Positive",FALSE,0,0
4,"D10","HEX","Unkn-28",33.91,33.96,0,"MSX","D4_CviMVP_PlDNA_8_SG_1979_4d9cf09e","CviMVP_12956","FFJ_CF_NC_2023-7-19",22,"D4_CviMVP_PlDNA_8_SG_1979_4d9cf09e","4_D4_CviMVP_PlDNA_8_SG_1979_4d9cf09e_MSX",2,0.100000000000001,"Positive",FALSE,0,0
4,"D11","HEX","Unkn-35",NA,0,0,"MSX","C5_CviMVP_PlDNA_8_SG_1469_a4aec96e","CviMVP_11457","SR_GB_NH_2022-8-12",20,"C5_CviMVP_PlDNA_8_SG_1469_a4aec96e","4_C5_CviMVP_PlDNA_8_SG_1469_a4aec96e_MSX",1,NA,"Negative",FALSE,0,0
4,"D12","HEX","Unkn-35",NA,0,0,"MSX","C5_CviMVP_PlDNA_8_SG_1469_a4aec96e","CviMVP_11457","SR_GB_NH_2022-8-12",20,"C5_CviMVP_PlDNA_8_SG_1469_a4aec96e","4_C5_CviMVP_PlDNA_8_SG_1469_a4aec96e_MSX",2,NA,"Negative",FALSE,0,0
4,"E03","HEX","Unkn-05",39.09,39.09,0,"MSX","E1_CviMVP_PlDNA_8_SG_1950_7393d075","CviMVP_12869","UNCW_MS_NC_2023-7-17",18,"E1_CviMVP_PlDNA_8_SG_1950_7393d075","4_E1_CviMVP_PlDNA_8_SG_1950_7393d075_MSX",1,NA,"Inconclusive",TRUE,0,0
4,"E04","HEX","Unkn-05",NA,0,0,"MSX","E1_CviMVP_PlDNA_8_SG_1950_7393d075","CviMVP_12869","UNCW_MS_NC_2023-7-17",18,"E1_CviMVP_PlDNA_8_SG_1950_7393d075","4_E1_CviMVP_PlDNA_8_SG_1950_7393d075_MSX",2,NA,"Inconclusive",TRUE,0,0
4,"E05","HEX","Unkn-13",34.43,34.83,0,"MSX","E2_CviMVP_PlDNA_8_SG_1964_e12c9fad","CviMVP_12911","FFJ_CF_NC_2023-7-19",20,"E2_CviMVP_PlDNA_8_SG_1964_e12c9fad","4_E2_CviMVP_PlDNA_8_SG_1964_e12c9fad_MSX",1,0.799999999999997,"Positive",FALSE,0,0
4,"E06","HEX","Unkn-13",35.23,34.83,0,"MSX","E2_CviMVP_PlDNA_8_SG_1964_e12c9fad","CviMVP_12911","FFJ_CF_NC_2023-7-19",20,"E2_CviMVP_PlDNA_8_SG_1964_e12c9fad","4_E2_CviMVP_PlDNA_8_SG_1964_e12c9fad_MSX",2,0.799999999999997,"Positive",FALSE,0,0
4,"E07","HEX","Unkn-21",NA,0,0,"MSX","E3_CviMVP_PlDNA_8_SG_1953_768af66b","CviMVP_12878","UNCW_MS_NC_2023-7-17",22,"E3_CviMVP_PlDNA_8_SG_1953_768af66b","4_E3_CviMVP_PlDNA_8_SG_1953_768af66b_MSX",1,NA,"Negative",FALSE,0,0
4,"E08","HEX","Unkn-21",NA,0,0,"MSX","E3_CviMVP_PlDNA_8_SG_1953_768af66b","CviMVP_12878","UNCW_MS_NC_2023-7-17",22,"E3_CviMVP_PlDNA_8_SG_1953_768af66b","4_E3_CviMVP_PlDNA_8_SG_1953_768af66b_MSX",2,NA,"Negative",FALSE,0,0
4,"E09","HEX","Unkn-29",37.83,37.91,0,"MSX","E4_CviMVP_PlDNA_8_SG_1110_fa506746","CviMVP_10465","CB_TX_2022-6-9",20,"E4_CviMVP_PlDNA_8_SG_1110_fa506746","4_E4_CviMVP_PlDNA_8_SG_1110_fa506746_MSX",1,0.160000000000004,"Positive",FALSE,0,0
4,"E10","HEX","Unkn-29",37.99,37.91,0,"MSX","E4_CviMVP_PlDNA_8_SG_1110_fa506746","CviMVP_10465","CB_TX_2022-6-9",20,"E4_CviMVP_PlDNA_8_SG_1110_fa506746","4_E4_CviMVP_PlDNA_8_SG_1110_fa506746_MSX",2,0.160000000000004,"Positive",FALSE,0,0
4,"E11","HEX","Unkn-36",34.85,34.99,0,"MSX","D5_CviMVP_PlDNA_8_SG_1958_1cc13247","CviMVP_12893","FFJ_CF_NC_2023-7-19",21,"D5_CviMVP_PlDNA_8_SG_1958_1cc13247","4_D5_CviMVP_PlDNA_8_SG_1958_1cc13247_MSX",1,0.280000000000001,"Positive",FALSE,0,0
4,"E12","HEX","Unkn-36",35.13,34.99,0,"MSX","D5_CviMVP_PlDNA_8_SG_1958_1cc13247","CviMVP_12893","FFJ_CF_NC_2023-7-19",21,"D5_CviMVP_PlDNA_8_SG_1958_1cc13247","4_D5_CviMVP_PlDNA_8_SG_1958_1cc13247_MSX",2,0.280000000000001,"Positive",FALSE,0,0
4,"F03","HEX","Unkn-06",38.7,38.7,0,"MSX","F1_CviMVP_PlDNA_8_SG.sharedLotterhosPuritz_1535_190eee14","CviMVP_11653","DC_NB_RI_2022-8-19",22,"F1_CviMVP_PlDNA_8_SG.sharedLotterhosPuritz_1535_190eee14","4_F1_CviMVP_PlDNA_8_SG.sharedLotterhosPuritz_1535_190eee14_MSX",1,NA,"Inconclusive",TRUE,0,0
4,"F04","HEX","Unkn-06",NA,0,0,"MSX","F1_CviMVP_PlDNA_8_SG.sharedLotterhosPuritz_1535_190eee14","CviMVP_11653","DC_NB_RI_2022-8-19",22,"F1_CviMVP_PlDNA_8_SG.sharedLotterhosPuritz_1535_190eee14","4_F1_CviMVP_PlDNA_8_SG.sharedLotterhosPuritz_1535_190eee14_MSX",2,NA,"Inconclusive",TRUE,0,0
4,"F05","HEX","Unkn-14",36.3,36.19,0,"MSX","F2_CviMVP_PlDNA_8_SG_1875_a48165f7","CviMVP_12649","DC_DR_ME_2022-10-25",22,"F2_CviMVP_PlDNA_8_SG_1875_a48165f7","4_F2_CviMVP_PlDNA_8_SG_1875_a48165f7_MSX",1,0.219999999999999,"Positive",FALSE,0,0
4,"F06","HEX","Unkn-14",36.08,36.19,0,"MSX","F2_CviMVP_PlDNA_8_SG_1875_a48165f7","CviMVP_12649","DC_DR_ME_2022-10-25",22,"F2_CviMVP_PlDNA_8_SG_1875_a48165f7","4_F2_CviMVP_PlDNA_8_SG_1875_a48165f7_MSX",2,0.219999999999999,"Positive",FALSE,0,0
4,"F07","HEX","Unkn-22",21.25,21.31,0.00016,"MSX","F3_CviMVP_PlDNA_8_SG_1976_e7453abd","CviMVP_12947","FFJ_CF_NC_2023-7-19",22,"F3_CviMVP_PlDNA_8_SG_1976_e7453abd","4_F3_CviMVP_PlDNA_8_SG_1976_e7453abd_MSX",1,0.120000000000001,"Positive",FALSE,56803.8836363636,3
4,"F08","HEX","Unkn-22",21.37,21.31,0.00016,"MSX","F3_CviMVP_PlDNA_8_SG_1976_e7453abd","CviMVP_12947","FFJ_CF_NC_2023-7-19",22,"F3_CviMVP_PlDNA_8_SG_1976_e7453abd","4_F3_CviMVP_PlDNA_8_SG_1976_e7453abd_MSX",2,0.120000000000001,"Positive",FALSE,56803.8836363636,3
4,"F09","HEX","Unkn-30",36.45,36.48,0,"MSX","F4_CviMVP_PlDNA_8_SG_1413_3470f785","CviMVP_11297","GriceCove_SC_2022-8-10",21,"F4_CviMVP_PlDNA_8_SG_1413_3470f785","4_F4_CviMVP_PlDNA_8_SG_1413_3470f785_MSX",1,0.0599999999999952,"Positive",FALSE,0,0
4,"F10","HEX","Unkn-30",36.51,36.48,0,"MSX","F4_CviMVP_PlDNA_8_SG_1413_3470f785","CviMVP_11297","GriceCove_SC_2022-8-10",21,"F4_CviMVP_PlDNA_8_SG_1413_3470f785","4_F4_CviMVP_PlDNA_8_SG_1413_3470f785_MSX",2,0.0599999999999952,"Positive",FALSE,0,0
4,"F11","HEX","Unkn-37",NA,0,0,"MSX","E5_CviMVP_PlDNA_8_SG_1644_56daca75","CviMVP_11972","SaltBay_Canada_2022-9-27",20,"E5_CviMVP_PlDNA_8_SG_1644_56daca75","4_E5_CviMVP_PlDNA_8_SG_1644_56daca75_MSX",1,NA,"Negative",FALSE,0,0
4,"F12","HEX","Unkn-37",NA,0,0,"MSX","E5_CviMVP_PlDNA_8_SG_1644_56daca75","CviMVP_11972","SaltBay_Canada_2022-9-27",20,"E5_CviMVP_PlDNA_8_SG_1644_56daca75","4_E5_CviMVP_PlDNA_8_SG_1644_56daca75_MSX",2,NA,"Negative",FALSE,0,0
4,"G03","HEX","Unkn-07",NA,0,0,"MSX","G1_CviMVP_PlDNA_8_SG.sharedLotterhosPuritz_3018_0816a7c7","CviMVP_30054","CS_DB_NJ_2022-9-21",22,"G1_CviMVP_PlDNA_8_SG.sharedLotterhosPuritz_3018_0816a7c7","4_G1_CviMVP_PlDNA_8_SG.sharedLotterhosPuritz_3018_0816a7c7_MSX",1,NA,"Negative",FALSE,0,0
4,"G04","HEX","Unkn-07",NA,0,0,"MSX","G1_CviMVP_PlDNA_8_SG.sharedLotterhosPuritz_3018_0816a7c7","CviMVP_30054","CS_DB_NJ_2022-9-21",22,"G1_CviMVP_PlDNA_8_SG.sharedLotterhosPuritz_3018_0816a7c7","4_G1_CviMVP_PlDNA_8_SG.sharedLotterhosPuritz_3018_0816a7c7_MSX",2,NA,"Negative",FALSE,0,0
4,"G05","HEX","Unkn-15",24.99,24.84,2e-05,"MSX","G2_CviMVP_PlDNA_8_SG_1987_51f2e064","CviMVP_12980","FFJ_CF_NC_2023-7-19",20,"G2_CviMVP_PlDNA_8_SG_1987_51f2e064","4_G2_CviMVP_PlDNA_8_SG_1987_51f2e064_MSX",1,0.299999999999997,"Positive",FALSE,7810.534,2
4,"G06","HEX","Unkn-15",24.69,24.84,2e-05,"MSX","G2_CviMVP_PlDNA_8_SG_1987_51f2e064","CviMVP_12980","FFJ_CF_NC_2023-7-19",20,"G2_CviMVP_PlDNA_8_SG_1987_51f2e064","4_G2_CviMVP_PlDNA_8_SG_1987_51f2e064_MSX",2,0.299999999999997,"Positive",FALSE,7810.534,2
4,"G07","HEX","Unkn-23",NA,0,0,"MSX","G3_CviMVP_PlDNA_8_SG_1870_e23dc377","CviMVP_12634","DC_DR_ME_2022-10-25",22,"G3_CviMVP_PlDNA_8_SG_1870_e23dc377","4_G3_CviMVP_PlDNA_8_SG_1870_e23dc377_MSX",1,NA,"Inconclusive",TRUE,0,0
4,"G08","HEX","Unkn-23",39.88,39.88,0,"MSX","G3_CviMVP_PlDNA_8_SG_1870_e23dc377","CviMVP_12634","DC_DR_ME_2022-10-25",22,"G3_CviMVP_PlDNA_8_SG_1870_e23dc377","4_G3_CviMVP_PlDNA_8_SG_1870_e23dc377_MSX",2,NA,"Inconclusive",TRUE,0,0
4,"G09","HEX","Unkn-31",35.92,35.89,0,"MSX","G4_CviMVP_PlDNA_8_SG_1940_aa240ac0","CviMVP_12839","UNCW_MS_NC_2023-7-17",21,"G4_CviMVP_PlDNA_8_SG_1940_aa240ac0","4_G4_CviMVP_PlDNA_8_SG_1940_aa240ac0_MSX",1,0.0500000000000043,"Positive",FALSE,0,0
4,"G10","HEX","Unkn-31",35.87,35.89,0,"MSX","G4_CviMVP_PlDNA_8_SG_1940_aa240ac0","CviMVP_12839","UNCW_MS_NC_2023-7-17",21,"G4_CviMVP_PlDNA_8_SG_1940_aa240ac0","4_G4_CviMVP_PlDNA_8_SG_1940_aa240ac0_MSX",2,0.0500000000000043,"Positive",FALSE,0,0
4,"H03","HEX","Unkn-08",31.78,32.21,0,"MSX","H1_CviMVP_PlDNA_8_SG_1946_c72e69f0","CviMVP_12857","UNCW_MS_NC_2023-7-17",20,"H1_CviMVP_PlDNA_8_SG_1946_c72e69f0","4_H1_CviMVP_PlDNA_8_SG_1946_c72e69f0_MSX",1,0.850000000000001,"Positive",FALSE,0,0
4,"H04","HEX","Unkn-08",32.63,32.21,0,"MSX","H1_CviMVP_PlDNA_8_SG_1946_c72e69f0","CviMVP_12857","UNCW_MS_NC_2023-7-17",20,"H1_CviMVP_PlDNA_8_SG_1946_c72e69f0","4_H1_CviMVP_PlDNA_8_SG_1946_c72e69f0_MSX",2,0.850000000000001,"Positive",FALSE,0,0
4,"H05","HEX","Unkn-16",34.38,34.51,0,"MSX","H2_CviMVP_PlDNA_8_SG_1817_40830da8","CviMVP_12482","PrEdIs_CN_A_2022-10-18",20,"H2_CviMVP_PlDNA_8_SG_1817_40830da8","4_H2_CviMVP_PlDNA_8_SG_1817_40830da8_MSX",1,0.259999999999998,"Positive",FALSE,0,0
4,"H06","HEX","Unkn-16",34.64,34.51,0,"MSX","H2_CviMVP_PlDNA_8_SG_1817_40830da8","CviMVP_12482","PrEdIs_CN_A_2022-10-18",20,"H2_CviMVP_PlDNA_8_SG_1817_40830da8","4_H2_CviMVP_PlDNA_8_SG_1817_40830da8_MSX",2,0.259999999999998,"Positive",FALSE,0,0
4,"H07","HEX","Unkn-24",38.26,37.84,0,"MSX","H3_CviMVP_PlDNA_8_SG_1590_6ac21255","CviMVP_11811","KP_FGR_FL_2022-8-23",20,"H3_CviMVP_PlDNA_8_SG_1590_6ac21255","4_H3_CviMVP_PlDNA_8_SG_1590_6ac21255_MSX",1,0.829999999999998,"Positive",FALSE,0,0
4,"H08","HEX","Unkn-24",37.43,37.84,0,"MSX","H3_CviMVP_PlDNA_8_SG_1590_6ac21255","CviMVP_11811","KP_FGR_FL_2022-8-23",20,"H3_CviMVP_PlDNA_8_SG_1590_6ac21255","4_H3_CviMVP_PlDNA_8_SG_1590_6ac21255_MSX",2,0.829999999999998,"Positive",FALSE,0,0
4,"H09","HEX","Unkn-32",34.38,34.34,0,"MSX","H4_CviMVP_PlDNA_8_SG_1978_d8d8fcac","CviMVP_12953","FFJ_CF_NC_2023-7-19",22,"H4_CviMVP_PlDNA_8_SG_1978_d8d8fcac","4_H4_CviMVP_PlDNA_8_SG_1978_d8d8fcac_MSX",1,0.0800000000000054,"Positive",FALSE,0,0
4,"H10","HEX","Unkn-32",34.3,34.34,0,"MSX","H4_CviMVP_PlDNA_8_SG_1978_d8d8fcac","CviMVP_12953","FFJ_CF_NC_2023-7-19",22,"H4_CviMVP_PlDNA_8_SG_1978_d8d8fcac","4_H4_CviMVP_PlDNA_8_SG_1978_d8d8fcac_MSX",2,0.0800000000000054,"Positive",FALSE,0,0
5,"A03","FAM","Unkn-01",NA,0,0,"Dermo","A6_CviMVP_PlDNA_8_SG.sharedLotterhosPuritz_1841_a851fd66","CviMVP_12547","LCP_UP_MD_2022-10-20",21,"A6_CviMVP_PlDNA_8_SG.sharedLotterhosPuritz_1841_a851fd66","5_A6_CviMVP_PlDNA_8_SG.sharedLotterhosPuritz_1841_a851fd66_Dermo",1,NA,"Negative",FALSE,0,0
5,"A04","FAM","Unkn-01",NA,0,0,"Dermo","A6_CviMVP_PlDNA_8_SG.sharedLotterhosPuritz_1841_a851fd66","CviMVP_12547","LCP_UP_MD_2022-10-20",21,"A6_CviMVP_PlDNA_8_SG.sharedLotterhosPuritz_1841_a851fd66","5_A6_CviMVP_PlDNA_8_SG.sharedLotterhosPuritz_1841_a851fd66_Dermo",2,NA,"Negative",FALSE,0,0
5,"A05","FAM","Unkn-09",28.77,28.59,0,"Dermo","A7_CviMVP_PlDNA_8_SG_1974_61233be3","CviMVP_12941","FFJ_CF_NC_2023-7-19",18,"A7_CviMVP_PlDNA_8_SG_1974_61233be3","5_A7_CviMVP_PlDNA_8_SG_1974_61233be3_Dermo",1,0.359999999999999,"Positive",FALSE,0,0
5,"A06","FAM","Unkn-09",28.41,28.59,0,"Dermo","A7_CviMVP_PlDNA_8_SG_1974_61233be3","CviMVP_12941","FFJ_CF_NC_2023-7-19",18,"A7_CviMVP_PlDNA_8_SG_1974_61233be3","5_A7_CviMVP_PlDNA_8_SG_1974_61233be3_Dermo",2,0.359999999999999,"Positive",FALSE,0,0
5,"A07","FAM","Unkn-17",NA,0,0,"Dermo","A8_CviMVP_PlDNA_8_SG_1961_5fb604b5","CviMVP_12902","FFJ_CF_NC_2023-7-19",22,"A8_CviMVP_PlDNA_8_SG_1961_5fb604b5","5_A8_CviMVP_PlDNA_8_SG_1961_5fb604b5_Dermo",1,NA,"Negative",FALSE,0,0
5,"A08","FAM","Unkn-17",NA,0,0,"Dermo","A8_CviMVP_PlDNA_8_SG_1961_5fb604b5","CviMVP_12902","FFJ_CF_NC_2023-7-19",22,"A8_CviMVP_PlDNA_8_SG_1961_5fb604b5","5_A8_CviMVP_PlDNA_8_SG_1961_5fb604b5_Dermo",2,NA,"Negative",FALSE,0,0
5,"A09","FAM","Unkn-25",19.03,18.61,0.00051,"Dermo","A9_CviMVP_PlDNA_8_SG_1412_25359cc5","CviMVP_11293","GriceCove_SC_2022-8-10",20,"A9_CviMVP_PlDNA_8_SG_1412_25359cc5","5_A9_CviMVP_PlDNA_8_SG_1412_25359cc5_Dermo",1,0.830000000000002,"Positive",FALSE,177823.638,3
5,"A10","FAM","Unkn-25",18.2,18.61,0.00051,"Dermo","A9_CviMVP_PlDNA_8_SG_1412_25359cc5","CviMVP_11293","GriceCove_SC_2022-8-10",20,"A9_CviMVP_PlDNA_8_SG_1412_25359cc5","5_A9_CviMVP_PlDNA_8_SG_1412_25359cc5_Dermo",2,0.830000000000002,"Positive",FALSE,177823.638,3
5,"B03","FAM","Unkn-02",34.08,34.25,0,"Dermo","B6_CviMVP_PlDNA_8_SG_1300_44ce9ee3","CviMVP_10972","Sapelo_Is_GA_2022-7-17",21,"B6_CviMVP_PlDNA_8_SG_1300_44ce9ee3","5_B6_CviMVP_PlDNA_8_SG_1300_44ce9ee3_Dermo",1,0.340000000000003,"Positive",FALSE,0,0
5,"B04","FAM","Unkn-02",34.42,34.25,0,"Dermo","B6_CviMVP_PlDNA_8_SG_1300_44ce9ee3","CviMVP_10972","Sapelo_Is_GA_2022-7-17",21,"B6_CviMVP_PlDNA_8_SG_1300_44ce9ee3","5_B6_CviMVP_PlDNA_8_SG_1300_44ce9ee3_Dermo",2,0.340000000000003,"Positive",FALSE,0,0
5,"B05","FAM","Unkn-10",28.02,27.85,0,"Dermo","B7_CviMVP_PlDNA_8_SG_1614_19a95902","CviMVP_11882","SawIs_MA_2022-9-5",20,"B7_CviMVP_PlDNA_8_SG_1614_19a95902","5_B7_CviMVP_PlDNA_8_SG_1614_19a95902_Dermo",1,0.349999999999998,"Positive",FALSE,0,0
5,"B06","FAM","Unkn-10",27.67,27.85,0,"Dermo","B7_CviMVP_PlDNA_8_SG_1614_19a95902","CviMVP_11882","SawIs_MA_2022-9-5",20,"B7_CviMVP_PlDNA_8_SG_1614_19a95902","5_B7_CviMVP_PlDNA_8_SG_1614_19a95902_Dermo",2,0.349999999999998,"Positive",FALSE,0,0
5,"B07","FAM","Unkn-18",34.71,33.95,0,"Dermo","B8_CviMVP_PlDNA_8_SG_1543_2be99652","CviMVP_11677","CPR_MS_AL_2022-8-24",21,"B8_CviMVP_PlDNA_8_SG_1543_2be99652","5_B8_CviMVP_PlDNA_8_SG_1543_2be99652_Dermo",1,1.52,"Positive",FALSE,0,0
5,"B08","FAM","Unkn-18",33.19,33.95,0,"Dermo","B8_CviMVP_PlDNA_8_SG_1543_2be99652","CviMVP_11677","CPR_MS_AL_2022-8-24",21,"B8_CviMVP_PlDNA_8_SG_1543_2be99652","5_B8_CviMVP_PlDNA_8_SG_1543_2be99652_Dermo",2,1.52,"Positive",FALSE,0,0
5,"B09","FAM","Unkn-26",34.4,34.6,0,"Dermo","B9_CviMVP_PlDNA_8_SG_1956_2c578cb3","CviMVP_12887","UNCW_MS_NC_2023-7-17",20,"B9_CviMVP_PlDNA_8_SG_1956_2c578cb3","5_B9_CviMVP_PlDNA_8_SG_1956_2c578cb3_Dermo",1,0.399999999999999,"Positive",FALSE,0,0
5,"B10","FAM","Unkn-26",34.8,34.6,0,"Dermo","B9_CviMVP_PlDNA_8_SG_1956_2c578cb3","CviMVP_12887","UNCW_MS_NC_2023-7-17",20,"B9_CviMVP_PlDNA_8_SG_1956_2c578cb3","5_B9_CviMVP_PlDNA_8_SG_1956_2c578cb3_Dermo",2,0.399999999999999,"Positive",FALSE,0,0
5,"B11","FAM","Unkn-33",NA,0,0,"Dermo","F5_CviMVP_PlDNA_8_SG_1685_5ab3f690","CviMVP_12093","EelLake_Canada_2022-9-27",21,"F5_CviMVP_PlDNA_8_SG_1685_5ab3f690","5_F5_CviMVP_PlDNA_8_SG_1685_5ab3f690_Dermo",1,NA,"Negative",FALSE,0,0
5,"B12","FAM","Unkn-33",NA,0,0,"Dermo","F5_CviMVP_PlDNA_8_SG_1685_5ab3f690","CviMVP_12093","EelLake_Canada_2022-9-27",21,"F5_CviMVP_PlDNA_8_SG_1685_5ab3f690","5_F5_CviMVP_PlDNA_8_SG_1685_5ab3f690_Dermo",2,NA,"Negative",FALSE,0,0
5,"C03","FAM","Unkn-03",24.88,24.51,1e-05,"Dermo","C6_CviMVP_PlDNA_8_SG.sharedLotterhosPuritz_1727_ae5c9174","CviMVP_12214","WS_CB_VA_2022-10-7",21,"C6_CviMVP_PlDNA_8_SG.sharedLotterhosPuritz_1727_ae5c9174","5_C6_CviMVP_PlDNA_8_SG.sharedLotterhosPuritz_1727_ae5c9174_Dermo",1,0.75,"Positive",FALSE,3320.70285714286,2
5,"C04","FAM","Unkn-03",24.13,24.51,1e-05,"Dermo","C6_CviMVP_PlDNA_8_SG.sharedLotterhosPuritz_1727_ae5c9174","CviMVP_12214","WS_CB_VA_2022-10-7",21,"C6_CviMVP_PlDNA_8_SG.sharedLotterhosPuritz_1727_ae5c9174","5_C6_CviMVP_PlDNA_8_SG.sharedLotterhosPuritz_1727_ae5c9174_Dermo",2,0.75,"Positive",FALSE,3320.70285714286,2
5,"C05","FAM","Unkn-11",38.18,37.85,0,"Dermo","C7_CviMVP_PlDNA_8_SG_1192_0fe6e60e","CviMVP_10664","Culch_Ba_LA_2022-6-21",21,"C7_CviMVP_PlDNA_8_SG_1192_0fe6e60e","5_C7_CviMVP_PlDNA_8_SG_1192_0fe6e60e_Dermo",1,0.659999999999997,"Positive",FALSE,0,0
5,"C06","FAM","Unkn-11",37.52,37.85,0,"Dermo","C7_CviMVP_PlDNA_8_SG_1192_0fe6e60e","CviMVP_10664","Culch_Ba_LA_2022-6-21",21,"C7_CviMVP_PlDNA_8_SG_1192_0fe6e60e","5_C7_CviMVP_PlDNA_8_SG_1192_0fe6e60e_Dermo",2,0.659999999999997,"Positive",FALSE,0,0
5,"C07","FAM","Unkn-19",25.66,25.17,1e-05,"Dermo","C8_CviMVP_PlDNA_8_SG_1932_20da4fab","CviMVP_12815","UNCW_MS_NC_2023-7-17",20,"C8_CviMVP_PlDNA_8_SG_1932_20da4fab","5_C8_CviMVP_PlDNA_8_SG_1932_20da4fab_Dermo",1,0.969999999999999,"Positive",FALSE,3486.738,2
5,"C08","FAM","Unkn-19",24.69,25.17,1e-05,"Dermo","C8_CviMVP_PlDNA_8_SG_1932_20da4fab","CviMVP_12815","UNCW_MS_NC_2023-7-17",20,"C8_CviMVP_PlDNA_8_SG_1932_20da4fab","5_C8_CviMVP_PlDNA_8_SG_1932_20da4fab_Dermo",2,0.969999999999999,"Positive",FALSE,3486.738,2
5,"C09","FAM","Unkn-27",32.46,32.69,0,"Dermo","C9_CviMVP_PlDNA_8_SG_1388_408449ca","CviMVP_11231","Sister_Lk_LA_2022-8-9",20,"C9_CviMVP_PlDNA_8_SG_1388_408449ca","5_C9_CviMVP_PlDNA_8_SG_1388_408449ca_Dermo",1,0.449999999999996,"Positive",FALSE,0,0
5,"C10","FAM","Unkn-27",32.91,32.69,0,"Dermo","C9_CviMVP_PlDNA_8_SG_1388_408449ca","CviMVP_11231","Sister_Lk_LA_2022-8-9",20,"C9_CviMVP_PlDNA_8_SG_1388_408449ca","5_C9_CviMVP_PlDNA_8_SG_1388_408449ca_Dermo",2,0.449999999999996,"Positive",FALSE,0,0
5,"C11","FAM","Unkn-34",22.26,22.5,4e-05,"Dermo","G5_CviMVP_PlDNA_8_SG_1929_f5d9f828","CviMVP_12806","UNCW_MS_NC_2023-7-17",22,"G5_CviMVP_PlDNA_8_SG_1929_f5d9f828","5_G5_CviMVP_PlDNA_8_SG_1929_f5d9f828_Dermo",1,0.489999999999998,"Positive",FALSE,12679.0472727273,3
5,"C12","FAM","Unkn-34",22.75,22.5,4e-05,"Dermo","G5_CviMVP_PlDNA_8_SG_1929_f5d9f828","CviMVP_12806","UNCW_MS_NC_2023-7-17",22,"G5_CviMVP_PlDNA_8_SG_1929_f5d9f828","5_G5_CviMVP_PlDNA_8_SG_1929_f5d9f828_Dermo",2,0.489999999999998,"Positive",FALSE,12679.0472727273,3
5,"D03","FAM","Unkn-04",26.28,25.61,1e-05,"Dermo","D6_CviMVP_PlDNA_8_SG_1985_db2b8025","CviMVP_12974","FFJ_CF_NC_2023-7-19",24,"D6_CviMVP_PlDNA_8_SG_1985_db2b8025","5_D6_CviMVP_PlDNA_8_SG_1985_db2b8025_Dermo",1,1.34,"Positive",FALSE,2905.615,2
5,"D04","FAM","Unkn-04",24.94,25.61,1e-05,"Dermo","D6_CviMVP_PlDNA_8_SG_1985_db2b8025","CviMVP_12974","FFJ_CF_NC_2023-7-19",24,"D6_CviMVP_PlDNA_8_SG_1985_db2b8025","5_D6_CviMVP_PlDNA_8_SG_1985_db2b8025_Dermo",2,1.34,"Positive",FALSE,2905.615,2
5,"D05","FAM","Unkn-12",24.18,24.01,2e-05,"Dermo","D7_CviMVP_PlDNA_8_SG.sharedLotterhosPuritz_1501_f7ccf56f","CviMVP_11552","NR_NB_RI_2022-8-19",20,"D7_CviMVP_PlDNA_8_SG.sharedLotterhosPuritz_1501_f7ccf56f","5_D7_CviMVP_PlDNA_8_SG.sharedLotterhosPuritz_1501_f7ccf56f_Dermo",1,0.350000000000001,"Positive",FALSE,6973.476,2
5,"D06","FAM","Unkn-12",23.83,24.01,2e-05,"Dermo","D7_CviMVP_PlDNA_8_SG.sharedLotterhosPuritz_1501_f7ccf56f","CviMVP_11552","NR_NB_RI_2022-8-19",20,"D7_CviMVP_PlDNA_8_SG.sharedLotterhosPuritz_1501_f7ccf56f","5_D7_CviMVP_PlDNA_8_SG.sharedLotterhosPuritz_1501_f7ccf56f_Dermo",2,0.350000000000001,"Positive",FALSE,6973.476,2
5,"D07","FAM","Unkn-20",NA,0,0,"Dermo","D8_CviMVP_PlDNA_8_SG_1349_2d6f6e87","CviMVP_11115","Nickle_Rf_LA_2022-8-1",20,"D8_CviMVP_PlDNA_8_SG_1349_2d6f6e87","5_D8_CviMVP_PlDNA_8_SG_1349_2d6f6e87_Dermo",1,NA,"Negative",FALSE,0,0
5,"D08","FAM","Unkn-20",NA,0,0,"Dermo","D8_CviMVP_PlDNA_8_SG_1349_2d6f6e87","CviMVP_11115","Nickle_Rf_LA_2022-8-1",20,"D8_CviMVP_PlDNA_8_SG_1349_2d6f6e87","5_D8_CviMVP_PlDNA_8_SG_1349_2d6f6e87_Dermo",2,NA,"Negative",FALSE,0,0
5,"D09","FAM","Unkn-28",NA,0,0,"Dermo","D9_CviMVP_PlDNA_8_SG_1364_c3cc12f7","CviMVP_11160","Nickle_Rf_LA_2022-8-1",19,"D9_CviMVP_PlDNA_8_SG_1364_c3cc12f7","5_D9_CviMVP_PlDNA_8_SG_1364_c3cc12f7_Dermo",1,NA,"Negative",FALSE,0,0
5,"D10","FAM","Unkn-28",NA,0,0,"Dermo","D9_CviMVP_PlDNA_8_SG_1364_c3cc12f7","CviMVP_11160","Nickle_Rf_LA_2022-8-1",19,"D9_CviMVP_PlDNA_8_SG_1364_c3cc12f7","5_D9_CviMVP_PlDNA_8_SG_1364_c3cc12f7_Dermo",2,NA,"Negative",FALSE,0,0
5,"D11","FAM","Unkn-35",18.71,18.66,0.00048,"Dermo","H5_CviMVP_PlDNA_8_SG_1462_7035a568","CviMVP_11437","SR_GB_NH_2022-8-12",20,"H5_CviMVP_PlDNA_8_SG_1462_7035a568","5_H5_CviMVP_PlDNA_8_SG_1462_7035a568_Dermo",1,0.0899999999999999,"Positive",FALSE,167363.424,3
5,"D12","FAM","Unkn-35",18.62,18.66,0.00048,"Dermo","H5_CviMVP_PlDNA_8_SG_1462_7035a568","CviMVP_11437","SR_GB_NH_2022-8-12",20,"H5_CviMVP_PlDNA_8_SG_1462_7035a568","5_H5_CviMVP_PlDNA_8_SG_1462_7035a568_Dermo",2,0.0899999999999999,"Positive",FALSE,167363.424,3
5,"E03","FAM","Unkn-05",NA,0,0,"Dermo","E6_CviMVP_PlDNA_8_SG_1945_47841aa2","CviMVP_12854","UNCW_MS_NC_2023-7-17",22,"E6_CviMVP_PlDNA_8_SG_1945_47841aa2","5_E6_CviMVP_PlDNA_8_SG_1945_47841aa2_Dermo",1,NA,"Negative",FALSE,0,0
5,"E04","FAM","Unkn-05",NA,0,0,"Dermo","E6_CviMVP_PlDNA_8_SG_1945_47841aa2","CviMVP_12854","UNCW_MS_NC_2023-7-17",22,"E6_CviMVP_PlDNA_8_SG_1945_47841aa2","5_E6_CviMVP_PlDNA_8_SG_1945_47841aa2_Dermo",2,NA,"Negative",FALSE,0,0
5,"E05","FAM","Unkn-13",35.97,35.71,0,"Dermo","E7_CviMVP_PlDNA_8_SG_1251_5c726cbb","CviMVP_10833","CC_VA_2022-7-11",20,"E7_CviMVP_PlDNA_8_SG_1251_5c726cbb","5_E7_CviMVP_PlDNA_8_SG_1251_5c726cbb_Dermo",1,0.519999999999996,"Positive",FALSE,0,0
5,"E06","FAM","Unkn-13",35.45,35.71,0,"Dermo","E7_CviMVP_PlDNA_8_SG_1251_5c726cbb","CviMVP_10833","CC_VA_2022-7-11",20,"E7_CviMVP_PlDNA_8_SG_1251_5c726cbb","5_E7_CviMVP_PlDNA_8_SG_1251_5c726cbb_Dermo",2,0.519999999999996,"Positive",FALSE,0,0
5,"E07","FAM","Unkn-21",20.09,20.05,2e-04,"Dermo",NA,NA,NA,20,"row_43","5_row_43_Dermo",1,NA,"Inconclusive",TRUE,69734.76,0
5,"E08","FAM","Unkn-21",20.01,20.05,2e-04,"Dermo",NA,NA,NA,20,"row_44","5_row_44_Dermo",1,NA,"Inconclusive",TRUE,69734.76,0
5,"E09","FAM","Unkn-29",26.05,25.93,0,"Dermo","E9_CviMVP_PlDNA_8_SG_1290_0146de7c","CviMVP_10943","Sapelo_Is_GA_2022-7-17",19,"E9_CviMVP_PlDNA_8_SG_1290_0146de7c","5_E9_CviMVP_PlDNA_8_SG_1290_0146de7c_Dermo",1,0.25,"Positive",FALSE,0,0
5,"E10","FAM","Unkn-29",25.8,25.93,0,"Dermo","E9_CviMVP_PlDNA_8_SG_1290_0146de7c","CviMVP_10943","Sapelo_Is_GA_2022-7-17",19,"E9_CviMVP_PlDNA_8_SG_1290_0146de7c","5_E9_CviMVP_PlDNA_8_SG_1290_0146de7c_Dermo",2,0.25,"Positive",FALSE,0,0
5,"E11","FAM","Unkn-36",21,20.8,0.00012,"Dermo","F7_CviMVP_PlDNA_8_SG_1966_f8c004b4","CviMVP_12917","FFJ_CF_NC_2023-7-19",19,"F7_CviMVP_PlDNA_8_SG_1966_f8c004b4","5_F7_CviMVP_PlDNA_8_SG_1966_f8c004b4_Dermo",1,4.23,"Inconclusive",TRUE,44043.0063157895,0
5,"E12","FAM","Unkn-36",20.61,20.8,0.00012,"Dermo","F7_CviMVP_PlDNA_8_SG_1966_f8c004b4","CviMVP_12917","FFJ_CF_NC_2023-7-19",19,"F7_CviMVP_PlDNA_8_SG_1966_f8c004b4","5_F7_CviMVP_PlDNA_8_SG_1966_f8c004b4_Dermo",2,4.23,"Inconclusive",TRUE,44043.0063157895,0
5,"F03","FAM","Unkn-06",24.03,23.81,2e-05,"Dermo","F6_CviMVP_PlDNA_8_SG_1942_7d9bec89","CviMVP_12845","UNCW_MS_NC_2023-7-17",20,"F6_CviMVP_PlDNA_8_SG_1942_7d9bec89","5_F6_CviMVP_PlDNA_8_SG_1942_7d9bec89_Dermo",1,0.450000000000003,"Positive",FALSE,6973.476,2
5,"F04","FAM","Unkn-06",23.58,23.81,2e-05,"Dermo","F6_CviMVP_PlDNA_8_SG_1942_7d9bec89","CviMVP_12845","UNCW_MS_NC_2023-7-17",20,"F6_CviMVP_PlDNA_8_SG_1942_7d9bec89","5_F6_CviMVP_PlDNA_8_SG_1942_7d9bec89_Dermo",2,0.450000000000003,"Positive",FALSE,6973.476,2
5,"F05","FAM","Unkn-14",24.84,24.83,1e-05,"Dermo","F7_CviMVP_PlDNA_8_SG_1966_f8c004b4","CviMVP_12917","FFJ_CF_NC_2023-7-19",19,"F7_CviMVP_PlDNA_8_SG_1966_f8c004b4","5_F7_CviMVP_PlDNA_8_SG_1966_f8c004b4_Dermo",3,4.23,"Inconclusive",TRUE,3670.25052631579,0
5,"F06","FAM","Unkn-14",24.82,24.83,1e-05,"Dermo","F7_CviMVP_PlDNA_8_SG_1966_f8c004b4","CviMVP_12917","FFJ_CF_NC_2023-7-19",19,"F7_CviMVP_PlDNA_8_SG_1966_f8c004b4","5_F7_CviMVP_PlDNA_8_SG_1966_f8c004b4_Dermo",4,4.23,"Inconclusive",TRUE,3670.25052631579,0
5,"F07","FAM","Unkn-22",28.53,28.36,0,"Dermo","F8_CviMVP_PlDNA_8_SG_1132_c78437b2","CviMVP_10510","FP_Sav_GA_2022-6-10",22,"F8_CviMVP_PlDNA_8_SG_1132_c78437b2","5_F8_CviMVP_PlDNA_8_SG_1132_c78437b2_Dermo",1,0.330000000000002,"Positive",FALSE,0,0
5,"F08","FAM","Unkn-22",28.2,28.36,0,"Dermo","F8_CviMVP_PlDNA_8_SG_1132_c78437b2","CviMVP_10510","FP_Sav_GA_2022-6-10",22,"F8_CviMVP_PlDNA_8_SG_1132_c78437b2","5_F8_CviMVP_PlDNA_8_SG_1132_c78437b2_Dermo",2,0.330000000000002,"Positive",FALSE,0,0
5,"F09","FAM","Unkn-30",24.9,24.8,1e-05,"Dermo","F9_CviMVP_PlDNA_8_SG.sharedLotterhosPuritz_1500_66a95736","CviMVP_11549","NR_NB_RI_2022-8-19",20,"F9_CviMVP_PlDNA_8_SG.sharedLotterhosPuritz_1500_66a95736","5_F9_CviMVP_PlDNA_8_SG.sharedLotterhosPuritz_1500_66a95736_Dermo",1,0.199999999999999,"Positive",FALSE,3486.738,2
5,"F10","FAM","Unkn-30",24.7,24.8,1e-05,"Dermo","F9_CviMVP_PlDNA_8_SG.sharedLotterhosPuritz_1500_66a95736","CviMVP_11549","NR_NB_RI_2022-8-19",20,"F9_CviMVP_PlDNA_8_SG.sharedLotterhosPuritz_1500_66a95736","5_F9_CviMVP_PlDNA_8_SG.sharedLotterhosPuritz_1500_66a95736_Dermo",2,0.199999999999999,"Positive",FALSE,3486.738,2
5,"F11","FAM","Unkn-37",19.6,19.66,0.00025,"Dermo",NA,NA,NA,20,"row_57","5_row_57_Dermo",1,NA,"Inconclusive",TRUE,87168.45,0
5,"F12","FAM","Unkn-37",19.72,19.66,0.00025,"Dermo",NA,NA,NA,20,"row_58","5_row_58_Dermo",1,NA,"Inconclusive",TRUE,87168.45,0
5,"G03","FAM","Unkn-07",37.61,38.1,0,"Dermo","G6_CviMVP_PlDNA_8_SG_1683_f7d0048b","CviMVP_12090","EelLake_Canada_2022-9-27",21,"G6_CviMVP_PlDNA_8_SG_1683_f7d0048b","5_G6_CviMVP_PlDNA_8_SG_1683_f7d0048b_Dermo",1,0.990000000000002,"Positive",FALSE,0,0
5,"G04","FAM","Unkn-07",38.6,38.1,0,"Dermo","G6_CviMVP_PlDNA_8_SG_1683_f7d0048b","CviMVP_12090","EelLake_Canada_2022-9-27",21,"G6_CviMVP_PlDNA_8_SG_1683_f7d0048b","5_G6_CviMVP_PlDNA_8_SG_1683_f7d0048b_Dermo",2,0.990000000000002,"Positive",FALSE,0,0
5,"G05","FAM","Unkn-15",28.01,28.12,0,"Dermo",NA,NA,NA,20,"row_61","5_row_61_Dermo",1,NA,"Inconclusive",TRUE,0,0
5,"G06","FAM","Unkn-15",28.24,28.12,0,"Dermo",NA,NA,NA,20,"row_62","5_row_62_Dermo",1,NA,"Inconclusive",TRUE,0,0
5,"G07","FAM","Unkn-23",NA,0,0,"Dermo","G8_CviMVP_PlDNA_8_SG_1567_d4e8b574","CviMVP_11749","CPR_MS_AL_2022-8-24",20,"G8_CviMVP_PlDNA_8_SG_1567_d4e8b574","5_G8_CviMVP_PlDNA_8_SG_1567_d4e8b574_Dermo",1,NA,"Negative",FALSE,0,0
5,"G08","FAM","Unkn-23",NA,0,0,"Dermo","G8_CviMVP_PlDNA_8_SG_1567_d4e8b574","CviMVP_11749","CPR_MS_AL_2022-8-24",20,"G8_CviMVP_PlDNA_8_SG_1567_d4e8b574","5_G8_CviMVP_PlDNA_8_SG_1567_d4e8b574_Dermo",2,NA,"Negative",FALSE,0,0
5,"G09","FAM","Unkn-31",22.85,22.78,3e-05,"Dermo","G9_CviMVP_PlDNA_8_SG_1327_ed207175","CviMVP_11050","Mer_GA_2022-7-26",20,"G9_CviMVP_PlDNA_8_SG_1327_ed207175","5_G9_CviMVP_PlDNA_8_SG_1327_ed207175_Dermo",1,0.140000000000001,"Positive",FALSE,10460.214,3
5,"G10","FAM","Unkn-31",22.71,22.78,3e-05,"Dermo","G9_CviMVP_PlDNA_8_SG_1327_ed207175","CviMVP_11050","Mer_GA_2022-7-26",20,"G9_CviMVP_PlDNA_8_SG_1327_ed207175","5_G9_CviMVP_PlDNA_8_SG_1327_ed207175_Dermo",2,0.140000000000001,"Positive",FALSE,10460.214,3
5,"H03","FAM","Unkn-08",34.25,34.35,0,"Dermo","H6_CviMVP_PlDNA_8_SG_1399_2a0af914","CviMVP_11264","Sister_Lk_LA_2022-8-9",22,"H6_CviMVP_PlDNA_8_SG_1399_2a0af914","5_H6_CviMVP_PlDNA_8_SG_1399_2a0af914_Dermo",1,0.200000000000003,"Positive",FALSE,0,0
5,"H04","FAM","Unkn-08",34.45,34.35,0,"Dermo","H6_CviMVP_PlDNA_8_SG_1399_2a0af914","CviMVP_11264","Sister_Lk_LA_2022-8-9",22,"H6_CviMVP_PlDNA_8_SG_1399_2a0af914","5_H6_CviMVP_PlDNA_8_SG_1399_2a0af914_Dermo",2,0.200000000000003,"Positive",FALSE,0,0
5,"H05","FAM","Unkn-16",24.38,24.26,1e-05,"Dermo","H7_CviMVP_PlDNA_8_SG.sharedLotterhosPuritz_1721_65316746","CviMVP_12196","WS_CB_VA_2022-10-7",19,"H7_CviMVP_PlDNA_8_SG.sharedLotterhosPuritz_1721_65316746","5_H7_CviMVP_PlDNA_8_SG.sharedLotterhosPuritz_1721_65316746_Dermo",1,0.23,"Positive",FALSE,3670.25052631579,2
5,"H06","FAM","Unkn-16",24.15,24.26,1e-05,"Dermo","H7_CviMVP_PlDNA_8_SG.sharedLotterhosPuritz_1721_65316746","CviMVP_12196","WS_CB_VA_2022-10-7",19,"H7_CviMVP_PlDNA_8_SG.sharedLotterhosPuritz_1721_65316746","5_H7_CviMVP_PlDNA_8_SG.sharedLotterhosPuritz_1721_65316746_Dermo",2,0.23,"Positive",FALSE,3670.25052631579,2
5,"H07","FAM","Unkn-24",28.87,28.84,0,"Dermo","H8_CviMVP_PlDNA_8_SG_1717_4c543071","CviMVP_12184","SaLa_GA_2022-10-5",20,"H8_CviMVP_PlDNA_8_SG_1717_4c543071","5_H8_CviMVP_PlDNA_8_SG_1717_4c543071_Dermo",1,0.0600000000000023,"Positive",FALSE,0,0
5,"H08","FAM","Unkn-24",28.81,28.84,0,"Dermo","H8_CviMVP_PlDNA_8_SG_1717_4c543071","CviMVP_12184","SaLa_GA_2022-10-5",20,"H8_CviMVP_PlDNA_8_SG_1717_4c543071","5_H8_CviMVP_PlDNA_8_SG_1717_4c543071_Dermo",2,0.0600000000000023,"Positive",FALSE,0,0
5,"H09","FAM","Unkn-32",27.13,26.9,0,"Dermo","H9_CviMVP_PlDNA_8_SG_1973_6e1dd4a0","CviMVP_12938","FFJ_CF_NC_2023-7-19",19,"H9_CviMVP_PlDNA_8_SG_1973_6e1dd4a0","5_H9_CviMVP_PlDNA_8_SG_1973_6e1dd4a0_Dermo",1,0.459999999999997,"Positive",FALSE,0,0
5,"H10","FAM","Unkn-32",26.67,26.9,0,"Dermo","H9_CviMVP_PlDNA_8_SG_1973_6e1dd4a0","CviMVP_12938","FFJ_CF_NC_2023-7-19",19,"H9_CviMVP_PlDNA_8_SG_1973_6e1dd4a0","5_H9_CviMVP_PlDNA_8_SG_1973_6e1dd4a0_Dermo",2,0.459999999999997,"Positive",FALSE,0,0
5,"A03","HEX","Unkn-01",NA,0,0,"MSX","A6_CviMVP_PlDNA_8_SG.sharedLotterhosPuritz_1841_a851fd66","CviMVP_12547","LCP_UP_MD_2022-10-20",21,"A6_CviMVP_PlDNA_8_SG.sharedLotterhosPuritz_1841_a851fd66","5_A6_CviMVP_PlDNA_8_SG.sharedLotterhosPuritz_1841_a851fd66_MSX",1,NA,"Negative",FALSE,0,0
5,"A04","HEX","Unkn-01",NA,0,0,"MSX","A6_CviMVP_PlDNA_8_SG.sharedLotterhosPuritz_1841_a851fd66","CviMVP_12547","LCP_UP_MD_2022-10-20",21,"A6_CviMVP_PlDNA_8_SG.sharedLotterhosPuritz_1841_a851fd66","5_A6_CviMVP_PlDNA_8_SG.sharedLotterhosPuritz_1841_a851fd66_MSX",2,NA,"Negative",FALSE,0,0
5,"A05","HEX","Unkn-09",31.28,31.24,0,"MSX","A7_CviMVP_PlDNA_8_SG_1974_61233be3","CviMVP_12941","FFJ_CF_NC_2023-7-19",18,"A7_CviMVP_PlDNA_8_SG_1974_61233be3","5_A7_CviMVP_PlDNA_8_SG_1974_61233be3_MSX",1,0.0899999999999999,"Positive",FALSE,0,0
5,"A06","HEX","Unkn-09",31.19,31.24,0,"MSX","A7_CviMVP_PlDNA_8_SG_1974_61233be3","CviMVP_12941","FFJ_CF_NC_2023-7-19",18,"A7_CviMVP_PlDNA_8_SG_1974_61233be3","5_A7_CviMVP_PlDNA_8_SG_1974_61233be3_MSX",2,0.0899999999999999,"Positive",FALSE,0,0
5,"A07","HEX","Unkn-17",33.62,33.39,0,"MSX","A8_CviMVP_PlDNA_8_SG_1961_5fb604b5","CviMVP_12902","FFJ_CF_NC_2023-7-19",22,"A8_CviMVP_PlDNA_8_SG_1961_5fb604b5","5_A8_CviMVP_PlDNA_8_SG_1961_5fb604b5_MSX",1,0.460000000000001,"Positive",FALSE,0,0
5,"A08","HEX","Unkn-17",33.16,33.39,0,"MSX","A8_CviMVP_PlDNA_8_SG_1961_5fb604b5","CviMVP_12902","FFJ_CF_NC_2023-7-19",22,"A8_CviMVP_PlDNA_8_SG_1961_5fb604b5","5_A8_CviMVP_PlDNA_8_SG_1961_5fb604b5_MSX",2,0.460000000000001,"Positive",FALSE,0,0
5,"A09","HEX","Unkn-25",NA,0,0,"MSX","A9_CviMVP_PlDNA_8_SG_1412_25359cc5","CviMVP_11293","GriceCove_SC_2022-8-10",20,"A9_CviMVP_PlDNA_8_SG_1412_25359cc5","5_A9_CviMVP_PlDNA_8_SG_1412_25359cc5_MSX",1,NA,"Negative",FALSE,0,0
5,"A10","HEX","Unkn-25",NA,0,0,"MSX","A9_CviMVP_PlDNA_8_SG_1412_25359cc5","CviMVP_11293","GriceCove_SC_2022-8-10",20,"A9_CviMVP_PlDNA_8_SG_1412_25359cc5","5_A9_CviMVP_PlDNA_8_SG_1412_25359cc5_MSX",2,NA,"Negative",FALSE,0,0
5,"B03","HEX","Unkn-02",37.24,37.76,0,"MSX","B6_CviMVP_PlDNA_8_SG_1300_44ce9ee3","CviMVP_10972","Sapelo_Is_GA_2022-7-17",21,"B6_CviMVP_PlDNA_8_SG_1300_44ce9ee3","5_B6_CviMVP_PlDNA_8_SG_1300_44ce9ee3_MSX",1,1.03,"Positive",FALSE,0,0
5,"B04","HEX","Unkn-02",38.27,37.76,0,"MSX","B6_CviMVP_PlDNA_8_SG_1300_44ce9ee3","CviMVP_10972","Sapelo_Is_GA_2022-7-17",21,"B6_CviMVP_PlDNA_8_SG_1300_44ce9ee3","5_B6_CviMVP_PlDNA_8_SG_1300_44ce9ee3_MSX",2,1.03,"Positive",FALSE,0,0
5,"B05","HEX","Unkn-10",29.27,29.42,0,"MSX","B7_CviMVP_PlDNA_8_SG_1614_19a95902","CviMVP_11882","SawIs_MA_2022-9-5",20,"B7_CviMVP_PlDNA_8_SG_1614_19a95902","5_B7_CviMVP_PlDNA_8_SG_1614_19a95902_MSX",1,0.300000000000001,"Positive",FALSE,0,0
5,"B06","HEX","Unkn-10",29.57,29.42,0,"MSX","B7_CviMVP_PlDNA_8_SG_1614_19a95902","CviMVP_11882","SawIs_MA_2022-9-5",20,"B7_CviMVP_PlDNA_8_SG_1614_19a95902","5_B7_CviMVP_PlDNA_8_SG_1614_19a95902_MSX",2,0.300000000000001,"Positive",FALSE,0,0
5,"B07","HEX","Unkn-18",NA,0,0,"MSX","B8_CviMVP_PlDNA_8_SG_1543_2be99652","CviMVP_11677","CPR_MS_AL_2022-8-24",21,"B8_CviMVP_PlDNA_8_SG_1543_2be99652","5_B8_CviMVP_PlDNA_8_SG_1543_2be99652_MSX",1,NA,"Negative",FALSE,0,0
5,"B08","HEX","Unkn-18",NA,0,0,"MSX","B8_CviMVP_PlDNA_8_SG_1543_2be99652","CviMVP_11677","CPR_MS_AL_2022-8-24",21,"B8_CviMVP_PlDNA_8_SG_1543_2be99652","5_B8_CviMVP_PlDNA_8_SG_1543_2be99652_MSX",2,NA,"Negative",FALSE,0,0
5,"B09","HEX","Unkn-26",23.56,23.58,1e-05,"MSX","B9_CviMVP_PlDNA_8_SG_1956_2c578cb3","CviMVP_12887","UNCW_MS_NC_2023-7-17",20,"B9_CviMVP_PlDNA_8_SG_1956_2c578cb3","5_B9_CviMVP_PlDNA_8_SG_1956_2c578cb3_MSX",1,0.0400000000000027,"Positive",FALSE,3905.267,2
5,"B10","HEX","Unkn-26",23.6,23.58,1e-05,"MSX","B9_CviMVP_PlDNA_8_SG_1956_2c578cb3","CviMVP_12887","UNCW_MS_NC_2023-7-17",20,"B9_CviMVP_PlDNA_8_SG_1956_2c578cb3","5_B9_CviMVP_PlDNA_8_SG_1956_2c578cb3_MSX",2,0.0400000000000027,"Positive",FALSE,3905.267,2
5,"B11","HEX","Unkn-33",33.2,32.42,0,"MSX","F5_CviMVP_PlDNA_8_SG_1685_5ab3f690","CviMVP_12093","EelLake_Canada_2022-9-27",21,"F5_CviMVP_PlDNA_8_SG_1685_5ab3f690","5_F5_CviMVP_PlDNA_8_SG_1685_5ab3f690_MSX",1,1.56,"Positive",FALSE,0,0
5,"B12","HEX","Unkn-33",31.64,32.42,0,"MSX","F5_CviMVP_PlDNA_8_SG_1685_5ab3f690","CviMVP_12093","EelLake_Canada_2022-9-27",21,"F5_CviMVP_PlDNA_8_SG_1685_5ab3f690","5_F5_CviMVP_PlDNA_8_SG_1685_5ab3f690_MSX",2,1.56,"Positive",FALSE,0,0
5,"C03","HEX","Unkn-03",NA,0,0,"MSX","C6_CviMVP_PlDNA_8_SG.sharedLotterhosPuritz_1727_ae5c9174","CviMVP_12214","WS_CB_VA_2022-10-7",21,"C6_CviMVP_PlDNA_8_SG.sharedLotterhosPuritz_1727_ae5c9174","5_C6_CviMVP_PlDNA_8_SG.sharedLotterhosPuritz_1727_ae5c9174_MSX",1,NA,"Inconclusive",TRUE,0,0
5,"C04","HEX","Unkn-03",36.28,36.28,0,"MSX","C6_CviMVP_PlDNA_8_SG.sharedLotterhosPuritz_1727_ae5c9174","CviMVP_12214","WS_CB_VA_2022-10-7",21,"C6_CviMVP_PlDNA_8_SG.sharedLotterhosPuritz_1727_ae5c9174","5_C6_CviMVP_PlDNA_8_SG.sharedLotterhosPuritz_1727_ae5c9174_MSX",2,NA,"Inconclusive",TRUE,0,0
5,"C05","HEX","Unkn-11",38.64,38.64,0,"MSX","C7_CviMVP_PlDNA_8_SG_1192_0fe6e60e","CviMVP_10664","Culch_Ba_LA_2022-6-21",21,"C7_CviMVP_PlDNA_8_SG_1192_0fe6e60e","5_C7_CviMVP_PlDNA_8_SG_1192_0fe6e60e_MSX",1,NA,"Inconclusive",TRUE,0,0
5,"C06","HEX","Unkn-11",NA,0,0,"MSX","C7_CviMVP_PlDNA_8_SG_1192_0fe6e60e","CviMVP_10664","Culch_Ba_LA_2022-6-21",21,"C7_CviMVP_PlDNA_8_SG_1192_0fe6e60e","5_C7_CviMVP_PlDNA_8_SG_1192_0fe6e60e_MSX",2,NA,"Inconclusive",TRUE,0,0
5,"C07","HEX","Unkn-19",17.97,17.29,4e-04,"MSX","C8_CviMVP_PlDNA_8_SG_1932_20da4fab","CviMVP_12815","UNCW_MS_NC_2023-7-17",20,"C8_CviMVP_PlDNA_8_SG_1932_20da4fab","5_C8_CviMVP_PlDNA_8_SG_1932_20da4fab_MSX",1,1.37,"Positive",FALSE,156210.68,3
5,"C08","HEX","Unkn-19",16.6,17.29,4e-04,"MSX","C8_CviMVP_PlDNA_8_SG_1932_20da4fab","CviMVP_12815","UNCW_MS_NC_2023-7-17",20,"C8_CviMVP_PlDNA_8_SG_1932_20da4fab","5_C8_CviMVP_PlDNA_8_SG_1932_20da4fab_MSX",2,1.37,"Positive",FALSE,156210.68,3
5,"C09","HEX","Unkn-27",28.12,28.39,0,"MSX","C9_CviMVP_PlDNA_8_SG_1388_408449ca","CviMVP_11231","Sister_Lk_LA_2022-8-9",20,"C9_CviMVP_PlDNA_8_SG_1388_408449ca","5_C9_CviMVP_PlDNA_8_SG_1388_408449ca_MSX",1,0.550000000000001,"Positive",FALSE,0,0
5,"C10","HEX","Unkn-27",28.67,28.39,0,"MSX","C9_CviMVP_PlDNA_8_SG_1388_408449ca","CviMVP_11231","Sister_Lk_LA_2022-8-9",20,"C9_CviMVP_PlDNA_8_SG_1388_408449ca","5_C9_CviMVP_PlDNA_8_SG_1388_408449ca_MSX",2,0.550000000000001,"Positive",FALSE,0,0
5,"C11","HEX","Unkn-34",36.61,36.03,0,"MSX","G5_CviMVP_PlDNA_8_SG_1929_f5d9f828","CviMVP_12806","UNCW_MS_NC_2023-7-17",22,"G5_CviMVP_PlDNA_8_SG_1929_f5d9f828","5_G5_CviMVP_PlDNA_8_SG_1929_f5d9f828_MSX",1,1.16,"Positive",FALSE,0,0
5,"C12","HEX","Unkn-34",35.45,36.03,0,"MSX","G5_CviMVP_PlDNA_8_SG_1929_f5d9f828","CviMVP_12806","UNCW_MS_NC_2023-7-17",22,"G5_CviMVP_PlDNA_8_SG_1929_f5d9f828","5_G5_CviMVP_PlDNA_8_SG_1929_f5d9f828_MSX",2,1.16,"Positive",FALSE,0,0
5,"D03","HEX","Unkn-04",27.32,26.68,0,"MSX","D6_CviMVP_PlDNA_8_SG_1985_db2b8025","CviMVP_12974","FFJ_CF_NC_2023-7-19",24,"D6_CviMVP_PlDNA_8_SG_1985_db2b8025","5_D6_CviMVP_PlDNA_8_SG_1985_db2b8025_MSX",1,1.28,"Positive",FALSE,0,0
5,"D04","HEX","Unkn-04",26.04,26.68,0,"MSX","D6_CviMVP_PlDNA_8_SG_1985_db2b8025","CviMVP_12974","FFJ_CF_NC_2023-7-19",24,"D6_CviMVP_PlDNA_8_SG_1985_db2b8025","5_D6_CviMVP_PlDNA_8_SG_1985_db2b8025_MSX",2,1.28,"Positive",FALSE,0,0
5,"D05","HEX","Unkn-12",35.93,35.93,0,"MSX","D7_CviMVP_PlDNA_8_SG.sharedLotterhosPuritz_1501_f7ccf56f","CviMVP_11552","NR_NB_RI_2022-8-19",20,"D7_CviMVP_PlDNA_8_SG.sharedLotterhosPuritz_1501_f7ccf56f","5_D7_CviMVP_PlDNA_8_SG.sharedLotterhosPuritz_1501_f7ccf56f_MSX",1,NA,"Inconclusive",TRUE,0,0
5,"D06","HEX","Unkn-12",NA,0,0,"MSX","D7_CviMVP_PlDNA_8_SG.sharedLotterhosPuritz_1501_f7ccf56f","CviMVP_11552","NR_NB_RI_2022-8-19",20,"D7_CviMVP_PlDNA_8_SG.sharedLotterhosPuritz_1501_f7ccf56f","5_D7_CviMVP_PlDNA_8_SG.sharedLotterhosPuritz_1501_f7ccf56f_MSX",2,NA,"Inconclusive",TRUE,0,0
5,"D07","HEX","Unkn-20",34.25,34.64,0,"MSX","D8_CviMVP_PlDNA_8_SG_1349_2d6f6e87","CviMVP_11115","Nickle_Rf_LA_2022-8-1",20,"D8_CviMVP_PlDNA_8_SG_1349_2d6f6e87","5_D8_CviMVP_PlDNA_8_SG_1349_2d6f6e87_MSX",1,0.780000000000001,"Positive",FALSE,0,0
5,"D08","HEX","Unkn-20",35.03,34.64,0,"MSX","D8_CviMVP_PlDNA_8_SG_1349_2d6f6e87","CviMVP_11115","Nickle_Rf_LA_2022-8-1",20,"D8_CviMVP_PlDNA_8_SG_1349_2d6f6e87","5_D8_CviMVP_PlDNA_8_SG_1349_2d6f6e87_MSX",2,0.780000000000001,"Positive",FALSE,0,0
5,"D09","HEX","Unkn-28",39.07,37.77,0,"MSX","D9_CviMVP_PlDNA_8_SG_1364_c3cc12f7","CviMVP_11160","Nickle_Rf_LA_2022-8-1",19,"D9_CviMVP_PlDNA_8_SG_1364_c3cc12f7","5_D9_CviMVP_PlDNA_8_SG_1364_c3cc12f7_MSX",1,2.61,"Inconclusive",TRUE,0,0
5,"D10","HEX","Unkn-28",36.46,37.77,0,"MSX","D9_CviMVP_PlDNA_8_SG_1364_c3cc12f7","CviMVP_11160","Nickle_Rf_LA_2022-8-1",19,"D9_CviMVP_PlDNA_8_SG_1364_c3cc12f7","5_D9_CviMVP_PlDNA_8_SG_1364_c3cc12f7_MSX",2,2.61,"Inconclusive",TRUE,0,0
5,"D11","HEX","Unkn-35",25.09,25.2,0,"MSX","H5_CviMVP_PlDNA_8_SG_1462_7035a568","CviMVP_11437","SR_GB_NH_2022-8-12",20,"H5_CviMVP_PlDNA_8_SG_1462_7035a568","5_H5_CviMVP_PlDNA_8_SG_1462_7035a568_MSX",1,0.23,"Positive",FALSE,0,0
5,"D12","HEX","Unkn-35",25.32,25.2,0,"MSX","H5_CviMVP_PlDNA_8_SG_1462_7035a568","CviMVP_11437","SR_GB_NH_2022-8-12",20,"H5_CviMVP_PlDNA_8_SG_1462_7035a568","5_H5_CviMVP_PlDNA_8_SG_1462_7035a568_MSX",2,0.23,"Positive",FALSE,0,0
5,"E03","HEX","Unkn-05",36.31,36.66,0,"MSX","E6_CviMVP_PlDNA_8_SG_1945_47841aa2","CviMVP_12854","UNCW_MS_NC_2023-7-17",22,"E6_CviMVP_PlDNA_8_SG_1945_47841aa2","5_E6_CviMVP_PlDNA_8_SG_1945_47841aa2_MSX",1,0.710000000000001,"Positive",FALSE,0,0
5,"E04","HEX","Unkn-05",37.02,36.66,0,"MSX","E6_CviMVP_PlDNA_8_SG_1945_47841aa2","CviMVP_12854","UNCW_MS_NC_2023-7-17",22,"E6_CviMVP_PlDNA_8_SG_1945_47841aa2","5_E6_CviMVP_PlDNA_8_SG_1945_47841aa2_MSX",2,0.710000000000001,"Positive",FALSE,0,0
5,"E05","HEX","Unkn-13",36.32,37.38,0,"MSX","E7_CviMVP_PlDNA_8_SG_1251_5c726cbb","CviMVP_10833","CC_VA_2022-7-11",20,"E7_CviMVP_PlDNA_8_SG_1251_5c726cbb","5_E7_CviMVP_PlDNA_8_SG_1251_5c726cbb_MSX",1,2.12,"Inconclusive",TRUE,0,0
5,"E06","HEX","Unkn-13",38.44,37.38,0,"MSX","E7_CviMVP_PlDNA_8_SG_1251_5c726cbb","CviMVP_10833","CC_VA_2022-7-11",20,"E7_CviMVP_PlDNA_8_SG_1251_5c726cbb","5_E7_CviMVP_PlDNA_8_SG_1251_5c726cbb_MSX",2,2.12,"Inconclusive",TRUE,0,0
5,"E07","HEX","Unkn-21",32.28,32.03,0,"MSX",NA,NA,NA,20,"row_117","5_row_117_MSX",1,NA,"Inconclusive",TRUE,0,0
5,"E08","HEX","Unkn-21",31.78,32.03,0,"MSX",NA,NA,NA,20,"row_118","5_row_118_MSX",1,NA,"Inconclusive",TRUE,0,0
5,"E09","HEX","Unkn-29",23.37,23.29,1e-05,"MSX","E9_CviMVP_PlDNA_8_SG_1290_0146de7c","CviMVP_10943","Sapelo_Is_GA_2022-7-17",19,"E9_CviMVP_PlDNA_8_SG_1290_0146de7c","5_E9_CviMVP_PlDNA_8_SG_1290_0146de7c_MSX",1,0.150000000000002,"Positive",FALSE,4110.80736842105,2
5,"E10","HEX","Unkn-29",23.22,23.29,1e-05,"MSX","E9_CviMVP_PlDNA_8_SG_1290_0146de7c","CviMVP_10943","Sapelo_Is_GA_2022-7-17",19,"E9_CviMVP_PlDNA_8_SG_1290_0146de7c","5_E9_CviMVP_PlDNA_8_SG_1290_0146de7c_MSX",2,0.150000000000002,"Positive",FALSE,4110.80736842105,2
5,"E11","HEX","Unkn-36",NA,0,0,"MSX","F7_CviMVP_PlDNA_8_SG_1966_f8c004b4","CviMVP_12917","FFJ_CF_NC_2023-7-19",19,"F7_CviMVP_PlDNA_8_SG_1966_f8c004b4","5_F7_CviMVP_PlDNA_8_SG_1966_f8c004b4_MSX",1,0.0600000000000023,"Positive",FALSE,0,0
5,"E12","HEX","Unkn-36",NA,0,0,"MSX","F7_CviMVP_PlDNA_8_SG_1966_f8c004b4","CviMVP_12917","FFJ_CF_NC_2023-7-19",19,"F7_CviMVP_PlDNA_8_SG_1966_f8c004b4","5_F7_CviMVP_PlDNA_8_SG_1966_f8c004b4_MSX",2,0.0600000000000023,"Positive",FALSE,0,0
5,"F03","HEX","Unkn-06",19.05,18.87,0.00013,"MSX","F6_CviMVP_PlDNA_8_SG_1942_7d9bec89","CviMVP_12845","UNCW_MS_NC_2023-7-17",20,"F6_CviMVP_PlDNA_8_SG_1942_7d9bec89","5_F6_CviMVP_PlDNA_8_SG_1942_7d9bec89_MSX",1,0.350000000000001,"Positive",FALSE,50768.471,3
5,"F04","HEX","Unkn-06",18.7,18.87,0.00013,"MSX","F6_CviMVP_PlDNA_8_SG_1942_7d9bec89","CviMVP_12845","UNCW_MS_NC_2023-7-17",20,"F6_CviMVP_PlDNA_8_SG_1942_7d9bec89","5_F6_CviMVP_PlDNA_8_SG_1942_7d9bec89_MSX",2,0.350000000000001,"Positive",FALSE,50768.471,3
5,"F05","HEX","Unkn-14",26.15,26.18,0,"MSX","F7_CviMVP_PlDNA_8_SG_1966_f8c004b4","CviMVP_12917","FFJ_CF_NC_2023-7-19",19,"F7_CviMVP_PlDNA_8_SG_1966_f8c004b4","5_F7_CviMVP_PlDNA_8_SG_1966_f8c004b4_MSX",3,0.0600000000000023,"Positive",FALSE,0,0
5,"F06","HEX","Unkn-14",26.21,26.18,0,"MSX","F7_CviMVP_PlDNA_8_SG_1966_f8c004b4","CviMVP_12917","FFJ_CF_NC_2023-7-19",19,"F7_CviMVP_PlDNA_8_SG_1966_f8c004b4","5_F7_CviMVP_PlDNA_8_SG_1966_f8c004b4_MSX",4,0.0600000000000023,"Positive",FALSE,0,0
5,"F07","HEX","Unkn-22",31.64,31.52,0,"MSX","F8_CviMVP_PlDNA_8_SG_1132_c78437b2","CviMVP_10510","FP_Sav_GA_2022-6-10",22,"F8_CviMVP_PlDNA_8_SG_1132_c78437b2","5_F8_CviMVP_PlDNA_8_SG_1132_c78437b2_MSX",1,0.25,"Positive",FALSE,0,0
5,"F08","HEX","Unkn-22",31.39,31.52,0,"MSX","F8_CviMVP_PlDNA_8_SG_1132_c78437b2","CviMVP_10510","FP_Sav_GA_2022-6-10",22,"F8_CviMVP_PlDNA_8_SG_1132_c78437b2","5_F8_CviMVP_PlDNA_8_SG_1132_c78437b2_MSX",2,0.25,"Positive",FALSE,0,0
5,"F09","HEX","Unkn-30",30.31,30.38,0,"MSX","F9_CviMVP_PlDNA_8_SG.sharedLotterhosPuritz_1500_66a95736","CviMVP_11549","NR_NB_RI_2022-8-19",20,"F9_CviMVP_PlDNA_8_SG.sharedLotterhosPuritz_1500_66a95736","5_F9_CviMVP_PlDNA_8_SG.sharedLotterhosPuritz_1500_66a95736_MSX",1,0.140000000000001,"Positive",FALSE,0,0
5,"F10","HEX","Unkn-30",30.45,30.38,0,"MSX","F9_CviMVP_PlDNA_8_SG.sharedLotterhosPuritz_1500_66a95736","CviMVP_11549","NR_NB_RI_2022-8-19",20,"F9_CviMVP_PlDNA_8_SG.sharedLotterhosPuritz_1500_66a95736","5_F9_CviMVP_PlDNA_8_SG.sharedLotterhosPuritz_1500_66a95736_MSX",2,0.140000000000001,"Positive",FALSE,0,0
5,"F11","HEX","Unkn-37",21.34,21.45,2e-05,"MSX",NA,NA,NA,20,"row_131","5_row_131_MSX",1,NA,"Inconclusive",TRUE,7810.534,0
5,"F12","HEX","Unkn-37",21.56,21.45,2e-05,"MSX",NA,NA,NA,20,"row_132","5_row_132_MSX",1,NA,"Inconclusive",TRUE,7810.534,0
5,"G03","HEX","Unkn-07",36.26,36.48,0,"MSX","G6_CviMVP_PlDNA_8_SG_1683_f7d0048b","CviMVP_12090","EelLake_Canada_2022-9-27",21,"G6_CviMVP_PlDNA_8_SG_1683_f7d0048b","5_G6_CviMVP_PlDNA_8_SG_1683_f7d0048b_MSX",1,0.440000000000005,"Positive",FALSE,0,0
5,"G04","HEX","Unkn-07",36.7,36.48,0,"MSX","G6_CviMVP_PlDNA_8_SG_1683_f7d0048b","CviMVP_12090","EelLake_Canada_2022-9-27",21,"G6_CviMVP_PlDNA_8_SG_1683_f7d0048b","5_G6_CviMVP_PlDNA_8_SG_1683_f7d0048b_MSX",2,0.440000000000005,"Positive",FALSE,0,0
5,"G05","HEX","Unkn-15",31.25,31.73,0,"MSX",NA,NA,NA,20,"row_135","5_row_135_MSX",1,NA,"Inconclusive",TRUE,0,0
5,"G06","HEX","Unkn-15",32.2,31.73,0,"MSX",NA,NA,NA,20,"row_136","5_row_136_MSX",1,NA,"Inconclusive",TRUE,0,0
5,"G07","HEX","Unkn-23",NA,0,0,"MSX","G8_CviMVP_PlDNA_8_SG_1567_d4e8b574","CviMVP_11749","CPR_MS_AL_2022-8-24",20,"G8_CviMVP_PlDNA_8_SG_1567_d4e8b574","5_G8_CviMVP_PlDNA_8_SG_1567_d4e8b574_MSX",1,NA,"Negative",FALSE,0,0
5,"G08","HEX","Unkn-23",NA,0,0,"MSX","G8_CviMVP_PlDNA_8_SG_1567_d4e8b574","CviMVP_11749","CPR_MS_AL_2022-8-24",20,"G8_CviMVP_PlDNA_8_SG_1567_d4e8b574","5_G8_CviMVP_PlDNA_8_SG_1567_d4e8b574_MSX",2,NA,"Negative",FALSE,0,0
5,"G09","HEX","Unkn-31",23.43,23.44,1e-05,"MSX","G9_CviMVP_PlDNA_8_SG_1327_ed207175","CviMVP_11050","Mer_GA_2022-7-26",20,"G9_CviMVP_PlDNA_8_SG_1327_ed207175","5_G9_CviMVP_PlDNA_8_SG_1327_ed207175_MSX",1,0.0100000000000016,"Positive",FALSE,3905.267,2
5,"G10","HEX","Unkn-31",23.44,23.44,1e-05,"MSX","G9_CviMVP_PlDNA_8_SG_1327_ed207175","CviMVP_11050","Mer_GA_2022-7-26",20,"G9_CviMVP_PlDNA_8_SG_1327_ed207175","5_G9_CviMVP_PlDNA_8_SG_1327_ed207175_MSX",2,0.0100000000000016,"Positive",FALSE,3905.267,2
5,"H03","HEX","Unkn-08",36.97,36.97,0,"MSX","H6_CviMVP_PlDNA_8_SG_1399_2a0af914","CviMVP_11264","Sister_Lk_LA_2022-8-9",22,"H6_CviMVP_PlDNA_8_SG_1399_2a0af914","5_H6_CviMVP_PlDNA_8_SG_1399_2a0af914_MSX",1,NA,"Inconclusive",TRUE,0,0
5,"H04","HEX","Unkn-08",NA,0,0,"MSX","H6_CviMVP_PlDNA_8_SG_1399_2a0af914","CviMVP_11264","Sister_Lk_LA_2022-8-9",22,"H6_CviMVP_PlDNA_8_SG_1399_2a0af914","5_H6_CviMVP_PlDNA_8_SG_1399_2a0af914_MSX",2,NA,"Inconclusive",TRUE,0,0
5,"H05","HEX","Unkn-16",35.4,35.4,0,"MSX","H7_CviMVP_PlDNA_8_SG.sharedLotterhosPuritz_1721_65316746","CviMVP_12196","WS_CB_VA_2022-10-7",19,"H7_CviMVP_PlDNA_8_SG.sharedLotterhosPuritz_1721_65316746","5_H7_CviMVP_PlDNA_8_SG.sharedLotterhosPuritz_1721_65316746_MSX",1,NA,"Inconclusive",TRUE,0,0
5,"H06","HEX","Unkn-16",NA,0,0,"MSX","H7_CviMVP_PlDNA_8_SG.sharedLotterhosPuritz_1721_65316746","CviMVP_12196","WS_CB_VA_2022-10-7",19,"H7_CviMVP_PlDNA_8_SG.sharedLotterhosPuritz_1721_65316746","5_H7_CviMVP_PlDNA_8_SG.sharedLotterhosPuritz_1721_65316746_MSX",2,NA,"Inconclusive",TRUE,0,0
5,"H07","HEX","Unkn-24",27.61,27.92,0,"MSX","H8_CviMVP_PlDNA_8_SG_1717_4c543071","CviMVP_12184","SaLa_GA_2022-10-5",20,"H8_CviMVP_PlDNA_8_SG_1717_4c543071","5_H8_CviMVP_PlDNA_8_SG_1717_4c543071_MSX",1,0.620000000000001,"Positive",FALSE,0,0
5,"H08","HEX","Unkn-24",28.23,27.92,0,"MSX","H8_CviMVP_PlDNA_8_SG_1717_4c543071","CviMVP_12184","SaLa_GA_2022-10-5",20,"H8_CviMVP_PlDNA_8_SG_1717_4c543071","5_H8_CviMVP_PlDNA_8_SG_1717_4c543071_MSX",2,0.620000000000001,"Positive",FALSE,0,0
5,"H09","HEX","Unkn-32",22.29,22.17,1e-05,"MSX","H9_CviMVP_PlDNA_8_SG_1973_6e1dd4a0","CviMVP_12938","FFJ_CF_NC_2023-7-19",19,"H9_CviMVP_PlDNA_8_SG_1973_6e1dd4a0","5_H9_CviMVP_PlDNA_8_SG_1973_6e1dd4a0_MSX",1,0.25,"Positive",FALSE,4110.80736842105,2
5,"H10","HEX","Unkn-32",22.04,22.17,1e-05,"MSX","H9_CviMVP_PlDNA_8_SG_1973_6e1dd4a0","CviMVP_12938","FFJ_CF_NC_2023-7-19",19,"H9_CviMVP_PlDNA_8_SG_1973_6e1dd4a0","5_H9_CviMVP_PlDNA_8_SG_1973_6e1dd4a0_MSX",2,0.25,"Positive",FALSE,4110.80736842105,2
6,"A03","FAM","Unkn-01",33.06,33.09,0,"Dermo","A1_CviMVP_PlDNA_1_SG_1578_ce10073c","CviMVP_11777","KP_FGR_FL_2022-8-23",22,"A1_CviMVP_PlDNA_1_SG_1578_ce10073c","6_A1_CviMVP_PlDNA_1_SG_1578_ce10073c_Dermo",1,0.0499999999999972,"Positive",FALSE,0,0
6,"A04","FAM","Unkn-01",33.11,33.09,0,"Dermo","A1_CviMVP_PlDNA_1_SG_1578_ce10073c","CviMVP_11777","KP_FGR_FL_2022-8-23",22,"A1_CviMVP_PlDNA_1_SG_1578_ce10073c","6_A1_CviMVP_PlDNA_1_SG_1578_ce10073c_Dermo",2,0.0499999999999972,"Positive",FALSE,0,0
6,"A05","FAM","Unkn-09",26.1,26.14,1e-05,"Dermo","A2_CviMVP_PlDNA_1_SG_1252_dcaed37c","CviMVP_10836","CC_VA_2022-7-11",21,"A2_CviMVP_PlDNA_1_SG_1252_dcaed37c","6_A2_CviMVP_PlDNA_1_SG_1252_dcaed37c_Dermo",1,0.0799999999999983,"Positive",FALSE,3320.70285714286,2
6,"A06","FAM","Unkn-09",26.18,26.14,1e-05,"Dermo","A2_CviMVP_PlDNA_1_SG_1252_dcaed37c","CviMVP_10836","CC_VA_2022-7-11",21,"A2_CviMVP_PlDNA_1_SG_1252_dcaed37c","6_A2_CviMVP_PlDNA_1_SG_1252_dcaed37c_Dermo",2,0.0799999999999983,"Positive",FALSE,3320.70285714286,2
6,"A07","FAM","Unkn-17",NA,0,0,"Dermo","A3_CviMVP_PlDNA_1_SG_1103_107ab9bb","CviMVP_10450","CB_TX_2022-6-9",18,"A3_CviMVP_PlDNA_1_SG_1103_107ab9bb","6_A3_CviMVP_PlDNA_1_SG_1103_107ab9bb_Dermo",1,NA,"Negative",FALSE,0,0
6,"A08","FAM","Unkn-17",NA,0,0,"Dermo","A3_CviMVP_PlDNA_1_SG_1103_107ab9bb","CviMVP_10450","CB_TX_2022-6-9",18,"A3_CviMVP_PlDNA_1_SG_1103_107ab9bb","6_A3_CviMVP_PlDNA_1_SG_1103_107ab9bb_Dermo",2,NA,"Negative",FALSE,0,0
6,"A09","FAM","Unkn-25",NA,0,0,"Dermo","A4_CviMVP_PlDNA_1_SG_1395_7c3f2e88","CviMVP_11252","Sister_Lk_LA_2022-8-9",20,"A4_CviMVP_PlDNA_1_SG_1395_7c3f2e88","6_A4_CviMVP_PlDNA_1_SG_1395_7c3f2e88_Dermo",1,NA,"Negative",FALSE,0,0
6,"A10","FAM","Unkn-25",NA,0,0,"Dermo","A4_CviMVP_PlDNA_1_SG_1395_7c3f2e88","CviMVP_11252","Sister_Lk_LA_2022-8-9",20,"A4_CviMVP_PlDNA_1_SG_1395_7c3f2e88","6_A4_CviMVP_PlDNA_1_SG_1395_7c3f2e88_Dermo",2,NA,"Negative",FALSE,0,0
6,"B03","FAM","Unkn-02",25.54,25.62,1e-05,"Dermo","B1_CviMVP_PlDNA_1_SG_1622_8952d237","CviMVP_11906","SawIs_MA_2022-9-5",19,"B1_CviMVP_PlDNA_1_SG_1622_8952d237","6_B1_CviMVP_PlDNA_1_SG_1622_8952d237_Dermo",1,0.16,"Positive",FALSE,3670.25052631579,2
6,"B04","FAM","Unkn-02",25.7,25.62,1e-05,"Dermo","B1_CviMVP_PlDNA_1_SG_1622_8952d237","CviMVP_11906","SawIs_MA_2022-9-5",19,"B1_CviMVP_PlDNA_1_SG_1622_8952d237","6_B1_CviMVP_PlDNA_1_SG_1622_8952d237_Dermo",2,0.16,"Positive",FALSE,3670.25052631579,2
6,"B05","FAM","Unkn-10",34.56,35.25,0,"Dermo","B2_CviMVP_PlDNA_1_SG_1451_5767505c","CviMVP_11405","Cal_Lake_LA_2022-8-11",21,"B2_CviMVP_PlDNA_1_SG_1451_5767505c","6_B2_CviMVP_PlDNA_1_SG_1451_5767505c_Dermo",1,1.39,"Positive",FALSE,0,0
6,"B06","FAM","Unkn-10",35.95,35.25,0,"Dermo","B2_CviMVP_PlDNA_1_SG_1451_5767505c","CviMVP_11405","Cal_Lake_LA_2022-8-11",21,"B2_CviMVP_PlDNA_1_SG_1451_5767505c","6_B2_CviMVP_PlDNA_1_SG_1451_5767505c_Dermo",2,1.39,"Positive",FALSE,0,0
6,"B07","FAM","Unkn-18",28.3,28.27,0,"Dermo","B3_CviMVP_PlDNA_1_SG_1231_b33de568","CviMVP_10775","CC_VA_2022-7-11",21,"B3_CviMVP_PlDNA_1_SG_1231_b33de568","6_B3_CviMVP_PlDNA_1_SG_1231_b33de568_Dermo",1,0.0700000000000003,"Positive",FALSE,0,0
6,"B08","FAM","Unkn-18",28.23,28.27,0,"Dermo","B3_CviMVP_PlDNA_1_SG_1231_b33de568","CviMVP_10775","CC_VA_2022-7-11",21,"B3_CviMVP_PlDNA_1_SG_1231_b33de568","6_B3_CviMVP_PlDNA_1_SG_1231_b33de568_Dermo",2,0.0700000000000003,"Positive",FALSE,0,0
6,"B09","FAM","Unkn-26",34.98,34.86,0,"Dermo","C4_CviMVP_PlDNA_1_SG_1241_ec5d53a6","CviMVP_10804","CC_VA_2022-7-11",19,"C4_CviMVP_PlDNA_1_SG_1241_ec5d53a6","6_C4_CviMVP_PlDNA_1_SG_1241_ec5d53a6_Dermo",1,0.239999999999995,"Positive",FALSE,0,0
6,"B10","FAM","Unkn-26",34.74,34.86,0,"Dermo","C4_CviMVP_PlDNA_1_SG_1241_ec5d53a6","CviMVP_10804","CC_VA_2022-7-11",19,"C4_CviMVP_PlDNA_1_SG_1241_ec5d53a6","6_C4_CviMVP_PlDNA_1_SG_1241_ec5d53a6_Dermo",2,0.239999999999995,"Positive",FALSE,0,0
6,"B11","FAM","Unkn-33",28.56,28.72,0,"Dermo","A5_CviMVP_PlDNA_1_SG_1439_4d1e45dd","CviMVP_11370","Cal_Lake_LA_2022-8-11",21,"A5_CviMVP_PlDNA_1_SG_1439_4d1e45dd","6_A5_CviMVP_PlDNA_1_SG_1439_4d1e45dd_Dermo",1,0.32,"Positive",FALSE,0,0
6,"B12","FAM","Unkn-33",28.88,28.72,0,"Dermo","A5_CviMVP_PlDNA_1_SG_1439_4d1e45dd","CviMVP_11370","Cal_Lake_LA_2022-8-11",21,"A5_CviMVP_PlDNA_1_SG_1439_4d1e45dd","6_A5_CviMVP_PlDNA_1_SG_1439_4d1e45dd_Dermo",2,0.32,"Positive",FALSE,0,0
6,"C03","FAM","Unkn-03",28.42,28.4,0,"Dermo","C1_CviMVP_PlDNA_1_SG_1120_814ca307","CviMVP_10486","CB_TX_2022-6-9",22,"C1_CviMVP_PlDNA_1_SG_1120_814ca307","6_C1_CviMVP_PlDNA_1_SG_1120_814ca307_Dermo",1,0.0400000000000027,"Positive",FALSE,0,0
6,"C04","FAM","Unkn-03",28.38,28.4,0,"Dermo","C1_CviMVP_PlDNA_1_SG_1120_814ca307","CviMVP_10486","CB_TX_2022-6-9",22,"C1_CviMVP_PlDNA_1_SG_1120_814ca307","6_C1_CviMVP_PlDNA_1_SG_1120_814ca307_Dermo",2,0.0400000000000027,"Positive",FALSE,0,0
6,"C05","FAM","Unkn-11",22.38,22.45,6e-05,"Dermo","C2_CviMVP_PlDNA_1_SG_1603_f868f1b7","CviMVP_11850","SawIs_MA_2022-9-5",21,"C2_CviMVP_PlDNA_1_SG_1603_f868f1b7","6_C2_CviMVP_PlDNA_1_SG_1603_f868f1b7_Dermo",1,0.140000000000001,"Positive",FALSE,19924.2171428571,3
6,"C06","FAM","Unkn-11",22.52,22.45,6e-05,"Dermo","C2_CviMVP_PlDNA_1_SG_1603_f868f1b7","CviMVP_11850","SawIs_MA_2022-9-5",21,"C2_CviMVP_PlDNA_1_SG_1603_f868f1b7","6_C2_CviMVP_PlDNA_1_SG_1603_f868f1b7_Dermo",2,0.140000000000001,"Positive",FALSE,19924.2171428571,3
6,"C07","FAM","Unkn-19",NA,0,0,"Dermo","C3_CviMVP_PlDNA_1_SG_1397_c67e0a12","CviMVP_11258","Sister_Lk_LA_2022-8-9",19,"C3_CviMVP_PlDNA_1_SG_1397_c67e0a12","6_C3_CviMVP_PlDNA_1_SG_1397_c67e0a12_Dermo",1,NA,"Negative",FALSE,0,0
6,"C08","FAM","Unkn-19",NA,0,0,"Dermo","C3_CviMVP_PlDNA_1_SG_1397_c67e0a12","CviMVP_11258","Sister_Lk_LA_2022-8-9",19,"C3_CviMVP_PlDNA_1_SG_1397_c67e0a12","6_C3_CviMVP_PlDNA_1_SG_1397_c67e0a12_Dermo",2,NA,"Negative",FALSE,0,0
6,"C09","FAM","Unkn-27",31.35,31.52,0,"Dermo","D4_CviMVP_PlDNA_1_SG_1430_2848cce4","CviMVP_11343","Cal_Lake_LA_2022-8-11",21,"D4_CviMVP_PlDNA_1_SG_1430_2848cce4","6_D4_CviMVP_PlDNA_1_SG_1430_2848cce4_Dermo",1,0.349999999999998,"Positive",FALSE,0,0
6,"C10","FAM","Unkn-27",31.7,31.52,0,"Dermo","D4_CviMVP_PlDNA_1_SG_1430_2848cce4","CviMVP_11343","Cal_Lake_LA_2022-8-11",21,"D4_CviMVP_PlDNA_1_SG_1430_2848cce4","6_D4_CviMVP_PlDNA_1_SG_1430_2848cce4_Dermo",2,0.349999999999998,"Positive",FALSE,0,0
6,"C11","FAM","Unkn-34",23.18,22.97,4e-05,"Dermo","B5_CviMVP_PlDNA_1_SG_1438_ef798fa4","CviMVP_11367","Cal_Lake_LA_2022-8-11",19,"B5_CviMVP_PlDNA_1_SG_1438_ef798fa4","6_B5_CviMVP_PlDNA_1_SG_1438_ef798fa4_Dermo",1,0.43,"Positive",FALSE,14681.0021052632,3
6,"C12","FAM","Unkn-34",22.75,22.97,4e-05,"Dermo","B5_CviMVP_PlDNA_1_SG_1438_ef798fa4","CviMVP_11367","Cal_Lake_LA_2022-8-11",19,"B5_CviMVP_PlDNA_1_SG_1438_ef798fa4","6_B5_CviMVP_PlDNA_1_SG_1438_ef798fa4_Dermo",2,0.43,"Positive",FALSE,14681.0021052632,3
6,"D03","FAM","Unkn-04",24.16,24.16,2e-05,"Dermo","D1_CviMVP_PlDNA_1_SG_1463_32cff799","CviMVP_11440","SR_GB_NH_2022-8-12",21,"D1_CviMVP_PlDNA_1_SG_1463_32cff799","6_D1_CviMVP_PlDNA_1_SG_1463_32cff799_Dermo",1,0.0100000000000016,"Positive",FALSE,6641.40571428572,2
6,"D04","FAM","Unkn-04",24.17,24.16,2e-05,"Dermo","D1_CviMVP_PlDNA_1_SG_1463_32cff799","CviMVP_11440","SR_GB_NH_2022-8-12",21,"D1_CviMVP_PlDNA_1_SG_1463_32cff799","6_D1_CviMVP_PlDNA_1_SG_1463_32cff799_Dermo",2,0.0100000000000016,"Positive",FALSE,6641.40571428572,2
6,"D05","FAM","Unkn-12",NA,0,0,"Dermo","D2_CviMVP_PlDNA_1_SG_1393_6e3e8ad0","CviMVP_11246","Sister_Lk_LA_2022-8-9",20,"D2_CviMVP_PlDNA_1_SG_1393_6e3e8ad0","6_D2_CviMVP_PlDNA_1_SG_1393_6e3e8ad0_Dermo",1,NA,"Negative",FALSE,0,0
6,"D06","FAM","Unkn-12",NA,0,0,"Dermo","D2_CviMVP_PlDNA_1_SG_1393_6e3e8ad0","CviMVP_11246","Sister_Lk_LA_2022-8-9",20,"D2_CviMVP_PlDNA_1_SG_1393_6e3e8ad0","6_D2_CviMVP_PlDNA_1_SG_1393_6e3e8ad0_Dermo",2,NA,"Negative",FALSE,0,0
6,"D07","FAM","Unkn-20",NA,0,0,"Dermo","D3_CviMVP_PlDNA_1_SG_1446_7577ead5","CviMVP_11391","Cal_Lake_LA_2022-8-11",21,"D3_CviMVP_PlDNA_1_SG_1446_7577ead5","6_D3_CviMVP_PlDNA_1_SG_1446_7577ead5_Dermo",1,NA,"Negative",FALSE,0,0
6,"D08","FAM","Unkn-20",NA,0,0,"Dermo","D3_CviMVP_PlDNA_1_SG_1446_7577ead5","CviMVP_11391","Cal_Lake_LA_2022-8-11",21,"D3_CviMVP_PlDNA_1_SG_1446_7577ead5","6_D3_CviMVP_PlDNA_1_SG_1446_7577ead5_Dermo",2,NA,"Negative",FALSE,0,0
6,"D09","FAM","Unkn-28",34.42,34.33,0,"Dermo","E4_CviMVP_PlDNA_1_SG_1126_c5ba762d","CviMVP_10498","CB_TX_2022-6-9",19,"E4_CviMVP_PlDNA_1_SG_1126_c5ba762d","6_E4_CviMVP_PlDNA_1_SG_1126_c5ba762d_Dermo",1,0.18,"Positive",FALSE,0,0
6,"D10","FAM","Unkn-28",34.24,34.33,0,"Dermo","E4_CviMVP_PlDNA_1_SG_1126_c5ba762d","CviMVP_10498","CB_TX_2022-6-9",19,"E4_CviMVP_PlDNA_1_SG_1126_c5ba762d","6_E4_CviMVP_PlDNA_1_SG_1126_c5ba762d_Dermo",2,0.18,"Positive",FALSE,0,0
6,"D11","FAM","Unkn-35",35.63,35.26,0,"Dermo","C5_CviMVP_PlDNA_1_SG_1886_e867e0c6","CviMVP_12681","DC_DR_ME_2022-10-25",20,"C5_CviMVP_PlDNA_1_SG_1886_e867e0c6","6_C5_CviMVP_PlDNA_1_SG_1886_e867e0c6_Dermo",1,0.730000000000004,"Positive",FALSE,0,0
6,"D12","FAM","Unkn-35",34.9,35.26,0,"Dermo","C5_CviMVP_PlDNA_1_SG_1886_e867e0c6","CviMVP_12681","DC_DR_ME_2022-10-25",20,"C5_CviMVP_PlDNA_1_SG_1886_e867e0c6","6_C5_CviMVP_PlDNA_1_SG_1886_e867e0c6_Dermo",2,0.730000000000004,"Positive",FALSE,0,0
6,"E03","FAM","Unkn-05",NA,0,0,"Dermo","E1_CviMVP_PlDNA_1_SG.sharedLotterhosPuritz_1749_1339c6df","CviMVP_12279","DWS_CB_VA_2022-10-7",22,"E1_CviMVP_PlDNA_1_SG.sharedLotterhosPuritz_1749_1339c6df","6_E1_CviMVP_PlDNA_1_SG.sharedLotterhosPuritz_1749_1339c6df_Dermo",1,NA,"Inconclusive",TRUE,0,0
6,"E04","FAM","Unkn-05",38.25,38.25,0,"Dermo","E1_CviMVP_PlDNA_1_SG.sharedLotterhosPuritz_1749_1339c6df","CviMVP_12279","DWS_CB_VA_2022-10-7",22,"E1_CviMVP_PlDNA_1_SG.sharedLotterhosPuritz_1749_1339c6df","6_E1_CviMVP_PlDNA_1_SG.sharedLotterhosPuritz_1749_1339c6df_Dermo",2,NA,"Inconclusive",TRUE,0,0
6,"E05","FAM","Unkn-13",28.54,28.55,0,"Dermo","E2_CviMVP_PlDNA_1_SG_1624_f59660b5","CviMVP_11912","SawIs_MA_2022-9-5",20,"E2_CviMVP_PlDNA_1_SG_1624_f59660b5","6_E2_CviMVP_PlDNA_1_SG_1624_f59660b5_Dermo",1,0.0199999999999996,"Positive",FALSE,0,0
6,"E06","FAM","Unkn-13",28.56,28.55,0,"Dermo","E2_CviMVP_PlDNA_1_SG_1624_f59660b5","CviMVP_11912","SawIs_MA_2022-9-5",20,"E2_CviMVP_PlDNA_1_SG_1624_f59660b5","6_E2_CviMVP_PlDNA_1_SG_1624_f59660b5_Dermo",2,0.0199999999999996,"Positive",FALSE,0,0
6,"E07","FAM","Unkn-21",30.73,30.78,0,"Dermo","E3_CviMVP_PlDNA_1_SG_1457_1069de49","CviMVP_11423","SR_GB_NH_2022-8-12",18,"E3_CviMVP_PlDNA_1_SG_1457_1069de49","6_E3_CviMVP_PlDNA_1_SG_1457_1069de49_Dermo",1,0.109999999999999,"Positive",FALSE,0,0
6,"E08","FAM","Unkn-21",30.84,30.78,0,"Dermo","E3_CviMVP_PlDNA_1_SG_1457_1069de49","CviMVP_11423","SR_GB_NH_2022-8-12",18,"E3_CviMVP_PlDNA_1_SG_1457_1069de49","6_E3_CviMVP_PlDNA_1_SG_1457_1069de49_Dermo",2,0.109999999999999,"Positive",FALSE,0,0
6,"E09","FAM","Unkn-29",NA,0,0,"Dermo","F4_CviMVP_PlDNA_1_SG_1378_32091231","CviMVP_11202","Sister_Lk_LA_2022-8-9",20,"F4_CviMVP_PlDNA_1_SG_1378_32091231","6_F4_CviMVP_PlDNA_1_SG_1378_32091231_Dermo",1,NA,"Negative",FALSE,0,0
6,"E10","FAM","Unkn-29",NA,0,0,"Dermo","F4_CviMVP_PlDNA_1_SG_1378_32091231","CviMVP_11202","Sister_Lk_LA_2022-8-9",20,"F4_CviMVP_PlDNA_1_SG_1378_32091231","6_F4_CviMVP_PlDNA_1_SG_1378_32091231_Dermo",2,NA,"Negative",FALSE,0,0
6,"E11","FAM","Unkn-36",37.2,36.8,0,"Dermo","D5_CviMVP_PlDNA_1_SG_1570_998e65c4","CviMVP_11758","KP_FGR_FL_2022-8-23",20,"D5_CviMVP_PlDNA_1_SG_1570_998e65c4","6_D5_CviMVP_PlDNA_1_SG_1570_998e65c4_Dermo",1,0.810000000000002,"Positive",FALSE,0,0
6,"E12","FAM","Unkn-36",36.39,36.8,0,"Dermo","D5_CviMVP_PlDNA_1_SG_1570_998e65c4","CviMVP_11758","KP_FGR_FL_2022-8-23",20,"D5_CviMVP_PlDNA_1_SG_1570_998e65c4","6_D5_CviMVP_PlDNA_1_SG_1570_998e65c4_Dermo",2,0.810000000000002,"Positive",FALSE,0,0
6,"F03","FAM","Unkn-06",28.16,27.96,0,"Dermo","F1_CviMVP_PlDNA_1_SG_1605_a0a8cbba","CviMVP_11856","SawIs_MA_2022-9-5",20,"F1_CviMVP_PlDNA_1_SG_1605_a0a8cbba","6_F1_CviMVP_PlDNA_1_SG_1605_a0a8cbba_Dermo",1,0.41,"Positive",FALSE,0,0
6,"F04","FAM","Unkn-06",27.75,27.96,0,"Dermo","F1_CviMVP_PlDNA_1_SG_1605_a0a8cbba","CviMVP_11856","SawIs_MA_2022-9-5",20,"F1_CviMVP_PlDNA_1_SG_1605_a0a8cbba","6_F1_CviMVP_PlDNA_1_SG_1605_a0a8cbba_Dermo",2,0.41,"Positive",FALSE,0,0
6,"F05","FAM","Unkn-14",NA,0,0,"Dermo","F2_CviMVP_PlDNA_1_SG_1394_cd8aba4f","CviMVP_11249","Sister_Lk_LA_2022-8-9",20,"F2_CviMVP_PlDNA_1_SG_1394_cd8aba4f","6_F2_CviMVP_PlDNA_1_SG_1394_cd8aba4f_Dermo",1,NA,"Negative",FALSE,0,0
6,"F06","FAM","Unkn-14",NA,0,0,"Dermo","F2_CviMVP_PlDNA_1_SG_1394_cd8aba4f","CviMVP_11249","Sister_Lk_LA_2022-8-9",20,"F2_CviMVP_PlDNA_1_SG_1394_cd8aba4f","6_F2_CviMVP_PlDNA_1_SG_1394_cd8aba4f_Dermo",2,NA,"Negative",FALSE,0,0
6,"F07","FAM","Unkn-22",23.94,23.98,3e-05,"Dermo","G3_CviMVP_PlDNA_1_SG.sharedLotterhosPuritz_1750_c3f4dbef","CviMVP_12282","DWS_CB_VA_2022-10-7",18,"G3_CviMVP_PlDNA_1_SG.sharedLotterhosPuritz_1750_c3f4dbef","6_G3_CviMVP_PlDNA_1_SG.sharedLotterhosPuritz_1750_c3f4dbef_Dermo",1,0.0799999999999983,"Positive",FALSE,11622.46,3
6,"F08","FAM","Unkn-22",24.02,23.98,3e-05,"Dermo","G3_CviMVP_PlDNA_1_SG.sharedLotterhosPuritz_1750_c3f4dbef","CviMVP_12282","DWS_CB_VA_2022-10-7",18,"G3_CviMVP_PlDNA_1_SG.sharedLotterhosPuritz_1750_c3f4dbef","6_G3_CviMVP_PlDNA_1_SG.sharedLotterhosPuritz_1750_c3f4dbef_Dermo",2,0.0799999999999983,"Positive",FALSE,11622.46,3
6,"F09","FAM","Unkn-30",31.15,31.18,0,"Dermo","G4_CviMVP_PlDNA_1_SG_1434_384f3ae3","CviMVP_11364","Cal_Lake_LA_2022-8-11",21,"G4_CviMVP_PlDNA_1_SG_1434_384f3ae3","6_G4_CviMVP_PlDNA_1_SG_1434_384f3ae3_Dermo",1,0.0500000000000007,"Positive",FALSE,0,0
6,"F10","FAM","Unkn-30",31.2,31.18,0,"Dermo","G4_CviMVP_PlDNA_1_SG_1434_384f3ae3","CviMVP_11364","Cal_Lake_LA_2022-8-11",21,"G4_CviMVP_PlDNA_1_SG_1434_384f3ae3","6_G4_CviMVP_PlDNA_1_SG_1434_384f3ae3_Dermo",2,0.0500000000000007,"Positive",FALSE,0,0
6,"F11","FAM","Unkn-37",28.59,28.36,0,"Dermo","E5_CviMVP_PlDNA_1_SG_1474_bce74bb8","CviMVP_11472","SR_GB_NH_2022-8-12",22,"E5_CviMVP_PlDNA_1_SG_1474_bce74bb8","6_E5_CviMVP_PlDNA_1_SG_1474_bce74bb8_Dermo",1,0.469999999999999,"Positive",FALSE,0,0
6,"F12","FAM","Unkn-37",28.12,28.36,0,"Dermo","E5_CviMVP_PlDNA_1_SG_1474_bce74bb8","CviMVP_11472","SR_GB_NH_2022-8-12",22,"E5_CviMVP_PlDNA_1_SG_1474_bce74bb8","6_E5_CviMVP_PlDNA_1_SG_1474_bce74bb8_Dermo",2,0.469999999999999,"Positive",FALSE,0,0
6,"G03","FAM","Unkn-07",NA,0,0,"Dermo","G1_CviMVP_PlDNA_1_SG_1576_50e361db","CviMVP_11773","KP_FGR_FL_2022-8-23",19,"G1_CviMVP_PlDNA_1_SG_1576_50e361db","6_G1_CviMVP_PlDNA_1_SG_1576_50e361db_Dermo",1,NA,"Inconclusive",TRUE,0,0
6,"G04","FAM","Unkn-07",39.61,39.61,0,"Dermo","G1_CviMVP_PlDNA_1_SG_1576_50e361db","CviMVP_11773","KP_FGR_FL_2022-8-23",19,"G1_CviMVP_PlDNA_1_SG_1576_50e361db","6_G1_CviMVP_PlDNA_1_SG_1576_50e361db_Dermo",2,NA,"Inconclusive",TRUE,0,0
6,"G05","FAM","Unkn-15",25.65,25.68,1e-05,"Dermo","G2_CviMVP_PlDNA_1_SG_1460_2e2fcbcb","CviMVP_11431","SR_GB_NH_2022-8-12",22,"G2_CviMVP_PlDNA_1_SG_1460_2e2fcbcb","6_G2_CviMVP_PlDNA_1_SG_1460_2e2fcbcb_Dermo",1,0.0500000000000007,"Positive",FALSE,3169.76181818182,2
6,"G06","FAM","Unkn-15",25.7,25.68,1e-05,"Dermo","G2_CviMVP_PlDNA_1_SG_1460_2e2fcbcb","CviMVP_11431","SR_GB_NH_2022-8-12",22,"G2_CviMVP_PlDNA_1_SG_1460_2e2fcbcb","6_G2_CviMVP_PlDNA_1_SG_1460_2e2fcbcb_Dermo",2,0.0500000000000007,"Positive",FALSE,3169.76181818182,2
6,"G07","FAM","Unkn-23",NA,0,0,"Dermo","H3_CviMVP_PlDNA_1_SG_1586_8fe62d94","CviMVP_11799","KP_FGR_FL_2022-8-23",21,"H3_CviMVP_PlDNA_1_SG_1586_8fe62d94","6_H3_CviMVP_PlDNA_1_SG_1586_8fe62d94_Dermo",1,NA,"Negative",FALSE,0,0
6,"G08","FAM","Unkn-23",NA,0,0,"Dermo","H3_CviMVP_PlDNA_1_SG_1586_8fe62d94","CviMVP_11799","KP_FGR_FL_2022-8-23",21,"H3_CviMVP_PlDNA_1_SG_1586_8fe62d94","6_H3_CviMVP_PlDNA_1_SG_1586_8fe62d94_Dermo",2,NA,"Negative",FALSE,0,0
6,"G09","FAM","Unkn-31",31.65,31.88,0,"Dermo","H4_CviMVP_PlDNA_1_SG_1450_eda1774a","CviMVP_11402","Cal_Lake_LA_2022-8-11",20,"H4_CviMVP_PlDNA_1_SG_1450_eda1774a","6_H4_CviMVP_PlDNA_1_SG_1450_eda1774a_Dermo",1,0.460000000000001,"Positive",FALSE,0,0
6,"G10","FAM","Unkn-31",32.11,31.88,0,"Dermo","H4_CviMVP_PlDNA_1_SG_1450_eda1774a","CviMVP_11402","Cal_Lake_LA_2022-8-11",20,"H4_CviMVP_PlDNA_1_SG_1450_eda1774a","6_H4_CviMVP_PlDNA_1_SG_1450_eda1774a_Dermo",2,0.460000000000001,"Positive",FALSE,0,0
6,"H03","FAM","Unkn-08",28.53,28.64,0,"Dermo","H1_CviMVP_PlDNA_1_SG_1611_a218009b","CviMVP_11873","SawIs_MA_2022-9-5",21,"H1_CviMVP_PlDNA_1_SG_1611_a218009b","6_H1_CviMVP_PlDNA_1_SG_1611_a218009b_Dermo",1,0.219999999999999,"Positive",FALSE,0,0
6,"H04","FAM","Unkn-08",28.75,28.64,0,"Dermo","H1_CviMVP_PlDNA_1_SG_1611_a218009b","CviMVP_11873","SawIs_MA_2022-9-5",21,"H1_CviMVP_PlDNA_1_SG_1611_a218009b","6_H1_CviMVP_PlDNA_1_SG_1611_a218009b_Dermo",2,0.219999999999999,"Positive",FALSE,0,0
6,"H05","FAM","Unkn-16",33.51,33.62,0,"Dermo","H2_CviMVP_PlDNA_1_SG_1253_50c2953b","CviMVP_10839","CC_VA_2022-7-11",22,"H2_CviMVP_PlDNA_1_SG_1253_50c2953b","6_H2_CviMVP_PlDNA_1_SG_1253_50c2953b_Dermo",1,0.219999999999999,"Positive",FALSE,0,0
6,"H06","FAM","Unkn-16",33.73,33.62,0,"Dermo","H2_CviMVP_PlDNA_1_SG_1253_50c2953b","CviMVP_10839","CC_VA_2022-7-11",22,"H2_CviMVP_PlDNA_1_SG_1253_50c2953b","6_H2_CviMVP_PlDNA_1_SG_1253_50c2953b_Dermo",2,0.219999999999999,"Positive",FALSE,0,0
6,"H07","FAM","Unkn-24",24.07,24.1,2e-05,"Dermo","F5_CviMVP_PlDNA_1_SG_1381_205acadd","CviMVP_11211","Sister_Lk_LA_2022-8-9",21,"F5_CviMVP_PlDNA_1_SG_1381_205acadd","6_F5_CviMVP_PlDNA_1_SG_1381_205acadd_Dermo",1,0.0700000000000003,"Positive",FALSE,6641.40571428572,2
6,"H08","FAM","Unkn-24",24.14,24.1,2e-05,"Dermo","F5_CviMVP_PlDNA_1_SG_1381_205acadd","CviMVP_11211","Sister_Lk_LA_2022-8-9",21,"F5_CviMVP_PlDNA_1_SG_1381_205acadd","6_F5_CviMVP_PlDNA_1_SG_1381_205acadd_Dermo",2,0.0700000000000003,"Positive",FALSE,6641.40571428572,2
6,"H09","FAM","Unkn-32",31.18,31.43,0,"Dermo","G5_CviMVP_PlDNA_1_SG_1121_e44e1e24","CviMVP_10488","CB_TX_2022-6-9",18,"G5_CviMVP_PlDNA_1_SG_1121_e44e1e24","6_G5_CviMVP_PlDNA_1_SG_1121_e44e1e24_Dermo",1,0.490000000000002,"Positive",FALSE,0,0
6,"H10","FAM","Unkn-32",31.67,31.43,0,"Dermo","G5_CviMVP_PlDNA_1_SG_1121_e44e1e24","CviMVP_10488","CB_TX_2022-6-9",18,"G5_CviMVP_PlDNA_1_SG_1121_e44e1e24","6_G5_CviMVP_PlDNA_1_SG_1121_e44e1e24_Dermo",2,0.490000000000002,"Positive",FALSE,0,0
6,"A03","HEX","Unkn-01",27.29,27.41,1e-05,"MSX","A1_CviMVP_PlDNA_1_SG_1578_ce10073c","CviMVP_11777","KP_FGR_FL_2022-8-23",22,"A1_CviMVP_PlDNA_1_SG_1578_ce10073c","6_A1_CviMVP_PlDNA_1_SG_1578_ce10073c_MSX",1,0.25,"Positive",FALSE,3550.24272727273,2
6,"A04","HEX","Unkn-01",27.54,27.41,1e-05,"MSX","A1_CviMVP_PlDNA_1_SG_1578_ce10073c","CviMVP_11777","KP_FGR_FL_2022-8-23",22,"A1_CviMVP_PlDNA_1_SG_1578_ce10073c","6_A1_CviMVP_PlDNA_1_SG_1578_ce10073c_MSX",2,0.25,"Positive",FALSE,3550.24272727273,2
6,"A05","HEX","Unkn-09",NA,0,0,"MSX","A2_CviMVP_PlDNA_1_SG_1252_dcaed37c","CviMVP_10836","CC_VA_2022-7-11",21,"A2_CviMVP_PlDNA_1_SG_1252_dcaed37c","6_A2_CviMVP_PlDNA_1_SG_1252_dcaed37c_MSX",1,NA,"Negative",FALSE,0,0
6,"A06","HEX","Unkn-09",NA,0,0,"MSX","A2_CviMVP_PlDNA_1_SG_1252_dcaed37c","CviMVP_10836","CC_VA_2022-7-11",21,"A2_CviMVP_PlDNA_1_SG_1252_dcaed37c","6_A2_CviMVP_PlDNA_1_SG_1252_dcaed37c_MSX",2,NA,"Negative",FALSE,0,0
6,"A07","HEX","Unkn-17",NA,0,0,"MSX","A3_CviMVP_PlDNA_1_SG_1103_107ab9bb","CviMVP_10450","CB_TX_2022-6-9",18,"A3_CviMVP_PlDNA_1_SG_1103_107ab9bb","6_A3_CviMVP_PlDNA_1_SG_1103_107ab9bb_MSX",1,NA,"Negative",FALSE,0,0
6,"A08","HEX","Unkn-17",NA,0,0,"MSX","A3_CviMVP_PlDNA_1_SG_1103_107ab9bb","CviMVP_10450","CB_TX_2022-6-9",18,"A3_CviMVP_PlDNA_1_SG_1103_107ab9bb","6_A3_CviMVP_PlDNA_1_SG_1103_107ab9bb_MSX",2,NA,"Negative",FALSE,0,0
6,"A09","HEX","Unkn-25",NA,0,0,"MSX","A4_CviMVP_PlDNA_1_SG_1395_7c3f2e88","CviMVP_11252","Sister_Lk_LA_2022-8-9",20,"A4_CviMVP_PlDNA_1_SG_1395_7c3f2e88","6_A4_CviMVP_PlDNA_1_SG_1395_7c3f2e88_MSX",1,NA,"Negative",FALSE,0,0
6,"A10","HEX","Unkn-25",NA,0,0,"MSX","A4_CviMVP_PlDNA_1_SG_1395_7c3f2e88","CviMVP_11252","Sister_Lk_LA_2022-8-9",20,"A4_CviMVP_PlDNA_1_SG_1395_7c3f2e88","6_A4_CviMVP_PlDNA_1_SG_1395_7c3f2e88_MSX",2,NA,"Negative",FALSE,0,0
6,"B03","HEX","Unkn-02",NA,0,0,"MSX","B1_CviMVP_PlDNA_1_SG_1622_8952d237","CviMVP_11906","SawIs_MA_2022-9-5",19,"B1_CviMVP_PlDNA_1_SG_1622_8952d237","6_B1_CviMVP_PlDNA_1_SG_1622_8952d237_MSX",1,NA,"Negative",FALSE,0,0
6,"B04","HEX","Unkn-02",NA,0,0,"MSX","B1_CviMVP_PlDNA_1_SG_1622_8952d237","CviMVP_11906","SawIs_MA_2022-9-5",19,"B1_CviMVP_PlDNA_1_SG_1622_8952d237","6_B1_CviMVP_PlDNA_1_SG_1622_8952d237_MSX",2,NA,"Negative",FALSE,0,0
6,"B05","HEX","Unkn-10",NA,0,0,"MSX","B2_CviMVP_PlDNA_1_SG_1451_5767505c","CviMVP_11405","Cal_Lake_LA_2022-8-11",21,"B2_CviMVP_PlDNA_1_SG_1451_5767505c","6_B2_CviMVP_PlDNA_1_SG_1451_5767505c_MSX",1,NA,"Negative",FALSE,0,0
6,"B06","HEX","Unkn-10",NA,0,0,"MSX","B2_CviMVP_PlDNA_1_SG_1451_5767505c","CviMVP_11405","Cal_Lake_LA_2022-8-11",21,"B2_CviMVP_PlDNA_1_SG_1451_5767505c","6_B2_CviMVP_PlDNA_1_SG_1451_5767505c_MSX",2,NA,"Negative",FALSE,0,0
6,"B07","HEX","Unkn-18",NA,0,0,"MSX","B3_CviMVP_PlDNA_1_SG_1231_b33de568","CviMVP_10775","CC_VA_2022-7-11",21,"B3_CviMVP_PlDNA_1_SG_1231_b33de568","6_B3_CviMVP_PlDNA_1_SG_1231_b33de568_MSX",1,NA,"Negative",FALSE,0,0
6,"B08","HEX","Unkn-18",NA,0,0,"MSX","B3_CviMVP_PlDNA_1_SG_1231_b33de568","CviMVP_10775","CC_VA_2022-7-11",21,"B3_CviMVP_PlDNA_1_SG_1231_b33de568","6_B3_CviMVP_PlDNA_1_SG_1231_b33de568_MSX",2,NA,"Negative",FALSE,0,0
6,"B09","HEX","Unkn-26",NA,0,0,"MSX","C4_CviMVP_PlDNA_1_SG_1241_ec5d53a6","CviMVP_10804","CC_VA_2022-7-11",19,"C4_CviMVP_PlDNA_1_SG_1241_ec5d53a6","6_C4_CviMVP_PlDNA_1_SG_1241_ec5d53a6_MSX",1,NA,"Negative",FALSE,0,0
6,"B10","HEX","Unkn-26",NA,0,0,"MSX","C4_CviMVP_PlDNA_1_SG_1241_ec5d53a6","CviMVP_10804","CC_VA_2022-7-11",19,"C4_CviMVP_PlDNA_1_SG_1241_ec5d53a6","6_C4_CviMVP_PlDNA_1_SG_1241_ec5d53a6_MSX",2,NA,"Negative",FALSE,0,0
6,"B11","HEX","Unkn-33",NA,0,0,"MSX","A5_CviMVP_PlDNA_1_SG_1439_4d1e45dd","CviMVP_11370","Cal_Lake_LA_2022-8-11",21,"A5_CviMVP_PlDNA_1_SG_1439_4d1e45dd","6_A5_CviMVP_PlDNA_1_SG_1439_4d1e45dd_MSX",1,NA,"Negative",FALSE,0,0
6,"B12","HEX","Unkn-33",NA,0,0,"MSX","A5_CviMVP_PlDNA_1_SG_1439_4d1e45dd","CviMVP_11370","Cal_Lake_LA_2022-8-11",21,"A5_CviMVP_PlDNA_1_SG_1439_4d1e45dd","6_A5_CviMVP_PlDNA_1_SG_1439_4d1e45dd_MSX",2,NA,"Negative",FALSE,0,0
6,"C03","HEX","Unkn-03",NA,0,0,"MSX","C1_CviMVP_PlDNA_1_SG_1120_814ca307","CviMVP_10486","CB_TX_2022-6-9",22,"C1_CviMVP_PlDNA_1_SG_1120_814ca307","6_C1_CviMVP_PlDNA_1_SG_1120_814ca307_MSX",1,NA,"Negative",FALSE,0,0
6,"C04","HEX","Unkn-03",NA,0,0,"MSX","C1_CviMVP_PlDNA_1_SG_1120_814ca307","CviMVP_10486","CB_TX_2022-6-9",22,"C1_CviMVP_PlDNA_1_SG_1120_814ca307","6_C1_CviMVP_PlDNA_1_SG_1120_814ca307_MSX",2,NA,"Negative",FALSE,0,0
6,"C05","HEX","Unkn-11",NA,0,0,"MSX","C2_CviMVP_PlDNA_1_SG_1603_f868f1b7","CviMVP_11850","SawIs_MA_2022-9-5",21,"C2_CviMVP_PlDNA_1_SG_1603_f868f1b7","6_C2_CviMVP_PlDNA_1_SG_1603_f868f1b7_MSX",1,NA,"Negative",FALSE,0,0
6,"C06","HEX","Unkn-11",NA,0,0,"MSX","C2_CviMVP_PlDNA_1_SG_1603_f868f1b7","CviMVP_11850","SawIs_MA_2022-9-5",21,"C2_CviMVP_PlDNA_1_SG_1603_f868f1b7","6_C2_CviMVP_PlDNA_1_SG_1603_f868f1b7_MSX",2,NA,"Negative",FALSE,0,0
6,"C07","HEX","Unkn-19",NA,0,0,"MSX","C3_CviMVP_PlDNA_1_SG_1397_c67e0a12","CviMVP_11258","Sister_Lk_LA_2022-8-9",19,"C3_CviMVP_PlDNA_1_SG_1397_c67e0a12","6_C3_CviMVP_PlDNA_1_SG_1397_c67e0a12_MSX",1,NA,"Negative",FALSE,0,0
6,"C08","HEX","Unkn-19",NA,0,0,"MSX","C3_CviMVP_PlDNA_1_SG_1397_c67e0a12","CviMVP_11258","Sister_Lk_LA_2022-8-9",19,"C3_CviMVP_PlDNA_1_SG_1397_c67e0a12","6_C3_CviMVP_PlDNA_1_SG_1397_c67e0a12_MSX",2,NA,"Negative",FALSE,0,0
6,"C09","HEX","Unkn-27",NA,0,0,"MSX","D4_CviMVP_PlDNA_1_SG_1430_2848cce4","CviMVP_11343","Cal_Lake_LA_2022-8-11",21,"D4_CviMVP_PlDNA_1_SG_1430_2848cce4","6_D4_CviMVP_PlDNA_1_SG_1430_2848cce4_MSX",1,NA,"Negative",FALSE,0,0
6,"C10","HEX","Unkn-27",NA,0,0,"MSX","D4_CviMVP_PlDNA_1_SG_1430_2848cce4","CviMVP_11343","Cal_Lake_LA_2022-8-11",21,"D4_CviMVP_PlDNA_1_SG_1430_2848cce4","6_D4_CviMVP_PlDNA_1_SG_1430_2848cce4_MSX",2,NA,"Negative",FALSE,0,0
6,"C11","HEX","Unkn-34",NA,0,0,"MSX","B5_CviMVP_PlDNA_1_SG_1438_ef798fa4","CviMVP_11367","Cal_Lake_LA_2022-8-11",19,"B5_CviMVP_PlDNA_1_SG_1438_ef798fa4","6_B5_CviMVP_PlDNA_1_SG_1438_ef798fa4_MSX",1,NA,"Negative",FALSE,0,0
6,"C12","HEX","Unkn-34",NA,0,0,"MSX","B5_CviMVP_PlDNA_1_SG_1438_ef798fa4","CviMVP_11367","Cal_Lake_LA_2022-8-11",19,"B5_CviMVP_PlDNA_1_SG_1438_ef798fa4","6_B5_CviMVP_PlDNA_1_SG_1438_ef798fa4_MSX",2,NA,"Negative",FALSE,0,0
6,"D03","HEX","Unkn-04",27.72,27.73,1e-05,"MSX","D1_CviMVP_PlDNA_1_SG_1463_32cff799","CviMVP_11440","SR_GB_NH_2022-8-12",21,"D1_CviMVP_PlDNA_1_SG_1463_32cff799","6_D1_CviMVP_PlDNA_1_SG_1463_32cff799_MSX",1,0.0100000000000016,"Positive",FALSE,3719.30190476191,2
6,"D04","HEX","Unkn-04",27.73,27.73,1e-05,"MSX","D1_CviMVP_PlDNA_1_SG_1463_32cff799","CviMVP_11440","SR_GB_NH_2022-8-12",21,"D1_CviMVP_PlDNA_1_SG_1463_32cff799","6_D1_CviMVP_PlDNA_1_SG_1463_32cff799_MSX",2,0.0100000000000016,"Positive",FALSE,3719.30190476191,2
6,"D05","HEX","Unkn-12",NA,0,0,"MSX","D2_CviMVP_PlDNA_1_SG_1393_6e3e8ad0","CviMVP_11246","Sister_Lk_LA_2022-8-9",20,"D2_CviMVP_PlDNA_1_SG_1393_6e3e8ad0","6_D2_CviMVP_PlDNA_1_SG_1393_6e3e8ad0_MSX",1,NA,"Negative",FALSE,0,0
6,"D06","HEX","Unkn-12",NA,0,0,"MSX","D2_CviMVP_PlDNA_1_SG_1393_6e3e8ad0","CviMVP_11246","Sister_Lk_LA_2022-8-9",20,"D2_CviMVP_PlDNA_1_SG_1393_6e3e8ad0","6_D2_CviMVP_PlDNA_1_SG_1393_6e3e8ad0_MSX",2,NA,"Negative",FALSE,0,0
6,"D07","HEX","Unkn-20",NA,0,0,"MSX","D3_CviMVP_PlDNA_1_SG_1446_7577ead5","CviMVP_11391","Cal_Lake_LA_2022-8-11",21,"D3_CviMVP_PlDNA_1_SG_1446_7577ead5","6_D3_CviMVP_PlDNA_1_SG_1446_7577ead5_MSX",1,NA,"Negative",FALSE,0,0
6,"D08","HEX","Unkn-20",NA,0,0,"MSX","D3_CviMVP_PlDNA_1_SG_1446_7577ead5","CviMVP_11391","Cal_Lake_LA_2022-8-11",21,"D3_CviMVP_PlDNA_1_SG_1446_7577ead5","6_D3_CviMVP_PlDNA_1_SG_1446_7577ead5_MSX",2,NA,"Negative",FALSE,0,0
6,"D09","HEX","Unkn-28",NA,0,0,"MSX","E4_CviMVP_PlDNA_1_SG_1126_c5ba762d","CviMVP_10498","CB_TX_2022-6-9",19,"E4_CviMVP_PlDNA_1_SG_1126_c5ba762d","6_E4_CviMVP_PlDNA_1_SG_1126_c5ba762d_MSX",1,NA,"Negative",FALSE,0,0
6,"D10","HEX","Unkn-28",NA,0,0,"MSX","E4_CviMVP_PlDNA_1_SG_1126_c5ba762d","CviMVP_10498","CB_TX_2022-6-9",19,"E4_CviMVP_PlDNA_1_SG_1126_c5ba762d","6_E4_CviMVP_PlDNA_1_SG_1126_c5ba762d_MSX",2,NA,"Negative",FALSE,0,0
6,"D11","HEX","Unkn-35",NA,0,0,"MSX","C5_CviMVP_PlDNA_1_SG_1886_e867e0c6","CviMVP_12681","DC_DR_ME_2022-10-25",20,"C5_CviMVP_PlDNA_1_SG_1886_e867e0c6","6_C5_CviMVP_PlDNA_1_SG_1886_e867e0c6_MSX",1,NA,"Negative",FALSE,0,0
6,"D12","HEX","Unkn-35",NA,0,0,"MSX","C5_CviMVP_PlDNA_1_SG_1886_e867e0c6","CviMVP_12681","DC_DR_ME_2022-10-25",20,"C5_CviMVP_PlDNA_1_SG_1886_e867e0c6","6_C5_CviMVP_PlDNA_1_SG_1886_e867e0c6_MSX",2,NA,"Negative",FALSE,0,0
6,"E03","HEX","Unkn-05",NA,0,0,"MSX","E1_CviMVP_PlDNA_1_SG.sharedLotterhosPuritz_1749_1339c6df","CviMVP_12279","DWS_CB_VA_2022-10-7",22,"E1_CviMVP_PlDNA_1_SG.sharedLotterhosPuritz_1749_1339c6df","6_E1_CviMVP_PlDNA_1_SG.sharedLotterhosPuritz_1749_1339c6df_MSX",1,NA,"Negative",FALSE,0,0
6,"E04","HEX","Unkn-05",NA,0,0,"MSX","E1_CviMVP_PlDNA_1_SG.sharedLotterhosPuritz_1749_1339c6df","CviMVP_12279","DWS_CB_VA_2022-10-7",22,"E1_CviMVP_PlDNA_1_SG.sharedLotterhosPuritz_1749_1339c6df","6_E1_CviMVP_PlDNA_1_SG.sharedLotterhosPuritz_1749_1339c6df_MSX",2,NA,"Negative",FALSE,0,0
6,"E05","HEX","Unkn-13",27.11,27.18,1e-05,"MSX","E2_CviMVP_PlDNA_1_SG_1624_f59660b5","CviMVP_11912","SawIs_MA_2022-9-5",20,"E2_CviMVP_PlDNA_1_SG_1624_f59660b5","6_E2_CviMVP_PlDNA_1_SG_1624_f59660b5_MSX",1,0.140000000000001,"Positive",FALSE,3905.267,2
6,"E06","HEX","Unkn-13",27.25,27.18,1e-05,"MSX","E2_CviMVP_PlDNA_1_SG_1624_f59660b5","CviMVP_11912","SawIs_MA_2022-9-5",20,"E2_CviMVP_PlDNA_1_SG_1624_f59660b5","6_E2_CviMVP_PlDNA_1_SG_1624_f59660b5_MSX",2,0.140000000000001,"Positive",FALSE,3905.267,2
6,"E07","HEX","Unkn-21",34.34,34.29,0,"MSX","E3_CviMVP_PlDNA_1_SG_1457_1069de49","CviMVP_11423","SR_GB_NH_2022-8-12",18,"E3_CviMVP_PlDNA_1_SG_1457_1069de49","6_E3_CviMVP_PlDNA_1_SG_1457_1069de49_MSX",1,0.100000000000001,"Positive",FALSE,0,0
6,"E08","HEX","Unkn-21",34.24,34.29,0,"MSX","E3_CviMVP_PlDNA_1_SG_1457_1069de49","CviMVP_11423","SR_GB_NH_2022-8-12",18,"E3_CviMVP_PlDNA_1_SG_1457_1069de49","6_E3_CviMVP_PlDNA_1_SG_1457_1069de49_MSX",2,0.100000000000001,"Positive",FALSE,0,0
6,"E09","HEX","Unkn-29",NA,0,0,"MSX","F4_CviMVP_PlDNA_1_SG_1378_32091231","CviMVP_11202","Sister_Lk_LA_2022-8-9",20,"F4_CviMVP_PlDNA_1_SG_1378_32091231","6_F4_CviMVP_PlDNA_1_SG_1378_32091231_MSX",1,NA,"Negative",FALSE,0,0
6,"E10","HEX","Unkn-29",NA,0,0,"MSX","F4_CviMVP_PlDNA_1_SG_1378_32091231","CviMVP_11202","Sister_Lk_LA_2022-8-9",20,"F4_CviMVP_PlDNA_1_SG_1378_32091231","6_F4_CviMVP_PlDNA_1_SG_1378_32091231_MSX",2,NA,"Negative",FALSE,0,0
6,"E11","HEX","Unkn-36",39.55,38.83,0,"MSX","D5_CviMVP_PlDNA_1_SG_1570_998e65c4","CviMVP_11758","KP_FGR_FL_2022-8-23",20,"D5_CviMVP_PlDNA_1_SG_1570_998e65c4","6_D5_CviMVP_PlDNA_1_SG_1570_998e65c4_MSX",1,1.43,"Positive",FALSE,0,0
6,"E12","HEX","Unkn-36",38.12,38.83,0,"MSX","D5_CviMVP_PlDNA_1_SG_1570_998e65c4","CviMVP_11758","KP_FGR_FL_2022-8-23",20,"D5_CviMVP_PlDNA_1_SG_1570_998e65c4","6_D5_CviMVP_PlDNA_1_SG_1570_998e65c4_MSX",2,1.43,"Positive",FALSE,0,0
6,"F03","HEX","Unkn-06",NA,0,0,"MSX","F1_CviMVP_PlDNA_1_SG_1605_a0a8cbba","CviMVP_11856","SawIs_MA_2022-9-5",20,"F1_CviMVP_PlDNA_1_SG_1605_a0a8cbba","6_F1_CviMVP_PlDNA_1_SG_1605_a0a8cbba_MSX",1,NA,"Negative",FALSE,0,0
6,"F04","HEX","Unkn-06",NA,0,0,"MSX","F1_CviMVP_PlDNA_1_SG_1605_a0a8cbba","CviMVP_11856","SawIs_MA_2022-9-5",20,"F1_CviMVP_PlDNA_1_SG_1605_a0a8cbba","6_F1_CviMVP_PlDNA_1_SG_1605_a0a8cbba_MSX",2,NA,"Negative",FALSE,0,0
6,"F05","HEX","Unkn-14",NA,0,0,"MSX","F2_CviMVP_PlDNA_1_SG_1394_cd8aba4f","CviMVP_11249","Sister_Lk_LA_2022-8-9",20,"F2_CviMVP_PlDNA_1_SG_1394_cd8aba4f","6_F2_CviMVP_PlDNA_1_SG_1394_cd8aba4f_MSX",1,NA,"Negative",FALSE,0,0
6,"F06","HEX","Unkn-14",NA,0,0,"MSX","F2_CviMVP_PlDNA_1_SG_1394_cd8aba4f","CviMVP_11249","Sister_Lk_LA_2022-8-9",20,"F2_CviMVP_PlDNA_1_SG_1394_cd8aba4f","6_F2_CviMVP_PlDNA_1_SG_1394_cd8aba4f_MSX",2,NA,"Negative",FALSE,0,0
6,"F07","HEX","Unkn-22",22.19,22.26,9e-05,"MSX","G3_CviMVP_PlDNA_1_SG.sharedLotterhosPuritz_1750_c3f4dbef","CviMVP_12282","DWS_CB_VA_2022-10-7",18,"G3_CviMVP_PlDNA_1_SG.sharedLotterhosPuritz_1750_c3f4dbef","6_G3_CviMVP_PlDNA_1_SG.sharedLotterhosPuritz_1750_c3f4dbef_MSX",1,0.139999999999997,"Positive",FALSE,39052.67,3
6,"F08","HEX","Unkn-22",22.33,22.26,9e-05,"MSX","G3_CviMVP_PlDNA_1_SG.sharedLotterhosPuritz_1750_c3f4dbef","CviMVP_12282","DWS_CB_VA_2022-10-7",18,"G3_CviMVP_PlDNA_1_SG.sharedLotterhosPuritz_1750_c3f4dbef","6_G3_CviMVP_PlDNA_1_SG.sharedLotterhosPuritz_1750_c3f4dbef_MSX",2,0.139999999999997,"Positive",FALSE,39052.67,3
6,"F09","HEX","Unkn-30",NA,0,0,"MSX","G4_CviMVP_PlDNA_1_SG_1434_384f3ae3","CviMVP_11364","Cal_Lake_LA_2022-8-11",21,"G4_CviMVP_PlDNA_1_SG_1434_384f3ae3","6_G4_CviMVP_PlDNA_1_SG_1434_384f3ae3_MSX",1,NA,"Negative",FALSE,0,0
6,"F10","HEX","Unkn-30",NA,0,0,"MSX","G4_CviMVP_PlDNA_1_SG_1434_384f3ae3","CviMVP_11364","Cal_Lake_LA_2022-8-11",21,"G4_CviMVP_PlDNA_1_SG_1434_384f3ae3","6_G4_CviMVP_PlDNA_1_SG_1434_384f3ae3_MSX",2,NA,"Negative",FALSE,0,0
6,"F11","HEX","Unkn-37",39.13,39.13,0,"MSX","E5_CviMVP_PlDNA_1_SG_1474_bce74bb8","CviMVP_11472","SR_GB_NH_2022-8-12",22,"E5_CviMVP_PlDNA_1_SG_1474_bce74bb8","6_E5_CviMVP_PlDNA_1_SG_1474_bce74bb8_MSX",1,NA,"Inconclusive",TRUE,0,0
6,"F12","HEX","Unkn-37",NA,0,0,"MSX","E5_CviMVP_PlDNA_1_SG_1474_bce74bb8","CviMVP_11472","SR_GB_NH_2022-8-12",22,"E5_CviMVP_PlDNA_1_SG_1474_bce74bb8","6_E5_CviMVP_PlDNA_1_SG_1474_bce74bb8_MSX",2,NA,"Inconclusive",TRUE,0,0
6,"G03","HEX","Unkn-07",NA,0,0,"MSX","G1_CviMVP_PlDNA_1_SG_1576_50e361db","CviMVP_11773","KP_FGR_FL_2022-8-23",19,"G1_CviMVP_PlDNA_1_SG_1576_50e361db","6_G1_CviMVP_PlDNA_1_SG_1576_50e361db_MSX",1,NA,"Negative",FALSE,0,0
6,"G04","HEX","Unkn-07",NA,0,0,"MSX","G1_CviMVP_PlDNA_1_SG_1576_50e361db","CviMVP_11773","KP_FGR_FL_2022-8-23",19,"G1_CviMVP_PlDNA_1_SG_1576_50e361db","6_G1_CviMVP_PlDNA_1_SG_1576_50e361db_MSX",2,NA,"Negative",FALSE,0,0
6,"G05","HEX","Unkn-15",34.73,35.04,0,"MSX","G2_CviMVP_PlDNA_1_SG_1460_2e2fcbcb","CviMVP_11431","SR_GB_NH_2022-8-12",22,"G2_CviMVP_PlDNA_1_SG_1460_2e2fcbcb","6_G2_CviMVP_PlDNA_1_SG_1460_2e2fcbcb_MSX",1,0.620000000000005,"Positive",FALSE,0,0
6,"G06","HEX","Unkn-15",35.35,35.04,0,"MSX","G2_CviMVP_PlDNA_1_SG_1460_2e2fcbcb","CviMVP_11431","SR_GB_NH_2022-8-12",22,"G2_CviMVP_PlDNA_1_SG_1460_2e2fcbcb","6_G2_CviMVP_PlDNA_1_SG_1460_2e2fcbcb_MSX",2,0.620000000000005,"Positive",FALSE,0,0
6,"G07","HEX","Unkn-23",NA,0,0,"MSX","H3_CviMVP_PlDNA_1_SG_1586_8fe62d94","CviMVP_11799","KP_FGR_FL_2022-8-23",21,"H3_CviMVP_PlDNA_1_SG_1586_8fe62d94","6_H3_CviMVP_PlDNA_1_SG_1586_8fe62d94_MSX",1,NA,"Negative",FALSE,0,0
6,"G08","HEX","Unkn-23",NA,0,0,"MSX","H3_CviMVP_PlDNA_1_SG_1586_8fe62d94","CviMVP_11799","KP_FGR_FL_2022-8-23",21,"H3_CviMVP_PlDNA_1_SG_1586_8fe62d94","6_H3_CviMVP_PlDNA_1_SG_1586_8fe62d94_MSX",2,NA,"Negative",FALSE,0,0
6,"G09","HEX","Unkn-31",38.26,38.26,0,"MSX","H4_CviMVP_PlDNA_1_SG_1450_eda1774a","CviMVP_11402","Cal_Lake_LA_2022-8-11",20,"H4_CviMVP_PlDNA_1_SG_1450_eda1774a","6_H4_CviMVP_PlDNA_1_SG_1450_eda1774a_MSX",1,NA,"Inconclusive",TRUE,0,0
6,"G10","HEX","Unkn-31",NA,0,0,"MSX","H4_CviMVP_PlDNA_1_SG_1450_eda1774a","CviMVP_11402","Cal_Lake_LA_2022-8-11",20,"H4_CviMVP_PlDNA_1_SG_1450_eda1774a","6_H4_CviMVP_PlDNA_1_SG_1450_eda1774a_MSX",2,NA,"Inconclusive",TRUE,0,0
6,"H03","HEX","Unkn-08",NA,0,0,"MSX","H1_CviMVP_PlDNA_1_SG_1611_a218009b","CviMVP_11873","SawIs_MA_2022-9-5",21,"H1_CviMVP_PlDNA_1_SG_1611_a218009b","6_H1_CviMVP_PlDNA_1_SG_1611_a218009b_MSX",1,NA,"Negative",FALSE,0,0
6,"H04","HEX","Unkn-08",NA,0,0,"MSX","H1_CviMVP_PlDNA_1_SG_1611_a218009b","CviMVP_11873","SawIs_MA_2022-9-5",21,"H1_CviMVP_PlDNA_1_SG_1611_a218009b","6_H1_CviMVP_PlDNA_1_SG_1611_a218009b_MSX",2,NA,"Negative",FALSE,0,0
6,"H05","HEX","Unkn-16",NA,0,0,"MSX","H2_CviMVP_PlDNA_1_SG_1253_50c2953b","CviMVP_10839","CC_VA_2022-7-11",22,"H2_CviMVP_PlDNA_1_SG_1253_50c2953b","6_H2_CviMVP_PlDNA_1_SG_1253_50c2953b_MSX",1,NA,"Negative",FALSE,0,0
6,"H06","HEX","Unkn-16",NA,0,0,"MSX","H2_CviMVP_PlDNA_1_SG_1253_50c2953b","CviMVP_10839","CC_VA_2022-7-11",22,"H2_CviMVP_PlDNA_1_SG_1253_50c2953b","6_H2_CviMVP_PlDNA_1_SG_1253_50c2953b_MSX",2,NA,"Negative",FALSE,0,0
6,"H07","HEX","Unkn-24",32.3,32.37,0,"MSX","F5_CviMVP_PlDNA_1_SG_1381_205acadd","CviMVP_11211","Sister_Lk_LA_2022-8-9",21,"F5_CviMVP_PlDNA_1_SG_1381_205acadd","6_F5_CviMVP_PlDNA_1_SG_1381_205acadd_MSX",1,0.140000000000001,"Positive",FALSE,0,0
6,"H08","HEX","Unkn-24",32.44,32.37,0,"MSX","F5_CviMVP_PlDNA_1_SG_1381_205acadd","CviMVP_11211","Sister_Lk_LA_2022-8-9",21,"F5_CviMVP_PlDNA_1_SG_1381_205acadd","6_F5_CviMVP_PlDNA_1_SG_1381_205acadd_MSX",2,0.140000000000001,"Positive",FALSE,0,0
6,"H09","HEX","Unkn-32",NA,0,0,"MSX","G5_CviMVP_PlDNA_1_SG_1121_e44e1e24","CviMVP_10488","CB_TX_2022-6-9",18,"G5_CviMVP_PlDNA_1_SG_1121_e44e1e24","6_G5_CviMVP_PlDNA_1_SG_1121_e44e1e24_MSX",1,NA,"Negative",FALSE,0,0
6,"H10","HEX","Unkn-32",NA,0,0,"MSX","G5_CviMVP_PlDNA_1_SG_1121_e44e1e24","CviMVP_10488","CB_TX_2022-6-9",18,"G5_CviMVP_PlDNA_1_SG_1121_e44e1e24","6_G5_CviMVP_PlDNA_1_SG_1121_e44e1e24_MSX",2,NA,"Negative",FALSE,0,0
7,"A03","FAM","Unkn-01",NA,0,0,"Dermo","A6_CviMVP_PlDNA_1_SG_1390_c6755537","CviMVP_11237","Sister_Lk_LA_2022-8-9",20,"A6_CviMVP_PlDNA_1_SG_1390_c6755537","7_A6_CviMVP_PlDNA_1_SG_1390_c6755537_Dermo",1,NA,"Negative",FALSE,0,0
7,"A04","FAM","Unkn-01",NA,0,0,"Dermo","A6_CviMVP_PlDNA_1_SG_1390_c6755537","CviMVP_11237","Sister_Lk_LA_2022-8-9",20,"A6_CviMVP_PlDNA_1_SG_1390_c6755537","7_A6_CviMVP_PlDNA_1_SG_1390_c6755537_Dermo",2,NA,"Negative",FALSE,0,0
7,"A05","FAM","Unkn-09",NA,0,0,"Dermo","A7_CviMVP_PlDNA_1_SG.sharedLotterhosPuritz_1768_5fe305a2","CviMVP_12336","DWS_CB_VA_2022-10-7",20,"A7_CviMVP_PlDNA_1_SG.sharedLotterhosPuritz_1768_5fe305a2","7_A7_CviMVP_PlDNA_1_SG.sharedLotterhosPuritz_1768_5fe305a2_Dermo",1,NA,"Inconclusive",TRUE,0,0
7,"A06","FAM","Unkn-09",36.69,36.69,0,"Dermo","A7_CviMVP_PlDNA_1_SG.sharedLotterhosPuritz_1768_5fe305a2","CviMVP_12336","DWS_CB_VA_2022-10-7",20,"A7_CviMVP_PlDNA_1_SG.sharedLotterhosPuritz_1768_5fe305a2","7_A7_CviMVP_PlDNA_1_SG.sharedLotterhosPuritz_1768_5fe305a2_Dermo",2,NA,"Inconclusive",TRUE,0,0
7,"A07","FAM","Unkn-17",38.62,38,0,"Dermo","A8_CviMVP_PlDNA_1_SG.sharedLotterhosPuritz_1756_8d5b0131","CviMVP_12300","DWS_CB_VA_2022-10-7",21,"A8_CviMVP_PlDNA_1_SG.sharedLotterhosPuritz_1756_8d5b0131","7_A8_CviMVP_PlDNA_1_SG.sharedLotterhosPuritz_1756_8d5b0131_Dermo",1,1.25,"Positive",FALSE,0,0
7,"A08","FAM","Unkn-17",37.37,38,0,"Dermo","A8_CviMVP_PlDNA_1_SG.sharedLotterhosPuritz_1756_8d5b0131","CviMVP_12300","DWS_CB_VA_2022-10-7",21,"A8_CviMVP_PlDNA_1_SG.sharedLotterhosPuritz_1756_8d5b0131","7_A8_CviMVP_PlDNA_1_SG.sharedLotterhosPuritz_1756_8d5b0131_Dermo",2,1.25,"Positive",FALSE,0,0
7,"A09","FAM","Unkn-25",35.13,34.64,0,"Dermo","A9_CviMVP_PlDNA_1_SG.sharedLotterhosPuritz_1766_b03cf183","CviMVP_12330","DWS_CB_VA_2022-10-7",20,"A9_CviMVP_PlDNA_1_SG.sharedLotterhosPuritz_1766_b03cf183","7_A9_CviMVP_PlDNA_1_SG.sharedLotterhosPuritz_1766_b03cf183_Dermo",1,0.990000000000002,"Positive",FALSE,0,0
7,"A10","FAM","Unkn-25",34.14,34.64,0,"Dermo","A9_CviMVP_PlDNA_1_SG.sharedLotterhosPuritz_1766_b03cf183","CviMVP_12330","DWS_CB_VA_2022-10-7",20,"A9_CviMVP_PlDNA_1_SG.sharedLotterhosPuritz_1766_b03cf183","7_A9_CviMVP_PlDNA_1_SG.sharedLotterhosPuritz_1766_b03cf183_Dermo",2,0.990000000000002,"Positive",FALSE,0,0
7,"B03","FAM","Unkn-02",32.72,32.93,0,"Dermo","B6_CviMVP_PlDNA_1_SG_1473_6075f53c","CviMVP_11469","SR_GB_NH_2022-8-12",21,"B6_CviMVP_PlDNA_1_SG_1473_6075f53c","7_B6_CviMVP_PlDNA_1_SG_1473_6075f53c_Dermo",1,0.420000000000002,"Positive",FALSE,0,0
7,"B04","FAM","Unkn-02",33.14,32.93,0,"Dermo","B6_CviMVP_PlDNA_1_SG_1473_6075f53c","CviMVP_11469","SR_GB_NH_2022-8-12",21,"B6_CviMVP_PlDNA_1_SG_1473_6075f53c","7_B6_CviMVP_PlDNA_1_SG_1473_6075f53c_Dermo",2,0.420000000000002,"Positive",FALSE,0,0
7,"B05","FAM","Unkn-10",26.23,26.37,0,"Dermo","B7_CviMVP_PlDNA_1_SG_1468_2e2613cd","CviMVP_11454","SR_GB_NH_2022-8-12",20,"B7_CviMVP_PlDNA_1_SG_1468_2e2613cd","7_B7_CviMVP_PlDNA_1_SG_1468_2e2613cd_Dermo",1,0.289999999999999,"Positive",FALSE,0,0
7,"B06","FAM","Unkn-10",26.52,26.37,0,"Dermo","B7_CviMVP_PlDNA_1_SG_1468_2e2613cd","CviMVP_11454","SR_GB_NH_2022-8-12",20,"B7_CviMVP_PlDNA_1_SG_1468_2e2613cd","7_B7_CviMVP_PlDNA_1_SG_1468_2e2613cd_Dermo",2,0.289999999999999,"Positive",FALSE,0,0
7,"B07","FAM","Unkn-18",27.02,26.95,0,"Dermo","B8_CviMVP_PlDNA_1_SG_1618_409fae3a","CviMVP_11894","SawIs_MA_2022-9-5",18,"B8_CviMVP_PlDNA_1_SG_1618_409fae3a","7_B8_CviMVP_PlDNA_1_SG_1618_409fae3a_Dermo",1,0.149999999999999,"Positive",FALSE,0,0
7,"B08","FAM","Unkn-18",26.87,26.95,0,"Dermo","B8_CviMVP_PlDNA_1_SG_1618_409fae3a","CviMVP_11894","SawIs_MA_2022-9-5",18,"B8_CviMVP_PlDNA_1_SG_1618_409fae3a","7_B8_CviMVP_PlDNA_1_SG_1618_409fae3a_Dermo",2,0.149999999999999,"Positive",FALSE,0,0
7,"B09","FAM","Unkn-26",26.07,25.65,1e-05,"Dermo","B9_CviMVP_PlDNA_1_SG_1238_3f7ed135","CviMVP_10796","CC_VA_2022-7-11",18,"B9_CviMVP_PlDNA_1_SG_1238_3f7ed135","7_B9_CviMVP_PlDNA_1_SG_1238_3f7ed135_Dermo",1,0.84,"Positive",FALSE,3874.15333333333,2
7,"B10","FAM","Unkn-26",25.23,25.65,1e-05,"Dermo","B9_CviMVP_PlDNA_1_SG_1238_3f7ed135","CviMVP_10796","CC_VA_2022-7-11",18,"B9_CviMVP_PlDNA_1_SG_1238_3f7ed135","7_B9_CviMVP_PlDNA_1_SG_1238_3f7ed135_Dermo",2,0.84,"Positive",FALSE,3874.15333333333,2
7,"B11","FAM","Unkn-33",31.59,31.62,0,"Dermo","A10_CviMVP_PlDNA_1_SG_1127_5d911985","CviMVP_10500","CB_TX_2022-6-9",19,"A10_CviMVP_PlDNA_1_SG_1127_5d911985","7_A10_CviMVP_PlDNA_1_SG_1127_5d911985_Dermo",1,0.0500000000000007,"Positive",FALSE,0,0
7,"B12","FAM","Unkn-33",31.64,31.62,0,"Dermo","A10_CviMVP_PlDNA_1_SG_1127_5d911985","CviMVP_10500","CB_TX_2022-6-9",19,"A10_CviMVP_PlDNA_1_SG_1127_5d911985","7_A10_CviMVP_PlDNA_1_SG_1127_5d911985_Dermo",2,0.0500000000000007,"Positive",FALSE,0,0
7,"C03","FAM","Unkn-03",NA,0,0,"Dermo","C6_CviMVP_PlDNA_1_SG.sharedLotterhosPuritz_1775_e5ce5c0f","CviMVP_12357","DWS_CB_VA_2022-10-7",18,"C6_CviMVP_PlDNA_1_SG.sharedLotterhosPuritz_1775_e5ce5c0f","7_C6_CviMVP_PlDNA_1_SG.sharedLotterhosPuritz_1775_e5ce5c0f_Dermo",1,NA,"Inconclusive",TRUE,0,0
7,"C04","FAM","Unkn-03",37.33,37.33,0,"Dermo","C6_CviMVP_PlDNA_1_SG.sharedLotterhosPuritz_1775_e5ce5c0f","CviMVP_12357","DWS_CB_VA_2022-10-7",18,"C6_CviMVP_PlDNA_1_SG.sharedLotterhosPuritz_1775_e5ce5c0f","7_C6_CviMVP_PlDNA_1_SG.sharedLotterhosPuritz_1775_e5ce5c0f_Dermo",2,NA,"Inconclusive",TRUE,0,0
7,"C05","FAM","Unkn-11",24.07,24.13,1e-05,"Dermo","C7_CviMVP_PlDNA_1_SG_1600_f7161c05","CviMVP_11841","SawIs_MA_2022-9-5",22,"C7_CviMVP_PlDNA_1_SG_1600_f7161c05","7_C7_CviMVP_PlDNA_1_SG_1600_f7161c05_Dermo",1,0.129999999999999,"Positive",FALSE,3169.76181818182,2
7,"C06","FAM","Unkn-11",24.2,24.13,1e-05,"Dermo","C7_CviMVP_PlDNA_1_SG_1600_f7161c05","CviMVP_11841","SawIs_MA_2022-9-5",22,"C7_CviMVP_PlDNA_1_SG_1600_f7161c05","7_C7_CviMVP_PlDNA_1_SG_1600_f7161c05_Dermo",2,0.129999999999999,"Positive",FALSE,3169.76181818182,2
7,"C07","FAM","Unkn-19",31.26,31.22,0,"Dermo","C8_CviMVP_PlDNA_1_SG_1249_ea2bc1d7","CviMVP_10828","CC_VA_2022-7-11",18,"C8_CviMVP_PlDNA_1_SG_1249_ea2bc1d7","7_C8_CviMVP_PlDNA_1_SG_1249_ea2bc1d7_Dermo",1,0.0700000000000003,"Positive",FALSE,0,0
7,"C08","FAM","Unkn-19",31.19,31.22,0,"Dermo","C8_CviMVP_PlDNA_1_SG_1249_ea2bc1d7","CviMVP_10828","CC_VA_2022-7-11",18,"C8_CviMVP_PlDNA_1_SG_1249_ea2bc1d7","7_C8_CviMVP_PlDNA_1_SG_1249_ea2bc1d7_Dermo",2,0.0700000000000003,"Positive",FALSE,0,0
7,"C09","FAM","Unkn-27",26.43,26.26,0,"Dermo","C9_CviMVP_PlDNA_1_SG_1574_143671d4","CviMVP_11768","KP_FGR_FL_2022-8-23",18,"C9_CviMVP_PlDNA_1_SG_1574_143671d4","7_C9_CviMVP_PlDNA_1_SG_1574_143671d4_Dermo",1,0.34,"Positive",FALSE,0,0
7,"C10","FAM","Unkn-27",26.09,26.26,0,"Dermo","C9_CviMVP_PlDNA_1_SG_1574_143671d4","CviMVP_11768","KP_FGR_FL_2022-8-23",18,"C9_CviMVP_PlDNA_1_SG_1574_143671d4","7_C9_CviMVP_PlDNA_1_SG_1574_143671d4_Dermo",2,0.34,"Positive",FALSE,0,0
7,"C11","FAM","Unkn-34",38.31,38.31,0,"Dermo","B10_CviMVP_PlDNA_1_SG_1119_34ade408","CviMVP_10483","CB_TX_2022-6-9",18,"B10_CviMVP_PlDNA_1_SG_1119_34ade408","7_B10_CviMVP_PlDNA_1_SG_1119_34ade408_Dermo",1,NA,"Inconclusive",TRUE,0,0
7,"C12","FAM","Unkn-34",NA,0,0,"Dermo","B10_CviMVP_PlDNA_1_SG_1119_34ade408","CviMVP_10483","CB_TX_2022-6-9",18,"B10_CviMVP_PlDNA_1_SG_1119_34ade408","7_B10_CviMVP_PlDNA_1_SG_1119_34ade408_Dermo",2,NA,"Inconclusive",TRUE,0,0
7,"D03","FAM","Unkn-04",36.98,38,0,"Dermo","D6_CviMVP_PlDNA_1_SG_1890_37209564","CviMVP_12692","DC_DR_ME_2022-10-25",22,"D6_CviMVP_PlDNA_1_SG_1890_37209564","7_D6_CviMVP_PlDNA_1_SG_1890_37209564_Dermo",1,2.04000000000001,"Inconclusive",TRUE,0,0
7,"D04","FAM","Unkn-04",39.02,38,0,"Dermo","D6_CviMVP_PlDNA_1_SG_1890_37209564","CviMVP_12692","DC_DR_ME_2022-10-25",22,"D6_CviMVP_PlDNA_1_SG_1890_37209564","7_D6_CviMVP_PlDNA_1_SG_1890_37209564_Dermo",2,2.04000000000001,"Inconclusive",TRUE,0,0
7,"D05","FAM","Unkn-12",28.54,28.29,0,"Dermo","D7_CviMVP_PlDNA_1_SG_1255_9a84394e","CviMVP_10843","CC_VA_2022-7-11",18,"D7_CviMVP_PlDNA_1_SG_1255_9a84394e","7_D7_CviMVP_PlDNA_1_SG_1255_9a84394e_Dermo",1,0.489999999999998,"Positive",FALSE,0,0
7,"D06","FAM","Unkn-12",28.05,28.29,0,"Dermo","D7_CviMVP_PlDNA_1_SG_1255_9a84394e","CviMVP_10843","CC_VA_2022-7-11",18,"D7_CviMVP_PlDNA_1_SG_1255_9a84394e","7_D7_CviMVP_PlDNA_1_SG_1255_9a84394e_Dermo",2,0.489999999999998,"Positive",FALSE,0,0
7,"D07","FAM","Unkn-20",NA,0,0,"Dermo","D8_CviMVP_PlDNA_1_SG.sharedLotterhosPuritz_1765_64714308","CviMVP_12327","DWS_CB_VA_2022-10-7",21,"D8_CviMVP_PlDNA_1_SG.sharedLotterhosPuritz_1765_64714308","7_D8_CviMVP_PlDNA_1_SG.sharedLotterhosPuritz_1765_64714308_Dermo",1,NA,"Negative",FALSE,0,0
7,"D08","FAM","Unkn-20",NA,0,0,"Dermo","D8_CviMVP_PlDNA_1_SG.sharedLotterhosPuritz_1765_64714308","CviMVP_12327","DWS_CB_VA_2022-10-7",21,"D8_CviMVP_PlDNA_1_SG.sharedLotterhosPuritz_1765_64714308","7_D8_CviMVP_PlDNA_1_SG.sharedLotterhosPuritz_1765_64714308_Dermo",2,NA,"Negative",FALSE,0,0
7,"D09","FAM","Unkn-28",32.63,32.61,0,"Dermo","D9_CviMVP_PlDNA_1_SG_1461_0baeb3eb","CviMVP_11434","SR_GB_NH_2022-8-12",20,"D9_CviMVP_PlDNA_1_SG_1461_0baeb3eb","7_D9_CviMVP_PlDNA_1_SG_1461_0baeb3eb_Dermo",1,0.0399999999999991,"Positive",FALSE,0,0
7,"D10","FAM","Unkn-28",32.59,32.61,0,"Dermo","D9_CviMVP_PlDNA_1_SG_1461_0baeb3eb","CviMVP_11434","SR_GB_NH_2022-8-12",20,"D9_CviMVP_PlDNA_1_SG_1461_0baeb3eb","7_D9_CviMVP_PlDNA_1_SG_1461_0baeb3eb_Dermo",2,0.0399999999999991,"Positive",FALSE,0,0
7,"D11","FAM","Unkn-35",NA,0,0,"Dermo","C10_CviMVP_PlDNA_1_SG_1386_3505dd4f","CviMVP_11225","Sister_Lk_LA_2022-8-9",20,"C10_CviMVP_PlDNA_1_SG_1386_3505dd4f","7_C10_CviMVP_PlDNA_1_SG_1386_3505dd4f_Dermo",1,NA,"Negative",FALSE,0,0
7,"D12","FAM","Unkn-35",NA,0,0,"Dermo","C10_CviMVP_PlDNA_1_SG_1386_3505dd4f","CviMVP_11225","Sister_Lk_LA_2022-8-9",20,"C10_CviMVP_PlDNA_1_SG_1386_3505dd4f","7_C10_CviMVP_PlDNA_1_SG_1386_3505dd4f_Dermo",2,NA,"Negative",FALSE,0,0
7,"E03","FAM","Unkn-05",NA,0,0,"Dermo","E6_CviMVP_PlDNA_1_SG_1392_6133f015","CviMVP_11243","Sister_Lk_LA_2022-8-9",22,"E6_CviMVP_PlDNA_1_SG_1392_6133f015","7_E6_CviMVP_PlDNA_1_SG_1392_6133f015_Dermo",1,NA,"Negative",FALSE,0,0
7,"E04","FAM","Unkn-05",NA,0,0,"Dermo","E6_CviMVP_PlDNA_1_SG_1392_6133f015","CviMVP_11243","Sister_Lk_LA_2022-8-9",22,"E6_CviMVP_PlDNA_1_SG_1392_6133f015","7_E6_CviMVP_PlDNA_1_SG_1392_6133f015_Dermo",2,NA,"Negative",FALSE,0,0
7,"E05","FAM","Unkn-13",NA,0,0,"Dermo","E7_CviMVP_PlDNA_1_SG.sharedLotterhosPuritz_1764_ea467efb","CviMVP_12324","DWS_CB_VA_2022-10-7",22,"E7_CviMVP_PlDNA_1_SG.sharedLotterhosPuritz_1764_ea467efb","7_E7_CviMVP_PlDNA_1_SG.sharedLotterhosPuritz_1764_ea467efb_Dermo",1,NA,"Negative",FALSE,0,0
7,"E06","FAM","Unkn-13",NA,0,0,"Dermo","E7_CviMVP_PlDNA_1_SG.sharedLotterhosPuritz_1764_ea467efb","CviMVP_12324","DWS_CB_VA_2022-10-7",22,"E7_CviMVP_PlDNA_1_SG.sharedLotterhosPuritz_1764_ea467efb","7_E7_CviMVP_PlDNA_1_SG.sharedLotterhosPuritz_1764_ea467efb_Dermo",2,NA,"Negative",FALSE,0,0
7,"E07","FAM","Unkn-21",38.38,38.39,0,"Dermo","E8_CviMVP_PlDNA_1_SG_1376_66a62dfd","CviMVP_11196","Sister_Lk_LA_2022-8-9",19,"E8_CviMVP_PlDNA_1_SG_1376_66a62dfd","7_E8_CviMVP_PlDNA_1_SG_1376_66a62dfd_Dermo",1,0.00999999999999801,"Positive",FALSE,0,0
7,"E08","FAM","Unkn-21",38.39,38.39,0,"Dermo","E8_CviMVP_PlDNA_1_SG_1376_66a62dfd","CviMVP_11196","Sister_Lk_LA_2022-8-9",19,"E8_CviMVP_PlDNA_1_SG_1376_66a62dfd","7_E8_CviMVP_PlDNA_1_SG_1376_66a62dfd_Dermo",2,0.00999999999999801,"Positive",FALSE,0,0
7,"E09","FAM","Unkn-29",NA,0,0,"Dermo","E9_CviMVP_PlDNA_1_SG.sharedLotterhosPuritz_1761_50f9589f","CviMVP_12315","DWS_CB_VA_2022-10-7",22,"E9_CviMVP_PlDNA_1_SG.sharedLotterhosPuritz_1761_50f9589f","7_E9_CviMVP_PlDNA_1_SG.sharedLotterhosPuritz_1761_50f9589f_Dermo",1,NA,"Inconclusive",TRUE,0,0
7,"E10","FAM","Unkn-29",36.66,36.66,0,"Dermo","E9_CviMVP_PlDNA_1_SG.sharedLotterhosPuritz_1761_50f9589f","CviMVP_12315","DWS_CB_VA_2022-10-7",22,"E9_CviMVP_PlDNA_1_SG.sharedLotterhosPuritz_1761_50f9589f","7_E9_CviMVP_PlDNA_1_SG.sharedLotterhosPuritz_1761_50f9589f_Dermo",2,NA,"Inconclusive",TRUE,0,0
7,"E11","FAM","Unkn-36",36.3,37.67,0,"Dermo","D10_CviMVP_PlDNA_1_SG_1471_c9f8e6c3","CviMVP_11463","SR_GB_NH_2022-8-12",22,"D10_CviMVP_PlDNA_1_SG_1471_c9f8e6c3","7_D10_CviMVP_PlDNA_1_SG_1471_c9f8e6c3_Dermo",1,2.73,"Inconclusive",TRUE,0,0
7,"E12","FAM","Unkn-36",39.03,37.67,0,"Dermo","D10_CviMVP_PlDNA_1_SG_1471_c9f8e6c3","CviMVP_11463","SR_GB_NH_2022-8-12",22,"D10_CviMVP_PlDNA_1_SG_1471_c9f8e6c3","7_D10_CviMVP_PlDNA_1_SG_1471_c9f8e6c3_Dermo",2,2.73,"Inconclusive",TRUE,0,0
7,"F03","FAM","Unkn-06",NA,0,0,"Dermo","F6_CviMVP_PlDNA_1_SG_1881_ef2db062","CviMVP_12666","DC_DR_ME_2022-10-25",19,"F6_CviMVP_PlDNA_1_SG_1881_ef2db062","7_F6_CviMVP_PlDNA_1_SG_1881_ef2db062_Dermo",1,NA,"Negative",FALSE,0,0
7,"F04","FAM","Unkn-06",NA,0,0,"Dermo","F6_CviMVP_PlDNA_1_SG_1881_ef2db062","CviMVP_12666","DC_DR_ME_2022-10-25",19,"F6_CviMVP_PlDNA_1_SG_1881_ef2db062","7_F6_CviMVP_PlDNA_1_SG_1881_ef2db062_Dermo",2,NA,"Negative",FALSE,0,0
7,"F05","FAM","Unkn-14",36.2,36.2,0,"Dermo","F7_CviMVP_PlDNA_1_SG_1111_79a19714","CviMVP_10467","CB_TX_2022-6-9",18,"F7_CviMVP_PlDNA_1_SG_1111_79a19714","7_F7_CviMVP_PlDNA_1_SG_1111_79a19714_Dermo",1,NA,"Inconclusive",TRUE,0,0
7,"F06","FAM","Unkn-14",NA,0,0,"Dermo","F7_CviMVP_PlDNA_1_SG_1111_79a19714","CviMVP_10467","CB_TX_2022-6-9",18,"F7_CviMVP_PlDNA_1_SG_1111_79a19714","7_F7_CviMVP_PlDNA_1_SG_1111_79a19714_Dermo",2,NA,"Inconclusive",TRUE,0,0
7,"F07","FAM","Unkn-22",29.75,29.53,0,"Dermo","F8_CviMVP_PlDNA_1_SG_1598_f41672fb","CviMVP_11835","KP_FGR_FL_2022-8-23",18,"F8_CviMVP_PlDNA_1_SG_1598_f41672fb","7_F8_CviMVP_PlDNA_1_SG_1598_f41672fb_Dermo",1,0.440000000000001,"Positive",FALSE,0,0
7,"F08","FAM","Unkn-22",29.31,29.53,0,"Dermo","F8_CviMVP_PlDNA_1_SG_1598_f41672fb","CviMVP_11835","KP_FGR_FL_2022-8-23",18,"F8_CviMVP_PlDNA_1_SG_1598_f41672fb","7_F8_CviMVP_PlDNA_1_SG_1598_f41672fb_Dermo",2,0.440000000000001,"Positive",FALSE,0,0
7,"F09","FAM","Unkn-30",NA,0,0,"Dermo","F9_CviMVP_PlDNA_1_SG_1245_5b85a925","CviMVP_10816","CC_VA_2022-7-11",21,"F9_CviMVP_PlDNA_1_SG_1245_5b85a925","7_F9_CviMVP_PlDNA_1_SG_1245_5b85a925_Dermo",1,NA,"Inconclusive",TRUE,0,0
7,"F10","FAM","Unkn-30",39.37,39.37,0,"Dermo","F9_CviMVP_PlDNA_1_SG_1245_5b85a925","CviMVP_10816","CC_VA_2022-7-11",21,"F9_CviMVP_PlDNA_1_SG_1245_5b85a925","7_F9_CviMVP_PlDNA_1_SG_1245_5b85a925_Dermo",2,NA,"Inconclusive",TRUE,0,0
7,"F11","FAM","Unkn-37",NA,0,0,"Dermo","E10_CviMVP_PlDNA_1_SG_1877_f2d87033","CviMVP_12655","DC_DR_ME_2022-10-25",22,"E10_CviMVP_PlDNA_1_SG_1877_f2d87033","7_E10_CviMVP_PlDNA_1_SG_1877_f2d87033_Dermo",1,NA,"Negative",FALSE,0,0
7,"F12","FAM","Unkn-37",NA,0,0,"Dermo","E10_CviMVP_PlDNA_1_SG_1877_f2d87033","CviMVP_12655","DC_DR_ME_2022-10-25",22,"E10_CviMVP_PlDNA_1_SG_1877_f2d87033","7_E10_CviMVP_PlDNA_1_SG_1877_f2d87033_Dermo",2,NA,"Negative",FALSE,0,0
7,"G03","FAM","Unkn-07",27.57,27.66,0,"Dermo","G6_CviMVP_PlDNA_1_SG_1608_de738593","CviMVP_11864","SawIs_MA_2022-9-5",20,"G6_CviMVP_PlDNA_1_SG_1608_de738593","7_G6_CviMVP_PlDNA_1_SG_1608_de738593_Dermo",1,0.18,"Positive",FALSE,0,0
7,"G04","FAM","Unkn-07",27.75,27.66,0,"Dermo","G6_CviMVP_PlDNA_1_SG_1608_de738593","CviMVP_11864","SawIs_MA_2022-9-5",20,"G6_CviMVP_PlDNA_1_SG_1608_de738593","7_G6_CviMVP_PlDNA_1_SG_1608_de738593_Dermo",2,0.18,"Positive",FALSE,0,0
7,"G05","FAM","Unkn-15",29.08,29.12,0,"Dermo","G7_CviMVP_PlDNA_1_SG_1575_5d10637a","CviMVP_11771","KP_FGR_FL_2022-8-23",20,"G7_CviMVP_PlDNA_1_SG_1575_5d10637a","7_G7_CviMVP_PlDNA_1_SG_1575_5d10637a_Dermo",1,0.0800000000000018,"Positive",FALSE,0,0
7,"G06","FAM","Unkn-15",29.16,29.12,0,"Dermo","G7_CviMVP_PlDNA_1_SG_1575_5d10637a","CviMVP_11771","KP_FGR_FL_2022-8-23",20,"G7_CviMVP_PlDNA_1_SG_1575_5d10637a","7_G7_CviMVP_PlDNA_1_SG_1575_5d10637a_Dermo",2,0.0800000000000018,"Positive",FALSE,0,0
7,"G07","FAM","Unkn-23",NA,0,0,"Dermo","G8_CviMVP_PlDNA_1_SG_1874_7a55697c","CviMVP_12646","DC_DR_ME_2022-10-25",18,"G8_CviMVP_PlDNA_1_SG_1874_7a55697c","7_G8_CviMVP_PlDNA_1_SG_1874_7a55697c_Dermo",1,NA,"Negative",FALSE,0,0
7,"G08","FAM","Unkn-23",NA,0,0,"Dermo","G8_CviMVP_PlDNA_1_SG_1874_7a55697c","CviMVP_12646","DC_DR_ME_2022-10-25",18,"G8_CviMVP_PlDNA_1_SG_1874_7a55697c","7_G8_CviMVP_PlDNA_1_SG_1874_7a55697c_Dermo",2,NA,"Negative",FALSE,0,0
7,"G09","FAM","Unkn-31",35.37,35.17,0,"Dermo","G9_CviMVP_PlDNA_1_SG_1869_68d9f8dc","CviMVP_12631","DC_DR_ME_2022-10-25",20,"G9_CviMVP_PlDNA_1_SG_1869_68d9f8dc","7_G9_CviMVP_PlDNA_1_SG_1869_68d9f8dc_Dermo",1,0.409999999999997,"Positive",FALSE,0,0
7,"G10","FAM","Unkn-31",34.96,35.17,0,"Dermo","G9_CviMVP_PlDNA_1_SG_1869_68d9f8dc","CviMVP_12631","DC_DR_ME_2022-10-25",20,"G9_CviMVP_PlDNA_1_SG_1869_68d9f8dc","7_G9_CviMVP_PlDNA_1_SG_1869_68d9f8dc_Dermo",2,0.409999999999997,"Positive",FALSE,0,0
7,"H03","FAM","Unkn-08",33.49,33.65,0,"Dermo","H6_CviMVP_PlDNA_1_SG_1569_7b632b7c","CviMVP_11755","KP_FGR_FL_2022-8-23",18,"H6_CviMVP_PlDNA_1_SG_1569_7b632b7c","7_H6_CviMVP_PlDNA_1_SG_1569_7b632b7c_Dermo",1,0.32,"Positive",FALSE,0,0
7,"H04","FAM","Unkn-08",33.81,33.65,0,"Dermo","H6_CviMVP_PlDNA_1_SG_1569_7b632b7c","CviMVP_11755","KP_FGR_FL_2022-8-23",18,"H6_CviMVP_PlDNA_1_SG_1569_7b632b7c","7_H6_CviMVP_PlDNA_1_SG_1569_7b632b7c_Dermo",2,0.32,"Positive",FALSE,0,0
7,"H05","FAM","Unkn-16",NA,0,0,"Dermo","H7_CviMVP_PlDNA_1_SG_1879_18c16562","CviMVP_12661","DC_DR_ME_2022-10-25",22,"H7_CviMVP_PlDNA_1_SG_1879_18c16562","7_H7_CviMVP_PlDNA_1_SG_1879_18c16562_Dermo",1,NA,"Negative",FALSE,0,0
7,"H06","FAM","Unkn-16",NA,0,0,"Dermo","H7_CviMVP_PlDNA_1_SG_1879_18c16562","CviMVP_12661","DC_DR_ME_2022-10-25",22,"H7_CviMVP_PlDNA_1_SG_1879_18c16562","7_H7_CviMVP_PlDNA_1_SG_1879_18c16562_Dermo",2,NA,"Negative",FALSE,0,0
7,"H07","FAM","Unkn-24",23.34,23.25,2e-05,"Dermo","H8_CviMVP_PlDNA_1_SG_1455_e05c4f6d","CviMVP_11417","Cal_Lake_LA_2022-8-11",19,"H8_CviMVP_PlDNA_1_SG_1455_e05c4f6d","7_H8_CviMVP_PlDNA_1_SG_1455_e05c4f6d_Dermo",1,0.18,"Positive",FALSE,7340.50105263158,2
7,"H08","FAM","Unkn-24",23.16,23.25,2e-05,"Dermo","H8_CviMVP_PlDNA_1_SG_1455_e05c4f6d","CviMVP_11417","Cal_Lake_LA_2022-8-11",19,"H8_CviMVP_PlDNA_1_SG_1455_e05c4f6d","7_H8_CviMVP_PlDNA_1_SG_1455_e05c4f6d_Dermo",2,0.18,"Positive",FALSE,7340.50105263158,2
7,"H09","FAM","Unkn-32",39.3,39.3,0,"Dermo","H9_CviMVP_PlDNA_1_SG_1104_589c9460","CviMVP_10452","CB_TX_2022-6-9",21,"H9_CviMVP_PlDNA_1_SG_1104_589c9460","7_H9_CviMVP_PlDNA_1_SG_1104_589c9460_Dermo",1,NA,"Inconclusive",TRUE,0,0
7,"H10","FAM","Unkn-32",NA,0,0,"Dermo","H9_CviMVP_PlDNA_1_SG_1104_589c9460","CviMVP_10452","CB_TX_2022-6-9",21,"H9_CviMVP_PlDNA_1_SG_1104_589c9460","7_H9_CviMVP_PlDNA_1_SG_1104_589c9460_Dermo",2,NA,"Inconclusive",TRUE,0,0
7,"A03","HEX","Unkn-01",NA,0,0,"MSX","A6_CviMVP_PlDNA_1_SG_1390_c6755537","CviMVP_11237","Sister_Lk_LA_2022-8-9",20,"A6_CviMVP_PlDNA_1_SG_1390_c6755537","7_A6_CviMVP_PlDNA_1_SG_1390_c6755537_MSX",1,NA,"Negative",FALSE,0,0
7,"A04","HEX","Unkn-01",NA,0,0,"MSX","A6_CviMVP_PlDNA_1_SG_1390_c6755537","CviMVP_11237","Sister_Lk_LA_2022-8-9",20,"A6_CviMVP_PlDNA_1_SG_1390_c6755537","7_A6_CviMVP_PlDNA_1_SG_1390_c6755537_MSX",2,NA,"Negative",FALSE,0,0
7,"A05","HEX","Unkn-09",NA,0,0,"MSX","A7_CviMVP_PlDNA_1_SG.sharedLotterhosPuritz_1768_5fe305a2","CviMVP_12336","DWS_CB_VA_2022-10-7",20,"A7_CviMVP_PlDNA_1_SG.sharedLotterhosPuritz_1768_5fe305a2","7_A7_CviMVP_PlDNA_1_SG.sharedLotterhosPuritz_1768_5fe305a2_MSX",1,NA,"Negative",FALSE,0,0
7,"A06","HEX","Unkn-09",NA,0,0,"MSX","A7_CviMVP_PlDNA_1_SG.sharedLotterhosPuritz_1768_5fe305a2","CviMVP_12336","DWS_CB_VA_2022-10-7",20,"A7_CviMVP_PlDNA_1_SG.sharedLotterhosPuritz_1768_5fe305a2","7_A7_CviMVP_PlDNA_1_SG.sharedLotterhosPuritz_1768_5fe305a2_MSX",2,NA,"Negative",FALSE,0,0
7,"A07","HEX","Unkn-17",39.25,39.25,0,"MSX","A8_CviMVP_PlDNA_1_SG.sharedLotterhosPuritz_1756_8d5b0131","CviMVP_12300","DWS_CB_VA_2022-10-7",21,"A8_CviMVP_PlDNA_1_SG.sharedLotterhosPuritz_1756_8d5b0131","7_A8_CviMVP_PlDNA_1_SG.sharedLotterhosPuritz_1756_8d5b0131_MSX",1,NA,"Inconclusive",TRUE,0,0
7,"A08","HEX","Unkn-17",NA,0,0,"MSX","A8_CviMVP_PlDNA_1_SG.sharedLotterhosPuritz_1756_8d5b0131","CviMVP_12300","DWS_CB_VA_2022-10-7",21,"A8_CviMVP_PlDNA_1_SG.sharedLotterhosPuritz_1756_8d5b0131","7_A8_CviMVP_PlDNA_1_SG.sharedLotterhosPuritz_1756_8d5b0131_MSX",2,NA,"Inconclusive",TRUE,0,0
7,"A09","HEX","Unkn-25",NA,0,0,"MSX","A9_CviMVP_PlDNA_1_SG.sharedLotterhosPuritz_1766_b03cf183","CviMVP_12330","DWS_CB_VA_2022-10-7",20,"A9_CviMVP_PlDNA_1_SG.sharedLotterhosPuritz_1766_b03cf183","7_A9_CviMVP_PlDNA_1_SG.sharedLotterhosPuritz_1766_b03cf183_MSX",1,NA,"Negative",FALSE,0,0
7,"A10","HEX","Unkn-25",NA,0,0,"MSX","A9_CviMVP_PlDNA_1_SG.sharedLotterhosPuritz_1766_b03cf183","CviMVP_12330","DWS_CB_VA_2022-10-7",20,"A9_CviMVP_PlDNA_1_SG.sharedLotterhosPuritz_1766_b03cf183","7_A9_CviMVP_PlDNA_1_SG.sharedLotterhosPuritz_1766_b03cf183_MSX",2,NA,"Negative",FALSE,0,0
7,"B03","HEX","Unkn-02",37.3,37.25,0,"MSX","B6_CviMVP_PlDNA_1_SG_1473_6075f53c","CviMVP_11469","SR_GB_NH_2022-8-12",21,"B6_CviMVP_PlDNA_1_SG_1473_6075f53c","7_B6_CviMVP_PlDNA_1_SG_1473_6075f53c_MSX",1,0.0899999999999963,"Positive",FALSE,0,0
7,"B04","HEX","Unkn-02",37.21,37.25,0,"MSX","B6_CviMVP_PlDNA_1_SG_1473_6075f53c","CviMVP_11469","SR_GB_NH_2022-8-12",21,"B6_CviMVP_PlDNA_1_SG_1473_6075f53c","7_B6_CviMVP_PlDNA_1_SG_1473_6075f53c_MSX",2,0.0899999999999963,"Positive",FALSE,0,0
7,"B05","HEX","Unkn-10",NA,0,0,"MSX","B7_CviMVP_PlDNA_1_SG_1468_2e2613cd","CviMVP_11454","SR_GB_NH_2022-8-12",20,"B7_CviMVP_PlDNA_1_SG_1468_2e2613cd","7_B7_CviMVP_PlDNA_1_SG_1468_2e2613cd_MSX",1,NA,"Negative",FALSE,0,0
7,"B06","HEX","Unkn-10",NA,0,0,"MSX","B7_CviMVP_PlDNA_1_SG_1468_2e2613cd","CviMVP_11454","SR_GB_NH_2022-8-12",20,"B7_CviMVP_PlDNA_1_SG_1468_2e2613cd","7_B7_CviMVP_PlDNA_1_SG_1468_2e2613cd_MSX",2,NA,"Negative",FALSE,0,0
7,"B07","HEX","Unkn-18",37.19,38.12,0,"MSX","B8_CviMVP_PlDNA_1_SG_1618_409fae3a","CviMVP_11894","SawIs_MA_2022-9-5",18,"B8_CviMVP_PlDNA_1_SG_1618_409fae3a","7_B8_CviMVP_PlDNA_1_SG_1618_409fae3a_MSX",1,1.85,"Positive",FALSE,0,0
7,"B08","HEX","Unkn-18",39.04,38.12,0,"MSX","B8_CviMVP_PlDNA_1_SG_1618_409fae3a","CviMVP_11894","SawIs_MA_2022-9-5",18,"B8_CviMVP_PlDNA_1_SG_1618_409fae3a","7_B8_CviMVP_PlDNA_1_SG_1618_409fae3a_MSX",2,1.85,"Positive",FALSE,0,0
7,"B09","HEX","Unkn-26",NA,0,0,"MSX","B9_CviMVP_PlDNA_1_SG_1238_3f7ed135","CviMVP_10796","CC_VA_2022-7-11",18,"B9_CviMVP_PlDNA_1_SG_1238_3f7ed135","7_B9_CviMVP_PlDNA_1_SG_1238_3f7ed135_MSX",1,NA,"Negative",FALSE,0,0
7,"B10","HEX","Unkn-26",NA,0,0,"MSX","B9_CviMVP_PlDNA_1_SG_1238_3f7ed135","CviMVP_10796","CC_VA_2022-7-11",18,"B9_CviMVP_PlDNA_1_SG_1238_3f7ed135","7_B9_CviMVP_PlDNA_1_SG_1238_3f7ed135_MSX",2,NA,"Negative",FALSE,0,0
7,"B11","HEX","Unkn-33",NA,0,0,"MSX","A10_CviMVP_PlDNA_1_SG_1127_5d911985","CviMVP_10500","CB_TX_2022-6-9",19,"A10_CviMVP_PlDNA_1_SG_1127_5d911985","7_A10_CviMVP_PlDNA_1_SG_1127_5d911985_MSX",1,NA,"Negative",FALSE,0,0
7,"B12","HEX","Unkn-33",NA,0,0,"MSX","A10_CviMVP_PlDNA_1_SG_1127_5d911985","CviMVP_10500","CB_TX_2022-6-9",19,"A10_CviMVP_PlDNA_1_SG_1127_5d911985","7_A10_CviMVP_PlDNA_1_SG_1127_5d911985_MSX",2,NA,"Negative",FALSE,0,0
7,"C03","HEX","Unkn-03",NA,0,0,"MSX","C6_CviMVP_PlDNA_1_SG.sharedLotterhosPuritz_1775_e5ce5c0f","CviMVP_12357","DWS_CB_VA_2022-10-7",18,"C6_CviMVP_PlDNA_1_SG.sharedLotterhosPuritz_1775_e5ce5c0f","7_C6_CviMVP_PlDNA_1_SG.sharedLotterhosPuritz_1775_e5ce5c0f_MSX",1,NA,"Negative",FALSE,0,0
7,"C04","HEX","Unkn-03",NA,0,0,"MSX","C6_CviMVP_PlDNA_1_SG.sharedLotterhosPuritz_1775_e5ce5c0f","CviMVP_12357","DWS_CB_VA_2022-10-7",18,"C6_CviMVP_PlDNA_1_SG.sharedLotterhosPuritz_1775_e5ce5c0f","7_C6_CviMVP_PlDNA_1_SG.sharedLotterhosPuritz_1775_e5ce5c0f_MSX",2,NA,"Negative",FALSE,0,0
7,"C05","HEX","Unkn-11",NA,0,0,"MSX","C7_CviMVP_PlDNA_1_SG_1600_f7161c05","CviMVP_11841","SawIs_MA_2022-9-5",22,"C7_CviMVP_PlDNA_1_SG_1600_f7161c05","7_C7_CviMVP_PlDNA_1_SG_1600_f7161c05_MSX",1,NA,"Negative",FALSE,0,0
7,"C06","HEX","Unkn-11",NA,0,0,"MSX","C7_CviMVP_PlDNA_1_SG_1600_f7161c05","CviMVP_11841","SawIs_MA_2022-9-5",22,"C7_CviMVP_PlDNA_1_SG_1600_f7161c05","7_C7_CviMVP_PlDNA_1_SG_1600_f7161c05_MSX",2,NA,"Negative",FALSE,0,0
7,"C07","HEX","Unkn-19",NA,0,0,"MSX","C8_CviMVP_PlDNA_1_SG_1249_ea2bc1d7","CviMVP_10828","CC_VA_2022-7-11",18,"C8_CviMVP_PlDNA_1_SG_1249_ea2bc1d7","7_C8_CviMVP_PlDNA_1_SG_1249_ea2bc1d7_MSX",1,NA,"Negative",FALSE,0,0
7,"C08","HEX","Unkn-19",NA,0,0,"MSX","C8_CviMVP_PlDNA_1_SG_1249_ea2bc1d7","CviMVP_10828","CC_VA_2022-7-11",18,"C8_CviMVP_PlDNA_1_SG_1249_ea2bc1d7","7_C8_CviMVP_PlDNA_1_SG_1249_ea2bc1d7_MSX",2,NA,"Negative",FALSE,0,0
7,"C09","HEX","Unkn-27",NA,0,0,"MSX","C9_CviMVP_PlDNA_1_SG_1574_143671d4","CviMVP_11768","KP_FGR_FL_2022-8-23",18,"C9_CviMVP_PlDNA_1_SG_1574_143671d4","7_C9_CviMVP_PlDNA_1_SG_1574_143671d4_MSX",1,NA,"Negative",FALSE,0,0
7,"C10","HEX","Unkn-27",NA,0,0,"MSX","C9_CviMVP_PlDNA_1_SG_1574_143671d4","CviMVP_11768","KP_FGR_FL_2022-8-23",18,"C9_CviMVP_PlDNA_1_SG_1574_143671d4","7_C9_CviMVP_PlDNA_1_SG_1574_143671d4_MSX",2,NA,"Negative",FALSE,0,0
7,"C11","HEX","Unkn-34",NA,0,0,"MSX","B10_CviMVP_PlDNA_1_SG_1119_34ade408","CviMVP_10483","CB_TX_2022-6-9",18,"B10_CviMVP_PlDNA_1_SG_1119_34ade408","7_B10_CviMVP_PlDNA_1_SG_1119_34ade408_MSX",1,NA,"Negative",FALSE,0,0
7,"C12","HEX","Unkn-34",NA,0,0,"MSX","B10_CviMVP_PlDNA_1_SG_1119_34ade408","CviMVP_10483","CB_TX_2022-6-9",18,"B10_CviMVP_PlDNA_1_SG_1119_34ade408","7_B10_CviMVP_PlDNA_1_SG_1119_34ade408_MSX",2,NA,"Negative",FALSE,0,0
7,"D03","HEX","Unkn-04",33.49,33.37,0,"MSX","D6_CviMVP_PlDNA_1_SG_1890_37209564","CviMVP_12692","DC_DR_ME_2022-10-25",22,"D6_CviMVP_PlDNA_1_SG_1890_37209564","7_D6_CviMVP_PlDNA_1_SG_1890_37209564_MSX",1,0.240000000000002,"Positive",FALSE,0,0
7,"D04","HEX","Unkn-04",33.25,33.37,0,"MSX","D6_CviMVP_PlDNA_1_SG_1890_37209564","CviMVP_12692","DC_DR_ME_2022-10-25",22,"D6_CviMVP_PlDNA_1_SG_1890_37209564","7_D6_CviMVP_PlDNA_1_SG_1890_37209564_MSX",2,0.240000000000002,"Positive",FALSE,0,0
7,"D05","HEX","Unkn-12",25.49,25.3,1e-05,"MSX","D7_CviMVP_PlDNA_1_SG_1255_9a84394e","CviMVP_10843","CC_VA_2022-7-11",18,"D7_CviMVP_PlDNA_1_SG_1255_9a84394e","7_D7_CviMVP_PlDNA_1_SG_1255_9a84394e_MSX",1,0.379999999999999,"Positive",FALSE,4339.18555555556,2
7,"D06","HEX","Unkn-12",25.11,25.3,1e-05,"MSX","D7_CviMVP_PlDNA_1_SG_1255_9a84394e","CviMVP_10843","CC_VA_2022-7-11",18,"D7_CviMVP_PlDNA_1_SG_1255_9a84394e","7_D7_CviMVP_PlDNA_1_SG_1255_9a84394e_MSX",2,0.379999999999999,"Positive",FALSE,4339.18555555556,2
7,"D07","HEX","Unkn-20",38.78,38.78,0,"MSX","D8_CviMVP_PlDNA_1_SG.sharedLotterhosPuritz_1765_64714308","CviMVP_12327","DWS_CB_VA_2022-10-7",21,"D8_CviMVP_PlDNA_1_SG.sharedLotterhosPuritz_1765_64714308","7_D8_CviMVP_PlDNA_1_SG.sharedLotterhosPuritz_1765_64714308_MSX",1,NA,"Inconclusive",TRUE,0,0
7,"D08","HEX","Unkn-20",NA,0,0,"MSX","D8_CviMVP_PlDNA_1_SG.sharedLotterhosPuritz_1765_64714308","CviMVP_12327","DWS_CB_VA_2022-10-7",21,"D8_CviMVP_PlDNA_1_SG.sharedLotterhosPuritz_1765_64714308","7_D8_CviMVP_PlDNA_1_SG.sharedLotterhosPuritz_1765_64714308_MSX",2,NA,"Inconclusive",TRUE,0,0
7,"D09","HEX","Unkn-28",25.47,25.22,1e-05,"MSX","D9_CviMVP_PlDNA_1_SG_1461_0baeb3eb","CviMVP_11434","SR_GB_NH_2022-8-12",20,"D9_CviMVP_PlDNA_1_SG_1461_0baeb3eb","7_D9_CviMVP_PlDNA_1_SG_1461_0baeb3eb_MSX",1,0.5,"Positive",FALSE,3905.267,2
7,"D10","HEX","Unkn-28",24.97,25.22,1e-05,"MSX","D9_CviMVP_PlDNA_1_SG_1461_0baeb3eb","CviMVP_11434","SR_GB_NH_2022-8-12",20,"D9_CviMVP_PlDNA_1_SG_1461_0baeb3eb","7_D9_CviMVP_PlDNA_1_SG_1461_0baeb3eb_MSX",2,0.5,"Positive",FALSE,3905.267,2
7,"D11","HEX","Unkn-35",NA,0,0,"MSX","C10_CviMVP_PlDNA_1_SG_1386_3505dd4f","CviMVP_11225","Sister_Lk_LA_2022-8-9",20,"C10_CviMVP_PlDNA_1_SG_1386_3505dd4f","7_C10_CviMVP_PlDNA_1_SG_1386_3505dd4f_MSX",1,NA,"Negative",FALSE,0,0
7,"D12","HEX","Unkn-35",NA,0,0,"MSX","C10_CviMVP_PlDNA_1_SG_1386_3505dd4f","CviMVP_11225","Sister_Lk_LA_2022-8-9",20,"C10_CviMVP_PlDNA_1_SG_1386_3505dd4f","7_C10_CviMVP_PlDNA_1_SG_1386_3505dd4f_MSX",2,NA,"Negative",FALSE,0,0
7,"E03","HEX","Unkn-05",NA,0,0,"MSX","E6_CviMVP_PlDNA_1_SG_1392_6133f015","CviMVP_11243","Sister_Lk_LA_2022-8-9",22,"E6_CviMVP_PlDNA_1_SG_1392_6133f015","7_E6_CviMVP_PlDNA_1_SG_1392_6133f015_MSX",1,NA,"Negative",FALSE,0,0
7,"E04","HEX","Unkn-05",NA,0,0,"MSX","E6_CviMVP_PlDNA_1_SG_1392_6133f015","CviMVP_11243","Sister_Lk_LA_2022-8-9",22,"E6_CviMVP_PlDNA_1_SG_1392_6133f015","7_E6_CviMVP_PlDNA_1_SG_1392_6133f015_MSX",2,NA,"Negative",FALSE,0,0
7,"E05","HEX","Unkn-13",NA,0,0,"MSX","E7_CviMVP_PlDNA_1_SG.sharedLotterhosPuritz_1764_ea467efb","CviMVP_12324","DWS_CB_VA_2022-10-7",22,"E7_CviMVP_PlDNA_1_SG.sharedLotterhosPuritz_1764_ea467efb","7_E7_CviMVP_PlDNA_1_SG.sharedLotterhosPuritz_1764_ea467efb_MSX",1,NA,"Negative",FALSE,0,0
7,"E06","HEX","Unkn-13",NA,0,0,"MSX","E7_CviMVP_PlDNA_1_SG.sharedLotterhosPuritz_1764_ea467efb","CviMVP_12324","DWS_CB_VA_2022-10-7",22,"E7_CviMVP_PlDNA_1_SG.sharedLotterhosPuritz_1764_ea467efb","7_E7_CviMVP_PlDNA_1_SG.sharedLotterhosPuritz_1764_ea467efb_MSX",2,NA,"Negative",FALSE,0,0
7,"E07","HEX","Unkn-21",NA,0,0,"MSX","E8_CviMVP_PlDNA_1_SG_1376_66a62dfd","CviMVP_11196","Sister_Lk_LA_2022-8-9",19,"E8_CviMVP_PlDNA_1_SG_1376_66a62dfd","7_E8_CviMVP_PlDNA_1_SG_1376_66a62dfd_MSX",1,NA,"Negative",FALSE,0,0
7,"E08","HEX","Unkn-21",NA,0,0,"MSX","E8_CviMVP_PlDNA_1_SG_1376_66a62dfd","CviMVP_11196","Sister_Lk_LA_2022-8-9",19,"E8_CviMVP_PlDNA_1_SG_1376_66a62dfd","7_E8_CviMVP_PlDNA_1_SG_1376_66a62dfd_MSX",2,NA,"Negative",FALSE,0,0
7,"E09","HEX","Unkn-29",37.14,36.88,0,"MSX","E9_CviMVP_PlDNA_1_SG.sharedLotterhosPuritz_1761_50f9589f","CviMVP_12315","DWS_CB_VA_2022-10-7",22,"E9_CviMVP_PlDNA_1_SG.sharedLotterhosPuritz_1761_50f9589f","7_E9_CviMVP_PlDNA_1_SG.sharedLotterhosPuritz_1761_50f9589f_MSX",1,0.530000000000001,"Positive",FALSE,0,0
7,"E10","HEX","Unkn-29",36.61,36.88,0,"MSX","E9_CviMVP_PlDNA_1_SG.sharedLotterhosPuritz_1761_50f9589f","CviMVP_12315","DWS_CB_VA_2022-10-7",22,"E9_CviMVP_PlDNA_1_SG.sharedLotterhosPuritz_1761_50f9589f","7_E9_CviMVP_PlDNA_1_SG.sharedLotterhosPuritz_1761_50f9589f_MSX",2,0.530000000000001,"Positive",FALSE,0,0
7,"E11","HEX","Unkn-36",37.93,37.77,0,"MSX","D10_CviMVP_PlDNA_1_SG_1471_c9f8e6c3","CviMVP_11463","SR_GB_NH_2022-8-12",22,"D10_CviMVP_PlDNA_1_SG_1471_c9f8e6c3","7_D10_CviMVP_PlDNA_1_SG_1471_c9f8e6c3_MSX",1,0.32,"Positive",FALSE,0,0
7,"E12","HEX","Unkn-36",37.61,37.77,0,"MSX","D10_CviMVP_PlDNA_1_SG_1471_c9f8e6c3","CviMVP_11463","SR_GB_NH_2022-8-12",22,"D10_CviMVP_PlDNA_1_SG_1471_c9f8e6c3","7_D10_CviMVP_PlDNA_1_SG_1471_c9f8e6c3_MSX",2,0.32,"Positive",FALSE,0,0
7,"F03","HEX","Unkn-06",32.47,32.62,0,"MSX","F6_CviMVP_PlDNA_1_SG_1881_ef2db062","CviMVP_12666","DC_DR_ME_2022-10-25",19,"F6_CviMVP_PlDNA_1_SG_1881_ef2db062","7_F6_CviMVP_PlDNA_1_SG_1881_ef2db062_MSX",1,0.289999999999999,"Positive",FALSE,0,0
7,"F04","HEX","Unkn-06",32.76,32.62,0,"MSX","F6_CviMVP_PlDNA_1_SG_1881_ef2db062","CviMVP_12666","DC_DR_ME_2022-10-25",19,"F6_CviMVP_PlDNA_1_SG_1881_ef2db062","7_F6_CviMVP_PlDNA_1_SG_1881_ef2db062_MSX",2,0.289999999999999,"Positive",FALSE,0,0
7,"F05","HEX","Unkn-14",34.83,34.81,0,"MSX","F7_CviMVP_PlDNA_1_SG_1111_79a19714","CviMVP_10467","CB_TX_2022-6-9",18,"F7_CviMVP_PlDNA_1_SG_1111_79a19714","7_F7_CviMVP_PlDNA_1_SG_1111_79a19714_MSX",1,0.0399999999999991,"Positive",FALSE,0,0
7,"F06","HEX","Unkn-14",34.79,34.81,0,"MSX","F7_CviMVP_PlDNA_1_SG_1111_79a19714","CviMVP_10467","CB_TX_2022-6-9",18,"F7_CviMVP_PlDNA_1_SG_1111_79a19714","7_F7_CviMVP_PlDNA_1_SG_1111_79a19714_MSX",2,0.0399999999999991,"Positive",FALSE,0,0
7,"F07","HEX","Unkn-22",NA,0,0,"MSX","F8_CviMVP_PlDNA_1_SG_1598_f41672fb","CviMVP_11835","KP_FGR_FL_2022-8-23",18,"F8_CviMVP_PlDNA_1_SG_1598_f41672fb","7_F8_CviMVP_PlDNA_1_SG_1598_f41672fb_MSX",1,NA,"Inconclusive",TRUE,0,0
7,"F08","HEX","Unkn-22",37.28,37.28,0,"MSX","F8_CviMVP_PlDNA_1_SG_1598_f41672fb","CviMVP_11835","KP_FGR_FL_2022-8-23",18,"F8_CviMVP_PlDNA_1_SG_1598_f41672fb","7_F8_CviMVP_PlDNA_1_SG_1598_f41672fb_MSX",2,NA,"Inconclusive",TRUE,0,0
7,"F09","HEX","Unkn-30",NA,0,0,"MSX","F9_CviMVP_PlDNA_1_SG_1245_5b85a925","CviMVP_10816","CC_VA_2022-7-11",21,"F9_CviMVP_PlDNA_1_SG_1245_5b85a925","7_F9_CviMVP_PlDNA_1_SG_1245_5b85a925_MSX",1,NA,"Negative",FALSE,0,0
7,"F10","HEX","Unkn-30",NA,0,0,"MSX","F9_CviMVP_PlDNA_1_SG_1245_5b85a925","CviMVP_10816","CC_VA_2022-7-11",21,"F9_CviMVP_PlDNA_1_SG_1245_5b85a925","7_F9_CviMVP_PlDNA_1_SG_1245_5b85a925_MSX",2,NA,"Negative",FALSE,0,0
7,"F11","HEX","Unkn-37",39.25,39.02,0,"MSX","E10_CviMVP_PlDNA_1_SG_1877_f2d87033","CviMVP_12655","DC_DR_ME_2022-10-25",22,"E10_CviMVP_PlDNA_1_SG_1877_f2d87033","7_E10_CviMVP_PlDNA_1_SG_1877_f2d87033_MSX",1,0.450000000000003,"Positive",FALSE,0,0
7,"F12","HEX","Unkn-37",38.8,39.02,0,"MSX","E10_CviMVP_PlDNA_1_SG_1877_f2d87033","CviMVP_12655","DC_DR_ME_2022-10-25",22,"E10_CviMVP_PlDNA_1_SG_1877_f2d87033","7_E10_CviMVP_PlDNA_1_SG_1877_f2d87033_MSX",2,0.450000000000003,"Positive",FALSE,0,0
7,"G03","HEX","Unkn-07",NA,0,0,"MSX","G6_CviMVP_PlDNA_1_SG_1608_de738593","CviMVP_11864","SawIs_MA_2022-9-5",20,"G6_CviMVP_PlDNA_1_SG_1608_de738593","7_G6_CviMVP_PlDNA_1_SG_1608_de738593_MSX",1,NA,"Negative",FALSE,0,0
7,"G04","HEX","Unkn-07",NA,0,0,"MSX","G6_CviMVP_PlDNA_1_SG_1608_de738593","CviMVP_11864","SawIs_MA_2022-9-5",20,"G6_CviMVP_PlDNA_1_SG_1608_de738593","7_G6_CviMVP_PlDNA_1_SG_1608_de738593_MSX",2,NA,"Negative",FALSE,0,0
7,"G05","HEX","Unkn-15",NA,0,0,"MSX","G7_CviMVP_PlDNA_1_SG_1575_5d10637a","CviMVP_11771","KP_FGR_FL_2022-8-23",20,"G7_CviMVP_PlDNA_1_SG_1575_5d10637a","7_G7_CviMVP_PlDNA_1_SG_1575_5d10637a_MSX",1,NA,"Negative",FALSE,0,0
7,"G06","HEX","Unkn-15",NA,0,0,"MSX","G7_CviMVP_PlDNA_1_SG_1575_5d10637a","CviMVP_11771","KP_FGR_FL_2022-8-23",20,"G7_CviMVP_PlDNA_1_SG_1575_5d10637a","7_G7_CviMVP_PlDNA_1_SG_1575_5d10637a_MSX",2,NA,"Negative",FALSE,0,0
7,"G07","HEX","Unkn-23",NA,0,0,"MSX","G8_CviMVP_PlDNA_1_SG_1874_7a55697c","CviMVP_12646","DC_DR_ME_2022-10-25",18,"G8_CviMVP_PlDNA_1_SG_1874_7a55697c","7_G8_CviMVP_PlDNA_1_SG_1874_7a55697c_MSX",1,NA,"Negative",FALSE,0,0
7,"G08","HEX","Unkn-23",NA,0,0,"MSX","G8_CviMVP_PlDNA_1_SG_1874_7a55697c","CviMVP_12646","DC_DR_ME_2022-10-25",18,"G8_CviMVP_PlDNA_1_SG_1874_7a55697c","7_G8_CviMVP_PlDNA_1_SG_1874_7a55697c_MSX",2,NA,"Negative",FALSE,0,0
7,"G09","HEX","Unkn-31",NA,0,0,"MSX","G9_CviMVP_PlDNA_1_SG_1869_68d9f8dc","CviMVP_12631","DC_DR_ME_2022-10-25",20,"G9_CviMVP_PlDNA_1_SG_1869_68d9f8dc","7_G9_CviMVP_PlDNA_1_SG_1869_68d9f8dc_MSX",1,NA,"Inconclusive",TRUE,0,0
7,"G10","HEX","Unkn-31",39.23,39.23,0,"MSX","G9_CviMVP_PlDNA_1_SG_1869_68d9f8dc","CviMVP_12631","DC_DR_ME_2022-10-25",20,"G9_CviMVP_PlDNA_1_SG_1869_68d9f8dc","7_G9_CviMVP_PlDNA_1_SG_1869_68d9f8dc_MSX",2,NA,"Inconclusive",TRUE,0,0
7,"H03","HEX","Unkn-08",NA,0,0,"MSX","H6_CviMVP_PlDNA_1_SG_1569_7b632b7c","CviMVP_11755","KP_FGR_FL_2022-8-23",18,"H6_CviMVP_PlDNA_1_SG_1569_7b632b7c","7_H6_CviMVP_PlDNA_1_SG_1569_7b632b7c_MSX",1,NA,"Inconclusive",TRUE,0,0
7,"H04","HEX","Unkn-08",38.81,38.81,0,"MSX","H6_CviMVP_PlDNA_1_SG_1569_7b632b7c","CviMVP_11755","KP_FGR_FL_2022-8-23",18,"H6_CviMVP_PlDNA_1_SG_1569_7b632b7c","7_H6_CviMVP_PlDNA_1_SG_1569_7b632b7c_MSX",2,NA,"Inconclusive",TRUE,0,0
7,"H05","HEX","Unkn-16",22.02,22.09,6e-05,"MSX","H7_CviMVP_PlDNA_1_SG_1879_18c16562","CviMVP_12661","DC_DR_ME_2022-10-25",22,"H7_CviMVP_PlDNA_1_SG_1879_18c16562","7_H7_CviMVP_PlDNA_1_SG_1879_18c16562_MSX",1,0.150000000000002,"Positive",FALSE,21301.4563636364,3
7,"H06","HEX","Unkn-16",22.17,22.09,6e-05,"MSX","H7_CviMVP_PlDNA_1_SG_1879_18c16562","CviMVP_12661","DC_DR_ME_2022-10-25",22,"H7_CviMVP_PlDNA_1_SG_1879_18c16562","7_H7_CviMVP_PlDNA_1_SG_1879_18c16562_MSX",2,0.150000000000002,"Positive",FALSE,21301.4563636364,3
7,"H07","HEX","Unkn-24",NA,0,0,"MSX","H8_CviMVP_PlDNA_1_SG_1455_e05c4f6d","CviMVP_11417","Cal_Lake_LA_2022-8-11",19,"H8_CviMVP_PlDNA_1_SG_1455_e05c4f6d","7_H8_CviMVP_PlDNA_1_SG_1455_e05c4f6d_MSX",1,NA,"Negative",FALSE,0,0
7,"H08","HEX","Unkn-24",NA,0,0,"MSX","H8_CviMVP_PlDNA_1_SG_1455_e05c4f6d","CviMVP_11417","Cal_Lake_LA_2022-8-11",19,"H8_CviMVP_PlDNA_1_SG_1455_e05c4f6d","7_H8_CviMVP_PlDNA_1_SG_1455_e05c4f6d_MSX",2,NA,"Negative",FALSE,0,0
7,"H09","HEX","Unkn-32",NA,0,0,"MSX","H9_CviMVP_PlDNA_1_SG_1104_589c9460","CviMVP_10452","CB_TX_2022-6-9",21,"H9_CviMVP_PlDNA_1_SG_1104_589c9460","7_H9_CviMVP_PlDNA_1_SG_1104_589c9460_MSX",1,NA,"Negative",FALSE,0,0
7,"H10","HEX","Unkn-32",NA,0,0,"MSX","H9_CviMVP_PlDNA_1_SG_1104_589c9460","CviMVP_10452","CB_TX_2022-6-9",21,"H9_CviMVP_PlDNA_1_SG_1104_589c9460","7_H9_CviMVP_PlDNA_1_SG_1104_589c9460_MSX",2,NA,"Negative",FALSE,0,0
8,"A03","FAM","Unkn-01",NA,0,0,"Dermo","A11_CviMVP_PlDNA_1_SG.sharedLotterhosPuritz_1751_bc382cb1","CviMVP_12285","DWS_CB_VA_2022-10-7",22,"A11_CviMVP_PlDNA_1_SG.sharedLotterhosPuritz_1751_bc382cb1","8_A11_CviMVP_PlDNA_1_SG.sharedLotterhosPuritz_1751_bc382cb1_Dermo",1,NA,"Negative",FALSE,0,0
8,"A04","FAM","Unkn-01",NA,0,0,"Dermo","A11_CviMVP_PlDNA_1_SG.sharedLotterhosPuritz_1751_bc382cb1","CviMVP_12285","DWS_CB_VA_2022-10-7",22,"A11_CviMVP_PlDNA_1_SG.sharedLotterhosPuritz_1751_bc382cb1","8_A11_CviMVP_PlDNA_1_SG.sharedLotterhosPuritz_1751_bc382cb1_Dermo",2,NA,"Negative",FALSE,0,0
8,"A05","FAM","Unkn-09",26.3,26.27,0,"Dermo","A12_CviMVP_PlDNA_1_SG_1258_b240dd80","CviMVP_10851","CC_VA_2022-7-11",20,"A12_CviMVP_PlDNA_1_SG_1258_b240dd80","8_A12_CviMVP_PlDNA_1_SG_1258_b240dd80_Dermo",1,0.0600000000000023,"Positive",FALSE,0,0
8,"A06","FAM","Unkn-09",26.24,26.27,0,"Dermo","A12_CviMVP_PlDNA_1_SG_1258_b240dd80","CviMVP_10851","CC_VA_2022-7-11",20,"A12_CviMVP_PlDNA_1_SG_1258_b240dd80","8_A12_CviMVP_PlDNA_1_SG_1258_b240dd80_Dermo",2,0.0600000000000023,"Positive",FALSE,0,0
8,"A07","FAM","Unkn-17",22.13,22.13,3e-05,"Dermo","H1_CviMVP_PlDNA_2_SG_1581_5b837c25","CviMVP_11786","KP_FGR_FL_2022-8-23",21,"H1_CviMVP_PlDNA_2_SG_1581_5b837c25","8_H1_CviMVP_PlDNA_2_SG_1581_5b837c25_Dermo",1,0.0100000000000016,"Positive",FALSE,9962.10857142857,2
8,"A08","FAM","Unkn-17",22.14,22.13,3e-05,"Dermo","H1_CviMVP_PlDNA_2_SG_1581_5b837c25","CviMVP_11786","KP_FGR_FL_2022-8-23",21,"H1_CviMVP_PlDNA_2_SG_1581_5b837c25","8_H1_CviMVP_PlDNA_2_SG_1581_5b837c25_Dermo",2,0.0100000000000016,"Positive",FALSE,9962.10857142857,2
8,"A09","FAM","Unkn-25",37.13,37.18,0,"Dermo","A2_CviMVP_PlDNA_2_SG_1687_c7405305","CviMVP_12099","EelLake_Canada_2022-9-27",20,"A2_CviMVP_PlDNA_2_SG_1687_c7405305","8_A2_CviMVP_PlDNA_2_SG_1687_c7405305_Dermo",1,0.0999999999999943,"Positive",FALSE,0,0
8,"A10","FAM","Unkn-25",37.23,37.18,0,"Dermo","A2_CviMVP_PlDNA_2_SG_1687_c7405305","CviMVP_12099","EelLake_Canada_2022-9-27",20,"A2_CviMVP_PlDNA_2_SG_1687_c7405305","8_A2_CviMVP_PlDNA_2_SG_1687_c7405305_Dermo",2,0.0999999999999943,"Positive",FALSE,0,0
8,"B03","FAM","Unkn-02",NA,0,0,"Dermo","B11_CviMVP_PlDNA_1_SG_1431_c83e8d48","CviMVP_11349","Cal_Lake_LA_2022-8-11",19,"B11_CviMVP_PlDNA_1_SG_1431_c83e8d48","8_B11_CviMVP_PlDNA_1_SG_1431_c83e8d48_Dermo",1,NA,"Negative",FALSE,0,0
8,"B04","FAM","Unkn-02",NA,0,0,"Dermo","B11_CviMVP_PlDNA_1_SG_1431_c83e8d48","CviMVP_11349","Cal_Lake_LA_2022-8-11",19,"B11_CviMVP_PlDNA_1_SG_1431_c83e8d48","8_B11_CviMVP_PlDNA_1_SG_1431_c83e8d48_Dermo",2,NA,"Negative",FALSE,0,0
8,"B05","FAM","Unkn-10",29.02,28.99,0,"Dermo","B12_CviMVP_PlDNA_1_SG_1573_b976a26c","CviMVP_11765","KP_FGR_FL_2022-8-23",21,"B12_CviMVP_PlDNA_1_SG_1573_b976a26c","8_B12_CviMVP_PlDNA_1_SG_1573_b976a26c_Dermo",1,0.0599999999999987,"Positive",FALSE,0,0
8,"B06","FAM","Unkn-10",28.96,28.99,0,"Dermo","B12_CviMVP_PlDNA_1_SG_1573_b976a26c","CviMVP_11765","KP_FGR_FL_2022-8-23",21,"B12_CviMVP_PlDNA_1_SG_1573_b976a26c","8_B12_CviMVP_PlDNA_1_SG_1573_b976a26c_Dermo",2,0.0599999999999987,"Positive",FALSE,0,0
8,"B07","FAM","Unkn-18",26.96,26.97,0,"Dermo","G1_CviMVP_PlDNA_2_SG_1049_2c29990f","CviMVP_10298","OL_MI_SC_2022-5-31",20,"G1_CviMVP_PlDNA_2_SG_1049_2c29990f","8_G1_CviMVP_PlDNA_2_SG_1049_2c29990f_Dermo",1,0.0199999999999996,"Positive",FALSE,0,0
8,"B08","FAM","Unkn-18",26.98,26.97,0,"Dermo","G1_CviMVP_PlDNA_2_SG_1049_2c29990f","CviMVP_10298","OL_MI_SC_2022-5-31",20,"G1_CviMVP_PlDNA_2_SG_1049_2c29990f","8_G1_CviMVP_PlDNA_2_SG_1049_2c29990f_Dermo",2,0.0199999999999996,"Positive",FALSE,0,0
8,"B09","FAM","Unkn-26",25.4,25.37,0,"Dermo","C2_CviMVP_PlDNA_2_SG_1334_394cabff","CviMVP_11071","Mer_GA_2022-7-26",18,"C2_CviMVP_PlDNA_2_SG_1334_394cabff","8_C2_CviMVP_PlDNA_2_SG_1334_394cabff_Dermo",1,0.0700000000000003,"Positive",FALSE,0,0
8,"B10","FAM","Unkn-26",25.33,25.37,0,"Dermo","C2_CviMVP_PlDNA_2_SG_1334_394cabff","CviMVP_11071","Mer_GA_2022-7-26",18,"C2_CviMVP_PlDNA_2_SG_1334_394cabff","8_C2_CviMVP_PlDNA_2_SG_1334_394cabff_Dermo",2,0.0700000000000003,"Positive",FALSE,0,0
8,"B11","FAM","Unkn-33",32.66,32.5,0,"Dermo","F10_CviMVP_PlDNA_1_SG_1613_b2783401","CviMVP_11879","SawIs_MA_2022-9-5",18,"F10_CviMVP_PlDNA_1_SG_1613_b2783401","8_F10_CviMVP_PlDNA_1_SG_1613_b2783401_Dermo",1,0.309999999999995,"Positive",FALSE,0,0
8,"B12","FAM","Unkn-33",32.35,32.5,0,"Dermo","F10_CviMVP_PlDNA_1_SG_1613_b2783401","CviMVP_11879","SawIs_MA_2022-9-5",18,"F10_CviMVP_PlDNA_1_SG_1613_b2783401","8_F10_CviMVP_PlDNA_1_SG_1613_b2783401_Dermo",2,0.309999999999995,"Positive",FALSE,0,0
8,"C03","FAM","Unkn-03",29.87,29.87,0,"Dermo","C11_CviMVP_PlDNA_1_SG_1583_4093d9eb","CviMVP_11791","KP_FGR_FL_2022-8-23",19,"C11_CviMVP_PlDNA_1_SG_1583_4093d9eb","8_C11_CviMVP_PlDNA_1_SG_1583_4093d9eb_Dermo",1,0,"Positive",FALSE,0,0
8,"C04","FAM","Unkn-03",29.87,29.87,0,"Dermo","C11_CviMVP_PlDNA_1_SG_1583_4093d9eb","CviMVP_11791","KP_FGR_FL_2022-8-23",19,"C11_CviMVP_PlDNA_1_SG_1583_4093d9eb","8_C11_CviMVP_PlDNA_1_SG_1583_4093d9eb_Dermo",2,0,"Positive",FALSE,0,0
8,"C05","FAM","Unkn-11",23.03,23.04,2e-05,"Dermo","C12_CviMVP_PlDNA_1_SG_1610_aa188751","CviMVP_11870","SawIs_MA_2022-9-5",20,"C12_CviMVP_PlDNA_1_SG_1610_aa188751","8_C12_CviMVP_PlDNA_1_SG_1610_aa188751_Dermo",1,0.00999999999999801,"Positive",FALSE,6973.476,2
8,"C06","FAM","Unkn-11",23.04,23.04,2e-05,"Dermo","C12_CviMVP_PlDNA_1_SG_1610_aa188751","CviMVP_11870","SawIs_MA_2022-9-5",20,"C12_CviMVP_PlDNA_1_SG_1610_aa188751","8_C12_CviMVP_PlDNA_1_SG_1610_aa188751_Dermo",2,0.00999999999999801,"Positive",FALSE,6973.476,2
8,"C07","FAM","Unkn-19",NA,0,0,"Dermo",NA,NA,NA,20,"row_23","8_row_23_Dermo",1,NA,"Negative",FALSE,0,0
8,"C08","FAM","Unkn-19",NA,0,0,"Dermo",NA,NA,NA,20,"row_24","8_row_24_Dermo",1,NA,"Negative",FALSE,0,0
8,"C09","FAM","Unkn-27",38.57,39.23,0,"Dermo","D2_CviMVP_PlDNA_2_SG_1219_418ed3df","CviMVP_10741","TP_TX_2022-6-28",20,"D2_CviMVP_PlDNA_2_SG_1219_418ed3df","8_D2_CviMVP_PlDNA_2_SG_1219_418ed3df_Dermo",1,1.31,"Positive",FALSE,0,0
8,"C10","FAM","Unkn-27",39.88,39.23,0,"Dermo","D2_CviMVP_PlDNA_2_SG_1219_418ed3df","CviMVP_10741","TP_TX_2022-6-28",20,"D2_CviMVP_PlDNA_2_SG_1219_418ed3df","8_D2_CviMVP_PlDNA_2_SG_1219_418ed3df_Dermo",2,1.31,"Positive",FALSE,0,0
8,"C11","FAM","Unkn-34",26.73,26.49,0,"Dermo","G10_CviMVP_PlDNA_1_SG_1115_167ef2dd","CviMVP_10475","CB_TX_2022-6-9",20,"G10_CviMVP_PlDNA_1_SG_1115_167ef2dd","8_G10_CviMVP_PlDNA_1_SG_1115_167ef2dd_Dermo",1,0.48,"Positive",FALSE,0,0
8,"C12","FAM","Unkn-34",26.25,26.49,0,"Dermo","G10_CviMVP_PlDNA_1_SG_1115_167ef2dd","CviMVP_10475","CB_TX_2022-6-9",20,"G10_CviMVP_PlDNA_1_SG_1115_167ef2dd","8_G10_CviMVP_PlDNA_1_SG_1115_167ef2dd_Dermo",2,0.48,"Positive",FALSE,0,0
8,"D03","FAM","Unkn-04",26.44,26.48,0,"Dermo","D11_CviMVP_PlDNA_1_SG_1229_59b34b24","CviMVP_10769","CC_VA_2022-7-11",21,"D11_CviMVP_PlDNA_1_SG_1229_59b34b24","8_D11_CviMVP_PlDNA_1_SG_1229_59b34b24_Dermo",1,0.0799999999999983,"Positive",FALSE,0,0
8,"D04","FAM","Unkn-04",26.52,26.48,0,"Dermo","D11_CviMVP_PlDNA_1_SG_1229_59b34b24","CviMVP_10769","CC_VA_2022-7-11",21,"D11_CviMVP_PlDNA_1_SG_1229_59b34b24","8_D11_CviMVP_PlDNA_1_SG_1229_59b34b24_Dermo",2,0.0799999999999983,"Positive",FALSE,0,0
8,"D05","FAM","Unkn-12",NA,0,0,"Dermo","D12_CviMVP_PlDNA_1_SG_1891_20df4068","CviMVP_12695","DC_DR_ME_2022-10-25",21,"D12_CviMVP_PlDNA_1_SG_1891_20df4068","8_D12_CviMVP_PlDNA_1_SG_1891_20df4068_Dermo",1,NA,"Negative",FALSE,0,0
8,"D06","FAM","Unkn-12",NA,0,0,"Dermo","D12_CviMVP_PlDNA_1_SG_1891_20df4068","CviMVP_12695","DC_DR_ME_2022-10-25",21,"D12_CviMVP_PlDNA_1_SG_1891_20df4068","8_D12_CviMVP_PlDNA_1_SG_1891_20df4068_Dermo",2,NA,"Negative",FALSE,0,0
8,"D07","FAM","Unkn-20",NA,0,0,"Dermo","E1_CviMVP_PlDNA_2_SG_1629_d7b6cad8","CviMVP_11927","SaltBay_Canada_2022-9-27",18,"E1_CviMVP_PlDNA_2_SG_1629_d7b6cad8","8_E1_CviMVP_PlDNA_2_SG_1629_d7b6cad8_Dermo",1,NA,"Negative",FALSE,0,0
8,"D08","FAM","Unkn-20",NA,0,0,"Dermo","E1_CviMVP_PlDNA_2_SG_1629_d7b6cad8","CviMVP_11927","SaltBay_Canada_2022-9-27",18,"E1_CviMVP_PlDNA_2_SG_1629_d7b6cad8","8_E1_CviMVP_PlDNA_2_SG_1629_d7b6cad8_Dermo",2,NA,"Negative",FALSE,0,0
8,"D09","FAM","Unkn-28",NA,0,0,"Dermo","F2_CviMVP_PlDNA_2_SG_1664_a2a4720a","CviMVP_12031","EelLake_Canada_2022-9-27",18,"F2_CviMVP_PlDNA_2_SG_1664_a2a4720a","8_F2_CviMVP_PlDNA_2_SG_1664_a2a4720a_Dermo",1,NA,"Negative",FALSE,0,0
8,"D10","FAM","Unkn-28",NA,0,0,"Dermo","F2_CviMVP_PlDNA_2_SG_1664_a2a4720a","CviMVP_12031","EelLake_Canada_2022-9-27",18,"F2_CviMVP_PlDNA_2_SG_1664_a2a4720a","8_F2_CviMVP_PlDNA_2_SG_1664_a2a4720a_Dermo",2,NA,"Negative",FALSE,0,0
8,"D11","FAM","Unkn-35",NA,0,0,"Dermo","H10_CviMVP_PlDNA_1_SG_1436_277e755d","CviMVP_11361","Cal_Lake_LA_2022-8-11",18,"H10_CviMVP_PlDNA_1_SG_1436_277e755d","8_H10_CviMVP_PlDNA_1_SG_1436_277e755d_Dermo",1,NA,"Inconclusive",TRUE,0,0
8,"D12","FAM","Unkn-35",36.28,36.28,0,"Dermo","H10_CviMVP_PlDNA_1_SG_1436_277e755d","CviMVP_11361","Cal_Lake_LA_2022-8-11",18,"H10_CviMVP_PlDNA_1_SG_1436_277e755d","8_H10_CviMVP_PlDNA_1_SG_1436_277e755d_Dermo",2,NA,"Inconclusive",TRUE,0,0
8,"E03","FAM","Unkn-05",NA,0,0,"Dermo","E11_CviMVP_PlDNA_1_SG_1480_8a36a1ff","CviMVP_11490","SR_GB_NH_2022-8-12",22,"E11_CviMVP_PlDNA_1_SG_1480_8a36a1ff","8_E11_CviMVP_PlDNA_1_SG_1480_8a36a1ff_Dermo",1,NA,"Inconclusive",TRUE,0,0
8,"E04","FAM","Unkn-05",39.27,39.27,0,"Dermo","E11_CviMVP_PlDNA_1_SG_1480_8a36a1ff","CviMVP_11490","SR_GB_NH_2022-8-12",22,"E11_CviMVP_PlDNA_1_SG_1480_8a36a1ff","8_E11_CviMVP_PlDNA_1_SG_1480_8a36a1ff_Dermo",2,NA,"Inconclusive",TRUE,0,0
8,"E05","FAM","Unkn-13",NA,0,0,"Dermo","E12_CviMVP_PlDNA_1_SG_1894_fdb855b9","CviMVP_12704","DC_DR_ME_2022-10-25",21,"E12_CviMVP_PlDNA_1_SG_1894_fdb855b9","8_E12_CviMVP_PlDNA_1_SG_1894_fdb855b9_Dermo",1,NA,"Negative",FALSE,0,0
8,"E06","FAM","Unkn-13",NA,0,0,"Dermo","E12_CviMVP_PlDNA_1_SG_1894_fdb855b9","CviMVP_12704","DC_DR_ME_2022-10-25",21,"E12_CviMVP_PlDNA_1_SG_1894_fdb855b9","8_E12_CviMVP_PlDNA_1_SG_1894_fdb855b9_Dermo",2,NA,"Negative",FALSE,0,0
8,"E07","FAM","Unkn-21",28.04,28.02,0,"Dermo","D1_CviMVP_PlDNA_2_SG_1215_3fb7a765","CviMVP_10730","TP_TX_2022-6-28",20,"D1_CviMVP_PlDNA_2_SG_1215_3fb7a765","8_D1_CviMVP_PlDNA_2_SG_1215_3fb7a765_Dermo",1,0.0399999999999991,"Positive",FALSE,0,0
8,"E08","FAM","Unkn-21",28,28.02,0,"Dermo","D1_CviMVP_PlDNA_2_SG_1215_3fb7a765","CviMVP_10730","TP_TX_2022-6-28",20,"D1_CviMVP_PlDNA_2_SG_1215_3fb7a765","8_D1_CviMVP_PlDNA_2_SG_1215_3fb7a765_Dermo",2,0.0399999999999991,"Positive",FALSE,0,0
8,"E09","FAM","Unkn-29",NA,0,0,"Dermo","G2_CviMVP_PlDNA_2_SG_1674_8114fa71","CviMVP_12061","EelLake_Canada_2022-9-27",18,"G2_CviMVP_PlDNA_2_SG_1674_8114fa71","8_G2_CviMVP_PlDNA_2_SG_1674_8114fa71_Dermo",1,NA,"Negative",FALSE,0,0
8,"E10","FAM","Unkn-29",NA,0,0,"Dermo","G2_CviMVP_PlDNA_2_SG_1674_8114fa71","CviMVP_12061","EelLake_Canada_2022-9-27",18,"G2_CviMVP_PlDNA_2_SG_1674_8114fa71","8_G2_CviMVP_PlDNA_2_SG_1674_8114fa71_Dermo",2,NA,"Negative",FALSE,0,0
8,"E11","FAM","Unkn-36",22.57,22.51,2e-05,"Dermo","H5_CviMVP_PlDNA_1_SG_1582_4d5c48a7","CviMVP_11788","KP_FGR_FL_2022-8-23",21,"H5_CviMVP_PlDNA_1_SG_1582_4d5c48a7","8_H5_CviMVP_PlDNA_1_SG_1582_4d5c48a7_Dermo",1,0.109999999999999,"Positive",FALSE,6641.40571428572,2
8,"E12","FAM","Unkn-36",22.46,22.51,2e-05,"Dermo","H5_CviMVP_PlDNA_1_SG_1582_4d5c48a7","CviMVP_11788","KP_FGR_FL_2022-8-23",21,"H5_CviMVP_PlDNA_1_SG_1582_4d5c48a7","8_H5_CviMVP_PlDNA_1_SG_1582_4d5c48a7_Dermo",2,0.109999999999999,"Positive",FALSE,6641.40571428572,2
8,"F03","FAM","Unkn-06",NA,0,0,"Dermo","F11_CviMVP_PlDNA_1_SG_1607_b581eaa9","CviMVP_11861","SawIs_MA_2022-9-5",19,"F11_CviMVP_PlDNA_1_SG_1607_b581eaa9","8_F11_CviMVP_PlDNA_1_SG_1607_b581eaa9_Dermo",1,NA,"Negative",FALSE,0,0
8,"F04","FAM","Unkn-06",NA,0,0,"Dermo","F11_CviMVP_PlDNA_1_SG_1607_b581eaa9","CviMVP_11861","SawIs_MA_2022-9-5",19,"F11_CviMVP_PlDNA_1_SG_1607_b581eaa9","8_F11_CviMVP_PlDNA_1_SG_1607_b581eaa9_Dermo",2,NA,"Negative",FALSE,0,0
8,"F05","FAM","Unkn-14",NA,0,0,"Dermo","F12_CviMVP_PlDNA_1_SG_1884_2e4c4b0b","CviMVP_12675","DC_DR_ME_2022-10-25",20,"F12_CviMVP_PlDNA_1_SG_1884_2e4c4b0b","8_F12_CviMVP_PlDNA_1_SG_1884_2e4c4b0b_Dermo",1,NA,"Negative",FALSE,0,0
8,"F06","FAM","Unkn-14",NA,0,0,"Dermo","F12_CviMVP_PlDNA_1_SG_1884_2e4c4b0b","CviMVP_12675","DC_DR_ME_2022-10-25",20,"F12_CviMVP_PlDNA_1_SG_1884_2e4c4b0b","8_F12_CviMVP_PlDNA_1_SG_1884_2e4c4b0b_Dermo",2,NA,"Negative",FALSE,0,0
8,"F07","FAM","Unkn-22",NA,0,0,"Dermo","C1_CviMVP_PlDNA_2_SG_1048_9831ca6e","CviMVP_10295","OL_MI_SC_2022-5-31",22,"C1_CviMVP_PlDNA_2_SG_1048_9831ca6e","8_C1_CviMVP_PlDNA_2_SG_1048_9831ca6e_Dermo",1,NA,"Negative",FALSE,0,0
8,"F08","FAM","Unkn-22",NA,0,0,"Dermo","C1_CviMVP_PlDNA_2_SG_1048_9831ca6e","CviMVP_10295","OL_MI_SC_2022-5-31",22,"C1_CviMVP_PlDNA_2_SG_1048_9831ca6e","8_C1_CviMVP_PlDNA_2_SG_1048_9831ca6e_Dermo",2,NA,"Negative",FALSE,0,0
8,"F09","FAM","Unkn-30",27.39,27.31,0,"Dermo","H2_CviMVP_PlDNA_2_SG_1696_9e0ab92a","CviMVP_12124","SaLa_GA_2022-10-5",22,"H2_CviMVP_PlDNA_2_SG_1696_9e0ab92a","8_H2_CviMVP_PlDNA_2_SG_1696_9e0ab92a_Dermo",1,0.16,"Positive",FALSE,0,0
8,"F10","FAM","Unkn-30",27.23,27.31,0,"Dermo","H2_CviMVP_PlDNA_2_SG_1696_9e0ab92a","CviMVP_12124","SaLa_GA_2022-10-5",22,"H2_CviMVP_PlDNA_2_SG_1696_9e0ab92a","8_H2_CviMVP_PlDNA_2_SG_1696_9e0ab92a_Dermo",2,0.16,"Positive",FALSE,0,0
8,"F11","FAM","Unkn-37",NA,0,0,"Dermo","B3_CviMVP_PlDNA_2_SG_1823_b35e54f9","CviMVP_12500","PrEdIs_CN_A_2022-10-18",19,"B3_CviMVP_PlDNA_2_SG_1823_b35e54f9","8_B3_CviMVP_PlDNA_2_SG_1823_b35e54f9_Dermo",1,NA,"Negative",FALSE,0,0
8,"F12","FAM","Unkn-37",NA,0,0,"Dermo","B3_CviMVP_PlDNA_2_SG_1823_b35e54f9","CviMVP_12500","PrEdIs_CN_A_2022-10-18",19,"B3_CviMVP_PlDNA_2_SG_1823_b35e54f9","8_B3_CviMVP_PlDNA_2_SG_1823_b35e54f9_Dermo",2,NA,"Negative",FALSE,0,0
8,"G03","FAM","Unkn-07",NA,0,0,"Dermo","G11_CviMVP_PlDNA_1_SG_1868_dfac88e0","CviMVP_12628","DC_DR_ME_2022-10-25",18,"G11_CviMVP_PlDNA_1_SG_1868_dfac88e0","8_G11_CviMVP_PlDNA_1_SG_1868_dfac88e0_Dermo",1,NA,"Inconclusive",TRUE,0,0
8,"G04","FAM","Unkn-07",36.68,36.68,0,"Dermo","G11_CviMVP_PlDNA_1_SG_1868_dfac88e0","CviMVP_12628","DC_DR_ME_2022-10-25",18,"G11_CviMVP_PlDNA_1_SG_1868_dfac88e0","8_G11_CviMVP_PlDNA_1_SG_1868_dfac88e0_Dermo",2,NA,"Inconclusive",TRUE,0,0
8,"G05","FAM","Unkn-15",32.81,32.79,0,"Dermo","G12_CviMVP_PlDNA_1_SG_1458_f3ca3ad9","CviMVP_11426","SR_GB_NH_2022-8-12",20,"G12_CviMVP_PlDNA_1_SG_1458_f3ca3ad9","8_G12_CviMVP_PlDNA_1_SG_1458_f3ca3ad9_Dermo",1,0.0399999999999991,"Positive",FALSE,0,0
8,"G06","FAM","Unkn-15",32.77,32.79,0,"Dermo","G12_CviMVP_PlDNA_1_SG_1458_f3ca3ad9","CviMVP_11426","SR_GB_NH_2022-8-12",20,"G12_CviMVP_PlDNA_1_SG_1458_f3ca3ad9","8_G12_CviMVP_PlDNA_1_SG_1458_f3ca3ad9_Dermo",2,0.0399999999999991,"Positive",FALSE,0,0
8,"G07","FAM","Unkn-23",NA,0,0,"Dermo","B1_CviMVP_PlDNA_2_SG_1912_e0a59721","CviMVP_12756","Orrs_Cove_ME_2022-10-31",22,"B1_CviMVP_PlDNA_2_SG_1912_e0a59721","8_B1_CviMVP_PlDNA_2_SG_1912_e0a59721_Dermo",1,NA,"Negative",FALSE,0,0
8,"G08","FAM","Unkn-23",NA,0,0,"Dermo","B1_CviMVP_PlDNA_2_SG_1912_e0a59721","CviMVP_12756","Orrs_Cove_ME_2022-10-31",22,"B1_CviMVP_PlDNA_2_SG_1912_e0a59721","8_B1_CviMVP_PlDNA_2_SG_1912_e0a59721_Dermo",2,NA,"Negative",FALSE,0,0
8,"G09","FAM","Unkn-31",26.74,26.61,0,"Dermo","D3_CviMVP_PlDNA_2_SG.sharedLotterhosPuritz_1519_a6d73b27","CviMVP_11606","DC_NB_RI_2022-8-19",20,"D3_CviMVP_PlDNA_2_SG.sharedLotterhosPuritz_1519_a6d73b27","8_D3_CviMVP_PlDNA_2_SG.sharedLotterhosPuritz_1519_a6d73b27_Dermo",1,0.259999999999998,"Positive",FALSE,0,0
8,"G10","FAM","Unkn-31",26.48,26.61,0,"Dermo","D3_CviMVP_PlDNA_2_SG.sharedLotterhosPuritz_1519_a6d73b27","CviMVP_11606","DC_NB_RI_2022-8-19",20,"D3_CviMVP_PlDNA_2_SG.sharedLotterhosPuritz_1519_a6d73b27","8_D3_CviMVP_PlDNA_2_SG.sharedLotterhosPuritz_1519_a6d73b27_Dermo",2,0.259999999999998,"Positive",FALSE,0,0
8,"H03","FAM","Unkn-08",NA,0,0,"Dermo","H11_CviMVP_PlDNA_1_SG.sharedLotterhosPuritz_1774_28c4bb0c","CviMVP_12354","DWS_CB_VA_2022-10-7",21,"H11_CviMVP_PlDNA_1_SG.sharedLotterhosPuritz_1774_28c4bb0c","8_H11_CviMVP_PlDNA_1_SG.sharedLotterhosPuritz_1774_28c4bb0c_Dermo",1,NA,"Negative",FALSE,0,0
8,"H04","FAM","Unkn-08",NA,0,0,"Dermo","H11_CviMVP_PlDNA_1_SG.sharedLotterhosPuritz_1774_28c4bb0c","CviMVP_12354","DWS_CB_VA_2022-10-7",21,"H11_CviMVP_PlDNA_1_SG.sharedLotterhosPuritz_1774_28c4bb0c","8_H11_CviMVP_PlDNA_1_SG.sharedLotterhosPuritz_1774_28c4bb0c_Dermo",2,NA,"Negative",FALSE,0,0
8,"H05","FAM","Unkn-16",NA,0,0,"Dermo","H12_CviMVP_PlDNA_1_SG_1383_ef032876","CviMVP_11216","Sister_Lk_LA_2022-8-9",20,"H12_CviMVP_PlDNA_1_SG_1383_ef032876","8_H12_CviMVP_PlDNA_1_SG_1383_ef032876_Dermo",1,NA,"Negative",FALSE,0,0
8,"H06","FAM","Unkn-16",NA,0,0,"Dermo","H12_CviMVP_PlDNA_1_SG_1383_ef032876","CviMVP_11216","Sister_Lk_LA_2022-8-9",20,"H12_CviMVP_PlDNA_1_SG_1383_ef032876","8_H12_CviMVP_PlDNA_1_SG_1383_ef032876_Dermo",2,NA,"Negative",FALSE,0,0
8,"H07","FAM","Unkn-24",23.9,23.87,1e-05,"Dermo","A1_CviMVP_PlDNA_2_SG_1424_28f79e03","CviMVP_11328","GriceCove_SC_2022-8-10",21,"A1_CviMVP_PlDNA_2_SG_1424_28f79e03","8_A1_CviMVP_PlDNA_2_SG_1424_28f79e03_Dermo",1,0.0599999999999987,"Positive",FALSE,3320.70285714286,2
8,"H08","FAM","Unkn-24",23.84,23.87,1e-05,"Dermo","A1_CviMVP_PlDNA_2_SG_1424_28f79e03","CviMVP_11328","GriceCove_SC_2022-8-10",21,"A1_CviMVP_PlDNA_2_SG_1424_28f79e03","8_A1_CviMVP_PlDNA_2_SG_1424_28f79e03_Dermo",2,0.0599999999999987,"Positive",FALSE,3320.70285714286,2
8,"H09","FAM","Unkn-32",24.93,24.92,1e-05,"Dermo","E3_CviMVP_PlDNA_2_SG_1778_9d581faa","CviMVP_12366","NPS_PS_NC_2022-10-12",19,"E3_CviMVP_PlDNA_2_SG_1778_9d581faa","8_E3_CviMVP_PlDNA_2_SG_1778_9d581faa_Dermo",1,0.0300000000000011,"Positive",FALSE,3670.25052631579,2
8,"H10","FAM","Unkn-32",24.9,24.92,1e-05,"Dermo","E3_CviMVP_PlDNA_2_SG_1778_9d581faa","CviMVP_12366","NPS_PS_NC_2022-10-12",19,"E3_CviMVP_PlDNA_2_SG_1778_9d581faa","8_E3_CviMVP_PlDNA_2_SG_1778_9d581faa_Dermo",2,0.0300000000000011,"Positive",FALSE,3670.25052631579,2
8,"A03","HEX","Unkn-01",NA,0,0,"MSX","A11_CviMVP_PlDNA_1_SG.sharedLotterhosPuritz_1751_bc382cb1","CviMVP_12285","DWS_CB_VA_2022-10-7",22,"A11_CviMVP_PlDNA_1_SG.sharedLotterhosPuritz_1751_bc382cb1","8_A11_CviMVP_PlDNA_1_SG.sharedLotterhosPuritz_1751_bc382cb1_MSX",1,NA,"Negative",FALSE,0,0
8,"A04","HEX","Unkn-01",NA,0,0,"MSX","A11_CviMVP_PlDNA_1_SG.sharedLotterhosPuritz_1751_bc382cb1","CviMVP_12285","DWS_CB_VA_2022-10-7",22,"A11_CviMVP_PlDNA_1_SG.sharedLotterhosPuritz_1751_bc382cb1","8_A11_CviMVP_PlDNA_1_SG.sharedLotterhosPuritz_1751_bc382cb1_MSX",2,NA,"Negative",FALSE,0,0
8,"A05","HEX","Unkn-09",NA,0,0,"MSX","A12_CviMVP_PlDNA_1_SG_1258_b240dd80","CviMVP_10851","CC_VA_2022-7-11",20,"A12_CviMVP_PlDNA_1_SG_1258_b240dd80","8_A12_CviMVP_PlDNA_1_SG_1258_b240dd80_MSX",1,NA,"Negative",FALSE,0,0
8,"A06","HEX","Unkn-09",NA,0,0,"MSX","A12_CviMVP_PlDNA_1_SG_1258_b240dd80","CviMVP_10851","CC_VA_2022-7-11",20,"A12_CviMVP_PlDNA_1_SG_1258_b240dd80","8_A12_CviMVP_PlDNA_1_SG_1258_b240dd80_MSX",2,NA,"Negative",FALSE,0,0
8,"A07","HEX","Unkn-17",38.6,38.56,0,"MSX","H1_CviMVP_PlDNA_2_SG_1581_5b837c25","CviMVP_11786","KP_FGR_FL_2022-8-23",21,"H1_CviMVP_PlDNA_2_SG_1581_5b837c25","8_H1_CviMVP_PlDNA_2_SG_1581_5b837c25_MSX",1,0.0900000000000034,"Positive",FALSE,0,0
8,"A08","HEX","Unkn-17",38.51,38.56,0,"MSX","H1_CviMVP_PlDNA_2_SG_1581_5b837c25","CviMVP_11786","KP_FGR_FL_2022-8-23",21,"H1_CviMVP_PlDNA_2_SG_1581_5b837c25","8_H1_CviMVP_PlDNA_2_SG_1581_5b837c25_MSX",2,0.0900000000000034,"Positive",FALSE,0,0
8,"A09","HEX","Unkn-25",NA,0,0,"MSX","A2_CviMVP_PlDNA_2_SG_1687_c7405305","CviMVP_12099","EelLake_Canada_2022-9-27",20,"A2_CviMVP_PlDNA_2_SG_1687_c7405305","8_A2_CviMVP_PlDNA_2_SG_1687_c7405305_MSX",1,NA,"Negative",FALSE,0,0
8,"A10","HEX","Unkn-25",NA,0,0,"MSX","A2_CviMVP_PlDNA_2_SG_1687_c7405305","CviMVP_12099","EelLake_Canada_2022-9-27",20,"A2_CviMVP_PlDNA_2_SG_1687_c7405305","8_A2_CviMVP_PlDNA_2_SG_1687_c7405305_MSX",2,NA,"Negative",FALSE,0,0
8,"B03","HEX","Unkn-02",NA,0,0,"MSX","B11_CviMVP_PlDNA_1_SG_1431_c83e8d48","CviMVP_11349","Cal_Lake_LA_2022-8-11",19,"B11_CviMVP_PlDNA_1_SG_1431_c83e8d48","8_B11_CviMVP_PlDNA_1_SG_1431_c83e8d48_MSX",1,NA,"Negative",FALSE,0,0
8,"B04","HEX","Unkn-02",NA,0,0,"MSX","B11_CviMVP_PlDNA_1_SG_1431_c83e8d48","CviMVP_11349","Cal_Lake_LA_2022-8-11",19,"B11_CviMVP_PlDNA_1_SG_1431_c83e8d48","8_B11_CviMVP_PlDNA_1_SG_1431_c83e8d48_MSX",2,NA,"Negative",FALSE,0,0
8,"B05","HEX","Unkn-10",NA,0,0,"MSX","B12_CviMVP_PlDNA_1_SG_1573_b976a26c","CviMVP_11765","KP_FGR_FL_2022-8-23",21,"B12_CviMVP_PlDNA_1_SG_1573_b976a26c","8_B12_CviMVP_PlDNA_1_SG_1573_b976a26c_MSX",1,NA,"Negative",FALSE,0,0
8,"B06","HEX","Unkn-10",NA,0,0,"MSX","B12_CviMVP_PlDNA_1_SG_1573_b976a26c","CviMVP_11765","KP_FGR_FL_2022-8-23",21,"B12_CviMVP_PlDNA_1_SG_1573_b976a26c","8_B12_CviMVP_PlDNA_1_SG_1573_b976a26c_MSX",2,NA,"Negative",FALSE,0,0
8,"B07","HEX","Unkn-18",NA,0,0,"MSX","G1_CviMVP_PlDNA_2_SG_1049_2c29990f","CviMVP_10298","OL_MI_SC_2022-5-31",20,"G1_CviMVP_PlDNA_2_SG_1049_2c29990f","8_G1_CviMVP_PlDNA_2_SG_1049_2c29990f_MSX",1,NA,"Negative",FALSE,0,0
8,"B08","HEX","Unkn-18",NA,0,0,"MSX","G1_CviMVP_PlDNA_2_SG_1049_2c29990f","CviMVP_10298","OL_MI_SC_2022-5-31",20,"G1_CviMVP_PlDNA_2_SG_1049_2c29990f","8_G1_CviMVP_PlDNA_2_SG_1049_2c29990f_MSX",2,NA,"Negative",FALSE,0,0
8,"B09","HEX","Unkn-26",38.83,38.06,0,"MSX","C2_CviMVP_PlDNA_2_SG_1334_394cabff","CviMVP_11071","Mer_GA_2022-7-26",18,"C2_CviMVP_PlDNA_2_SG_1334_394cabff","8_C2_CviMVP_PlDNA_2_SG_1334_394cabff_MSX",1,1.53,"Positive",FALSE,0,0
8,"B10","HEX","Unkn-26",37.3,38.06,0,"MSX","C2_CviMVP_PlDNA_2_SG_1334_394cabff","CviMVP_11071","Mer_GA_2022-7-26",18,"C2_CviMVP_PlDNA_2_SG_1334_394cabff","8_C2_CviMVP_PlDNA_2_SG_1334_394cabff_MSX",2,1.53,"Positive",FALSE,0,0
8,"B11","HEX","Unkn-33",NA,0,0,"MSX","F10_CviMVP_PlDNA_1_SG_1613_b2783401","CviMVP_11879","SawIs_MA_2022-9-5",18,"F10_CviMVP_PlDNA_1_SG_1613_b2783401","8_F10_CviMVP_PlDNA_1_SG_1613_b2783401_MSX",1,NA,"Negative",FALSE,0,0
8,"B12","HEX","Unkn-33",NA,0,0,"MSX","F10_CviMVP_PlDNA_1_SG_1613_b2783401","CviMVP_11879","SawIs_MA_2022-9-5",18,"F10_CviMVP_PlDNA_1_SG_1613_b2783401","8_F10_CviMVP_PlDNA_1_SG_1613_b2783401_MSX",2,NA,"Negative",FALSE,0,0
8,"C03","HEX","Unkn-03",35.94,35.97,0,"MSX","C11_CviMVP_PlDNA_1_SG_1583_4093d9eb","CviMVP_11791","KP_FGR_FL_2022-8-23",19,"C11_CviMVP_PlDNA_1_SG_1583_4093d9eb","8_C11_CviMVP_PlDNA_1_SG_1583_4093d9eb_MSX",1,0.0700000000000003,"Positive",FALSE,0,0
8,"C04","HEX","Unkn-03",36.01,35.97,0,"MSX","C11_CviMVP_PlDNA_1_SG_1583_4093d9eb","CviMVP_11791","KP_FGR_FL_2022-8-23",19,"C11_CviMVP_PlDNA_1_SG_1583_4093d9eb","8_C11_CviMVP_PlDNA_1_SG_1583_4093d9eb_MSX",2,0.0700000000000003,"Positive",FALSE,0,0
8,"C05","HEX","Unkn-11",31.39,31.36,0,"MSX","C12_CviMVP_PlDNA_1_SG_1610_aa188751","CviMVP_11870","SawIs_MA_2022-9-5",20,"C12_CviMVP_PlDNA_1_SG_1610_aa188751","8_C12_CviMVP_PlDNA_1_SG_1610_aa188751_MSX",1,0.0700000000000003,"Positive",FALSE,0,0
8,"C06","HEX","Unkn-11",31.32,31.36,0,"MSX","C12_CviMVP_PlDNA_1_SG_1610_aa188751","CviMVP_11870","SawIs_MA_2022-9-5",20,"C12_CviMVP_PlDNA_1_SG_1610_aa188751","8_C12_CviMVP_PlDNA_1_SG_1610_aa188751_MSX",2,0.0700000000000003,"Positive",FALSE,0,0
8,"C07","HEX","Unkn-19",NA,0,0,"MSX",NA,NA,NA,20,"row_97","8_row_97_MSX",1,NA,"Negative",FALSE,0,0
8,"C08","HEX","Unkn-19",NA,0,0,"MSX",NA,NA,NA,20,"row_98","8_row_98_MSX",1,NA,"Negative",FALSE,0,0
8,"C09","HEX","Unkn-27",NA,0,0,"MSX","D2_CviMVP_PlDNA_2_SG_1219_418ed3df","CviMVP_10741","TP_TX_2022-6-28",20,"D2_CviMVP_PlDNA_2_SG_1219_418ed3df","8_D2_CviMVP_PlDNA_2_SG_1219_418ed3df_MSX",1,NA,"Negative",FALSE,0,0
8,"C10","HEX","Unkn-27",NA,0,0,"MSX","D2_CviMVP_PlDNA_2_SG_1219_418ed3df","CviMVP_10741","TP_TX_2022-6-28",20,"D2_CviMVP_PlDNA_2_SG_1219_418ed3df","8_D2_CviMVP_PlDNA_2_SG_1219_418ed3df_MSX",2,NA,"Negative",FALSE,0,0
8,"C11","HEX","Unkn-34",NA,0,0,"MSX","G10_CviMVP_PlDNA_1_SG_1115_167ef2dd","CviMVP_10475","CB_TX_2022-6-9",20,"G10_CviMVP_PlDNA_1_SG_1115_167ef2dd","8_G10_CviMVP_PlDNA_1_SG_1115_167ef2dd_MSX",1,NA,"Negative",FALSE,0,0
8,"C12","HEX","Unkn-34",NA,0,0,"MSX","G10_CviMVP_PlDNA_1_SG_1115_167ef2dd","CviMVP_10475","CB_TX_2022-6-9",20,"G10_CviMVP_PlDNA_1_SG_1115_167ef2dd","8_G10_CviMVP_PlDNA_1_SG_1115_167ef2dd_MSX",2,NA,"Negative",FALSE,0,0
8,"D03","HEX","Unkn-04",NA,0,0,"MSX","D11_CviMVP_PlDNA_1_SG_1229_59b34b24","CviMVP_10769","CC_VA_2022-7-11",21,"D11_CviMVP_PlDNA_1_SG_1229_59b34b24","8_D11_CviMVP_PlDNA_1_SG_1229_59b34b24_MSX",1,NA,"Negative",FALSE,0,0
8,"D04","HEX","Unkn-04",NA,0,0,"MSX","D11_CviMVP_PlDNA_1_SG_1229_59b34b24","CviMVP_10769","CC_VA_2022-7-11",21,"D11_CviMVP_PlDNA_1_SG_1229_59b34b24","8_D11_CviMVP_PlDNA_1_SG_1229_59b34b24_MSX",2,NA,"Negative",FALSE,0,0
8,"D05","HEX","Unkn-12",36.73,36.51,0,"MSX","D12_CviMVP_PlDNA_1_SG_1891_20df4068","CviMVP_12695","DC_DR_ME_2022-10-25",21,"D12_CviMVP_PlDNA_1_SG_1891_20df4068","8_D12_CviMVP_PlDNA_1_SG_1891_20df4068_MSX",1,0.439999999999998,"Positive",FALSE,0,0
8,"D06","HEX","Unkn-12",36.29,36.51,0,"MSX","D12_CviMVP_PlDNA_1_SG_1891_20df4068","CviMVP_12695","DC_DR_ME_2022-10-25",21,"D12_CviMVP_PlDNA_1_SG_1891_20df4068","8_D12_CviMVP_PlDNA_1_SG_1891_20df4068_MSX",2,0.439999999999998,"Positive",FALSE,0,0
8,"D07","HEX","Unkn-20",NA,0,0,"MSX","E1_CviMVP_PlDNA_2_SG_1629_d7b6cad8","CviMVP_11927","SaltBay_Canada_2022-9-27",18,"E1_CviMVP_PlDNA_2_SG_1629_d7b6cad8","8_E1_CviMVP_PlDNA_2_SG_1629_d7b6cad8_MSX",1,NA,"Negative",FALSE,0,0
8,"D08","HEX","Unkn-20",NA,0,0,"MSX","E1_CviMVP_PlDNA_2_SG_1629_d7b6cad8","CviMVP_11927","SaltBay_Canada_2022-9-27",18,"E1_CviMVP_PlDNA_2_SG_1629_d7b6cad8","8_E1_CviMVP_PlDNA_2_SG_1629_d7b6cad8_MSX",2,NA,"Negative",FALSE,0,0
8,"D09","HEX","Unkn-28",NA,0,0,"MSX","F2_CviMVP_PlDNA_2_SG_1664_a2a4720a","CviMVP_12031","EelLake_Canada_2022-9-27",18,"F2_CviMVP_PlDNA_2_SG_1664_a2a4720a","8_F2_CviMVP_PlDNA_2_SG_1664_a2a4720a_MSX",1,NA,"Negative",FALSE,0,0
8,"D10","HEX","Unkn-28",NA,0,0,"MSX","F2_CviMVP_PlDNA_2_SG_1664_a2a4720a","CviMVP_12031","EelLake_Canada_2022-9-27",18,"F2_CviMVP_PlDNA_2_SG_1664_a2a4720a","8_F2_CviMVP_PlDNA_2_SG_1664_a2a4720a_MSX",2,NA,"Negative",FALSE,0,0
8,"D11","HEX","Unkn-35",NA,0,0,"MSX","H10_CviMVP_PlDNA_1_SG_1436_277e755d","CviMVP_11361","Cal_Lake_LA_2022-8-11",18,"H10_CviMVP_PlDNA_1_SG_1436_277e755d","8_H10_CviMVP_PlDNA_1_SG_1436_277e755d_MSX",1,NA,"Negative",FALSE,0,0
8,"D12","HEX","Unkn-35",NA,0,0,"MSX","H10_CviMVP_PlDNA_1_SG_1436_277e755d","CviMVP_11361","Cal_Lake_LA_2022-8-11",18,"H10_CviMVP_PlDNA_1_SG_1436_277e755d","8_H10_CviMVP_PlDNA_1_SG_1436_277e755d_MSX",2,NA,"Negative",FALSE,0,0
8,"E03","HEX","Unkn-05",30.71,30.76,0,"MSX","E11_CviMVP_PlDNA_1_SG_1480_8a36a1ff","CviMVP_11490","SR_GB_NH_2022-8-12",22,"E11_CviMVP_PlDNA_1_SG_1480_8a36a1ff","8_E11_CviMVP_PlDNA_1_SG_1480_8a36a1ff_MSX",1,0.0899999999999999,"Positive",FALSE,0,0
8,"E04","HEX","Unkn-05",30.8,30.76,0,"MSX","E11_CviMVP_PlDNA_1_SG_1480_8a36a1ff","CviMVP_11490","SR_GB_NH_2022-8-12",22,"E11_CviMVP_PlDNA_1_SG_1480_8a36a1ff","8_E11_CviMVP_PlDNA_1_SG_1480_8a36a1ff_MSX",2,0.0899999999999999,"Positive",FALSE,0,0
8,"E05","HEX","Unkn-13",38.93,38.93,0,"MSX","E12_CviMVP_PlDNA_1_SG_1894_fdb855b9","CviMVP_12704","DC_DR_ME_2022-10-25",21,"E12_CviMVP_PlDNA_1_SG_1894_fdb855b9","8_E12_CviMVP_PlDNA_1_SG_1894_fdb855b9_MSX",1,NA,"Inconclusive",TRUE,0,0
8,"E06","HEX","Unkn-13",NA,0,0,"MSX","E12_CviMVP_PlDNA_1_SG_1894_fdb855b9","CviMVP_12704","DC_DR_ME_2022-10-25",21,"E12_CviMVP_PlDNA_1_SG_1894_fdb855b9","8_E12_CviMVP_PlDNA_1_SG_1894_fdb855b9_MSX",2,NA,"Inconclusive",TRUE,0,0
8,"E07","HEX","Unkn-21",NA,0,0,"MSX","D1_CviMVP_PlDNA_2_SG_1215_3fb7a765","CviMVP_10730","TP_TX_2022-6-28",20,"D1_CviMVP_PlDNA_2_SG_1215_3fb7a765","8_D1_CviMVP_PlDNA_2_SG_1215_3fb7a765_MSX",1,NA,"Negative",FALSE,0,0
8,"E08","HEX","Unkn-21",NA,0,0,"MSX","D1_CviMVP_PlDNA_2_SG_1215_3fb7a765","CviMVP_10730","TP_TX_2022-6-28",20,"D1_CviMVP_PlDNA_2_SG_1215_3fb7a765","8_D1_CviMVP_PlDNA_2_SG_1215_3fb7a765_MSX",2,NA,"Negative",FALSE,0,0
8,"E09","HEX","Unkn-29",NA,0,0,"MSX","G2_CviMVP_PlDNA_2_SG_1674_8114fa71","CviMVP_12061","EelLake_Canada_2022-9-27",18,"G2_CviMVP_PlDNA_2_SG_1674_8114fa71","8_G2_CviMVP_PlDNA_2_SG_1674_8114fa71_MSX",1,NA,"Negative",FALSE,0,0
8,"E10","HEX","Unkn-29",NA,0,0,"MSX","G2_CviMVP_PlDNA_2_SG_1674_8114fa71","CviMVP_12061","EelLake_Canada_2022-9-27",18,"G2_CviMVP_PlDNA_2_SG_1674_8114fa71","8_G2_CviMVP_PlDNA_2_SG_1674_8114fa71_MSX",2,NA,"Negative",FALSE,0,0
8,"E11","HEX","Unkn-36",36.31,36.33,0,"MSX","H5_CviMVP_PlDNA_1_SG_1582_4d5c48a7","CviMVP_11788","KP_FGR_FL_2022-8-23",21,"H5_CviMVP_PlDNA_1_SG_1582_4d5c48a7","8_H5_CviMVP_PlDNA_1_SG_1582_4d5c48a7_MSX",1,0.0300000000000011,"Positive",FALSE,0,0
8,"E12","HEX","Unkn-36",36.34,36.33,0,"MSX","H5_CviMVP_PlDNA_1_SG_1582_4d5c48a7","CviMVP_11788","KP_FGR_FL_2022-8-23",21,"H5_CviMVP_PlDNA_1_SG_1582_4d5c48a7","8_H5_CviMVP_PlDNA_1_SG_1582_4d5c48a7_MSX",2,0.0300000000000011,"Positive",FALSE,0,0
8,"F03","HEX","Unkn-06",NA,0,0,"MSX","F11_CviMVP_PlDNA_1_SG_1607_b581eaa9","CviMVP_11861","SawIs_MA_2022-9-5",19,"F11_CviMVP_PlDNA_1_SG_1607_b581eaa9","8_F11_CviMVP_PlDNA_1_SG_1607_b581eaa9_MSX",1,NA,"Negative",FALSE,0,0
8,"F04","HEX","Unkn-06",NA,0,0,"MSX","F11_CviMVP_PlDNA_1_SG_1607_b581eaa9","CviMVP_11861","SawIs_MA_2022-9-5",19,"F11_CviMVP_PlDNA_1_SG_1607_b581eaa9","8_F11_CviMVP_PlDNA_1_SG_1607_b581eaa9_MSX",2,NA,"Negative",FALSE,0,0
8,"F05","HEX","Unkn-14",NA,0,0,"MSX","F12_CviMVP_PlDNA_1_SG_1884_2e4c4b0b","CviMVP_12675","DC_DR_ME_2022-10-25",20,"F12_CviMVP_PlDNA_1_SG_1884_2e4c4b0b","8_F12_CviMVP_PlDNA_1_SG_1884_2e4c4b0b_MSX",1,NA,"Negative",FALSE,0,0
8,"F06","HEX","Unkn-14",NA,0,0,"MSX","F12_CviMVP_PlDNA_1_SG_1884_2e4c4b0b","CviMVP_12675","DC_DR_ME_2022-10-25",20,"F12_CviMVP_PlDNA_1_SG_1884_2e4c4b0b","8_F12_CviMVP_PlDNA_1_SG_1884_2e4c4b0b_MSX",2,NA,"Negative",FALSE,0,0
8,"F07","HEX","Unkn-22",NA,0,0,"MSX","C1_CviMVP_PlDNA_2_SG_1048_9831ca6e","CviMVP_10295","OL_MI_SC_2022-5-31",22,"C1_CviMVP_PlDNA_2_SG_1048_9831ca6e","8_C1_CviMVP_PlDNA_2_SG_1048_9831ca6e_MSX",1,NA,"Negative",FALSE,0,0
8,"F08","HEX","Unkn-22",NA,0,0,"MSX","C1_CviMVP_PlDNA_2_SG_1048_9831ca6e","CviMVP_10295","OL_MI_SC_2022-5-31",22,"C1_CviMVP_PlDNA_2_SG_1048_9831ca6e","8_C1_CviMVP_PlDNA_2_SG_1048_9831ca6e_MSX",2,NA,"Negative",FALSE,0,0
8,"F09","HEX","Unkn-30",NA,0,0,"MSX","H2_CviMVP_PlDNA_2_SG_1696_9e0ab92a","CviMVP_12124","SaLa_GA_2022-10-5",22,"H2_CviMVP_PlDNA_2_SG_1696_9e0ab92a","8_H2_CviMVP_PlDNA_2_SG_1696_9e0ab92a_MSX",1,NA,"Negative",FALSE,0,0
8,"F10","HEX","Unkn-30",NA,0,0,"MSX","H2_CviMVP_PlDNA_2_SG_1696_9e0ab92a","CviMVP_12124","SaLa_GA_2022-10-5",22,"H2_CviMVP_PlDNA_2_SG_1696_9e0ab92a","8_H2_CviMVP_PlDNA_2_SG_1696_9e0ab92a_MSX",2,NA,"Negative",FALSE,0,0
8,"F11","HEX","Unkn-37",NA,0,0,"MSX","B3_CviMVP_PlDNA_2_SG_1823_b35e54f9","CviMVP_12500","PrEdIs_CN_A_2022-10-18",19,"B3_CviMVP_PlDNA_2_SG_1823_b35e54f9","8_B3_CviMVP_PlDNA_2_SG_1823_b35e54f9_MSX",1,NA,"Negative",FALSE,0,0
8,"F12","HEX","Unkn-37",NA,0,0,"MSX","B3_CviMVP_PlDNA_2_SG_1823_b35e54f9","CviMVP_12500","PrEdIs_CN_A_2022-10-18",19,"B3_CviMVP_PlDNA_2_SG_1823_b35e54f9","8_B3_CviMVP_PlDNA_2_SG_1823_b35e54f9_MSX",2,NA,"Negative",FALSE,0,0
8,"G03","HEX","Unkn-07",NA,0,0,"MSX","G11_CviMVP_PlDNA_1_SG_1868_dfac88e0","CviMVP_12628","DC_DR_ME_2022-10-25",18,"G11_CviMVP_PlDNA_1_SG_1868_dfac88e0","8_G11_CviMVP_PlDNA_1_SG_1868_dfac88e0_MSX",1,NA,"Negative",FALSE,0,0
8,"G04","HEX","Unkn-07",NA,0,0,"MSX","G11_CviMVP_PlDNA_1_SG_1868_dfac88e0","CviMVP_12628","DC_DR_ME_2022-10-25",18,"G11_CviMVP_PlDNA_1_SG_1868_dfac88e0","8_G11_CviMVP_PlDNA_1_SG_1868_dfac88e0_MSX",2,NA,"Negative",FALSE,0,0
8,"G05","HEX","Unkn-15",25.4,25.53,0,"MSX","G12_CviMVP_PlDNA_1_SG_1458_f3ca3ad9","CviMVP_11426","SR_GB_NH_2022-8-12",20,"G12_CviMVP_PlDNA_1_SG_1458_f3ca3ad9","8_G12_CviMVP_PlDNA_1_SG_1458_f3ca3ad9_MSX",1,0.25,"Positive",FALSE,0,0
8,"G06","HEX","Unkn-15",25.65,25.53,0,"MSX","G12_CviMVP_PlDNA_1_SG_1458_f3ca3ad9","CviMVP_11426","SR_GB_NH_2022-8-12",20,"G12_CviMVP_PlDNA_1_SG_1458_f3ca3ad9","8_G12_CviMVP_PlDNA_1_SG_1458_f3ca3ad9_MSX",2,0.25,"Positive",FALSE,0,0
8,"G07","HEX","Unkn-23",NA,0,0,"MSX","B1_CviMVP_PlDNA_2_SG_1912_e0a59721","CviMVP_12756","Orrs_Cove_ME_2022-10-31",22,"B1_CviMVP_PlDNA_2_SG_1912_e0a59721","8_B1_CviMVP_PlDNA_2_SG_1912_e0a59721_MSX",1,NA,"Negative",FALSE,0,0
8,"G08","HEX","Unkn-23",NA,0,0,"MSX","B1_CviMVP_PlDNA_2_SG_1912_e0a59721","CviMVP_12756","Orrs_Cove_ME_2022-10-31",22,"B1_CviMVP_PlDNA_2_SG_1912_e0a59721","8_B1_CviMVP_PlDNA_2_SG_1912_e0a59721_MSX",2,NA,"Negative",FALSE,0,0
8,"G09","HEX","Unkn-31",NA,0,0,"MSX","D3_CviMVP_PlDNA_2_SG.sharedLotterhosPuritz_1519_a6d73b27","CviMVP_11606","DC_NB_RI_2022-8-19",20,"D3_CviMVP_PlDNA_2_SG.sharedLotterhosPuritz_1519_a6d73b27","8_D3_CviMVP_PlDNA_2_SG.sharedLotterhosPuritz_1519_a6d73b27_MSX",1,NA,"Negative",FALSE,0,0
8,"G10","HEX","Unkn-31",NA,0,0,"MSX","D3_CviMVP_PlDNA_2_SG.sharedLotterhosPuritz_1519_a6d73b27","CviMVP_11606","DC_NB_RI_2022-8-19",20,"D3_CviMVP_PlDNA_2_SG.sharedLotterhosPuritz_1519_a6d73b27","8_D3_CviMVP_PlDNA_2_SG.sharedLotterhosPuritz_1519_a6d73b27_MSX",2,NA,"Negative",FALSE,0,0
8,"H03","HEX","Unkn-08",NA,0,0,"MSX","H11_CviMVP_PlDNA_1_SG.sharedLotterhosPuritz_1774_28c4bb0c","CviMVP_12354","DWS_CB_VA_2022-10-7",21,"H11_CviMVP_PlDNA_1_SG.sharedLotterhosPuritz_1774_28c4bb0c","8_H11_CviMVP_PlDNA_1_SG.sharedLotterhosPuritz_1774_28c4bb0c_MSX",1,NA,"Negative",FALSE,0,0
8,"H04","HEX","Unkn-08",NA,0,0,"MSX","H11_CviMVP_PlDNA_1_SG.sharedLotterhosPuritz_1774_28c4bb0c","CviMVP_12354","DWS_CB_VA_2022-10-7",21,"H11_CviMVP_PlDNA_1_SG.sharedLotterhosPuritz_1774_28c4bb0c","8_H11_CviMVP_PlDNA_1_SG.sharedLotterhosPuritz_1774_28c4bb0c_MSX",2,NA,"Negative",FALSE,0,0
8,"H05","HEX","Unkn-16",NA,0,0,"MSX","H12_CviMVP_PlDNA_1_SG_1383_ef032876","CviMVP_11216","Sister_Lk_LA_2022-8-9",20,"H12_CviMVP_PlDNA_1_SG_1383_ef032876","8_H12_CviMVP_PlDNA_1_SG_1383_ef032876_MSX",1,NA,"Negative",FALSE,0,0
8,"H06","HEX","Unkn-16",NA,0,0,"MSX","H12_CviMVP_PlDNA_1_SG_1383_ef032876","CviMVP_11216","Sister_Lk_LA_2022-8-9",20,"H12_CviMVP_PlDNA_1_SG_1383_ef032876","8_H12_CviMVP_PlDNA_1_SG_1383_ef032876_MSX",2,NA,"Negative",FALSE,0,0
8,"H07","HEX","Unkn-24",NA,0,0,"MSX","A1_CviMVP_PlDNA_2_SG_1424_28f79e03","CviMVP_11328","GriceCove_SC_2022-8-10",21,"A1_CviMVP_PlDNA_2_SG_1424_28f79e03","8_A1_CviMVP_PlDNA_2_SG_1424_28f79e03_MSX",1,NA,"Negative",FALSE,0,0
8,"H08","HEX","Unkn-24",NA,0,0,"MSX","A1_CviMVP_PlDNA_2_SG_1424_28f79e03","CviMVP_11328","GriceCove_SC_2022-8-10",21,"A1_CviMVP_PlDNA_2_SG_1424_28f79e03","8_A1_CviMVP_PlDNA_2_SG_1424_28f79e03_MSX",2,NA,"Negative",FALSE,0,0
8,"H09","HEX","Unkn-32",NA,0,0,"MSX","E3_CviMVP_PlDNA_2_SG_1778_9d581faa","CviMVP_12366","NPS_PS_NC_2022-10-12",19,"E3_CviMVP_PlDNA_2_SG_1778_9d581faa","8_E3_CviMVP_PlDNA_2_SG_1778_9d581faa_MSX",1,NA,"Negative",FALSE,0,0
8,"H10","HEX","Unkn-32",NA,0,0,"MSX","E3_CviMVP_PlDNA_2_SG_1778_9d581faa","CviMVP_12366","NPS_PS_NC_2022-10-12",19,"E3_CviMVP_PlDNA_2_SG_1778_9d581faa","8_E3_CviMVP_PlDNA_2_SG_1778_9d581faa_MSX",2,NA,"Negative",FALSE,0,0
9,"A03","FAM","Unkn-01",38.16,38.16,0,"Dermo","A4_CviMVP_PlDNA_2_SG_1085_b7bb9f04","CviMVP_10420","GalBay_TX_2022-6-2",22,"A4_CviMVP_PlDNA_2_SG_1085_b7bb9f04","9_A4_CviMVP_PlDNA_2_SG_1085_b7bb9f04_Dermo",1,NA,"Inconclusive",TRUE,0,0
9,"A04","FAM","Unkn-01",NA,0,0,"Dermo","A4_CviMVP_PlDNA_2_SG_1085_b7bb9f04","CviMVP_10420","GalBay_TX_2022-6-2",22,"A4_CviMVP_PlDNA_2_SG_1085_b7bb9f04","9_A4_CviMVP_PlDNA_2_SG_1085_b7bb9f04_Dermo",2,NA,"Inconclusive",TRUE,0,0
9,"A05","FAM","Unkn-09",28.07,28.01,0,"Dermo","A5_CviMVP_PlDNA_2_SG_1050_f357cf40","CviMVP_10300","OL_MI_SC_2022-5-31",20,"A5_CviMVP_PlDNA_2_SG_1050_f357cf40","9_A5_CviMVP_PlDNA_2_SG_1050_f357cf40_Dermo",1,0.120000000000001,"Positive",FALSE,0,0
9,"A06","FAM","Unkn-09",27.95,28.01,0,"Dermo","A5_CviMVP_PlDNA_2_SG_1050_f357cf40","CviMVP_10300","OL_MI_SC_2022-5-31",20,"A5_CviMVP_PlDNA_2_SG_1050_f357cf40","9_A5_CviMVP_PlDNA_2_SG_1050_f357cf40_Dermo",2,0.120000000000001,"Positive",FALSE,0,0
9,"A07","FAM","Unkn-17",29.67,29.66,0,"Dermo","A6_CviMVP_PlDNA_2_SG_1061_0b870f2b","CviMVP_10332","OL_MI_SC_2022-5-31",20,"A6_CviMVP_PlDNA_2_SG_1061_0b870f2b","9_A6_CviMVP_PlDNA_2_SG_1061_0b870f2b_Dermo",1,0.0200000000000031,"Positive",FALSE,0,0
9,"A08","FAM","Unkn-17",29.65,29.66,0,"Dermo","A6_CviMVP_PlDNA_2_SG_1061_0b870f2b","CviMVP_10332","OL_MI_SC_2022-5-31",20,"A6_CviMVP_PlDNA_2_SG_1061_0b870f2b","9_A6_CviMVP_PlDNA_2_SG_1061_0b870f2b_Dermo",2,0.0200000000000031,"Positive",FALSE,0,0
9,"A09","FAM","Unkn-25",NA,0,0,"Dermo","A7_CviMVP_PlDNA_2_SG_1925_7c410165","CviMVP_12794","Orrs_Cove_ME_2022-10-31",22,"A7_CviMVP_PlDNA_2_SG_1925_7c410165","9_A7_CviMVP_PlDNA_2_SG_1925_7c410165_Dermo",1,NA,"Negative",FALSE,0,0
9,"A10","FAM","Unkn-25",NA,0,0,"Dermo","A7_CviMVP_PlDNA_2_SG_1925_7c410165","CviMVP_12794","Orrs_Cove_ME_2022-10-31",22,"A7_CviMVP_PlDNA_2_SG_1925_7c410165","9_A7_CviMVP_PlDNA_2_SG_1925_7c410165_Dermo",2,NA,"Negative",FALSE,0,0
9,"B03","FAM","Unkn-02",NA,0,0,"Dermo","B4_CviMVP_PlDNA_2_SG_1824_dd7f9914","CviMVP_12503","PrEdIs_CN_A_2022-10-18",22,"B4_CviMVP_PlDNA_2_SG_1824_dd7f9914","9_B4_CviMVP_PlDNA_2_SG_1824_dd7f9914_Dermo",1,NA,"Negative",FALSE,0,0
9,"B04","FAM","Unkn-02",NA,0,0,"Dermo","B4_CviMVP_PlDNA_2_SG_1824_dd7f9914","CviMVP_12503","PrEdIs_CN_A_2022-10-18",22,"B4_CviMVP_PlDNA_2_SG_1824_dd7f9914","9_B4_CviMVP_PlDNA_2_SG_1824_dd7f9914_Dermo",2,NA,"Negative",FALSE,0,0
9,"B05","FAM","Unkn-10",21.6,21.56,5e-05,"Dermo","B5_CviMVP_PlDNA_2_SG_1409_e556ee36","CviMVP_11285","GriceCove_SC_2022-8-10",20,"B5_CviMVP_PlDNA_2_SG_1409_e556ee36","9_B5_CviMVP_PlDNA_2_SG_1409_e556ee36_Dermo",1,0.0800000000000018,"Positive",FALSE,17433.69,3
9,"B06","FAM","Unkn-10",21.52,21.56,5e-05,"Dermo","B5_CviMVP_PlDNA_2_SG_1409_e556ee36","CviMVP_11285","GriceCove_SC_2022-8-10",20,"B5_CviMVP_PlDNA_2_SG_1409_e556ee36","9_B5_CviMVP_PlDNA_2_SG_1409_e556ee36_Dermo",2,0.0800000000000018,"Positive",FALSE,17433.69,3
9,"B07","FAM","Unkn-18",33.49,33.64,0,"Dermo","B6_CviMVP_PlDNA_2_SG_1429_7aee0526","CviMVP_11341","GriceCove_SC_2022-8-10",18,"B6_CviMVP_PlDNA_2_SG_1429_7aee0526","9_B6_CviMVP_PlDNA_2_SG_1429_7aee0526_Dermo",1,0.309999999999995,"Positive",FALSE,0,0
9,"B08","FAM","Unkn-18",33.8,33.64,0,"Dermo","B6_CviMVP_PlDNA_2_SG_1429_7aee0526","CviMVP_11341","GriceCove_SC_2022-8-10",18,"B6_CviMVP_PlDNA_2_SG_1429_7aee0526","9_B6_CviMVP_PlDNA_2_SG_1429_7aee0526_Dermo",2,0.309999999999995,"Positive",FALSE,0,0
9,"B09","FAM","Unkn-26",NA,0,0,"Dermo","B7_CviMVP_PlDNA_2_SG_1666_33d19e4e","CviMVP_12037","EelLake_Canada_2022-9-27",19,"B7_CviMVP_PlDNA_2_SG_1666_33d19e4e","9_B7_CviMVP_PlDNA_2_SG_1666_33d19e4e_Dermo",1,NA,"Negative",FALSE,0,0
9,"B10","FAM","Unkn-26",NA,0,0,"Dermo","B7_CviMVP_PlDNA_2_SG_1666_33d19e4e","CviMVP_12037","EelLake_Canada_2022-9-27",19,"B7_CviMVP_PlDNA_2_SG_1666_33d19e4e","9_B7_CviMVP_PlDNA_2_SG_1666_33d19e4e_Dermo",2,NA,"Negative",FALSE,0,0
9,"B11","FAM","Unkn-33",NA,0,0,"Dermo","A8_CviMVP_PlDNA_2_SG_1686_184fe4d7","CviMVP_12096","EelLake_Canada_2022-9-27",18,"A8_CviMVP_PlDNA_2_SG_1686_184fe4d7","9_A8_CviMVP_PlDNA_2_SG_1686_184fe4d7_Dermo",1,NA,"Negative",FALSE,0,0
9,"B12","FAM","Unkn-33",NA,0,0,"Dermo","A8_CviMVP_PlDNA_2_SG_1686_184fe4d7","CviMVP_12096","EelLake_Canada_2022-9-27",18,"A8_CviMVP_PlDNA_2_SG_1686_184fe4d7","9_A8_CviMVP_PlDNA_2_SG_1686_184fe4d7_Dermo",2,NA,"Negative",FALSE,0,0
9,"C03","FAM","Unkn-03",NA,0,0,"Dermo","C4_CviMVP_PlDNA_2_SG_1812_a1aacc78","CviMVP_12467","PrEdIs_CN_A_2022-10-18",21,"C4_CviMVP_PlDNA_2_SG_1812_a1aacc78","9_C4_CviMVP_PlDNA_2_SG_1812_a1aacc78_Dermo",1,NA,"Negative",FALSE,0,0
9,"C04","FAM","Unkn-03",NA,0,0,"Dermo","C4_CviMVP_PlDNA_2_SG_1812_a1aacc78","CviMVP_12467","PrEdIs_CN_A_2022-10-18",21,"C4_CviMVP_PlDNA_2_SG_1812_a1aacc78","9_C4_CviMVP_PlDNA_2_SG_1812_a1aacc78_Dermo",2,NA,"Negative",FALSE,0,0
9,"C05","FAM","Unkn-11",NA,0,0,"Dermo","C5_CviMVP_PlDNA_2_SG.sharedLotterhosPuritz_3044_dfab1eb6","CviMVP_30129","HC_DB_NJ_2022-9-23",19,"C5_CviMVP_PlDNA_2_SG.sharedLotterhosPuritz_3044_dfab1eb6","9_C5_CviMVP_PlDNA_2_SG.sharedLotterhosPuritz_3044_dfab1eb6_Dermo",1,NA,"Negative",FALSE,0,0
9,"C06","FAM","Unkn-11",NA,0,0,"Dermo","C5_CviMVP_PlDNA_2_SG.sharedLotterhosPuritz_3044_dfab1eb6","CviMVP_30129","HC_DB_NJ_2022-9-23",19,"C5_CviMVP_PlDNA_2_SG.sharedLotterhosPuritz_3044_dfab1eb6","9_C5_CviMVP_PlDNA_2_SG.sharedLotterhosPuritz_3044_dfab1eb6_Dermo",2,NA,"Negative",FALSE,0,0
9,"C07","FAM","Unkn-19",19.12,19.06,0.00021,"Dermo","D6_CviMVP_PlDNA_2_SG_1715_3df8d222","CviMVP_12178","SaLa_GA_2022-10-5",20,"D6_CviMVP_PlDNA_2_SG_1715_3df8d222","9_D6_CviMVP_PlDNA_2_SG_1715_3df8d222_Dermo",1,0.109999999999999,"Positive",FALSE,73221.498,3
9,"C08","FAM","Unkn-19",19.01,19.06,0.00021,"Dermo","D6_CviMVP_PlDNA_2_SG_1715_3df8d222","CviMVP_12178","SaLa_GA_2022-10-5",20,"D6_CviMVP_PlDNA_2_SG_1715_3df8d222","9_D6_CviMVP_PlDNA_2_SG_1715_3df8d222_Dermo",2,0.109999999999999,"Positive",FALSE,73221.498,3
9,"C09","FAM","Unkn-27",NA,0,0,"Dermo","D7_CviMVP_PlDNA_2_SG_1105_cf668f83","CviMVP_10454","CB_TX_2022-6-9",21,"D7_CviMVP_PlDNA_2_SG_1105_cf668f83","9_D7_CviMVP_PlDNA_2_SG_1105_cf668f83_Dermo",1,NA,"Negative",FALSE,0,0
9,"C10","FAM","Unkn-27",NA,0,0,"Dermo","D7_CviMVP_PlDNA_2_SG_1105_cf668f83","CviMVP_10454","CB_TX_2022-6-9",21,"D7_CviMVP_PlDNA_2_SG_1105_cf668f83","9_D7_CviMVP_PlDNA_2_SG_1105_cf668f83_Dermo",2,NA,"Negative",FALSE,0,0
9,"C11","FAM","Unkn-34",NA,0,0,"Dermo","B8_CviMVP_PlDNA_2_SG_1662_1f53eaa1","CviMVP_12025","EelLake_Canada_2022-9-27",19,"B8_CviMVP_PlDNA_2_SG_1662_1f53eaa1","9_B8_CviMVP_PlDNA_2_SG_1662_1f53eaa1_Dermo",1,NA,"Negative",FALSE,0,0
9,"C12","FAM","Unkn-34",NA,0,0,"Dermo","B8_CviMVP_PlDNA_2_SG_1662_1f53eaa1","CviMVP_12025","EelLake_Canada_2022-9-27",19,"B8_CviMVP_PlDNA_2_SG_1662_1f53eaa1","9_B8_CviMVP_PlDNA_2_SG_1662_1f53eaa1_Dermo",2,NA,"Negative",FALSE,0,0
9,"D03","FAM","Unkn-04",NA,0,0,"Dermo","D4_CviMVP_PlDNA_2_SG_1365_862540eb","CviMVP_11163","Nickle_Rf_LA_2022-8-1",20,"D4_CviMVP_PlDNA_2_SG_1365_862540eb","9_D4_CviMVP_PlDNA_2_SG_1365_862540eb_Dermo",1,NA,"Negative",FALSE,0,0
9,"D04","FAM","Unkn-04",NA,0,0,"Dermo","D4_CviMVP_PlDNA_2_SG_1365_862540eb","CviMVP_11163","Nickle_Rf_LA_2022-8-1",20,"D4_CviMVP_PlDNA_2_SG_1365_862540eb","9_D4_CviMVP_PlDNA_2_SG_1365_862540eb_Dermo",2,NA,"Negative",FALSE,0,0
9,"D05","FAM","Unkn-12",NA,0,0,"Dermo","D5_CviMVP_PlDNA_2_SG_1909_21c2d575","CviMVP_12747","Orrs_Cove_ME_2022-10-31",18,"D5_CviMVP_PlDNA_2_SG_1909_21c2d575","9_D5_CviMVP_PlDNA_2_SG_1909_21c2d575_Dermo",1,NA,"Negative",FALSE,0,0
9,"D06","FAM","Unkn-12",NA,0,0,"Dermo","D5_CviMVP_PlDNA_2_SG_1909_21c2d575","CviMVP_12747","Orrs_Cove_ME_2022-10-31",18,"D5_CviMVP_PlDNA_2_SG_1909_21c2d575","9_D5_CviMVP_PlDNA_2_SG_1909_21c2d575_Dermo",2,NA,"Negative",FALSE,0,0
9,"D07","FAM","Unkn-20",35.15,34.59,0,"Dermo","E6_CviMVP_PlDNA_2_SG_1418_ce942e72","CviMVP_11311","GriceCove_SC_2022-8-10",20,"E6_CviMVP_PlDNA_2_SG_1418_ce942e72","9_E6_CviMVP_PlDNA_2_SG_1418_ce942e72_Dermo",1,1.12,"Positive",FALSE,0,0
9,"D08","FAM","Unkn-20",34.03,34.59,0,"Dermo","E6_CviMVP_PlDNA_2_SG_1418_ce942e72","CviMVP_11311","GriceCove_SC_2022-8-10",20,"E6_CviMVP_PlDNA_2_SG_1418_ce942e72","9_E6_CviMVP_PlDNA_2_SG_1418_ce942e72_Dermo",2,1.12,"Positive",FALSE,0,0
9,"D09","FAM","Unkn-28",38.07,38.07,0,"Dermo","E7_CviMVP_PlDNA_2_SG_1671_94d35d0a","CviMVP_12052","EelLake_Canada_2022-9-27",21,"E7_CviMVP_PlDNA_2_SG_1671_94d35d0a","9_E7_CviMVP_PlDNA_2_SG_1671_94d35d0a_Dermo",1,NA,"Inconclusive",TRUE,0,0
9,"D10","FAM","Unkn-28",NA,0,0,"Dermo","E7_CviMVP_PlDNA_2_SG_1671_94d35d0a","CviMVP_12052","EelLake_Canada_2022-9-27",21,"E7_CviMVP_PlDNA_2_SG_1671_94d35d0a","9_E7_CviMVP_PlDNA_2_SG_1671_94d35d0a_Dermo",2,NA,"Inconclusive",TRUE,0,0
9,"D11","FAM","Unkn-35",NA,0,0,"Dermo","C8_CviMVP_PlDNA_2_SG_1384_24b58700","CviMVP_11219","Sister_Lk_LA_2022-8-9",21,"C8_CviMVP_PlDNA_2_SG_1384_24b58700","9_C8_CviMVP_PlDNA_2_SG_1384_24b58700_Dermo",1,NA,"Negative",FALSE,0,0
9,"D12","FAM","Unkn-35",NA,0,0,"Dermo","C8_CviMVP_PlDNA_2_SG_1384_24b58700","CviMVP_11219","Sister_Lk_LA_2022-8-9",21,"C8_CviMVP_PlDNA_2_SG_1384_24b58700","9_C8_CviMVP_PlDNA_2_SG_1384_24b58700_Dermo",2,NA,"Negative",FALSE,0,0
9,"E03","FAM","Unkn-05",NA,0,0,"Dermo","E4_CviMVP_PlDNA_2_SG_1182_badaacbd","CviMVP_10635","Culch_Ba_LA_2022-6-21",21,"E4_CviMVP_PlDNA_2_SG_1182_badaacbd","9_E4_CviMVP_PlDNA_2_SG_1182_badaacbd_Dermo",1,NA,"Inconclusive",TRUE,0,0
9,"E04","FAM","Unkn-05",37.47,37.47,0,"Dermo","E4_CviMVP_PlDNA_2_SG_1182_badaacbd","CviMVP_10635","Culch_Ba_LA_2022-6-21",21,"E4_CviMVP_PlDNA_2_SG_1182_badaacbd","9_E4_CviMVP_PlDNA_2_SG_1182_badaacbd_Dermo",2,NA,"Inconclusive",TRUE,0,0
9,"E05","FAM","Unkn-13",26.76,26.7,0,"Dermo","E5_CviMVP_PlDNA_2_SG_1218_72ed5589","CviMVP_10738","TP_TX_2022-6-28",19,"E5_CviMVP_PlDNA_2_SG_1218_72ed5589","9_E5_CviMVP_PlDNA_2_SG_1218_72ed5589_Dermo",1,0.120000000000001,"Positive",FALSE,0,0
9,"E06","FAM","Unkn-13",26.64,26.7,0,"Dermo","E5_CviMVP_PlDNA_2_SG_1218_72ed5589","CviMVP_10738","TP_TX_2022-6-28",19,"E5_CviMVP_PlDNA_2_SG_1218_72ed5589","9_E5_CviMVP_PlDNA_2_SG_1218_72ed5589_Dermo",2,0.120000000000001,"Positive",FALSE,0,0
9,"E07","FAM","Unkn-21",27.8,27.68,0,"Dermo","F6_CviMVP_PlDNA_2_SG.sharedLotterhosPuritz_1496_13dadaa0","CviMVP_11537","NR_NB_RI_2022-8-19",18,"F6_CviMVP_PlDNA_2_SG.sharedLotterhosPuritz_1496_13dadaa0","9_F6_CviMVP_PlDNA_2_SG.sharedLotterhosPuritz_1496_13dadaa0_Dermo",1,0.23,"Positive",FALSE,0,0
9,"E08","FAM","Unkn-21",27.57,27.68,0,"Dermo","F6_CviMVP_PlDNA_2_SG.sharedLotterhosPuritz_1496_13dadaa0","CviMVP_11537","NR_NB_RI_2022-8-19",18,"F6_CviMVP_PlDNA_2_SG.sharedLotterhosPuritz_1496_13dadaa0","9_F6_CviMVP_PlDNA_2_SG.sharedLotterhosPuritz_1496_13dadaa0_Dermo",2,0.23,"Positive",FALSE,0,0
9,"E09","FAM","Unkn-29",NA,0,0,"Dermo","F7_CviMVP_PlDNA_2_SG_1029_1709b6fc","CviMVP_10072","LakeFortuna_LA_2022-5-11",20,"F7_CviMVP_PlDNA_2_SG_1029_1709b6fc","9_F7_CviMVP_PlDNA_2_SG_1029_1709b6fc_Dermo",1,NA,"Negative",FALSE,0,0
9,"E10","FAM","Unkn-29",NA,0,0,"Dermo","F7_CviMVP_PlDNA_2_SG_1029_1709b6fc","CviMVP_10072","LakeFortuna_LA_2022-5-11",20,"F7_CviMVP_PlDNA_2_SG_1029_1709b6fc","9_F7_CviMVP_PlDNA_2_SG_1029_1709b6fc_Dermo",2,NA,"Negative",FALSE,0,0
9,"E11","FAM","Unkn-36",30.42,30.44,0,"Dermo","D8_CviMVP_PlDNA_2_SG.sharedLotterhosPuritz_1526_8fde2a0e","CviMVP_11626","DC_NB_RI_2022-8-19",20,"D8_CviMVP_PlDNA_2_SG.sharedLotterhosPuritz_1526_8fde2a0e","9_D8_CviMVP_PlDNA_2_SG.sharedLotterhosPuritz_1526_8fde2a0e_Dermo",1,0.0299999999999976,"Positive",FALSE,0,0
9,"E12","FAM","Unkn-36",30.45,30.44,0,"Dermo","D8_CviMVP_PlDNA_2_SG.sharedLotterhosPuritz_1526_8fde2a0e","CviMVP_11626","DC_NB_RI_2022-8-19",20,"D8_CviMVP_PlDNA_2_SG.sharedLotterhosPuritz_1526_8fde2a0e","9_D8_CviMVP_PlDNA_2_SG.sharedLotterhosPuritz_1526_8fde2a0e_Dermo",2,0.0299999999999976,"Positive",FALSE,0,0
9,"F03","FAM","Unkn-06",NA,0,0,"Dermo","F4_CviMVP_PlDNA_2_SG_1186_8c0d3239","CviMVP_10646","Culch_Ba_LA_2022-6-21",19,"F4_CviMVP_PlDNA_2_SG_1186_8c0d3239","9_F4_CviMVP_PlDNA_2_SG_1186_8c0d3239_Dermo",1,NA,"Negative",FALSE,0,0
9,"F04","FAM","Unkn-06",NA,0,0,"Dermo","F4_CviMVP_PlDNA_2_SG_1186_8c0d3239","CviMVP_10646","Culch_Ba_LA_2022-6-21",19,"F4_CviMVP_PlDNA_2_SG_1186_8c0d3239","9_F4_CviMVP_PlDNA_2_SG_1186_8c0d3239_Dermo",2,NA,"Negative",FALSE,0,0
9,"F05","FAM","Unkn-14",39.56,38.59,0,"Dermo","F5_CviMVP_PlDNA_2_SG_1641_42f8af9b","CviMVP_11963","SaltBay_Canada_2022-9-27",22,"F5_CviMVP_PlDNA_2_SG_1641_42f8af9b","9_F5_CviMVP_PlDNA_2_SG_1641_42f8af9b_Dermo",1,1.94,"Positive",FALSE,0,0
9,"F06","FAM","Unkn-14",37.62,38.59,0,"Dermo","F5_CviMVP_PlDNA_2_SG_1641_42f8af9b","CviMVP_11963","SaltBay_Canada_2022-9-27",22,"F5_CviMVP_PlDNA_2_SG_1641_42f8af9b","9_F5_CviMVP_PlDNA_2_SG_1641_42f8af9b_Dermo",2,1.94,"Positive",FALSE,0,0
9,"F07","FAM","Unkn-22",NA,0,0,"Dermo","G6_CviMVP_PlDNA_2_SG_1138_2a7224fb","CviMVP_10526","FP_Sav_GA_2022-6-10",21,"G6_CviMVP_PlDNA_2_SG_1138_2a7224fb","9_G6_CviMVP_PlDNA_2_SG_1138_2a7224fb_Dermo",1,NA,"Negative",FALSE,0,0
9,"F08","FAM","Unkn-22",NA,0,0,"Dermo","G6_CviMVP_PlDNA_2_SG_1138_2a7224fb","CviMVP_10526","FP_Sav_GA_2022-6-10",21,"G6_CviMVP_PlDNA_2_SG_1138_2a7224fb","9_G6_CviMVP_PlDNA_2_SG_1138_2a7224fb_Dermo",2,NA,"Negative",FALSE,0,0
9,"F09","FAM","Unkn-30",26.49,26.46,0,"Dermo","G7_CviMVP_PlDNA_2_SG_1299_b1a66ac8","CviMVP_10969","Sapelo_Is_GA_2022-7-17",21,"G7_CviMVP_PlDNA_2_SG_1299_b1a66ac8","9_G7_CviMVP_PlDNA_2_SG_1299_b1a66ac8_Dermo",1,0.0699999999999967,"Positive",FALSE,0,0
9,"F10","FAM","Unkn-30",26.42,26.46,0,"Dermo","G7_CviMVP_PlDNA_2_SG_1299_b1a66ac8","CviMVP_10969","Sapelo_Is_GA_2022-7-17",21,"G7_CviMVP_PlDNA_2_SG_1299_b1a66ac8","9_G7_CviMVP_PlDNA_2_SG_1299_b1a66ac8_Dermo",2,0.0699999999999967,"Positive",FALSE,0,0
9,"F11","FAM","Unkn-37",NA,0,0,"Dermo","E8_CviMVP_PlDNA_2_SG_1356_4295d929","CviMVP_11136","Nickle_Rf_LA_2022-8-1",20,"E8_CviMVP_PlDNA_2_SG_1356_4295d929","9_E8_CviMVP_PlDNA_2_SG_1356_4295d929_Dermo",1,NA,"Negative",FALSE,0,0
9,"F12","FAM","Unkn-37",NA,0,0,"Dermo","E8_CviMVP_PlDNA_2_SG_1356_4295d929","CviMVP_11136","Nickle_Rf_LA_2022-8-1",20,"E8_CviMVP_PlDNA_2_SG_1356_4295d929","9_E8_CviMVP_PlDNA_2_SG_1356_4295d929_Dermo",2,NA,"Negative",FALSE,0,0
9,"G03","FAM","Unkn-07",NA,0,0,"Dermo","G4_CviMVP_PlDNA_2_SG_1184_7c2aa22d","CviMVP_10641","Culch_Ba_LA_2022-6-21",18,"G4_CviMVP_PlDNA_2_SG_1184_7c2aa22d","9_G4_CviMVP_PlDNA_2_SG_1184_7c2aa22d_Dermo",1,NA,"Negative",FALSE,0,0
9,"G04","FAM","Unkn-07",NA,0,0,"Dermo","G4_CviMVP_PlDNA_2_SG_1184_7c2aa22d","CviMVP_10641","Culch_Ba_LA_2022-6-21",18,"G4_CviMVP_PlDNA_2_SG_1184_7c2aa22d","9_G4_CviMVP_PlDNA_2_SG_1184_7c2aa22d_Dermo",2,NA,"Negative",FALSE,0,0
9,"G05","FAM","Unkn-15",NA,0,0,"Dermo","G5_CviMVP_PlDNA_2_SG_1027_8151ca73","CviMVP_10064","LakeFortuna_LA_2022-5-11",18,"G5_CviMVP_PlDNA_2_SG_1027_8151ca73","9_G5_CviMVP_PlDNA_2_SG_1027_8151ca73_Dermo",1,NA,"Negative",FALSE,0,0
9,"G06","FAM","Unkn-15",NA,0,0,"Dermo","G5_CviMVP_PlDNA_2_SG_1027_8151ca73","CviMVP_10064","LakeFortuna_LA_2022-5-11",18,"G5_CviMVP_PlDNA_2_SG_1027_8151ca73","9_G5_CviMVP_PlDNA_2_SG_1027_8151ca73_Dermo",2,NA,"Negative",FALSE,0,0
9,"G07","FAM","Unkn-23",35.47,35.05,0,"Dermo","H6_CviMVP_PlDNA_2_SG.sharedLotterhosPuritz_3029_b178cb91","CviMVP_30087","CS_DB_NJ_2022-9-21",20,"H6_CviMVP_PlDNA_2_SG.sharedLotterhosPuritz_3029_b178cb91","9_H6_CviMVP_PlDNA_2_SG.sharedLotterhosPuritz_3029_b178cb91_Dermo",1,0.839999999999996,"Positive",FALSE,0,0
9,"G08","FAM","Unkn-23",34.63,35.05,0,"Dermo","H6_CviMVP_PlDNA_2_SG.sharedLotterhosPuritz_3029_b178cb91","CviMVP_30087","CS_DB_NJ_2022-9-21",20,"H6_CviMVP_PlDNA_2_SG.sharedLotterhosPuritz_3029_b178cb91","9_H6_CviMVP_PlDNA_2_SG.sharedLotterhosPuritz_3029_b178cb91_Dermo",2,0.839999999999996,"Positive",FALSE,0,0
9,"G09","FAM","Unkn-31",33.26,33.14,0,"Dermo","H7_CviMVP_PlDNA_2_SG_1800_6455f4be","CviMVP_12431","NPS_PS_NC_2022-10-12",20,"H7_CviMVP_PlDNA_2_SG_1800_6455f4be","9_H7_CviMVP_PlDNA_2_SG_1800_6455f4be_Dermo",1,0.239999999999995,"Positive",FALSE,0,0
9,"G10","FAM","Unkn-31",33.02,33.14,0,"Dermo","H7_CviMVP_PlDNA_2_SG_1800_6455f4be","CviMVP_12431","NPS_PS_NC_2022-10-12",20,"H7_CviMVP_PlDNA_2_SG_1800_6455f4be","9_H7_CviMVP_PlDNA_2_SG_1800_6455f4be_Dermo",2,0.239999999999995,"Positive",FALSE,0,0
9,"H03","FAM","Unkn-08",21.81,21.78,5e-05,"Dermo","H4_CviMVP_PlDNA_2_SG_1303_bb38f6e1","CviMVP_10981","Sapelo_Is_GA_2022-7-17",18,"H4_CviMVP_PlDNA_2_SG_1303_bb38f6e1","9_H4_CviMVP_PlDNA_2_SG_1303_bb38f6e1_Dermo",1,0.0599999999999987,"Positive",FALSE,19370.7666666667,3
9,"H04","FAM","Unkn-08",21.75,21.78,5e-05,"Dermo","H4_CviMVP_PlDNA_2_SG_1303_bb38f6e1","CviMVP_10981","Sapelo_Is_GA_2022-7-17",18,"H4_CviMVP_PlDNA_2_SG_1303_bb38f6e1","9_H4_CviMVP_PlDNA_2_SG_1303_bb38f6e1_Dermo",2,0.0599999999999987,"Positive",FALSE,19370.7666666667,3
9,"H07","FAM","Unkn-24",NA,0,0,"Dermo","F8_CviMVP_PlDNA_2_SG_1552_5d51308b","CviMVP_11704","CPR_MS_AL_2022-8-24",20,"F8_CviMVP_PlDNA_2_SG_1552_5d51308b","9_F8_CviMVP_PlDNA_2_SG_1552_5d51308b_Dermo",1,NA,"Negative",FALSE,0,0
9,"H08","FAM","Unkn-24",NA,0,0,"Dermo","F8_CviMVP_PlDNA_2_SG_1552_5d51308b","CviMVP_11704","CPR_MS_AL_2022-8-24",20,"F8_CviMVP_PlDNA_2_SG_1552_5d51308b","9_F8_CviMVP_PlDNA_2_SG_1552_5d51308b_Dermo",2,NA,"Negative",FALSE,0,0
9,"H09","FAM","Unkn-32",NA,0,0,"Dermo","G8_CviMVP_PlDNA_2_SG_1570_998e65c4","CviMVP_11758","KP_FGR_FL_2022-8-23",20,"G8_CviMVP_PlDNA_2_SG_1570_998e65c4","9_G8_CviMVP_PlDNA_2_SG_1570_998e65c4_Dermo",1,NA,"Inconclusive",TRUE,0,0
9,"H10","FAM","Unkn-32",39.65,39.65,0,"Dermo","G8_CviMVP_PlDNA_2_SG_1570_998e65c4","CviMVP_11758","KP_FGR_FL_2022-8-23",20,"G8_CviMVP_PlDNA_2_SG_1570_998e65c4","9_G8_CviMVP_PlDNA_2_SG_1570_998e65c4_Dermo",2,NA,"Inconclusive",TRUE,0,0
9,"A03","HEX","Unkn-01",NA,0,0,"MSX","A4_CviMVP_PlDNA_2_SG_1085_b7bb9f04","CviMVP_10420","GalBay_TX_2022-6-2",22,"A4_CviMVP_PlDNA_2_SG_1085_b7bb9f04","9_A4_CviMVP_PlDNA_2_SG_1085_b7bb9f04_MSX",1,NA,"Negative",FALSE,0,0
9,"A04","HEX","Unkn-01",NA,0,0,"MSX","A4_CviMVP_PlDNA_2_SG_1085_b7bb9f04","CviMVP_10420","GalBay_TX_2022-6-2",22,"A4_CviMVP_PlDNA_2_SG_1085_b7bb9f04","9_A4_CviMVP_PlDNA_2_SG_1085_b7bb9f04_MSX",2,NA,"Negative",FALSE,0,0
9,"A05","HEX","Unkn-09",39.07,39.07,0,"MSX","A5_CviMVP_PlDNA_2_SG_1050_f357cf40","CviMVP_10300","OL_MI_SC_2022-5-31",20,"A5_CviMVP_PlDNA_2_SG_1050_f357cf40","9_A5_CviMVP_PlDNA_2_SG_1050_f357cf40_MSX",1,NA,"Inconclusive",TRUE,0,0
9,"A06","HEX","Unkn-09",NA,0,0,"MSX","A5_CviMVP_PlDNA_2_SG_1050_f357cf40","CviMVP_10300","OL_MI_SC_2022-5-31",20,"A5_CviMVP_PlDNA_2_SG_1050_f357cf40","9_A5_CviMVP_PlDNA_2_SG_1050_f357cf40_MSX",2,NA,"Inconclusive",TRUE,0,0
9,"A07","HEX","Unkn-17",39.51,39.51,0,"MSX","A6_CviMVP_PlDNA_2_SG_1061_0b870f2b","CviMVP_10332","OL_MI_SC_2022-5-31",20,"A6_CviMVP_PlDNA_2_SG_1061_0b870f2b","9_A6_CviMVP_PlDNA_2_SG_1061_0b870f2b_MSX",1,NA,"Inconclusive",TRUE,0,0
9,"A08","HEX","Unkn-17",NA,0,0,"MSX","A6_CviMVP_PlDNA_2_SG_1061_0b870f2b","CviMVP_10332","OL_MI_SC_2022-5-31",20,"A6_CviMVP_PlDNA_2_SG_1061_0b870f2b","9_A6_CviMVP_PlDNA_2_SG_1061_0b870f2b_MSX",2,NA,"Inconclusive",TRUE,0,0
9,"A09","HEX","Unkn-25",NA,0,0,"MSX","A7_CviMVP_PlDNA_2_SG_1925_7c410165","CviMVP_12794","Orrs_Cove_ME_2022-10-31",22,"A7_CviMVP_PlDNA_2_SG_1925_7c410165","9_A7_CviMVP_PlDNA_2_SG_1925_7c410165_MSX",1,NA,"Negative",FALSE,0,0
9,"A10","HEX","Unkn-25",NA,0,0,"MSX","A7_CviMVP_PlDNA_2_SG_1925_7c410165","CviMVP_12794","Orrs_Cove_ME_2022-10-31",22,"A7_CviMVP_PlDNA_2_SG_1925_7c410165","9_A7_CviMVP_PlDNA_2_SG_1925_7c410165_MSX",2,NA,"Negative",FALSE,0,0
9,"B03","HEX","Unkn-02",38.9,39.07,0,"MSX","B4_CviMVP_PlDNA_2_SG_1824_dd7f9914","CviMVP_12503","PrEdIs_CN_A_2022-10-18",22,"B4_CviMVP_PlDNA_2_SG_1824_dd7f9914","9_B4_CviMVP_PlDNA_2_SG_1824_dd7f9914_MSX",1,0.350000000000001,"Positive",FALSE,0,0
9,"B04","HEX","Unkn-02",39.25,39.07,0,"MSX","B4_CviMVP_PlDNA_2_SG_1824_dd7f9914","CviMVP_12503","PrEdIs_CN_A_2022-10-18",22,"B4_CviMVP_PlDNA_2_SG_1824_dd7f9914","9_B4_CviMVP_PlDNA_2_SG_1824_dd7f9914_MSX",2,0.350000000000001,"Positive",FALSE,0,0
9,"B05","HEX","Unkn-10",NA,0,0,"MSX","B5_CviMVP_PlDNA_2_SG_1409_e556ee36","CviMVP_11285","GriceCove_SC_2022-8-10",20,"B5_CviMVP_PlDNA_2_SG_1409_e556ee36","9_B5_CviMVP_PlDNA_2_SG_1409_e556ee36_MSX",1,NA,"Negative",FALSE,0,0
9,"B06","HEX","Unkn-10",NA,0,0,"MSX","B5_CviMVP_PlDNA_2_SG_1409_e556ee36","CviMVP_11285","GriceCove_SC_2022-8-10",20,"B5_CviMVP_PlDNA_2_SG_1409_e556ee36","9_B5_CviMVP_PlDNA_2_SG_1409_e556ee36_MSX",2,NA,"Negative",FALSE,0,0
9,"B07","HEX","Unkn-18",NA,0,0,"MSX","B6_CviMVP_PlDNA_2_SG_1429_7aee0526","CviMVP_11341","GriceCove_SC_2022-8-10",18,"B6_CviMVP_PlDNA_2_SG_1429_7aee0526","9_B6_CviMVP_PlDNA_2_SG_1429_7aee0526_MSX",1,NA,"Negative",FALSE,0,0
9,"B08","HEX","Unkn-18",NA,0,0,"MSX","B6_CviMVP_PlDNA_2_SG_1429_7aee0526","CviMVP_11341","GriceCove_SC_2022-8-10",18,"B6_CviMVP_PlDNA_2_SG_1429_7aee0526","9_B6_CviMVP_PlDNA_2_SG_1429_7aee0526_MSX",2,NA,"Negative",FALSE,0,0
9,"B09","HEX","Unkn-26",NA,0,0,"MSX","B7_CviMVP_PlDNA_2_SG_1666_33d19e4e","CviMVP_12037","EelLake_Canada_2022-9-27",19,"B7_CviMVP_PlDNA_2_SG_1666_33d19e4e","9_B7_CviMVP_PlDNA_2_SG_1666_33d19e4e_MSX",1,NA,"Negative",FALSE,0,0
9,"B10","HEX","Unkn-26",NA,0,0,"MSX","B7_CviMVP_PlDNA_2_SG_1666_33d19e4e","CviMVP_12037","EelLake_Canada_2022-9-27",19,"B7_CviMVP_PlDNA_2_SG_1666_33d19e4e","9_B7_CviMVP_PlDNA_2_SG_1666_33d19e4e_MSX",2,NA,"Negative",FALSE,0,0
9,"B11","HEX","Unkn-33",NA,0,0,"MSX","A8_CviMVP_PlDNA_2_SG_1686_184fe4d7","CviMVP_12096","EelLake_Canada_2022-9-27",18,"A8_CviMVP_PlDNA_2_SG_1686_184fe4d7","9_A8_CviMVP_PlDNA_2_SG_1686_184fe4d7_MSX",1,NA,"Negative",FALSE,0,0
9,"B12","HEX","Unkn-33",NA,0,0,"MSX","A8_CviMVP_PlDNA_2_SG_1686_184fe4d7","CviMVP_12096","EelLake_Canada_2022-9-27",18,"A8_CviMVP_PlDNA_2_SG_1686_184fe4d7","9_A8_CviMVP_PlDNA_2_SG_1686_184fe4d7_MSX",2,NA,"Negative",FALSE,0,0
9,"C03","HEX","Unkn-03",NA,0,0,"MSX","C4_CviMVP_PlDNA_2_SG_1812_a1aacc78","CviMVP_12467","PrEdIs_CN_A_2022-10-18",21,"C4_CviMVP_PlDNA_2_SG_1812_a1aacc78","9_C4_CviMVP_PlDNA_2_SG_1812_a1aacc78_MSX",1,NA,"Negative",FALSE,0,0
9,"C04","HEX","Unkn-03",NA,0,0,"MSX","C4_CviMVP_PlDNA_2_SG_1812_a1aacc78","CviMVP_12467","PrEdIs_CN_A_2022-10-18",21,"C4_CviMVP_PlDNA_2_SG_1812_a1aacc78","9_C4_CviMVP_PlDNA_2_SG_1812_a1aacc78_MSX",2,NA,"Negative",FALSE,0,0
9,"C05","HEX","Unkn-11",NA,0,0,"MSX","C5_CviMVP_PlDNA_2_SG.sharedLotterhosPuritz_3044_dfab1eb6","CviMVP_30129","HC_DB_NJ_2022-9-23",19,"C5_CviMVP_PlDNA_2_SG.sharedLotterhosPuritz_3044_dfab1eb6","9_C5_CviMVP_PlDNA_2_SG.sharedLotterhosPuritz_3044_dfab1eb6_MSX",1,NA,"Negative",FALSE,0,0
9,"C06","HEX","Unkn-11",NA,0,0,"MSX","C5_CviMVP_PlDNA_2_SG.sharedLotterhosPuritz_3044_dfab1eb6","CviMVP_30129","HC_DB_NJ_2022-9-23",19,"C5_CviMVP_PlDNA_2_SG.sharedLotterhosPuritz_3044_dfab1eb6","9_C5_CviMVP_PlDNA_2_SG.sharedLotterhosPuritz_3044_dfab1eb6_MSX",2,NA,"Negative",FALSE,0,0
9,"C07","HEX","Unkn-19",NA,0,0,"MSX","D6_CviMVP_PlDNA_2_SG_1715_3df8d222","CviMVP_12178","SaLa_GA_2022-10-5",20,"D6_CviMVP_PlDNA_2_SG_1715_3df8d222","9_D6_CviMVP_PlDNA_2_SG_1715_3df8d222_MSX",1,NA,"Negative",FALSE,0,0
9,"C08","HEX","Unkn-19",NA,0,0,"MSX","D6_CviMVP_PlDNA_2_SG_1715_3df8d222","CviMVP_12178","SaLa_GA_2022-10-5",20,"D6_CviMVP_PlDNA_2_SG_1715_3df8d222","9_D6_CviMVP_PlDNA_2_SG_1715_3df8d222_MSX",2,NA,"Negative",FALSE,0,0
9,"C09","HEX","Unkn-27",NA,0,0,"MSX","D7_CviMVP_PlDNA_2_SG_1105_cf668f83","CviMVP_10454","CB_TX_2022-6-9",21,"D7_CviMVP_PlDNA_2_SG_1105_cf668f83","9_D7_CviMVP_PlDNA_2_SG_1105_cf668f83_MSX",1,NA,"Negative",FALSE,0,0
9,"C10","HEX","Unkn-27",NA,0,0,"MSX","D7_CviMVP_PlDNA_2_SG_1105_cf668f83","CviMVP_10454","CB_TX_2022-6-9",21,"D7_CviMVP_PlDNA_2_SG_1105_cf668f83","9_D7_CviMVP_PlDNA_2_SG_1105_cf668f83_MSX",2,NA,"Negative",FALSE,0,0
9,"C11","HEX","Unkn-34",NA,0,0,"MSX","B8_CviMVP_PlDNA_2_SG_1662_1f53eaa1","CviMVP_12025","EelLake_Canada_2022-9-27",19,"B8_CviMVP_PlDNA_2_SG_1662_1f53eaa1","9_B8_CviMVP_PlDNA_2_SG_1662_1f53eaa1_MSX",1,NA,"Negative",FALSE,0,0
9,"C12","HEX","Unkn-34",NA,0,0,"MSX","B8_CviMVP_PlDNA_2_SG_1662_1f53eaa1","CviMVP_12025","EelLake_Canada_2022-9-27",19,"B8_CviMVP_PlDNA_2_SG_1662_1f53eaa1","9_B8_CviMVP_PlDNA_2_SG_1662_1f53eaa1_MSX",2,NA,"Negative",FALSE,0,0
9,"D03","HEX","Unkn-04",NA,0,0,"MSX","D4_CviMVP_PlDNA_2_SG_1365_862540eb","CviMVP_11163","Nickle_Rf_LA_2022-8-1",20,"D4_CviMVP_PlDNA_2_SG_1365_862540eb","9_D4_CviMVP_PlDNA_2_SG_1365_862540eb_MSX",1,NA,"Negative",FALSE,0,0
9,"D04","HEX","Unkn-04",NA,0,0,"MSX","D4_CviMVP_PlDNA_2_SG_1365_862540eb","CviMVP_11163","Nickle_Rf_LA_2022-8-1",20,"D4_CviMVP_PlDNA_2_SG_1365_862540eb","9_D4_CviMVP_PlDNA_2_SG_1365_862540eb_MSX",2,NA,"Negative",FALSE,0,0
9,"D05","HEX","Unkn-12",NA,0,0,"MSX","D5_CviMVP_PlDNA_2_SG_1909_21c2d575","CviMVP_12747","Orrs_Cove_ME_2022-10-31",18,"D5_CviMVP_PlDNA_2_SG_1909_21c2d575","9_D5_CviMVP_PlDNA_2_SG_1909_21c2d575_MSX",1,NA,"Inconclusive",TRUE,0,0
9,"D06","HEX","Unkn-12",39.62,39.62,0,"MSX","D5_CviMVP_PlDNA_2_SG_1909_21c2d575","CviMVP_12747","Orrs_Cove_ME_2022-10-31",18,"D5_CviMVP_PlDNA_2_SG_1909_21c2d575","9_D5_CviMVP_PlDNA_2_SG_1909_21c2d575_MSX",2,NA,"Inconclusive",TRUE,0,0
9,"D07","HEX","Unkn-20",NA,0,0,"MSX","E6_CviMVP_PlDNA_2_SG_1418_ce942e72","CviMVP_11311","GriceCove_SC_2022-8-10",20,"E6_CviMVP_PlDNA_2_SG_1418_ce942e72","9_E6_CviMVP_PlDNA_2_SG_1418_ce942e72_MSX",1,NA,"Negative",FALSE,0,0
9,"D08","HEX","Unkn-20",NA,0,0,"MSX","E6_CviMVP_PlDNA_2_SG_1418_ce942e72","CviMVP_11311","GriceCove_SC_2022-8-10",20,"E6_CviMVP_PlDNA_2_SG_1418_ce942e72","9_E6_CviMVP_PlDNA_2_SG_1418_ce942e72_MSX",2,NA,"Negative",FALSE,0,0
9,"D09","HEX","Unkn-28",NA,0,0,"MSX","E7_CviMVP_PlDNA_2_SG_1671_94d35d0a","CviMVP_12052","EelLake_Canada_2022-9-27",21,"E7_CviMVP_PlDNA_2_SG_1671_94d35d0a","9_E7_CviMVP_PlDNA_2_SG_1671_94d35d0a_MSX",1,NA,"Negative",FALSE,0,0
9,"D10","HEX","Unkn-28",NA,0,0,"MSX","E7_CviMVP_PlDNA_2_SG_1671_94d35d0a","CviMVP_12052","EelLake_Canada_2022-9-27",21,"E7_CviMVP_PlDNA_2_SG_1671_94d35d0a","9_E7_CviMVP_PlDNA_2_SG_1671_94d35d0a_MSX",2,NA,"Negative",FALSE,0,0
9,"D11","HEX","Unkn-35",NA,0,0,"MSX","C8_CviMVP_PlDNA_2_SG_1384_24b58700","CviMVP_11219","Sister_Lk_LA_2022-8-9",21,"C8_CviMVP_PlDNA_2_SG_1384_24b58700","9_C8_CviMVP_PlDNA_2_SG_1384_24b58700_MSX",1,NA,"Negative",FALSE,0,0
9,"D12","HEX","Unkn-35",NA,0,0,"MSX","C8_CviMVP_PlDNA_2_SG_1384_24b58700","CviMVP_11219","Sister_Lk_LA_2022-8-9",21,"C8_CviMVP_PlDNA_2_SG_1384_24b58700","9_C8_CviMVP_PlDNA_2_SG_1384_24b58700_MSX",2,NA,"Negative",FALSE,0,0
9,"E03","HEX","Unkn-05",NA,0,0,"MSX","E4_CviMVP_PlDNA_2_SG_1182_badaacbd","CviMVP_10635","Culch_Ba_LA_2022-6-21",21,"E4_CviMVP_PlDNA_2_SG_1182_badaacbd","9_E4_CviMVP_PlDNA_2_SG_1182_badaacbd_MSX",1,NA,"Negative",FALSE,0,0
9,"E04","HEX","Unkn-05",NA,0,0,"MSX","E4_CviMVP_PlDNA_2_SG_1182_badaacbd","CviMVP_10635","Culch_Ba_LA_2022-6-21",21,"E4_CviMVP_PlDNA_2_SG_1182_badaacbd","9_E4_CviMVP_PlDNA_2_SG_1182_badaacbd_MSX",2,NA,"Negative",FALSE,0,0
9,"E05","HEX","Unkn-13",NA,0,0,"MSX","E5_CviMVP_PlDNA_2_SG_1218_72ed5589","CviMVP_10738","TP_TX_2022-6-28",19,"E5_CviMVP_PlDNA_2_SG_1218_72ed5589","9_E5_CviMVP_PlDNA_2_SG_1218_72ed5589_MSX",1,NA,"Negative",FALSE,0,0
9,"E06","HEX","Unkn-13",NA,0,0,"MSX","E5_CviMVP_PlDNA_2_SG_1218_72ed5589","CviMVP_10738","TP_TX_2022-6-28",19,"E5_CviMVP_PlDNA_2_SG_1218_72ed5589","9_E5_CviMVP_PlDNA_2_SG_1218_72ed5589_MSX",2,NA,"Negative",FALSE,0,0
9,"E07","HEX","Unkn-21",NA,0,0,"MSX","F6_CviMVP_PlDNA_2_SG.sharedLotterhosPuritz_1496_13dadaa0","CviMVP_11537","NR_NB_RI_2022-8-19",18,"F6_CviMVP_PlDNA_2_SG.sharedLotterhosPuritz_1496_13dadaa0","9_F6_CviMVP_PlDNA_2_SG.sharedLotterhosPuritz_1496_13dadaa0_MSX",1,NA,"Negative",FALSE,0,0
9,"E08","HEX","Unkn-21",NA,0,0,"MSX","F6_CviMVP_PlDNA_2_SG.sharedLotterhosPuritz_1496_13dadaa0","CviMVP_11537","NR_NB_RI_2022-8-19",18,"F6_CviMVP_PlDNA_2_SG.sharedLotterhosPuritz_1496_13dadaa0","9_F6_CviMVP_PlDNA_2_SG.sharedLotterhosPuritz_1496_13dadaa0_MSX",2,NA,"Negative",FALSE,0,0
9,"E09","HEX","Unkn-29",NA,0,0,"MSX","F7_CviMVP_PlDNA_2_SG_1029_1709b6fc","CviMVP_10072","LakeFortuna_LA_2022-5-11",20,"F7_CviMVP_PlDNA_2_SG_1029_1709b6fc","9_F7_CviMVP_PlDNA_2_SG_1029_1709b6fc_MSX",1,NA,"Negative",FALSE,0,0
9,"E10","HEX","Unkn-29",NA,0,0,"MSX","F7_CviMVP_PlDNA_2_SG_1029_1709b6fc","CviMVP_10072","LakeFortuna_LA_2022-5-11",20,"F7_CviMVP_PlDNA_2_SG_1029_1709b6fc","9_F7_CviMVP_PlDNA_2_SG_1029_1709b6fc_MSX",2,NA,"Negative",FALSE,0,0
9,"E11","HEX","Unkn-36",38.52,38.49,0,"MSX","D8_CviMVP_PlDNA_2_SG.sharedLotterhosPuritz_1526_8fde2a0e","CviMVP_11626","DC_NB_RI_2022-8-19",20,"D8_CviMVP_PlDNA_2_SG.sharedLotterhosPuritz_1526_8fde2a0e","9_D8_CviMVP_PlDNA_2_SG.sharedLotterhosPuritz_1526_8fde2a0e_MSX",1,0.0600000000000023,"Positive",FALSE,0,0
9,"E12","HEX","Unkn-36",38.46,38.49,0,"MSX","D8_CviMVP_PlDNA_2_SG.sharedLotterhosPuritz_1526_8fde2a0e","CviMVP_11626","DC_NB_RI_2022-8-19",20,"D8_CviMVP_PlDNA_2_SG.sharedLotterhosPuritz_1526_8fde2a0e","9_D8_CviMVP_PlDNA_2_SG.sharedLotterhosPuritz_1526_8fde2a0e_MSX",2,0.0600000000000023,"Positive",FALSE,0,0
9,"F03","HEX","Unkn-06",NA,0,0,"MSX","F4_CviMVP_PlDNA_2_SG_1186_8c0d3239","CviMVP_10646","Culch_Ba_LA_2022-6-21",19,"F4_CviMVP_PlDNA_2_SG_1186_8c0d3239","9_F4_CviMVP_PlDNA_2_SG_1186_8c0d3239_MSX",1,NA,"Negative",FALSE,0,0
9,"F04","HEX","Unkn-06",NA,0,0,"MSX","F4_CviMVP_PlDNA_2_SG_1186_8c0d3239","CviMVP_10646","Culch_Ba_LA_2022-6-21",19,"F4_CviMVP_PlDNA_2_SG_1186_8c0d3239","9_F4_CviMVP_PlDNA_2_SG_1186_8c0d3239_MSX",2,NA,"Negative",FALSE,0,0
9,"F05","HEX","Unkn-14",NA,0,0,"MSX","F5_CviMVP_PlDNA_2_SG_1641_42f8af9b","CviMVP_11963","SaltBay_Canada_2022-9-27",22,"F5_CviMVP_PlDNA_2_SG_1641_42f8af9b","9_F5_CviMVP_PlDNA_2_SG_1641_42f8af9b_MSX",1,NA,"Negative",FALSE,0,0
9,"F06","HEX","Unkn-14",NA,0,0,"MSX","F5_CviMVP_PlDNA_2_SG_1641_42f8af9b","CviMVP_11963","SaltBay_Canada_2022-9-27",22,"F5_CviMVP_PlDNA_2_SG_1641_42f8af9b","9_F5_CviMVP_PlDNA_2_SG_1641_42f8af9b_MSX",2,NA,"Negative",FALSE,0,0
9,"F07","HEX","Unkn-22",30.72,30.7,0,"MSX","G6_CviMVP_PlDNA_2_SG_1138_2a7224fb","CviMVP_10526","FP_Sav_GA_2022-6-10",21,"G6_CviMVP_PlDNA_2_SG_1138_2a7224fb","9_G6_CviMVP_PlDNA_2_SG_1138_2a7224fb_MSX",1,0.0499999999999972,"Positive",FALSE,0,0
9,"F08","HEX","Unkn-22",30.67,30.7,0,"MSX","G6_CviMVP_PlDNA_2_SG_1138_2a7224fb","CviMVP_10526","FP_Sav_GA_2022-6-10",21,"G6_CviMVP_PlDNA_2_SG_1138_2a7224fb","9_G6_CviMVP_PlDNA_2_SG_1138_2a7224fb_MSX",2,0.0499999999999972,"Positive",FALSE,0,0
9,"F09","HEX","Unkn-30",NA,0,0,"MSX","G7_CviMVP_PlDNA_2_SG_1299_b1a66ac8","CviMVP_10969","Sapelo_Is_GA_2022-7-17",21,"G7_CviMVP_PlDNA_2_SG_1299_b1a66ac8","9_G7_CviMVP_PlDNA_2_SG_1299_b1a66ac8_MSX",1,NA,"Negative",FALSE,0,0
9,"F10","HEX","Unkn-30",NA,0,0,"MSX","G7_CviMVP_PlDNA_2_SG_1299_b1a66ac8","CviMVP_10969","Sapelo_Is_GA_2022-7-17",21,"G7_CviMVP_PlDNA_2_SG_1299_b1a66ac8","9_G7_CviMVP_PlDNA_2_SG_1299_b1a66ac8_MSX",2,NA,"Negative",FALSE,0,0
9,"F11","HEX","Unkn-37",NA,0,0,"MSX","E8_CviMVP_PlDNA_2_SG_1356_4295d929","CviMVP_11136","Nickle_Rf_LA_2022-8-1",20,"E8_CviMVP_PlDNA_2_SG_1356_4295d929","9_E8_CviMVP_PlDNA_2_SG_1356_4295d929_MSX",1,NA,"Negative",FALSE,0,0
9,"F12","HEX","Unkn-37",NA,0,0,"MSX","E8_CviMVP_PlDNA_2_SG_1356_4295d929","CviMVP_11136","Nickle_Rf_LA_2022-8-1",20,"E8_CviMVP_PlDNA_2_SG_1356_4295d929","9_E8_CviMVP_PlDNA_2_SG_1356_4295d929_MSX",2,NA,"Negative",FALSE,0,0
9,"G03","HEX","Unkn-07",NA,0,0,"MSX","G4_CviMVP_PlDNA_2_SG_1184_7c2aa22d","CviMVP_10641","Culch_Ba_LA_2022-6-21",18,"G4_CviMVP_PlDNA_2_SG_1184_7c2aa22d","9_G4_CviMVP_PlDNA_2_SG_1184_7c2aa22d_MSX",1,NA,"Negative",FALSE,0,0
9,"G04","HEX","Unkn-07",NA,0,0,"MSX","G4_CviMVP_PlDNA_2_SG_1184_7c2aa22d","CviMVP_10641","Culch_Ba_LA_2022-6-21",18,"G4_CviMVP_PlDNA_2_SG_1184_7c2aa22d","9_G4_CviMVP_PlDNA_2_SG_1184_7c2aa22d_MSX",2,NA,"Negative",FALSE,0,0
9,"G05","HEX","Unkn-15",NA,0,0,"MSX","G5_CviMVP_PlDNA_2_SG_1027_8151ca73","CviMVP_10064","LakeFortuna_LA_2022-5-11",18,"G5_CviMVP_PlDNA_2_SG_1027_8151ca73","9_G5_CviMVP_PlDNA_2_SG_1027_8151ca73_MSX",1,NA,"Negative",FALSE,0,0
9,"G06","HEX","Unkn-15",NA,0,0,"MSX","G5_CviMVP_PlDNA_2_SG_1027_8151ca73","CviMVP_10064","LakeFortuna_LA_2022-5-11",18,"G5_CviMVP_PlDNA_2_SG_1027_8151ca73","9_G5_CviMVP_PlDNA_2_SG_1027_8151ca73_MSX",2,NA,"Negative",FALSE,0,0
9,"G07","HEX","Unkn-23",31.46,31.5,0,"MSX","H6_CviMVP_PlDNA_2_SG.sharedLotterhosPuritz_3029_b178cb91","CviMVP_30087","CS_DB_NJ_2022-9-21",20,"H6_CviMVP_PlDNA_2_SG.sharedLotterhosPuritz_3029_b178cb91","9_H6_CviMVP_PlDNA_2_SG.sharedLotterhosPuritz_3029_b178cb91_MSX",1,0.0700000000000003,"Positive",FALSE,0,0
9,"G08","HEX","Unkn-23",31.53,31.5,0,"MSX","H6_CviMVP_PlDNA_2_SG.sharedLotterhosPuritz_3029_b178cb91","CviMVP_30087","CS_DB_NJ_2022-9-21",20,"H6_CviMVP_PlDNA_2_SG.sharedLotterhosPuritz_3029_b178cb91","9_H6_CviMVP_PlDNA_2_SG.sharedLotterhosPuritz_3029_b178cb91_MSX",2,0.0700000000000003,"Positive",FALSE,0,0
9,"G09","HEX","Unkn-31",NA,0,0,"MSX","H7_CviMVP_PlDNA_2_SG_1800_6455f4be","CviMVP_12431","NPS_PS_NC_2022-10-12",20,"H7_CviMVP_PlDNA_2_SG_1800_6455f4be","9_H7_CviMVP_PlDNA_2_SG_1800_6455f4be_MSX",1,NA,"Negative",FALSE,0,0
9,"G10","HEX","Unkn-31",NA,0,0,"MSX","H7_CviMVP_PlDNA_2_SG_1800_6455f4be","CviMVP_12431","NPS_PS_NC_2022-10-12",20,"H7_CviMVP_PlDNA_2_SG_1800_6455f4be","9_H7_CviMVP_PlDNA_2_SG_1800_6455f4be_MSX",2,NA,"Negative",FALSE,0,0
9,"H03","HEX","Unkn-08",36.75,37.81,0,"MSX","H4_CviMVP_PlDNA_2_SG_1303_bb38f6e1","CviMVP_10981","Sapelo_Is_GA_2022-7-17",18,"H4_CviMVP_PlDNA_2_SG_1303_bb38f6e1","9_H4_CviMVP_PlDNA_2_SG_1303_bb38f6e1_MSX",1,2.13,"Inconclusive",TRUE,0,0
9,"H04","HEX","Unkn-08",38.88,37.81,0,"MSX","H4_CviMVP_PlDNA_2_SG_1303_bb38f6e1","CviMVP_10981","Sapelo_Is_GA_2022-7-17",18,"H4_CviMVP_PlDNA_2_SG_1303_bb38f6e1","9_H4_CviMVP_PlDNA_2_SG_1303_bb38f6e1_MSX",2,2.13,"Inconclusive",TRUE,0,0
9,"H07","HEX","Unkn-24",NA,0,0,"MSX","F8_CviMVP_PlDNA_2_SG_1552_5d51308b","CviMVP_11704","CPR_MS_AL_2022-8-24",20,"F8_CviMVP_PlDNA_2_SG_1552_5d51308b","9_F8_CviMVP_PlDNA_2_SG_1552_5d51308b_MSX",1,NA,"Negative",FALSE,0,0
9,"H08","HEX","Unkn-24",NA,0,0,"MSX","F8_CviMVP_PlDNA_2_SG_1552_5d51308b","CviMVP_11704","CPR_MS_AL_2022-8-24",20,"F8_CviMVP_PlDNA_2_SG_1552_5d51308b","9_F8_CviMVP_PlDNA_2_SG_1552_5d51308b_MSX",2,NA,"Negative",FALSE,0,0
9,"H09","HEX","Unkn-32",NA,0,0,"MSX","G8_CviMVP_PlDNA_2_SG_1570_998e65c4","CviMVP_11758","KP_FGR_FL_2022-8-23",20,"G8_CviMVP_PlDNA_2_SG_1570_998e65c4","9_G8_CviMVP_PlDNA_2_SG_1570_998e65c4_MSX",1,NA,"Inconclusive",TRUE,0,0
9,"H10","HEX","Unkn-32",39.07,39.07,0,"MSX","G8_CviMVP_PlDNA_2_SG_1570_998e65c4","CviMVP_11758","KP_FGR_FL_2022-8-23",20,"G8_CviMVP_PlDNA_2_SG_1570_998e65c4","9_G8_CviMVP_PlDNA_2_SG_1570_998e65c4_MSX",2,NA,"Inconclusive",TRUE,0,0
10,"A03","FAM","Unkn-01",NA,0,0,"Dermo","A9_CviMVP_PlDNA_2_SG_1628_5510ba60","CviMVP_11924","SaltBay_Canada_2022-9-27",21,"A9_CviMVP_PlDNA_2_SG_1628_5510ba60","10_A9_CviMVP_PlDNA_2_SG_1628_5510ba60_Dermo",1,NA,"Negative",FALSE,0,0
10,"A04","FAM","Unkn-01",NA,0,0,"Dermo","A9_CviMVP_PlDNA_2_SG_1628_5510ba60","CviMVP_11924","SaltBay_Canada_2022-9-27",21,"A9_CviMVP_PlDNA_2_SG_1628_5510ba60","10_A9_CviMVP_PlDNA_2_SG_1628_5510ba60_Dermo",2,NA,"Negative",FALSE,0,0
10,"A05","FAM","Unkn-09",34.59,34.32,0,"Dermo","A10_CviMVP_PlDNA_2_SG_1170_5ceaf20a","CviMVP_10604","SkR_GA_2022-6-14",19,"A10_CviMVP_PlDNA_2_SG_1170_5ceaf20a","10_A10_CviMVP_PlDNA_2_SG_1170_5ceaf20a_Dermo",1,0.540000000000006,"Positive",FALSE,0,0
10,"A06","FAM","Unkn-09",34.05,34.32,0,"Dermo","A10_CviMVP_PlDNA_2_SG_1170_5ceaf20a","CviMVP_10604","SkR_GA_2022-6-14",19,"A10_CviMVP_PlDNA_2_SG_1170_5ceaf20a","10_A10_CviMVP_PlDNA_2_SG_1170_5ceaf20a_Dermo",2,0.540000000000006,"Positive",FALSE,0,0
10,"A07","FAM","Unkn-17",37.95,37.24,0,"Dermo","A11_CviMVP_PlDNA_2_SG_1782_fa92e3f5","CviMVP_12378","NPS_PS_NC_2022-10-12",20,"A11_CviMVP_PlDNA_2_SG_1782_fa92e3f5","10_A11_CviMVP_PlDNA_2_SG_1782_fa92e3f5_Dermo",1,1.42,"Positive",FALSE,0,0
10,"A08","FAM","Unkn-17",36.53,37.24,0,"Dermo","A11_CviMVP_PlDNA_2_SG_1782_fa92e3f5","CviMVP_12378","NPS_PS_NC_2022-10-12",20,"A11_CviMVP_PlDNA_2_SG_1782_fa92e3f5","10_A11_CviMVP_PlDNA_2_SG_1782_fa92e3f5_Dermo",2,1.42,"Positive",FALSE,0,0
10,"A09","FAM","Unkn-25",28.41,28.34,0,"Dermo",NA,NA,NA,20,"row_7","10_row_7_Dermo",1,NA,"Inconclusive",TRUE,0,0
10,"A10","FAM","Unkn-25",28.26,28.34,0,"Dermo",NA,NA,NA,20,"row_8","10_row_8_Dermo",1,NA,"Inconclusive",TRUE,0,0
10,"B03","FAM","Unkn-02",NA,0,0,"Dermo","B9_CviMVP_PlDNA_2_SG.sharedLotterhosPuritz_3043_e541bd45","CviMVP_30126","HC_DB_NJ_2022-9-23",19,"B9_CviMVP_PlDNA_2_SG.sharedLotterhosPuritz_3043_e541bd45","10_B9_CviMVP_PlDNA_2_SG.sharedLotterhosPuritz_3043_e541bd45_Dermo",1,NA,"Negative",FALSE,0,0
10,"B04","FAM","Unkn-02",NA,0,0,"Dermo","B9_CviMVP_PlDNA_2_SG.sharedLotterhosPuritz_3043_e541bd45","CviMVP_30126","HC_DB_NJ_2022-9-23",19,"B9_CviMVP_PlDNA_2_SG.sharedLotterhosPuritz_3043_e541bd45","10_B9_CviMVP_PlDNA_2_SG.sharedLotterhosPuritz_3043_e541bd45_Dermo",2,NA,"Negative",FALSE,0,0
10,"B05","FAM","Unkn-10",24.21,24.16,1e-05,"Dermo","B10_CviMVP_PlDNA_2_SG.sharedLotterhosPuritz_1729_09f98c5b","CviMVP_12220","WS_CB_VA_2022-10-7",22,"B10_CviMVP_PlDNA_2_SG.sharedLotterhosPuritz_1729_09f98c5b","10_B10_CviMVP_PlDNA_2_SG.sharedLotterhosPuritz_1729_09f98c5b_Dermo",1,0.0899999999999999,"Positive",FALSE,3169.76181818182,2
10,"B06","FAM","Unkn-10",24.12,24.16,1e-05,"Dermo","B10_CviMVP_PlDNA_2_SG.sharedLotterhosPuritz_1729_09f98c5b","CviMVP_12220","WS_CB_VA_2022-10-7",22,"B10_CviMVP_PlDNA_2_SG.sharedLotterhosPuritz_1729_09f98c5b","10_B10_CviMVP_PlDNA_2_SG.sharedLotterhosPuritz_1729_09f98c5b_Dermo",2,0.0899999999999999,"Positive",FALSE,3169.76181818182,2
10,"B07","FAM","Unkn-18",26.67,26.65,0,"Dermo","B11_CviMVP_PlDNA_2_SG.sharedLotterhosPuritz_1531_a3123770","CviMVP_11641","DC_NB_RI_2022-8-19",20,"B11_CviMVP_PlDNA_2_SG.sharedLotterhosPuritz_1531_a3123770","10_B11_CviMVP_PlDNA_2_SG.sharedLotterhosPuritz_1531_a3123770_Dermo",1,0.0300000000000011,"Positive",FALSE,0,0
10,"B08","FAM","Unkn-18",26.64,26.65,0,"Dermo","B11_CviMVP_PlDNA_2_SG.sharedLotterhosPuritz_1531_a3123770","CviMVP_11641","DC_NB_RI_2022-8-19",20,"B11_CviMVP_PlDNA_2_SG.sharedLotterhosPuritz_1531_a3123770","10_B11_CviMVP_PlDNA_2_SG.sharedLotterhosPuritz_1531_a3123770_Dermo",2,0.0300000000000011,"Positive",FALSE,0,0
10,"B09","FAM","Unkn-26",29.44,29.39,0,"Dermo","B12_CviMVP_PlDNA_2_SG_1624_f59660b5","CviMVP_11912","SawIs_MA_2022-9-5",20,"B12_CviMVP_PlDNA_2_SG_1624_f59660b5","10_B12_CviMVP_PlDNA_2_SG_1624_f59660b5_Dermo",1,0.100000000000001,"Positive",FALSE,0,0
10,"B10","FAM","Unkn-26",29.34,29.39,0,"Dermo","B12_CviMVP_PlDNA_2_SG_1624_f59660b5","CviMVP_11912","SawIs_MA_2022-9-5",20,"B12_CviMVP_PlDNA_2_SG_1624_f59660b5","10_B12_CviMVP_PlDNA_2_SG_1624_f59660b5_Dermo",2,0.100000000000001,"Positive",FALSE,0,0
10,"B11","FAM","Unkn-33",39.22,37.92,0,"Dermo","F3_CviMVP_PlDNA_2_SG.sharedLotterhosPuritz_3000_2720f423","CviMVP_30000","CS_DB_NJ_2022-9-21",19,"F3_CviMVP_PlDNA_2_SG.sharedLotterhosPuritz_3000_2720f423","10_F3_CviMVP_PlDNA_2_SG.sharedLotterhosPuritz_3000_2720f423_Dermo",1,2.59,"Inconclusive",TRUE,0,0
10,"B12","FAM","Unkn-33",36.63,37.92,0,"Dermo","F3_CviMVP_PlDNA_2_SG.sharedLotterhosPuritz_3000_2720f423","CviMVP_30000","CS_DB_NJ_2022-9-21",19,"F3_CviMVP_PlDNA_2_SG.sharedLotterhosPuritz_3000_2720f423","10_F3_CviMVP_PlDNA_2_SG.sharedLotterhosPuritz_3000_2720f423_Dermo",2,2.59,"Inconclusive",TRUE,0,0
10,"C03","FAM","Unkn-03",NA,0,0,"Dermo","C9_CviMVP_PlDNA_2_SG_1032_6655cc76","CviMVP_10084","LakeFortuna_LA_2022-5-11",21,"C9_CviMVP_PlDNA_2_SG_1032_6655cc76","10_C9_CviMVP_PlDNA_2_SG_1032_6655cc76_Dermo",1,NA,"Negative",FALSE,0,0
10,"C04","FAM","Unkn-03",NA,0,0,"Dermo","C9_CviMVP_PlDNA_2_SG_1032_6655cc76","CviMVP_10084","LakeFortuna_LA_2022-5-11",21,"C9_CviMVP_PlDNA_2_SG_1032_6655cc76","10_C9_CviMVP_PlDNA_2_SG_1032_6655cc76_Dermo",2,NA,"Negative",FALSE,0,0
10,"C05","FAM","Unkn-11",NA,0,0,"Dermo","C10_CviMVP_PlDNA_2_SG.sharedLotterhosPuritz_3003_00b9719a","CviMVP_30009","CS_DB_NJ_2022-9-21",22,"C10_CviMVP_PlDNA_2_SG.sharedLotterhosPuritz_3003_00b9719a","10_C10_CviMVP_PlDNA_2_SG.sharedLotterhosPuritz_3003_00b9719a_Dermo",1,NA,"Negative",FALSE,0,0
10,"C06","FAM","Unkn-11",NA,0,0,"Dermo","C10_CviMVP_PlDNA_2_SG.sharedLotterhosPuritz_3003_00b9719a","CviMVP_30009","CS_DB_NJ_2022-9-21",22,"C10_CviMVP_PlDNA_2_SG.sharedLotterhosPuritz_3003_00b9719a","10_C10_CviMVP_PlDNA_2_SG.sharedLotterhosPuritz_3003_00b9719a_Dermo",2,NA,"Negative",FALSE,0,0
10,"C07","FAM","Unkn-19",28,27.97,0,"Dermo","C11_CviMVP_PlDNA_2_SG.sharedLotterhosPuritz_1730_3947bb8f","CviMVP_12223","WS_CB_VA_2022-10-7",18,"C11_CviMVP_PlDNA_2_SG.sharedLotterhosPuritz_1730_3947bb8f","10_C11_CviMVP_PlDNA_2_SG.sharedLotterhosPuritz_1730_3947bb8f_Dermo",1,0.0599999999999987,"Positive",FALSE,0,0
10,"C08","FAM","Unkn-19",27.94,27.97,0,"Dermo","C11_CviMVP_PlDNA_2_SG.sharedLotterhosPuritz_1730_3947bb8f","CviMVP_12223","WS_CB_VA_2022-10-7",18,"C11_CviMVP_PlDNA_2_SG.sharedLotterhosPuritz_1730_3947bb8f","10_C11_CviMVP_PlDNA_2_SG.sharedLotterhosPuritz_1730_3947bb8f_Dermo",2,0.0599999999999987,"Positive",FALSE,0,0
10,"C09","FAM","Unkn-27",NA,0,0,"Dermo","C12_CviMVP_PlDNA_2_SG_1813_c02ddcb7","CviMVP_12470","PrEdIs_CN_A_2022-10-18",21,"C12_CviMVP_PlDNA_2_SG_1813_c02ddcb7","10_C12_CviMVP_PlDNA_2_SG_1813_c02ddcb7_Dermo",1,NA,"Negative",FALSE,0,0
10,"C10","FAM","Unkn-27",NA,0,0,"Dermo","C12_CviMVP_PlDNA_2_SG_1813_c02ddcb7","CviMVP_12470","PrEdIs_CN_A_2022-10-18",21,"C12_CviMVP_PlDNA_2_SG_1813_c02ddcb7","10_C12_CviMVP_PlDNA_2_SG_1813_c02ddcb7_Dermo",2,NA,"Negative",FALSE,0,0
10,"C11","FAM","Unkn-34",NA,0,0,"Dermo","G3_CviMVP_PlDNA_2_SG.sharedLotterhosPuritz_3028_9450ca97","CviMVP_30084","CS_DB_NJ_2022-9-21",20,"G3_CviMVP_PlDNA_2_SG.sharedLotterhosPuritz_3028_9450ca97","10_G3_CviMVP_PlDNA_2_SG.sharedLotterhosPuritz_3028_9450ca97_Dermo",1,NA,"Negative",FALSE,0,0
10,"C12","FAM","Unkn-34",NA,0,0,"Dermo","G3_CviMVP_PlDNA_2_SG.sharedLotterhosPuritz_3028_9450ca97","CviMVP_30084","CS_DB_NJ_2022-9-21",20,"G3_CviMVP_PlDNA_2_SG.sharedLotterhosPuritz_3028_9450ca97","10_G3_CviMVP_PlDNA_2_SG.sharedLotterhosPuritz_3028_9450ca97_Dermo",2,NA,"Negative",FALSE,0,0
10,"D03","FAM","Unkn-04",24.63,24.57,1e-05,"Dermo","D9_CviMVP_PlDNA_2_SG.sharedLotterhosPuritz_1509_242c6773","CviMVP_11576","NR_NB_RI_2022-8-19",21,"D9_CviMVP_PlDNA_2_SG.sharedLotterhosPuritz_1509_242c6773","10_D9_CviMVP_PlDNA_2_SG.sharedLotterhosPuritz_1509_242c6773_Dermo",1,0.109999999999999,"Positive",FALSE,3320.70285714286,2
10,"D04","FAM","Unkn-04",24.52,24.57,1e-05,"Dermo","D9_CviMVP_PlDNA_2_SG.sharedLotterhosPuritz_1509_242c6773","CviMVP_11576","NR_NB_RI_2022-8-19",21,"D9_CviMVP_PlDNA_2_SG.sharedLotterhosPuritz_1509_242c6773","10_D9_CviMVP_PlDNA_2_SG.sharedLotterhosPuritz_1509_242c6773_Dermo",2,0.109999999999999,"Positive",FALSE,3320.70285714286,2
10,"D05","FAM","Unkn-12",NA,0,0,"Dermo","D10_CviMVP_PlDNA_2_SG_1146_b3a78220","CviMVP_10547","FP_Sav_GA_2022-6-10",20,"D10_CviMVP_PlDNA_2_SG_1146_b3a78220","10_D10_CviMVP_PlDNA_2_SG_1146_b3a78220_Dermo",1,NA,"Negative",FALSE,0,0
10,"D06","FAM","Unkn-12",NA,0,0,"Dermo","D10_CviMVP_PlDNA_2_SG_1146_b3a78220","CviMVP_10547","FP_Sav_GA_2022-6-10",20,"D10_CviMVP_PlDNA_2_SG_1146_b3a78220","10_D10_CviMVP_PlDNA_2_SG_1146_b3a78220_Dermo",2,NA,"Negative",FALSE,0,0
10,"D07","FAM","Unkn-20",27.1,26.96,0,"Dermo","D11_CviMVP_PlDNA_2_SG_1476_336c2b9f","CviMVP_11478","SR_GB_NH_2022-8-12",20,"D11_CviMVP_PlDNA_2_SG_1476_336c2b9f","10_D11_CviMVP_PlDNA_2_SG_1476_336c2b9f_Dermo",1,0.290000000000003,"Positive",FALSE,0,0
10,"D08","FAM","Unkn-20",26.81,26.96,0,"Dermo","D11_CviMVP_PlDNA_2_SG_1476_336c2b9f","CviMVP_11478","SR_GB_NH_2022-8-12",20,"D11_CviMVP_PlDNA_2_SG_1476_336c2b9f","10_D11_CviMVP_PlDNA_2_SG_1476_336c2b9f_Dermo",2,0.290000000000003,"Positive",FALSE,0,0
10,"D09","FAM","Unkn-28",31.69,31.46,0,"Dermo",NA,NA,NA,20,"row_35","10_row_35_Dermo",1,NA,"Inconclusive",TRUE,0,0
10,"D10","FAM","Unkn-28",31.24,31.46,0,"Dermo",NA,NA,NA,20,"row_36","10_row_36_Dermo",1,NA,"Inconclusive",TRUE,0,0
10,"D11","FAM","Unkn-35",30.59,30.48,0,"Dermo","H8_CviMVP_PlDNA_2_SG.sharedLotterhosPuritz_1516_405c32be","CviMVP_11597","DC_NB_RI_2022-8-19",22,"H8_CviMVP_PlDNA_2_SG.sharedLotterhosPuritz_1516_405c32be","10_H8_CviMVP_PlDNA_2_SG.sharedLotterhosPuritz_1516_405c32be_Dermo",1,0.219999999999999,"Positive",FALSE,0,0
10,"D12","FAM","Unkn-35",30.37,30.48,0,"Dermo","H8_CviMVP_PlDNA_2_SG.sharedLotterhosPuritz_1516_405c32be","CviMVP_11597","DC_NB_RI_2022-8-19",22,"H8_CviMVP_PlDNA_2_SG.sharedLotterhosPuritz_1516_405c32be","10_H8_CviMVP_PlDNA_2_SG.sharedLotterhosPuritz_1516_405c32be_Dermo",2,0.219999999999999,"Positive",FALSE,0,0
10,"E03","FAM","Unkn-05",29.51,29.38,0,"Dermo","E9_CviMVP_PlDNA_2_SG.sharedLotterhosPuritz_1483_dcff5b0d","CviMVP_11499","NR_NB_RI_2022-8-19",18,"E9_CviMVP_PlDNA_2_SG.sharedLotterhosPuritz_1483_dcff5b0d","10_E9_CviMVP_PlDNA_2_SG.sharedLotterhosPuritz_1483_dcff5b0d_Dermo",1,0.260000000000002,"Positive",FALSE,0,0
10,"E04","FAM","Unkn-05",29.25,29.38,0,"Dermo","E9_CviMVP_PlDNA_2_SG.sharedLotterhosPuritz_1483_dcff5b0d","CviMVP_11499","NR_NB_RI_2022-8-19",18,"E9_CviMVP_PlDNA_2_SG.sharedLotterhosPuritz_1483_dcff5b0d","10_E9_CviMVP_PlDNA_2_SG.sharedLotterhosPuritz_1483_dcff5b0d_Dermo",2,0.260000000000002,"Positive",FALSE,0,0
10,"E05","FAM","Unkn-13",20.35,20.3,0.00012,"Dermo","E10_CviMVP_PlDNA_2_SG_1403_28de4b21","CviMVP_11273","GriceCove_SC_2022-8-10",19,"E10_CviMVP_PlDNA_2_SG_1403_28de4b21","10_E10_CviMVP_PlDNA_2_SG_1403_28de4b21_Dermo",1,0.100000000000001,"Positive",FALSE,44043.0063157895,3
10,"E06","FAM","Unkn-13",20.25,20.3,0.00012,"Dermo","E10_CviMVP_PlDNA_2_SG_1403_28de4b21","CviMVP_11273","GriceCove_SC_2022-8-10",19,"E10_CviMVP_PlDNA_2_SG_1403_28de4b21","10_E10_CviMVP_PlDNA_2_SG_1403_28de4b21_Dermo",2,0.100000000000001,"Positive",FALSE,44043.0063157895,3
10,"E07","FAM","Unkn-21",NA,0,0,"Dermo","F11_CviMVP_PlDNA_2_SG_1811_dabc6d9e","CviMVP_12464","PrEdIs_CN_A_2022-10-18",20,"F11_CviMVP_PlDNA_2_SG_1811_dabc6d9e","10_F11_CviMVP_PlDNA_2_SG_1811_dabc6d9e_Dermo",1,NA,"Negative",FALSE,0,0
10,"E08","FAM","Unkn-21",NA,0,0,"Dermo","F11_CviMVP_PlDNA_2_SG_1811_dabc6d9e","CviMVP_12464","PrEdIs_CN_A_2022-10-18",20,"F11_CviMVP_PlDNA_2_SG_1811_dabc6d9e","10_F11_CviMVP_PlDNA_2_SG_1811_dabc6d9e_Dermo",2,NA,"Negative",FALSE,0,0
10,"E09","FAM","Unkn-29",37.95,37.95,0,"Dermo","E12_CviMVP_PlDNA_2_SG_1816_0d7068ff","CviMVP_12479","PrEdIs_CN_A_2022-10-18",18,"E12_CviMVP_PlDNA_2_SG_1816_0d7068ff","10_E12_CviMVP_PlDNA_2_SG_1816_0d7068ff_Dermo",1,NA,"Inconclusive",TRUE,0,0
10,"E10","FAM","Unkn-29",NA,0,0,"Dermo","E12_CviMVP_PlDNA_2_SG_1816_0d7068ff","CviMVP_12479","PrEdIs_CN_A_2022-10-18",18,"E12_CviMVP_PlDNA_2_SG_1816_0d7068ff","10_E12_CviMVP_PlDNA_2_SG_1816_0d7068ff_Dermo",2,NA,"Inconclusive",TRUE,0,0
10,"E11","FAM","Unkn-36",26.09,25.98,1e-05,"Dermo","H5_CviMVP_PlDNA_2_SG_1054_bb651ac2","CviMVP_10311","OL_MI_SC_2022-5-31",22,"H5_CviMVP_PlDNA_2_SG_1054_bb651ac2","10_H5_CviMVP_PlDNA_2_SG_1054_bb651ac2_Dermo",1,0.23,"Positive",FALSE,3169.76181818182,2
10,"E12","FAM","Unkn-36",25.86,25.98,1e-05,"Dermo","H5_CviMVP_PlDNA_2_SG_1054_bb651ac2","CviMVP_10311","OL_MI_SC_2022-5-31",22,"H5_CviMVP_PlDNA_2_SG_1054_bb651ac2","10_H5_CviMVP_PlDNA_2_SG_1054_bb651ac2_Dermo",2,0.23,"Positive",FALSE,3169.76181818182,2
10,"F03","FAM","Unkn-06",35.16,36.15,0,"Dermo","F9_CviMVP_PlDNA_2_SG.sharedLotterhosPuritz_1494_7e8e3848","CviMVP_11531","NR_NB_RI_2022-8-19",19,"F9_CviMVP_PlDNA_2_SG.sharedLotterhosPuritz_1494_7e8e3848","10_F9_CviMVP_PlDNA_2_SG.sharedLotterhosPuritz_1494_7e8e3848_Dermo",1,1.98,"Positive",FALSE,0,0
10,"F04","FAM","Unkn-06",37.14,36.15,0,"Dermo","F9_CviMVP_PlDNA_2_SG.sharedLotterhosPuritz_1494_7e8e3848","CviMVP_11531","NR_NB_RI_2022-8-19",19,"F9_CviMVP_PlDNA_2_SG.sharedLotterhosPuritz_1494_7e8e3848","10_F9_CviMVP_PlDNA_2_SG.sharedLotterhosPuritz_1494_7e8e3848_Dermo",2,1.98,"Positive",FALSE,0,0
10,"F05","FAM","Unkn-14",NA,0,0,"Dermo","F10_CviMVP_PlDNA_2_SG_1151_2a064c70","CviMVP_10560","FP_Sav_GA_2022-6-10",20,"F10_CviMVP_PlDNA_2_SG_1151_2a064c70","10_F10_CviMVP_PlDNA_2_SG_1151_2a064c70_Dermo",1,NA,"Inconclusive",TRUE,0,0
10,"F06","FAM","Unkn-14",38.15,38.15,0,"Dermo","F10_CviMVP_PlDNA_2_SG_1151_2a064c70","CviMVP_10560","FP_Sav_GA_2022-6-10",20,"F10_CviMVP_PlDNA_2_SG_1151_2a064c70","10_F10_CviMVP_PlDNA_2_SG_1151_2a064c70_Dermo",2,NA,"Inconclusive",TRUE,0,0
10,"F07","FAM","Unkn-22",23.82,23.82,2e-05,"Dermo","G11_CviMVP_PlDNA_2_SG.sharedLotterhosPuritz_1734_999220c1","CviMVP_12235","WS_CB_VA_2022-10-7",19,"G11_CviMVP_PlDNA_2_SG.sharedLotterhosPuritz_1734_999220c1","10_G11_CviMVP_PlDNA_2_SG.sharedLotterhosPuritz_1734_999220c1_Dermo",1,0,"Positive",FALSE,7340.50105263158,2
10,"F08","FAM","Unkn-22",23.82,23.82,2e-05,"Dermo","G11_CviMVP_PlDNA_2_SG.sharedLotterhosPuritz_1734_999220c1","CviMVP_12235","WS_CB_VA_2022-10-7",19,"G11_CviMVP_PlDNA_2_SG.sharedLotterhosPuritz_1734_999220c1","10_G11_CviMVP_PlDNA_2_SG.sharedLotterhosPuritz_1734_999220c1_Dermo",2,0,"Positive",FALSE,7340.50105263158,2
10,"F09","FAM","Unkn-30",39.49,39.38,0,"Dermo","F12_CviMVP_PlDNA_2_SG.sharedLotterhosPuritz_1854_49920960","CviMVP_12586","LCP_UP_MD_2022-10-20",20,"F12_CviMVP_PlDNA_2_SG.sharedLotterhosPuritz_1854_49920960","10_F12_CviMVP_PlDNA_2_SG.sharedLotterhosPuritz_1854_49920960_Dermo",1,0.210000000000001,"Positive",FALSE,0,0
10,"F10","FAM","Unkn-30",39.28,39.38,0,"Dermo","F12_CviMVP_PlDNA_2_SG.sharedLotterhosPuritz_1854_49920960","CviMVP_12586","LCP_UP_MD_2022-10-20",20,"F12_CviMVP_PlDNA_2_SG.sharedLotterhosPuritz_1854_49920960","10_F12_CviMVP_PlDNA_2_SG.sharedLotterhosPuritz_1854_49920960_Dermo",2,0.210000000000001,"Positive",FALSE,0,0
10,"F11","FAM","Unkn-37",27.53,27.67,0,"Dermo","A5_CviMVP_PlDNA_2_SG_1050_f357cf40","CviMVP_10300","OL_MI_SC_2022-5-31",20,"A5_CviMVP_PlDNA_2_SG_1050_f357cf40","10_A5_CviMVP_PlDNA_2_SG_1050_f357cf40_Dermo",1,0.289999999999999,"Positive",FALSE,0,0
10,"F12","FAM","Unkn-37",27.82,27.67,0,"Dermo","A5_CviMVP_PlDNA_2_SG_1050_f357cf40","CviMVP_10300","OL_MI_SC_2022-5-31",20,"A5_CviMVP_PlDNA_2_SG_1050_f357cf40","10_A5_CviMVP_PlDNA_2_SG_1050_f357cf40_Dermo",2,0.289999999999999,"Positive",FALSE,0,0
10,"G03","FAM","Unkn-07",NA,0,0,"Dermo","G9_CviMVP_PlDNA_2_SG.sharedLotterhosPuritz_3049_23480dce","CviMVP_30144","HC_DB_NJ_2022-9-23",22,"G9_CviMVP_PlDNA_2_SG.sharedLotterhosPuritz_3049_23480dce","10_G9_CviMVP_PlDNA_2_SG.sharedLotterhosPuritz_3049_23480dce_Dermo",1,NA,"Negative",FALSE,0,0
10,"G04","FAM","Unkn-07",NA,0,0,"Dermo","G9_CviMVP_PlDNA_2_SG.sharedLotterhosPuritz_3049_23480dce","CviMVP_30144","HC_DB_NJ_2022-9-23",22,"G9_CviMVP_PlDNA_2_SG.sharedLotterhosPuritz_3049_23480dce","10_G9_CviMVP_PlDNA_2_SG.sharedLotterhosPuritz_3049_23480dce_Dermo",2,NA,"Negative",FALSE,0,0
10,"G05","FAM","Unkn-15",31.1,31.09,0,"Dermo","G10_CviMVP_PlDNA_2_SG_1133_44703552","CviMVP_10512","FP_Sav_GA_2022-6-10",19,"G10_CviMVP_PlDNA_2_SG_1133_44703552","10_G10_CviMVP_PlDNA_2_SG_1133_44703552_Dermo",1,0.0100000000000016,"Positive",FALSE,0,0
10,"G06","FAM","Unkn-15",31.09,31.09,0,"Dermo","G10_CviMVP_PlDNA_2_SG_1133_44703552","CviMVP_10512","FP_Sav_GA_2022-6-10",19,"G10_CviMVP_PlDNA_2_SG_1133_44703552","10_G10_CviMVP_PlDNA_2_SG_1133_44703552_Dermo",2,0.0100000000000016,"Positive",FALSE,0,0
10,"G07","FAM","Unkn-23",24.37,24.33,1e-05,"Dermo","H11_CviMVP_PlDNA_2_SG.sharedLotterhosPuritz_1527_c9330c62","CviMVP_11629","DC_NB_RI_2022-8-19",20,"H11_CviMVP_PlDNA_2_SG.sharedLotterhosPuritz_1527_c9330c62","10_H11_CviMVP_PlDNA_2_SG.sharedLotterhosPuritz_1527_c9330c62_Dermo",1,0.0700000000000003,"Positive",FALSE,3486.738,2
10,"G08","FAM","Unkn-23",24.3,24.33,1e-05,"Dermo","H11_CviMVP_PlDNA_2_SG.sharedLotterhosPuritz_1527_c9330c62","CviMVP_11629","DC_NB_RI_2022-8-19",20,"H11_CviMVP_PlDNA_2_SG.sharedLotterhosPuritz_1527_c9330c62","10_H11_CviMVP_PlDNA_2_SG.sharedLotterhosPuritz_1527_c9330c62_Dermo",2,0.0700000000000003,"Positive",FALSE,3486.738,2
10,"G09","FAM","Unkn-31",35.27,34.8,0,"Dermo","G12_CviMVP_PlDNA_2_SG_1452_3e21ca6c","CviMVP_11408","Cal_Lake_LA_2022-8-11",22,"G12_CviMVP_PlDNA_2_SG_1452_3e21ca6c","10_G12_CviMVP_PlDNA_2_SG_1452_3e21ca6c_Dermo",1,0.940000000000005,"Positive",FALSE,0,0
10,"G10","FAM","Unkn-31",34.33,34.8,0,"Dermo","G12_CviMVP_PlDNA_2_SG_1452_3e21ca6c","CviMVP_11408","Cal_Lake_LA_2022-8-11",22,"G12_CviMVP_PlDNA_2_SG_1452_3e21ca6c","10_G12_CviMVP_PlDNA_2_SG_1452_3e21ca6c_Dermo",2,0.940000000000005,"Positive",FALSE,0,0
10,"H03","FAM","Unkn-08",31.69,31.97,0,"Dermo","H9_CviMVP_PlDNA_2_SG.sharedLotterhosPuritz_1495_6dd58e52","CviMVP_11534","NR_NB_RI_2022-8-19",21,"H9_CviMVP_PlDNA_2_SG.sharedLotterhosPuritz_1495_6dd58e52","10_H9_CviMVP_PlDNA_2_SG.sharedLotterhosPuritz_1495_6dd58e52_Dermo",1,0.559999999999999,"Positive",FALSE,0,0
10,"H04","FAM","Unkn-08",32.25,31.97,0,"Dermo","H9_CviMVP_PlDNA_2_SG.sharedLotterhosPuritz_1495_6dd58e52","CviMVP_11534","NR_NB_RI_2022-8-19",21,"H9_CviMVP_PlDNA_2_SG.sharedLotterhosPuritz_1495_6dd58e52","10_H9_CviMVP_PlDNA_2_SG.sharedLotterhosPuritz_1495_6dd58e52_Dermo",2,0.559999999999999,"Positive",FALSE,0,0
10,"H05","FAM","Unkn-16",22.53,22.46,4e-05,"Dermo","A9_CviMVP_PlDNA_8_SG_1412_25359cc5","CviMVP_11293","GriceCove_SC_2022-8-10",20,"A9_CviMVP_PlDNA_8_SG_1412_25359cc5","10_A9_CviMVP_PlDNA_8_SG_1412_25359cc5_Dermo",1,0.140000000000001,"Positive",FALSE,13946.952,3
10,"H06","FAM","Unkn-16",22.39,22.46,4e-05,"Dermo","A9_CviMVP_PlDNA_8_SG_1412_25359cc5","CviMVP_11293","GriceCove_SC_2022-8-10",20,"A9_CviMVP_PlDNA_8_SG_1412_25359cc5","10_A9_CviMVP_PlDNA_8_SG_1412_25359cc5_Dermo",2,0.140000000000001,"Positive",FALSE,13946.952,3
10,"H07","FAM","Unkn-24",NA,0,0,"Dermo","C3_CviMVP_PlDNA_2_SG.sharedLotterhosPuritz_3017_c060f9a6","CviMVP_30051","CS_DB_NJ_2022-9-21",19,"C3_CviMVP_PlDNA_2_SG.sharedLotterhosPuritz_3017_c060f9a6","10_C3_CviMVP_PlDNA_2_SG.sharedLotterhosPuritz_3017_c060f9a6_Dermo",1,NA,"Negative",FALSE,0,0
10,"H08","FAM","Unkn-24",NA,0,0,"Dermo","C3_CviMVP_PlDNA_2_SG.sharedLotterhosPuritz_3017_c060f9a6","CviMVP_30051","CS_DB_NJ_2022-9-21",19,"C3_CviMVP_PlDNA_2_SG.sharedLotterhosPuritz_3017_c060f9a6","10_C3_CviMVP_PlDNA_2_SG.sharedLotterhosPuritz_3017_c060f9a6_Dermo",2,NA,"Negative",FALSE,0,0
10,"H09","FAM","Unkn-32",NA,0,0,"Dermo","H12_CviMVP_PlDNA_2_SG_1371_c50dbc1e","CviMVP_11181","Nickle_Rf_LA_2022-8-1",22,"H12_CviMVP_PlDNA_2_SG_1371_c50dbc1e","10_H12_CviMVP_PlDNA_2_SG_1371_c50dbc1e_Dermo",1,NA,"Negative",FALSE,0,0
10,"H10","FAM","Unkn-32",NA,0,0,"Dermo","H12_CviMVP_PlDNA_2_SG_1371_c50dbc1e","CviMVP_11181","Nickle_Rf_LA_2022-8-1",22,"H12_CviMVP_PlDNA_2_SG_1371_c50dbc1e","10_H12_CviMVP_PlDNA_2_SG_1371_c50dbc1e_Dermo",2,NA,"Negative",FALSE,0,0
10,"A03","HEX","Unkn-01",NA,0,0,"MSX","A9_CviMVP_PlDNA_2_SG_1628_5510ba60","CviMVP_11924","SaltBay_Canada_2022-9-27",21,"A9_CviMVP_PlDNA_2_SG_1628_5510ba60","10_A9_CviMVP_PlDNA_2_SG_1628_5510ba60_MSX",1,NA,"Negative",FALSE,0,0
10,"A04","HEX","Unkn-01",NA,0,0,"MSX","A9_CviMVP_PlDNA_2_SG_1628_5510ba60","CviMVP_11924","SaltBay_Canada_2022-9-27",21,"A9_CviMVP_PlDNA_2_SG_1628_5510ba60","10_A9_CviMVP_PlDNA_2_SG_1628_5510ba60_MSX",2,NA,"Negative",FALSE,0,0
10,"A05","HEX","Unkn-09",NA,0,0,"MSX","A10_CviMVP_PlDNA_2_SG_1170_5ceaf20a","CviMVP_10604","SkR_GA_2022-6-14",19,"A10_CviMVP_PlDNA_2_SG_1170_5ceaf20a","10_A10_CviMVP_PlDNA_2_SG_1170_5ceaf20a_MSX",1,NA,"Negative",FALSE,0,0
10,"A06","HEX","Unkn-09",NA,0,0,"MSX","A10_CviMVP_PlDNA_2_SG_1170_5ceaf20a","CviMVP_10604","SkR_GA_2022-6-14",19,"A10_CviMVP_PlDNA_2_SG_1170_5ceaf20a","10_A10_CviMVP_PlDNA_2_SG_1170_5ceaf20a_MSX",2,NA,"Negative",FALSE,0,0
10,"A07","HEX","Unkn-17",NA,0,0,"MSX","A11_CviMVP_PlDNA_2_SG_1782_fa92e3f5","CviMVP_12378","NPS_PS_NC_2022-10-12",20,"A11_CviMVP_PlDNA_2_SG_1782_fa92e3f5","10_A11_CviMVP_PlDNA_2_SG_1782_fa92e3f5_MSX",1,NA,"Negative",FALSE,0,0
10,"A08","HEX","Unkn-17",NA,0,0,"MSX","A11_CviMVP_PlDNA_2_SG_1782_fa92e3f5","CviMVP_12378","NPS_PS_NC_2022-10-12",20,"A11_CviMVP_PlDNA_2_SG_1782_fa92e3f5","10_A11_CviMVP_PlDNA_2_SG_1782_fa92e3f5_MSX",2,NA,"Negative",FALSE,0,0
10,"A09","HEX","Unkn-25",NA,0,0,"MSX",NA,NA,NA,20,"row_81","10_row_81_MSX",1,NA,"Negative",FALSE,0,0
10,"A10","HEX","Unkn-25",NA,0,0,"MSX",NA,NA,NA,20,"row_82","10_row_82_MSX",1,NA,"Negative",FALSE,0,0
10,"B03","HEX","Unkn-02",39.04,39.04,0,"MSX","B9_CviMVP_PlDNA_2_SG.sharedLotterhosPuritz_3043_e541bd45","CviMVP_30126","HC_DB_NJ_2022-9-23",19,"B9_CviMVP_PlDNA_2_SG.sharedLotterhosPuritz_3043_e541bd45","10_B9_CviMVP_PlDNA_2_SG.sharedLotterhosPuritz_3043_e541bd45_MSX",1,NA,"Inconclusive",TRUE,0,0
10,"B04","HEX","Unkn-02",NA,0,0,"MSX","B9_CviMVP_PlDNA_2_SG.sharedLotterhosPuritz_3043_e541bd45","CviMVP_30126","HC_DB_NJ_2022-9-23",19,"B9_CviMVP_PlDNA_2_SG.sharedLotterhosPuritz_3043_e541bd45","10_B9_CviMVP_PlDNA_2_SG.sharedLotterhosPuritz_3043_e541bd45_MSX",2,NA,"Inconclusive",TRUE,0,0
10,"B05","HEX","Unkn-10",NA,0,0,"MSX","B10_CviMVP_PlDNA_2_SG.sharedLotterhosPuritz_1729_09f98c5b","CviMVP_12220","WS_CB_VA_2022-10-7",22,"B10_CviMVP_PlDNA_2_SG.sharedLotterhosPuritz_1729_09f98c5b","10_B10_CviMVP_PlDNA_2_SG.sharedLotterhosPuritz_1729_09f98c5b_MSX",1,NA,"Negative",FALSE,0,0
10,"B06","HEX","Unkn-10",NA,0,0,"MSX","B10_CviMVP_PlDNA_2_SG.sharedLotterhosPuritz_1729_09f98c5b","CviMVP_12220","WS_CB_VA_2022-10-7",22,"B10_CviMVP_PlDNA_2_SG.sharedLotterhosPuritz_1729_09f98c5b","10_B10_CviMVP_PlDNA_2_SG.sharedLotterhosPuritz_1729_09f98c5b_MSX",2,NA,"Negative",FALSE,0,0
10,"B07","HEX","Unkn-18",NA,0,0,"MSX","B11_CviMVP_PlDNA_2_SG.sharedLotterhosPuritz_1531_a3123770","CviMVP_11641","DC_NB_RI_2022-8-19",20,"B11_CviMVP_PlDNA_2_SG.sharedLotterhosPuritz_1531_a3123770","10_B11_CviMVP_PlDNA_2_SG.sharedLotterhosPuritz_1531_a3123770_MSX",1,NA,"Negative",FALSE,0,0
10,"B08","HEX","Unkn-18",NA,0,0,"MSX","B11_CviMVP_PlDNA_2_SG.sharedLotterhosPuritz_1531_a3123770","CviMVP_11641","DC_NB_RI_2022-8-19",20,"B11_CviMVP_PlDNA_2_SG.sharedLotterhosPuritz_1531_a3123770","10_B11_CviMVP_PlDNA_2_SG.sharedLotterhosPuritz_1531_a3123770_MSX",2,NA,"Negative",FALSE,0,0
10,"B09","HEX","Unkn-26",27.55,27.52,0,"MSX","B12_CviMVP_PlDNA_2_SG_1624_f59660b5","CviMVP_11912","SawIs_MA_2022-9-5",20,"B12_CviMVP_PlDNA_2_SG_1624_f59660b5","10_B12_CviMVP_PlDNA_2_SG_1624_f59660b5_MSX",1,0.0600000000000023,"Positive",FALSE,0,0
10,"B10","HEX","Unkn-26",27.49,27.52,0,"MSX","B12_CviMVP_PlDNA_2_SG_1624_f59660b5","CviMVP_11912","SawIs_MA_2022-9-5",20,"B12_CviMVP_PlDNA_2_SG_1624_f59660b5","10_B12_CviMVP_PlDNA_2_SG_1624_f59660b5_MSX",2,0.0600000000000023,"Positive",FALSE,0,0
10,"B11","HEX","Unkn-33",NA,0,0,"MSX","F3_CviMVP_PlDNA_2_SG.sharedLotterhosPuritz_3000_2720f423","CviMVP_30000","CS_DB_NJ_2022-9-21",19,"F3_CviMVP_PlDNA_2_SG.sharedLotterhosPuritz_3000_2720f423","10_F3_CviMVP_PlDNA_2_SG.sharedLotterhosPuritz_3000_2720f423_MSX",1,NA,"Negative",FALSE,0,0
10,"B12","HEX","Unkn-33",NA,0,0,"MSX","F3_CviMVP_PlDNA_2_SG.sharedLotterhosPuritz_3000_2720f423","CviMVP_30000","CS_DB_NJ_2022-9-21",19,"F3_CviMVP_PlDNA_2_SG.sharedLotterhosPuritz_3000_2720f423","10_F3_CviMVP_PlDNA_2_SG.sharedLotterhosPuritz_3000_2720f423_MSX",2,NA,"Negative",FALSE,0,0
10,"C03","HEX","Unkn-03",NA,0,0,"MSX","C9_CviMVP_PlDNA_2_SG_1032_6655cc76","CviMVP_10084","LakeFortuna_LA_2022-5-11",21,"C9_CviMVP_PlDNA_2_SG_1032_6655cc76","10_C9_CviMVP_PlDNA_2_SG_1032_6655cc76_MSX",1,NA,"Negative",FALSE,0,0
10,"C04","HEX","Unkn-03",NA,0,0,"MSX","C9_CviMVP_PlDNA_2_SG_1032_6655cc76","CviMVP_10084","LakeFortuna_LA_2022-5-11",21,"C9_CviMVP_PlDNA_2_SG_1032_6655cc76","10_C9_CviMVP_PlDNA_2_SG_1032_6655cc76_MSX",2,NA,"Negative",FALSE,0,0
10,"C05","HEX","Unkn-11",NA,0,0,"MSX","C10_CviMVP_PlDNA_2_SG.sharedLotterhosPuritz_3003_00b9719a","CviMVP_30009","CS_DB_NJ_2022-9-21",22,"C10_CviMVP_PlDNA_2_SG.sharedLotterhosPuritz_3003_00b9719a","10_C10_CviMVP_PlDNA_2_SG.sharedLotterhosPuritz_3003_00b9719a_MSX",1,NA,"Negative",FALSE,0,0
10,"C06","HEX","Unkn-11",NA,0,0,"MSX","C10_CviMVP_PlDNA_2_SG.sharedLotterhosPuritz_3003_00b9719a","CviMVP_30009","CS_DB_NJ_2022-9-21",22,"C10_CviMVP_PlDNA_2_SG.sharedLotterhosPuritz_3003_00b9719a","10_C10_CviMVP_PlDNA_2_SG.sharedLotterhosPuritz_3003_00b9719a_MSX",2,NA,"Negative",FALSE,0,0
10,"C07","HEX","Unkn-19",NA,0,0,"MSX","C11_CviMVP_PlDNA_2_SG.sharedLotterhosPuritz_1730_3947bb8f","CviMVP_12223","WS_CB_VA_2022-10-7",18,"C11_CviMVP_PlDNA_2_SG.sharedLotterhosPuritz_1730_3947bb8f","10_C11_CviMVP_PlDNA_2_SG.sharedLotterhosPuritz_1730_3947bb8f_MSX",1,NA,"Negative",FALSE,0,0
10,"C08","HEX","Unkn-19",NA,0,0,"MSX","C11_CviMVP_PlDNA_2_SG.sharedLotterhosPuritz_1730_3947bb8f","CviMVP_12223","WS_CB_VA_2022-10-7",18,"C11_CviMVP_PlDNA_2_SG.sharedLotterhosPuritz_1730_3947bb8f","10_C11_CviMVP_PlDNA_2_SG.sharedLotterhosPuritz_1730_3947bb8f_MSX",2,NA,"Negative",FALSE,0,0
10,"C09","HEX","Unkn-27",NA,0,0,"MSX","C12_CviMVP_PlDNA_2_SG_1813_c02ddcb7","CviMVP_12470","PrEdIs_CN_A_2022-10-18",21,"C12_CviMVP_PlDNA_2_SG_1813_c02ddcb7","10_C12_CviMVP_PlDNA_2_SG_1813_c02ddcb7_MSX",1,NA,"Negative",FALSE,0,0
10,"C10","HEX","Unkn-27",NA,0,0,"MSX","C12_CviMVP_PlDNA_2_SG_1813_c02ddcb7","CviMVP_12470","PrEdIs_CN_A_2022-10-18",21,"C12_CviMVP_PlDNA_2_SG_1813_c02ddcb7","10_C12_CviMVP_PlDNA_2_SG_1813_c02ddcb7_MSX",2,NA,"Negative",FALSE,0,0
10,"C11","HEX","Unkn-34",NA,0,0,"MSX","G3_CviMVP_PlDNA_2_SG.sharedLotterhosPuritz_3028_9450ca97","CviMVP_30084","CS_DB_NJ_2022-9-21",20,"G3_CviMVP_PlDNA_2_SG.sharedLotterhosPuritz_3028_9450ca97","10_G3_CviMVP_PlDNA_2_SG.sharedLotterhosPuritz_3028_9450ca97_MSX",1,NA,"Negative",FALSE,0,0
10,"C12","HEX","Unkn-34",NA,0,0,"MSX","G3_CviMVP_PlDNA_2_SG.sharedLotterhosPuritz_3028_9450ca97","CviMVP_30084","CS_DB_NJ_2022-9-21",20,"G3_CviMVP_PlDNA_2_SG.sharedLotterhosPuritz_3028_9450ca97","10_G3_CviMVP_PlDNA_2_SG.sharedLotterhosPuritz_3028_9450ca97_MSX",2,NA,"Negative",FALSE,0,0
10,"D03","HEX","Unkn-04",NA,0,0,"MSX","D9_CviMVP_PlDNA_2_SG.sharedLotterhosPuritz_1509_242c6773","CviMVP_11576","NR_NB_RI_2022-8-19",21,"D9_CviMVP_PlDNA_2_SG.sharedLotterhosPuritz_1509_242c6773","10_D9_CviMVP_PlDNA_2_SG.sharedLotterhosPuritz_1509_242c6773_MSX",1,NA,"Negative",FALSE,0,0
10,"D04","HEX","Unkn-04",NA,0,0,"MSX","D9_CviMVP_PlDNA_2_SG.sharedLotterhosPuritz_1509_242c6773","CviMVP_11576","NR_NB_RI_2022-8-19",21,"D9_CviMVP_PlDNA_2_SG.sharedLotterhosPuritz_1509_242c6773","10_D9_CviMVP_PlDNA_2_SG.sharedLotterhosPuritz_1509_242c6773_MSX",2,NA,"Negative",FALSE,0,0
10,"D05","HEX","Unkn-12",35.24,35.25,0,"MSX","D10_CviMVP_PlDNA_2_SG_1146_b3a78220","CviMVP_10547","FP_Sav_GA_2022-6-10",20,"D10_CviMVP_PlDNA_2_SG_1146_b3a78220","10_D10_CviMVP_PlDNA_2_SG_1146_b3a78220_MSX",1,0.019999999999996,"Positive",FALSE,0,0
10,"D06","HEX","Unkn-12",35.26,35.25,0,"MSX","D10_CviMVP_PlDNA_2_SG_1146_b3a78220","CviMVP_10547","FP_Sav_GA_2022-6-10",20,"D10_CviMVP_PlDNA_2_SG_1146_b3a78220","10_D10_CviMVP_PlDNA_2_SG_1146_b3a78220_MSX",2,0.019999999999996,"Positive",FALSE,0,0
10,"D07","HEX","Unkn-20",NA,0,0,"MSX","D11_CviMVP_PlDNA_2_SG_1476_336c2b9f","CviMVP_11478","SR_GB_NH_2022-8-12",20,"D11_CviMVP_PlDNA_2_SG_1476_336c2b9f","10_D11_CviMVP_PlDNA_2_SG_1476_336c2b9f_MSX",1,NA,"Negative",FALSE,0,0
10,"D08","HEX","Unkn-20",NA,0,0,"MSX","D11_CviMVP_PlDNA_2_SG_1476_336c2b9f","CviMVP_11478","SR_GB_NH_2022-8-12",20,"D11_CviMVP_PlDNA_2_SG_1476_336c2b9f","10_D11_CviMVP_PlDNA_2_SG_1476_336c2b9f_MSX",2,NA,"Negative",FALSE,0,0
10,"D09","HEX","Unkn-28",35.54,35,0,"MSX",NA,NA,NA,20,"row_109","10_row_109_MSX",1,NA,"Inconclusive",TRUE,0,0
10,"D10","HEX","Unkn-28",34.45,35,0,"MSX",NA,NA,NA,20,"row_110","10_row_110_MSX",1,NA,"Inconclusive",TRUE,0,0
10,"D11","HEX","Unkn-35",NA,0,0,"MSX","H8_CviMVP_PlDNA_2_SG.sharedLotterhosPuritz_1516_405c32be","CviMVP_11597","DC_NB_RI_2022-8-19",22,"H8_CviMVP_PlDNA_2_SG.sharedLotterhosPuritz_1516_405c32be","10_H8_CviMVP_PlDNA_2_SG.sharedLotterhosPuritz_1516_405c32be_MSX",1,NA,"Negative",FALSE,0,0
10,"D12","HEX","Unkn-35",NA,0,0,"MSX","H8_CviMVP_PlDNA_2_SG.sharedLotterhosPuritz_1516_405c32be","CviMVP_11597","DC_NB_RI_2022-8-19",22,"H8_CviMVP_PlDNA_2_SG.sharedLotterhosPuritz_1516_405c32be","10_H8_CviMVP_PlDNA_2_SG.sharedLotterhosPuritz_1516_405c32be_MSX",2,NA,"Negative",FALSE,0,0
10,"E03","HEX","Unkn-05",NA,0,0,"MSX","E9_CviMVP_PlDNA_2_SG.sharedLotterhosPuritz_1483_dcff5b0d","CviMVP_11499","NR_NB_RI_2022-8-19",18,"E9_CviMVP_PlDNA_2_SG.sharedLotterhosPuritz_1483_dcff5b0d","10_E9_CviMVP_PlDNA_2_SG.sharedLotterhosPuritz_1483_dcff5b0d_MSX",1,NA,"Negative",FALSE,0,0
10,"E04","HEX","Unkn-05",NA,0,0,"MSX","E9_CviMVP_PlDNA_2_SG.sharedLotterhosPuritz_1483_dcff5b0d","CviMVP_11499","NR_NB_RI_2022-8-19",18,"E9_CviMVP_PlDNA_2_SG.sharedLotterhosPuritz_1483_dcff5b0d","10_E9_CviMVP_PlDNA_2_SG.sharedLotterhosPuritz_1483_dcff5b0d_MSX",2,NA,"Negative",FALSE,0,0
10,"E05","HEX","Unkn-13",NA,0,0,"MSX","E10_CviMVP_PlDNA_2_SG_1403_28de4b21","CviMVP_11273","GriceCove_SC_2022-8-10",19,"E10_CviMVP_PlDNA_2_SG_1403_28de4b21","10_E10_CviMVP_PlDNA_2_SG_1403_28de4b21_MSX",1,NA,"Negative",FALSE,0,0
10,"E06","HEX","Unkn-13",NA,0,0,"MSX","E10_CviMVP_PlDNA_2_SG_1403_28de4b21","CviMVP_11273","GriceCove_SC_2022-8-10",19,"E10_CviMVP_PlDNA_2_SG_1403_28de4b21","10_E10_CviMVP_PlDNA_2_SG_1403_28de4b21_MSX",2,NA,"Negative",FALSE,0,0
10,"E07","HEX","Unkn-21",NA,0,0,"MSX","F11_CviMVP_PlDNA_2_SG_1811_dabc6d9e","CviMVP_12464","PrEdIs_CN_A_2022-10-18",20,"F11_CviMVP_PlDNA_2_SG_1811_dabc6d9e","10_F11_CviMVP_PlDNA_2_SG_1811_dabc6d9e_MSX",1,NA,"Negative",FALSE,0,0
10,"E08","HEX","Unkn-21",NA,0,0,"MSX","F11_CviMVP_PlDNA_2_SG_1811_dabc6d9e","CviMVP_12464","PrEdIs_CN_A_2022-10-18",20,"F11_CviMVP_PlDNA_2_SG_1811_dabc6d9e","10_F11_CviMVP_PlDNA_2_SG_1811_dabc6d9e_MSX",2,NA,"Negative",FALSE,0,0
10,"E09","HEX","Unkn-29",NA,0,0,"MSX","E12_CviMVP_PlDNA_2_SG_1816_0d7068ff","CviMVP_12479","PrEdIs_CN_A_2022-10-18",18,"E12_CviMVP_PlDNA_2_SG_1816_0d7068ff","10_E12_CviMVP_PlDNA_2_SG_1816_0d7068ff_MSX",1,NA,"Negative",FALSE,0,0
10,"E10","HEX","Unkn-29",NA,0,0,"MSX","E12_CviMVP_PlDNA_2_SG_1816_0d7068ff","CviMVP_12479","PrEdIs_CN_A_2022-10-18",18,"E12_CviMVP_PlDNA_2_SG_1816_0d7068ff","10_E12_CviMVP_PlDNA_2_SG_1816_0d7068ff_MSX",2,NA,"Negative",FALSE,0,0
10,"E11","HEX","Unkn-36",NA,0,0,"MSX","H5_CviMVP_PlDNA_2_SG_1054_bb651ac2","CviMVP_10311","OL_MI_SC_2022-5-31",22,"H5_CviMVP_PlDNA_2_SG_1054_bb651ac2","10_H5_CviMVP_PlDNA_2_SG_1054_bb651ac2_MSX",1,NA,"Negative",FALSE,0,0
10,"E12","HEX","Unkn-36",NA,0,0,"MSX","H5_CviMVP_PlDNA_2_SG_1054_bb651ac2","CviMVP_10311","OL_MI_SC_2022-5-31",22,"H5_CviMVP_PlDNA_2_SG_1054_bb651ac2","10_H5_CviMVP_PlDNA_2_SG_1054_bb651ac2_MSX",2,NA,"Negative",FALSE,0,0
10,"F03","HEX","Unkn-06",NA,0,0,"MSX","F9_CviMVP_PlDNA_2_SG.sharedLotterhosPuritz_1494_7e8e3848","CviMVP_11531","NR_NB_RI_2022-8-19",19,"F9_CviMVP_PlDNA_2_SG.sharedLotterhosPuritz_1494_7e8e3848","10_F9_CviMVP_PlDNA_2_SG.sharedLotterhosPuritz_1494_7e8e3848_MSX",1,NA,"Negative",FALSE,0,0
10,"F04","HEX","Unkn-06",NA,0,0,"MSX","F9_CviMVP_PlDNA_2_SG.sharedLotterhosPuritz_1494_7e8e3848","CviMVP_11531","NR_NB_RI_2022-8-19",19,"F9_CviMVP_PlDNA_2_SG.sharedLotterhosPuritz_1494_7e8e3848","10_F9_CviMVP_PlDNA_2_SG.sharedLotterhosPuritz_1494_7e8e3848_MSX",2,NA,"Negative",FALSE,0,0
10,"F05","HEX","Unkn-14",32.18,32.32,0,"MSX","F10_CviMVP_PlDNA_2_SG_1151_2a064c70","CviMVP_10560","FP_Sav_GA_2022-6-10",20,"F10_CviMVP_PlDNA_2_SG_1151_2a064c70","10_F10_CviMVP_PlDNA_2_SG_1151_2a064c70_MSX",1,0.280000000000001,"Positive",FALSE,0,0
10,"F06","HEX","Unkn-14",32.46,32.32,0,"MSX","F10_CviMVP_PlDNA_2_SG_1151_2a064c70","CviMVP_10560","FP_Sav_GA_2022-6-10",20,"F10_CviMVP_PlDNA_2_SG_1151_2a064c70","10_F10_CviMVP_PlDNA_2_SG_1151_2a064c70_MSX",2,0.280000000000001,"Positive",FALSE,0,0
10,"F07","HEX","Unkn-22",NA,0,0,"MSX","G11_CviMVP_PlDNA_2_SG.sharedLotterhosPuritz_1734_999220c1","CviMVP_12235","WS_CB_VA_2022-10-7",19,"G11_CviMVP_PlDNA_2_SG.sharedLotterhosPuritz_1734_999220c1","10_G11_CviMVP_PlDNA_2_SG.sharedLotterhosPuritz_1734_999220c1_MSX",1,NA,"Negative",FALSE,0,0
10,"F08","HEX","Unkn-22",NA,0,0,"MSX","G11_CviMVP_PlDNA_2_SG.sharedLotterhosPuritz_1734_999220c1","CviMVP_12235","WS_CB_VA_2022-10-7",19,"G11_CviMVP_PlDNA_2_SG.sharedLotterhosPuritz_1734_999220c1","10_G11_CviMVP_PlDNA_2_SG.sharedLotterhosPuritz_1734_999220c1_MSX",2,NA,"Negative",FALSE,0,0
10,"F09","HEX","Unkn-30",NA,0,0,"MSX","F12_CviMVP_PlDNA_2_SG.sharedLotterhosPuritz_1854_49920960","CviMVP_12586","LCP_UP_MD_2022-10-20",20,"F12_CviMVP_PlDNA_2_SG.sharedLotterhosPuritz_1854_49920960","10_F12_CviMVP_PlDNA_2_SG.sharedLotterhosPuritz_1854_49920960_MSX",1,NA,"Negative",FALSE,0,0
10,"F10","HEX","Unkn-30",NA,0,0,"MSX","F12_CviMVP_PlDNA_2_SG.sharedLotterhosPuritz_1854_49920960","CviMVP_12586","LCP_UP_MD_2022-10-20",20,"F12_CviMVP_PlDNA_2_SG.sharedLotterhosPuritz_1854_49920960","10_F12_CviMVP_PlDNA_2_SG.sharedLotterhosPuritz_1854_49920960_MSX",2,NA,"Negative",FALSE,0,0
10,"F11","HEX","Unkn-37",39.57,39.57,0,"MSX","A5_CviMVP_PlDNA_2_SG_1050_f357cf40","CviMVP_10300","OL_MI_SC_2022-5-31",20,"A5_CviMVP_PlDNA_2_SG_1050_f357cf40","10_A5_CviMVP_PlDNA_2_SG_1050_f357cf40_MSX",1,NA,"Inconclusive",TRUE,0,0
10,"F12","HEX","Unkn-37",NA,0,0,"MSX","A5_CviMVP_PlDNA_2_SG_1050_f357cf40","CviMVP_10300","OL_MI_SC_2022-5-31",20,"A5_CviMVP_PlDNA_2_SG_1050_f357cf40","10_A5_CviMVP_PlDNA_2_SG_1050_f357cf40_MSX",2,NA,"Inconclusive",TRUE,0,0
10,"G03","HEX","Unkn-07",NA,0,0,"MSX","G9_CviMVP_PlDNA_2_SG.sharedLotterhosPuritz_3049_23480dce","CviMVP_30144","HC_DB_NJ_2022-9-23",22,"G9_CviMVP_PlDNA_2_SG.sharedLotterhosPuritz_3049_23480dce","10_G9_CviMVP_PlDNA_2_SG.sharedLotterhosPuritz_3049_23480dce_MSX",1,NA,"Negative",FALSE,0,0
10,"G04","HEX","Unkn-07",NA,0,0,"MSX","G9_CviMVP_PlDNA_2_SG.sharedLotterhosPuritz_3049_23480dce","CviMVP_30144","HC_DB_NJ_2022-9-23",22,"G9_CviMVP_PlDNA_2_SG.sharedLotterhosPuritz_3049_23480dce","10_G9_CviMVP_PlDNA_2_SG.sharedLotterhosPuritz_3049_23480dce_MSX",2,NA,"Negative",FALSE,0,0
10,"G05","HEX","Unkn-15",24.46,24.48,1e-05,"MSX","G10_CviMVP_PlDNA_2_SG_1133_44703552","CviMVP_10512","FP_Sav_GA_2022-6-10",19,"G10_CviMVP_PlDNA_2_SG_1133_44703552","10_G10_CviMVP_PlDNA_2_SG_1133_44703552_MSX",1,0.0299999999999976,"Positive",FALSE,4110.80736842105,2
10,"G06","HEX","Unkn-15",24.49,24.48,1e-05,"MSX","G10_CviMVP_PlDNA_2_SG_1133_44703552","CviMVP_10512","FP_Sav_GA_2022-6-10",19,"G10_CviMVP_PlDNA_2_SG_1133_44703552","10_G10_CviMVP_PlDNA_2_SG_1133_44703552_MSX",2,0.0299999999999976,"Positive",FALSE,4110.80736842105,2
10,"G07","HEX","Unkn-23",NA,0,0,"MSX","H11_CviMVP_PlDNA_2_SG.sharedLotterhosPuritz_1527_c9330c62","CviMVP_11629","DC_NB_RI_2022-8-19",20,"H11_CviMVP_PlDNA_2_SG.sharedLotterhosPuritz_1527_c9330c62","10_H11_CviMVP_PlDNA_2_SG.sharedLotterhosPuritz_1527_c9330c62_MSX",1,NA,"Negative",FALSE,0,0
10,"G08","HEX","Unkn-23",NA,0,0,"MSX","H11_CviMVP_PlDNA_2_SG.sharedLotterhosPuritz_1527_c9330c62","CviMVP_11629","DC_NB_RI_2022-8-19",20,"H11_CviMVP_PlDNA_2_SG.sharedLotterhosPuritz_1527_c9330c62","10_H11_CviMVP_PlDNA_2_SG.sharedLotterhosPuritz_1527_c9330c62_MSX",2,NA,"Negative",FALSE,0,0
10,"G09","HEX","Unkn-31",NA,0,0,"MSX","G12_CviMVP_PlDNA_2_SG_1452_3e21ca6c","CviMVP_11408","Cal_Lake_LA_2022-8-11",22,"G12_CviMVP_PlDNA_2_SG_1452_3e21ca6c","10_G12_CviMVP_PlDNA_2_SG_1452_3e21ca6c_MSX",1,NA,"Negative",FALSE,0,0
10,"G10","HEX","Unkn-31",NA,0,0,"MSX","G12_CviMVP_PlDNA_2_SG_1452_3e21ca6c","CviMVP_11408","Cal_Lake_LA_2022-8-11",22,"G12_CviMVP_PlDNA_2_SG_1452_3e21ca6c","10_G12_CviMVP_PlDNA_2_SG_1452_3e21ca6c_MSX",2,NA,"Negative",FALSE,0,0
10,"H03","HEX","Unkn-08",NA,0,0,"MSX","H9_CviMVP_PlDNA_2_SG.sharedLotterhosPuritz_1495_6dd58e52","CviMVP_11534","NR_NB_RI_2022-8-19",21,"H9_CviMVP_PlDNA_2_SG.sharedLotterhosPuritz_1495_6dd58e52","10_H9_CviMVP_PlDNA_2_SG.sharedLotterhosPuritz_1495_6dd58e52_MSX",1,NA,"Negative",FALSE,0,0
10,"H04","HEX","Unkn-08",NA,0,0,"MSX","H9_CviMVP_PlDNA_2_SG.sharedLotterhosPuritz_1495_6dd58e52","CviMVP_11534","NR_NB_RI_2022-8-19",21,"H9_CviMVP_PlDNA_2_SG.sharedLotterhosPuritz_1495_6dd58e52","10_H9_CviMVP_PlDNA_2_SG.sharedLotterhosPuritz_1495_6dd58e52_MSX",2,NA,"Negative",FALSE,0,0
10,"H05","HEX","Unkn-16",33.76,33.79,0,"MSX","A9_CviMVP_PlDNA_8_SG_1412_25359cc5","CviMVP_11293","GriceCove_SC_2022-8-10",20,"A9_CviMVP_PlDNA_8_SG_1412_25359cc5","10_A9_CviMVP_PlDNA_8_SG_1412_25359cc5_MSX",1,0.0700000000000003,"Positive",FALSE,0,0
10,"H06","HEX","Unkn-16",33.83,33.79,0,"MSX","A9_CviMVP_PlDNA_8_SG_1412_25359cc5","CviMVP_11293","GriceCove_SC_2022-8-10",20,"A9_CviMVP_PlDNA_8_SG_1412_25359cc5","10_A9_CviMVP_PlDNA_8_SG_1412_25359cc5_MSX",2,0.0700000000000003,"Positive",FALSE,0,0
10,"H07","HEX","Unkn-24",NA,0,0,"MSX","C3_CviMVP_PlDNA_2_SG.sharedLotterhosPuritz_3017_c060f9a6","CviMVP_30051","CS_DB_NJ_2022-9-21",19,"C3_CviMVP_PlDNA_2_SG.sharedLotterhosPuritz_3017_c060f9a6","10_C3_CviMVP_PlDNA_2_SG.sharedLotterhosPuritz_3017_c060f9a6_MSX",1,NA,"Negative",FALSE,0,0
10,"H08","HEX","Unkn-24",NA,0,0,"MSX","C3_CviMVP_PlDNA_2_SG.sharedLotterhosPuritz_3017_c060f9a6","CviMVP_30051","CS_DB_NJ_2022-9-21",19,"C3_CviMVP_PlDNA_2_SG.sharedLotterhosPuritz_3017_c060f9a6","10_C3_CviMVP_PlDNA_2_SG.sharedLotterhosPuritz_3017_c060f9a6_MSX",2,NA,"Negative",FALSE,0,0
10,"H09","HEX","Unkn-32",NA,0,0,"MSX","H12_CviMVP_PlDNA_2_SG_1371_c50dbc1e","CviMVP_11181","Nickle_Rf_LA_2022-8-1",22,"H12_CviMVP_PlDNA_2_SG_1371_c50dbc1e","10_H12_CviMVP_PlDNA_2_SG_1371_c50dbc1e_MSX",1,NA,"Negative",FALSE,0,0
10,"H10","HEX","Unkn-32",NA,0,0,"MSX","H12_CviMVP_PlDNA_2_SG_1371_c50dbc1e","CviMVP_11181","Nickle_Rf_LA_2022-8-1",22,"H12_CviMVP_PlDNA_2_SG_1371_c50dbc1e","10_H12_CviMVP_PlDNA_2_SG_1371_c50dbc1e_MSX",2,NA,"Negative",FALSE,0,0
11,"A03","FAM","Unkn-01",36.58,37.42,0,"Dermo","A1_CviMVP_PlDNA_3_SG_1639_db25a5c3","CviMVP_11957","SaltBay_Canada_2022-9-27",20,"A1_CviMVP_PlDNA_3_SG_1639_db25a5c3","11_A1_CviMVP_PlDNA_3_SG_1639_db25a5c3_Dermo",1,1.68,"Positive",FALSE,0,0
11,"A04","FAM","Unkn-01",38.26,37.42,0,"Dermo","A1_CviMVP_PlDNA_3_SG_1639_db25a5c3","CviMVP_11957","SaltBay_Canada_2022-9-27",20,"A1_CviMVP_PlDNA_3_SG_1639_db25a5c3","11_A1_CviMVP_PlDNA_3_SG_1639_db25a5c3_Dermo",2,1.68,"Positive",FALSE,0,0
11,"A05","FAM","Unkn-09",23.44,22.93,3e-05,"Dermo","A2_CviMVP_PlDNA_3_SG_1423_43438d17","CviMVP_11326","GriceCove_SC_2022-8-10",21,"A2_CviMVP_PlDNA_3_SG_1423_43438d17","11_A2_CviMVP_PlDNA_3_SG_1423_43438d17_Dermo",1,1.02,"Positive",FALSE,9962.10857142857,2
11,"A06","FAM","Unkn-09",22.42,22.93,3e-05,"Dermo","A2_CviMVP_PlDNA_3_SG_1423_43438d17","CviMVP_11326","GriceCove_SC_2022-8-10",21,"A2_CviMVP_PlDNA_3_SG_1423_43438d17","11_A2_CviMVP_PlDNA_3_SG_1423_43438d17_Dermo",2,1.02,"Positive",FALSE,9962.10857142857,2
11,"A07","FAM","Unkn-17",33.43,33.51,0,"Dermo","A3_CviMVP_PlDNA_3_SG.sharedLotterhosPuritz_1722_d9620874","CviMVP_12199","WS_CB_VA_2022-10-7",19,"A3_CviMVP_PlDNA_3_SG.sharedLotterhosPuritz_1722_d9620874","11_A3_CviMVP_PlDNA_3_SG.sharedLotterhosPuritz_1722_d9620874_Dermo",1,0.170000000000002,"Positive",FALSE,0,0
11,"A08","FAM","Unkn-17",33.6,33.51,0,"Dermo","A3_CviMVP_PlDNA_3_SG.sharedLotterhosPuritz_1722_d9620874","CviMVP_12199","WS_CB_VA_2022-10-7",19,"A3_CviMVP_PlDNA_3_SG.sharedLotterhosPuritz_1722_d9620874","11_A3_CviMVP_PlDNA_3_SG.sharedLotterhosPuritz_1722_d9620874_Dermo",2,0.170000000000002,"Positive",FALSE,0,0
11,"A09","FAM","Unkn-25",NA,0,0,"Dermo","A4_CviMVP_PlDNA_3_SG.sharedLotterhosPuritz_1861_4b537e7a","CviMVP_12607","LCP_UP_MD_2022-10-20",22,"A4_CviMVP_PlDNA_3_SG.sharedLotterhosPuritz_1861_4b537e7a","11_A4_CviMVP_PlDNA_3_SG.sharedLotterhosPuritz_1861_4b537e7a_Dermo",1,NA,"Negative",FALSE,0,0
11,"A10","FAM","Unkn-25",NA,0,0,"Dermo","A4_CviMVP_PlDNA_3_SG.sharedLotterhosPuritz_1861_4b537e7a","CviMVP_12607","LCP_UP_MD_2022-10-20",22,"A4_CviMVP_PlDNA_3_SG.sharedLotterhosPuritz_1861_4b537e7a","11_A4_CviMVP_PlDNA_3_SG.sharedLotterhosPuritz_1861_4b537e7a_Dermo",2,NA,"Negative",FALSE,0,0
11,"B03","FAM","Unkn-02",23.11,23.11,2e-05,"Dermo","B1_CviMVP_PlDNA_3_SG_1701_4821db1f","CviMVP_12138","SaLa_GA_2022-10-5",20,"B1_CviMVP_PlDNA_3_SG_1701_4821db1f","11_B1_CviMVP_PlDNA_3_SG_1701_4821db1f_Dermo",1,0.0100000000000016,"Positive",FALSE,6973.476,2
11,"B04","FAM","Unkn-02",23.12,23.11,2e-05,"Dermo","B1_CviMVP_PlDNA_3_SG_1701_4821db1f","CviMVP_12138","SaLa_GA_2022-10-5",20,"B1_CviMVP_PlDNA_3_SG_1701_4821db1f","11_B1_CviMVP_PlDNA_3_SG_1701_4821db1f_Dermo",2,0.0100000000000016,"Positive",FALSE,6973.476,2
11,"B05","FAM","Unkn-10",30.19,30.01,0,"Dermo","C2_CviMVP_PlDNA_3_SG_1051_b2f89cc5","CviMVP_10303","OL_MI_SC_2022-5-31",18,"C2_CviMVP_PlDNA_3_SG_1051_b2f89cc5","11_C2_CviMVP_PlDNA_3_SG_1051_b2f89cc5_Dermo",1,0.370000000000001,"Positive",FALSE,0,0
11,"B06","FAM","Unkn-10",29.82,30.01,0,"Dermo","C2_CviMVP_PlDNA_3_SG_1051_b2f89cc5","CviMVP_10303","OL_MI_SC_2022-5-31",18,"C2_CviMVP_PlDNA_3_SG_1051_b2f89cc5","11_C2_CviMVP_PlDNA_3_SG_1051_b2f89cc5_Dermo",2,0.370000000000001,"Positive",FALSE,0,0
11,"B07","FAM","Unkn-18",28.91,28.83,0,"Dermo","B3_CviMVP_PlDNA_3_SG_1787_8a972806","CviMVP_12393","NPS_PS_NC_2022-10-12",21,"B3_CviMVP_PlDNA_3_SG_1787_8a972806","11_B3_CviMVP_PlDNA_3_SG_1787_8a972806_Dermo",1,0.16,"Positive",FALSE,0,0
11,"B08","FAM","Unkn-18",28.75,28.83,0,"Dermo","B3_CviMVP_PlDNA_3_SG_1787_8a972806","CviMVP_12393","NPS_PS_NC_2022-10-12",21,"B3_CviMVP_PlDNA_3_SG_1787_8a972806","11_B3_CviMVP_PlDNA_3_SG_1787_8a972806_Dermo",2,0.16,"Positive",FALSE,0,0
11,"B09","FAM","Unkn-26",38.92,39.28,0,"Dermo","B4_CviMVP_PlDNA_3_SG_1389_08911bbf","CviMVP_11234","Sister_Lk_LA_2022-8-9",22,"B4_CviMVP_PlDNA_3_SG_1389_08911bbf","11_B4_CviMVP_PlDNA_3_SG_1389_08911bbf_Dermo",1,0.719999999999999,"Positive",FALSE,0,0
11,"B10","FAM","Unkn-26",39.64,39.28,0,"Dermo","B4_CviMVP_PlDNA_3_SG_1389_08911bbf","CviMVP_11234","Sister_Lk_LA_2022-8-9",22,"B4_CviMVP_PlDNA_3_SG_1389_08911bbf","11_B4_CviMVP_PlDNA_3_SG_1389_08911bbf_Dermo",2,0.719999999999999,"Positive",FALSE,0,0
11,"B11","FAM","Unkn-33",39.29,39.29,0,"Dermo","A5_CviMVP_PlDNA_3_SG_1225_19942566","CviMVP_10758","TP_TX_2022-6-28",20,"A5_CviMVP_PlDNA_3_SG_1225_19942566","11_A5_CviMVP_PlDNA_3_SG_1225_19942566_Dermo",1,NA,"Inconclusive",TRUE,0,0
11,"B12","FAM","Unkn-33",NA,0,0,"Dermo","A5_CviMVP_PlDNA_3_SG_1225_19942566","CviMVP_10758","TP_TX_2022-6-28",20,"A5_CviMVP_PlDNA_3_SG_1225_19942566","11_A5_CviMVP_PlDNA_3_SG_1225_19942566_Dermo",2,NA,"Inconclusive",TRUE,0,0
11,"C03","FAM","Unkn-03",38.78,38.78,0,"Dermo","C1_CviMVP_PlDNA_3_SG.sharedLotterhosPuritz_3036_408ed892","CviMVP_30105","HC_DB_NJ_2022-9-23",21,"C1_CviMVP_PlDNA_3_SG.sharedLotterhosPuritz_3036_408ed892","11_C1_CviMVP_PlDNA_3_SG.sharedLotterhosPuritz_3036_408ed892_Dermo",1,NA,"Inconclusive",TRUE,0,0
11,"C04","FAM","Unkn-03",NA,0,0,"Dermo","C1_CviMVP_PlDNA_3_SG.sharedLotterhosPuritz_3036_408ed892","CviMVP_30105","HC_DB_NJ_2022-9-23",21,"C1_CviMVP_PlDNA_3_SG.sharedLotterhosPuritz_3036_408ed892","11_C1_CviMVP_PlDNA_3_SG.sharedLotterhosPuritz_3036_408ed892_Dermo",2,NA,"Inconclusive",TRUE,0,0
11,"C05","FAM","Unkn-11",36.65,36.25,0,"Dermo","D2_CviMVP_PlDNA_3_SG_1557_d47a231f","CviMVP_11719","CPR_MS_AL_2022-8-24",20,"D2_CviMVP_PlDNA_3_SG_1557_d47a231f","11_D2_CviMVP_PlDNA_3_SG_1557_d47a231f_Dermo",1,0.789999999999999,"Positive",FALSE,0,0
11,"C06","FAM","Unkn-11",35.86,36.25,0,"Dermo","D2_CviMVP_PlDNA_3_SG_1557_d47a231f","CviMVP_11719","CPR_MS_AL_2022-8-24",20,"D2_CviMVP_PlDNA_3_SG_1557_d47a231f","11_D2_CviMVP_PlDNA_3_SG_1557_d47a231f_Dermo",2,0.789999999999999,"Positive",FALSE,0,0
11,"C07","FAM","Unkn-19",NA,0,0,"Dermo","C3_CviMVP_PlDNA_3_SG.sharedLotterhosPuritz_3023_12b47c5b","CviMVP_30069","CS_DB_NJ_2022-9-21",20,"C3_CviMVP_PlDNA_3_SG.sharedLotterhosPuritz_3023_12b47c5b","11_C3_CviMVP_PlDNA_3_SG.sharedLotterhosPuritz_3023_12b47c5b_Dermo",1,NA,"Negative",FALSE,0,0
11,"C08","FAM","Unkn-19",NA,0,0,"Dermo","C3_CviMVP_PlDNA_3_SG.sharedLotterhosPuritz_3023_12b47c5b","CviMVP_30069","CS_DB_NJ_2022-9-21",20,"C3_CviMVP_PlDNA_3_SG.sharedLotterhosPuritz_3023_12b47c5b","11_C3_CviMVP_PlDNA_3_SG.sharedLotterhosPuritz_3023_12b47c5b_Dermo",2,NA,"Negative",FALSE,0,0
11,"C09","FAM","Unkn-27",29.91,29.87,0,"Dermo","C4_CviMVP_PlDNA_3_SG_1575_5d10637a","CviMVP_11771","KP_FGR_FL_2022-8-23",20,"C4_CviMVP_PlDNA_3_SG_1575_5d10637a","11_C4_CviMVP_PlDNA_3_SG_1575_5d10637a_Dermo",1,0.0800000000000018,"Positive",FALSE,0,0
11,"C10","FAM","Unkn-27",29.83,29.87,0,"Dermo","C4_CviMVP_PlDNA_3_SG_1575_5d10637a","CviMVP_11771","KP_FGR_FL_2022-8-23",20,"C4_CviMVP_PlDNA_3_SG_1575_5d10637a","11_C4_CviMVP_PlDNA_3_SG_1575_5d10637a_Dermo",2,0.0800000000000018,"Positive",FALSE,0,0
11,"C11","FAM","Unkn-34",36.7,36.7,0,"Dermo","B5_CviMVP_PlDNA_3_SG.sharedLotterhosPuritz_1491_4d777632","CviMVP_11522","NR_NB_RI_2022-8-19",22,"B5_CviMVP_PlDNA_3_SG.sharedLotterhosPuritz_1491_4d777632","11_B5_CviMVP_PlDNA_3_SG.sharedLotterhosPuritz_1491_4d777632_Dermo",1,NA,"Inconclusive",TRUE,0,0
11,"C12","FAM","Unkn-34",NA,0,0,"Dermo","B5_CviMVP_PlDNA_3_SG.sharedLotterhosPuritz_1491_4d777632","CviMVP_11522","NR_NB_RI_2022-8-19",22,"B5_CviMVP_PlDNA_3_SG.sharedLotterhosPuritz_1491_4d777632","11_B5_CviMVP_PlDNA_3_SG.sharedLotterhosPuritz_1491_4d777632_Dermo",2,NA,"Inconclusive",TRUE,0,0
11,"D03","FAM","Unkn-04",NA,0,0,"Dermo","D1_CviMVP_PlDNA_3_SG_1039_1b561850","CviMVP_10112","LakeFortuna_LA_2022-5-11",22,"D1_CviMVP_PlDNA_3_SG_1039_1b561850","11_D1_CviMVP_PlDNA_3_SG_1039_1b561850_Dermo",1,NA,"Negative",FALSE,0,0
11,"D04","FAM","Unkn-04",NA,0,0,"Dermo","D1_CviMVP_PlDNA_3_SG_1039_1b561850","CviMVP_10112","LakeFortuna_LA_2022-5-11",22,"D1_CviMVP_PlDNA_3_SG_1039_1b561850","11_D1_CviMVP_PlDNA_3_SG_1039_1b561850_Dermo",2,NA,"Negative",FALSE,0,0
11,"D05","FAM","Unkn-12",NA,0,0,"Dermo",NA,NA,NA,20,"row_31","11_row_31_Dermo",1,NA,"Negative",FALSE,0,0
11,"D06","FAM","Unkn-12",NA,0,0,"Dermo",NA,NA,NA,20,"row_32","11_row_32_Dermo",1,NA,"Negative",FALSE,0,0
11,"D07","FAM","Unkn-20",26.52,26.56,0,"Dermo","D3_CviMVP_PlDNA_3_SG_1286_59268f67","CviMVP_10931","Sapelo_Is_GA_2022-7-17",19,"D3_CviMVP_PlDNA_3_SG_1286_59268f67","11_D3_CviMVP_PlDNA_3_SG_1286_59268f67_Dermo",1,0.0700000000000003,"Positive",FALSE,0,0
11,"D08","FAM","Unkn-20",26.59,26.56,0,"Dermo","D3_CviMVP_PlDNA_3_SG_1286_59268f67","CviMVP_10931","Sapelo_Is_GA_2022-7-17",19,"D3_CviMVP_PlDNA_3_SG_1286_59268f67","11_D3_CviMVP_PlDNA_3_SG_1286_59268f67_Dermo",2,0.0700000000000003,"Positive",FALSE,0,0
11,"D09","FAM","Unkn-28",36.81,37.25,0,"Dermo","D4_CviMVP_PlDNA_3_SG_1183_5414cc84","CviMVP_10638","Culch_Ba_LA_2022-6-21",22,"D4_CviMVP_PlDNA_3_SG_1183_5414cc84","11_D4_CviMVP_PlDNA_3_SG_1183_5414cc84_Dermo",1,0.869999999999997,"Positive",FALSE,0,0
11,"D10","FAM","Unkn-28",37.68,37.25,0,"Dermo","D4_CviMVP_PlDNA_3_SG_1183_5414cc84","CviMVP_10638","Culch_Ba_LA_2022-6-21",22,"D4_CviMVP_PlDNA_3_SG_1183_5414cc84","11_D4_CviMVP_PlDNA_3_SG_1183_5414cc84_Dermo",2,0.869999999999997,"Positive",FALSE,0,0
11,"D11","FAM","Unkn-35",NA,0,0,"Dermo","C5_CviMVP_PlDNA_3_SG_1095_64467e6a","CviMVP_10432","GalBay_TX_2022-6-2",20,"C5_CviMVP_PlDNA_3_SG_1095_64467e6a","11_C5_CviMVP_PlDNA_3_SG_1095_64467e6a_Dermo",1,NA,"Negative",FALSE,0,0
11,"D12","FAM","Unkn-35",NA,0,0,"Dermo","C5_CviMVP_PlDNA_3_SG_1095_64467e6a","CviMVP_10432","GalBay_TX_2022-6-2",20,"C5_CviMVP_PlDNA_3_SG_1095_64467e6a","11_C5_CviMVP_PlDNA_3_SG_1095_64467e6a_Dermo",2,NA,"Negative",FALSE,0,0
11,"E03","FAM","Unkn-05",NA,0,0,"Dermo","E1_CviMVP_PlDNA_3_SG_1031_1b3cca54","CviMVP_10080","LakeFortuna_LA_2022-5-11",20,"E1_CviMVP_PlDNA_3_SG_1031_1b3cca54","11_E1_CviMVP_PlDNA_3_SG_1031_1b3cca54_Dermo",1,NA,"Negative",FALSE,0,0
11,"E04","FAM","Unkn-05",NA,0,0,"Dermo","E1_CviMVP_PlDNA_3_SG_1031_1b3cca54","CviMVP_10080","LakeFortuna_LA_2022-5-11",20,"E1_CviMVP_PlDNA_3_SG_1031_1b3cca54","11_E1_CviMVP_PlDNA_3_SG_1031_1b3cca54_Dermo",2,NA,"Negative",FALSE,0,0
11,"E05","FAM","Unkn-13",29.95,29.65,0,"Dermo","F2_CviMVP_PlDNA_3_SG.sharedLotterhosPuritz_1486_97845837","CviMVP_11507","NR_NB_RI_2022-8-19",15,"F2_CviMVP_PlDNA_3_SG.sharedLotterhosPuritz_1486_97845837","11_F2_CviMVP_PlDNA_3_SG.sharedLotterhosPuritz_1486_97845837_Dermo",1,0.59,"Positive",FALSE,0,0
11,"E06","FAM","Unkn-13",29.36,29.65,0,"Dermo","F2_CviMVP_PlDNA_3_SG.sharedLotterhosPuritz_1486_97845837","CviMVP_11507","NR_NB_RI_2022-8-19",15,"F2_CviMVP_PlDNA_3_SG.sharedLotterhosPuritz_1486_97845837","11_F2_CviMVP_PlDNA_3_SG.sharedLotterhosPuritz_1486_97845837_Dermo",2,0.59,"Positive",FALSE,0,0
11,"E07","FAM","Unkn-21",NA,0,0,"Dermo","E3_CviMVP_PlDNA_3_SG_1141_da432123","CviMVP_10534","FP_Sav_GA_2022-6-10",21,"E3_CviMVP_PlDNA_3_SG_1141_da432123","11_E3_CviMVP_PlDNA_3_SG_1141_da432123_Dermo",1,NA,"Negative",FALSE,0,0
11,"E08","FAM","Unkn-21",NA,0,0,"Dermo","E3_CviMVP_PlDNA_3_SG_1141_da432123","CviMVP_10534","FP_Sav_GA_2022-6-10",21,"E3_CviMVP_PlDNA_3_SG_1141_da432123","11_E3_CviMVP_PlDNA_3_SG_1141_da432123_Dermo",2,NA,"Negative",FALSE,0,0
11,"E09","FAM","Unkn-29",NA,0,0,"Dermo","E4_CviMVP_PlDNA_3_SG_1898_e19706e2","CviMVP_12712","Orrs_Cove_ME_2022-10-31",22,"E4_CviMVP_PlDNA_3_SG_1898_e19706e2","11_E4_CviMVP_PlDNA_3_SG_1898_e19706e2_Dermo",1,NA,"Negative",FALSE,0,0
11,"E10","FAM","Unkn-29",NA,0,0,"Dermo","E4_CviMVP_PlDNA_3_SG_1898_e19706e2","CviMVP_12712","Orrs_Cove_ME_2022-10-31",22,"E4_CviMVP_PlDNA_3_SG_1898_e19706e2","11_E4_CviMVP_PlDNA_3_SG_1898_e19706e2_Dermo",2,NA,"Negative",FALSE,0,0
11,"E11","FAM","Unkn-36",NA,0,0,"Dermo","D5_CviMVP_PlDNA_3_SG_1203_5ff51565","CviMVP_10696","TP_TX_2022-6-28",18,"D5_CviMVP_PlDNA_3_SG_1203_5ff51565","11_D5_CviMVP_PlDNA_3_SG_1203_5ff51565_Dermo",1,NA,"Inconclusive",TRUE,0,0
11,"E12","FAM","Unkn-36",38.67,38.67,0,"Dermo","D5_CviMVP_PlDNA_3_SG_1203_5ff51565","CviMVP_10696","TP_TX_2022-6-28",18,"D5_CviMVP_PlDNA_3_SG_1203_5ff51565","11_D5_CviMVP_PlDNA_3_SG_1203_5ff51565_Dermo",2,NA,"Inconclusive",TRUE,0,0
11,"F03","FAM","Unkn-06",NA,0,0,"Dermo","F1_CviMVP_PlDNA_3_SG_1642_8ae9c894","CviMVP_11966","SaltBay_Canada_2022-9-27",20,"F1_CviMVP_PlDNA_3_SG_1642_8ae9c894","11_F1_CviMVP_PlDNA_3_SG_1642_8ae9c894_Dermo",1,NA,"Negative",FALSE,0,0
11,"F04","FAM","Unkn-06",NA,0,0,"Dermo","F1_CviMVP_PlDNA_3_SG_1642_8ae9c894","CviMVP_11966","SaltBay_Canada_2022-9-27",20,"F1_CviMVP_PlDNA_3_SG_1642_8ae9c894","11_F1_CviMVP_PlDNA_3_SG_1642_8ae9c894_Dermo",2,NA,"Negative",FALSE,0,0
11,"F05","FAM","Unkn-14",27.78,27.78,0,"Dermo","G2_CviMVP_PlDNA_3_SG.sharedLotterhosPuritz_1732_312c1a7e","CviMVP_12229","WS_CB_VA_2022-10-7",18,"G2_CviMVP_PlDNA_3_SG.sharedLotterhosPuritz_1732_312c1a7e","11_G2_CviMVP_PlDNA_3_SG.sharedLotterhosPuritz_1732_312c1a7e_Dermo",1,0,"Positive",FALSE,0,0
11,"F06","FAM","Unkn-14",27.78,27.78,0,"Dermo","G2_CviMVP_PlDNA_3_SG.sharedLotterhosPuritz_1732_312c1a7e","CviMVP_12229","WS_CB_VA_2022-10-7",18,"G2_CviMVP_PlDNA_3_SG.sharedLotterhosPuritz_1732_312c1a7e","11_G2_CviMVP_PlDNA_3_SG.sharedLotterhosPuritz_1732_312c1a7e_Dermo",2,0,"Positive",FALSE,0,0
11,"F07","FAM","Unkn-22",28.57,28.55,0,"Dermo","F3_CviMVP_PlDNA_3_SG_1467_0471606e","CviMVP_11451","SR_GB_NH_2022-8-12",22,"F3_CviMVP_PlDNA_3_SG_1467_0471606e","11_F3_CviMVP_PlDNA_3_SG_1467_0471606e_Dermo",1,0.0300000000000011,"Positive",FALSE,0,0
11,"F08","FAM","Unkn-22",28.54,28.55,0,"Dermo","F3_CviMVP_PlDNA_3_SG_1467_0471606e","CviMVP_11451","SR_GB_NH_2022-8-12",22,"F3_CviMVP_PlDNA_3_SG_1467_0471606e","11_F3_CviMVP_PlDNA_3_SG_1467_0471606e_Dermo",2,0.0300000000000011,"Positive",FALSE,0,0
11,"F09","FAM","Unkn-30",39.14,39.38,0,"Dermo","F4_CviMVP_PlDNA_3_SG_1296_1006c251","CviMVP_10960","Sapelo_Is_GA_2022-7-17",20,"F4_CviMVP_PlDNA_3_SG_1296_1006c251","11_F4_CviMVP_PlDNA_3_SG_1296_1006c251_Dermo",1,0.469999999999999,"Positive",FALSE,0,0
11,"F10","FAM","Unkn-30",39.61,39.38,0,"Dermo","F4_CviMVP_PlDNA_3_SG_1296_1006c251","CviMVP_10960","Sapelo_Is_GA_2022-7-17",20,"F4_CviMVP_PlDNA_3_SG_1296_1006c251","11_F4_CviMVP_PlDNA_3_SG_1296_1006c251_Dermo",2,0.469999999999999,"Positive",FALSE,0,0
11,"F11","FAM","Unkn-37",NA,0,0,"Dermo","E5_CviMVP_PlDNA_3_SG_1633_86fd52e6","CviMVP_11939","SaltBay_Canada_2022-9-27",21,"E5_CviMVP_PlDNA_3_SG_1633_86fd52e6","11_E5_CviMVP_PlDNA_3_SG_1633_86fd52e6_Dermo",1,NA,"Negative",FALSE,0,0
11,"F12","FAM","Unkn-37",NA,0,0,"Dermo","E5_CviMVP_PlDNA_3_SG_1633_86fd52e6","CviMVP_11939","SaltBay_Canada_2022-9-27",21,"E5_CviMVP_PlDNA_3_SG_1633_86fd52e6","11_E5_CviMVP_PlDNA_3_SG_1633_86fd52e6_Dermo",2,NA,"Negative",FALSE,0,0
11,"G03","FAM","Unkn-07",28.86,28.68,0,"Dermo","G1_CviMVP_PlDNA_3_SG_1152_e87ad87c","CviMVP_10563","SkR_GA_2022-6-14",22,"G1_CviMVP_PlDNA_3_SG_1152_e87ad87c","11_G1_CviMVP_PlDNA_3_SG_1152_e87ad87c_Dermo",1,0.349999999999998,"Positive",FALSE,0,0
11,"G04","FAM","Unkn-07",28.51,28.68,0,"Dermo","G1_CviMVP_PlDNA_3_SG_1152_e87ad87c","CviMVP_10563","SkR_GA_2022-6-14",22,"G1_CviMVP_PlDNA_3_SG_1152_e87ad87c","11_G1_CviMVP_PlDNA_3_SG_1152_e87ad87c_Dermo",2,0.349999999999998,"Positive",FALSE,0,0
11,"G05","FAM","Unkn-15",25.4,25.27,1e-05,"Dermo","H2_CviMVP_PlDNA_3_SG_1784_29ba5533","CviMVP_12384","NPS_PS_NC_2022-10-12",22,"H2_CviMVP_PlDNA_3_SG_1784_29ba5533","11_H2_CviMVP_PlDNA_3_SG_1784_29ba5533_Dermo",1,0.25,"Positive",FALSE,3169.76181818182,2
11,"G06","FAM","Unkn-15",25.15,25.27,1e-05,"Dermo","H2_CviMVP_PlDNA_3_SG_1784_29ba5533","CviMVP_12384","NPS_PS_NC_2022-10-12",22,"H2_CviMVP_PlDNA_3_SG_1784_29ba5533","11_H2_CviMVP_PlDNA_3_SG_1784_29ba5533_Dermo",2,0.25,"Positive",FALSE,3169.76181818182,2
11,"G07","FAM","Unkn-23",NA,0,0,"Dermo","G3_CviMVP_PlDNA_3_SG_1289_ce6a63ea","CviMVP_10940","Sapelo_Is_GA_2022-7-17",19,"G3_CviMVP_PlDNA_3_SG_1289_ce6a63ea","11_G3_CviMVP_PlDNA_3_SG_1289_ce6a63ea_Dermo",1,NA,"Inconclusive",TRUE,0,0
11,"G08","FAM","Unkn-23",39.74,39.74,0,"Dermo","G3_CviMVP_PlDNA_3_SG_1289_ce6a63ea","CviMVP_10940","Sapelo_Is_GA_2022-7-17",19,"G3_CviMVP_PlDNA_3_SG_1289_ce6a63ea","11_G3_CviMVP_PlDNA_3_SG_1289_ce6a63ea_Dermo",2,NA,"Inconclusive",TRUE,0,0
11,"G09","FAM","Unkn-31",28.54,28.45,0,"Dermo","G4_CviMVP_PlDNA_3_SG.sharedLotterhosPuritz_1518_4ff5ee3e","CviMVP_11603","DC_NB_RI_2022-8-19",22,"G4_CviMVP_PlDNA_3_SG.sharedLotterhosPuritz_1518_4ff5ee3e","11_G4_CviMVP_PlDNA_3_SG.sharedLotterhosPuritz_1518_4ff5ee3e_Dermo",1,0.189999999999998,"Positive",FALSE,0,0
11,"G10","FAM","Unkn-31",28.35,28.45,0,"Dermo","G4_CviMVP_PlDNA_3_SG.sharedLotterhosPuritz_1518_4ff5ee3e","CviMVP_11603","DC_NB_RI_2022-8-19",22,"G4_CviMVP_PlDNA_3_SG.sharedLotterhosPuritz_1518_4ff5ee3e","11_G4_CviMVP_PlDNA_3_SG.sharedLotterhosPuritz_1518_4ff5ee3e_Dermo",2,0.189999999999998,"Positive",FALSE,0,0
11,"H03","FAM","Unkn-08",22.37,22.34,4e-05,"Dermo","H1_CviMVP_PlDNA_3_SG_1604_97e84e04","CviMVP_11853","SawIs_MA_2022-9-5",22,"H1_CviMVP_PlDNA_3_SG_1604_97e84e04","11_H1_CviMVP_PlDNA_3_SG_1604_97e84e04_Dermo",1,0.0600000000000023,"Positive",FALSE,12679.0472727273,3
11,"H04","FAM","Unkn-08",22.31,22.34,4e-05,"Dermo","H1_CviMVP_PlDNA_3_SG_1604_97e84e04","CviMVP_11853","SawIs_MA_2022-9-5",22,"H1_CviMVP_PlDNA_3_SG_1604_97e84e04","11_H1_CviMVP_PlDNA_3_SG_1604_97e84e04_Dermo",2,0.0600000000000023,"Positive",FALSE,12679.0472727273,3
11,"H05","FAM","Unkn-16",25.07,24.82,1e-05,"Dermo","F5_CviMVP_PlDNA_3_SG_1702_57acd977","CviMVP_12141","SaLa_GA_2022-10-5",22,"F5_CviMVP_PlDNA_3_SG_1702_57acd977","11_F5_CviMVP_PlDNA_3_SG_1702_57acd977_Dermo",1,0.5,"Positive",FALSE,3169.76181818182,2
11,"H06","FAM","Unkn-16",24.57,24.82,1e-05,"Dermo","F5_CviMVP_PlDNA_3_SG_1702_57acd977","CviMVP_12141","SaLa_GA_2022-10-5",22,"F5_CviMVP_PlDNA_3_SG_1702_57acd977","11_F5_CviMVP_PlDNA_3_SG_1702_57acd977_Dermo",2,0.5,"Positive",FALSE,3169.76181818182,2
11,"H07","FAM","Unkn-24",27.91,27.87,0,"Dermo","H3_CviMVP_PlDNA_3_SG_1791_6994d958","CviMVP_12405","NPS_PS_NC_2022-10-12",20,"H3_CviMVP_PlDNA_3_SG_1791_6994d958","11_H3_CviMVP_PlDNA_3_SG_1791_6994d958_Dermo",1,0.0899999999999999,"Positive",FALSE,0,0
11,"H08","FAM","Unkn-24",27.82,27.87,0,"Dermo","H3_CviMVP_PlDNA_3_SG_1791_6994d958","CviMVP_12405","NPS_PS_NC_2022-10-12",20,"H3_CviMVP_PlDNA_3_SG_1791_6994d958","11_H3_CviMVP_PlDNA_3_SG_1791_6994d958_Dermo",2,0.0899999999999999,"Positive",FALSE,0,0
11,"H09","FAM","Unkn-32",NA,0,0,"Dermo","H4_CviMVP_PlDNA_3_SG.sharedLotterhosPuritz_1867_848c805c","CviMVP_12625","LCP_UP_MD_2022-10-20",19,"H4_CviMVP_PlDNA_3_SG.sharedLotterhosPuritz_1867_848c805c","11_H4_CviMVP_PlDNA_3_SG.sharedLotterhosPuritz_1867_848c805c_Dermo",1,NA,"Negative",FALSE,0,0
11,"H10","FAM","Unkn-32",NA,0,0,"Dermo","H4_CviMVP_PlDNA_3_SG.sharedLotterhosPuritz_1867_848c805c","CviMVP_12625","LCP_UP_MD_2022-10-20",19,"H4_CviMVP_PlDNA_3_SG.sharedLotterhosPuritz_1867_848c805c","11_H4_CviMVP_PlDNA_3_SG.sharedLotterhosPuritz_1867_848c805c_Dermo",2,NA,"Negative",FALSE,0,0
11,"A03","HEX","Unkn-01",37.01,37.35,0,"MSX","A1_CviMVP_PlDNA_3_SG_1639_db25a5c3","CviMVP_11957","SaltBay_Canada_2022-9-27",20,"A1_CviMVP_PlDNA_3_SG_1639_db25a5c3","11_A1_CviMVP_PlDNA_3_SG_1639_db25a5c3_MSX",1,0.690000000000005,"Positive",FALSE,0,0
11,"A04","HEX","Unkn-01",37.7,37.35,0,"MSX","A1_CviMVP_PlDNA_3_SG_1639_db25a5c3","CviMVP_11957","SaltBay_Canada_2022-9-27",20,"A1_CviMVP_PlDNA_3_SG_1639_db25a5c3","11_A1_CviMVP_PlDNA_3_SG_1639_db25a5c3_MSX",2,0.690000000000005,"Positive",FALSE,0,0
11,"A05","HEX","Unkn-09",NA,0,0,"MSX","A2_CviMVP_PlDNA_3_SG_1423_43438d17","CviMVP_11326","GriceCove_SC_2022-8-10",21,"A2_CviMVP_PlDNA_3_SG_1423_43438d17","11_A2_CviMVP_PlDNA_3_SG_1423_43438d17_MSX",1,NA,"Negative",FALSE,0,0
11,"A06","HEX","Unkn-09",NA,0,0,"MSX","A2_CviMVP_PlDNA_3_SG_1423_43438d17","CviMVP_11326","GriceCove_SC_2022-8-10",21,"A2_CviMVP_PlDNA_3_SG_1423_43438d17","11_A2_CviMVP_PlDNA_3_SG_1423_43438d17_MSX",2,NA,"Negative",FALSE,0,0
11,"A07","HEX","Unkn-17",NA,0,0,"MSX","A3_CviMVP_PlDNA_3_SG.sharedLotterhosPuritz_1722_d9620874","CviMVP_12199","WS_CB_VA_2022-10-7",19,"A3_CviMVP_PlDNA_3_SG.sharedLotterhosPuritz_1722_d9620874","11_A3_CviMVP_PlDNA_3_SG.sharedLotterhosPuritz_1722_d9620874_MSX",1,NA,"Negative",FALSE,0,0
11,"A08","HEX","Unkn-17",NA,0,0,"MSX","A3_CviMVP_PlDNA_3_SG.sharedLotterhosPuritz_1722_d9620874","CviMVP_12199","WS_CB_VA_2022-10-7",19,"A3_CviMVP_PlDNA_3_SG.sharedLotterhosPuritz_1722_d9620874","11_A3_CviMVP_PlDNA_3_SG.sharedLotterhosPuritz_1722_d9620874_MSX",2,NA,"Negative",FALSE,0,0
11,"A09","HEX","Unkn-25",NA,0,0,"MSX","A4_CviMVP_PlDNA_3_SG.sharedLotterhosPuritz_1861_4b537e7a","CviMVP_12607","LCP_UP_MD_2022-10-20",22,"A4_CviMVP_PlDNA_3_SG.sharedLotterhosPuritz_1861_4b537e7a","11_A4_CviMVP_PlDNA_3_SG.sharedLotterhosPuritz_1861_4b537e7a_MSX",1,NA,"Negative",FALSE,0,0
11,"A10","HEX","Unkn-25",NA,0,0,"MSX","A4_CviMVP_PlDNA_3_SG.sharedLotterhosPuritz_1861_4b537e7a","CviMVP_12607","LCP_UP_MD_2022-10-20",22,"A4_CviMVP_PlDNA_3_SG.sharedLotterhosPuritz_1861_4b537e7a","11_A4_CviMVP_PlDNA_3_SG.sharedLotterhosPuritz_1861_4b537e7a_MSX",2,NA,"Negative",FALSE,0,0
11,"B03","HEX","Unkn-02",NA,0,0,"MSX","B1_CviMVP_PlDNA_3_SG_1701_4821db1f","CviMVP_12138","SaLa_GA_2022-10-5",20,"B1_CviMVP_PlDNA_3_SG_1701_4821db1f","11_B1_CviMVP_PlDNA_3_SG_1701_4821db1f_MSX",1,NA,"Negative",FALSE,0,0
11,"B04","HEX","Unkn-02",NA,0,0,"MSX","B1_CviMVP_PlDNA_3_SG_1701_4821db1f","CviMVP_12138","SaLa_GA_2022-10-5",20,"B1_CviMVP_PlDNA_3_SG_1701_4821db1f","11_B1_CviMVP_PlDNA_3_SG_1701_4821db1f_MSX",2,NA,"Negative",FALSE,0,0
11,"B05","HEX","Unkn-10",NA,0,0,"MSX","C2_CviMVP_PlDNA_3_SG_1051_b2f89cc5","CviMVP_10303","OL_MI_SC_2022-5-31",18,"C2_CviMVP_PlDNA_3_SG_1051_b2f89cc5","11_C2_CviMVP_PlDNA_3_SG_1051_b2f89cc5_MSX",1,NA,"Negative",FALSE,0,0
11,"B06","HEX","Unkn-10",NA,0,0,"MSX","C2_CviMVP_PlDNA_3_SG_1051_b2f89cc5","CviMVP_10303","OL_MI_SC_2022-5-31",18,"C2_CviMVP_PlDNA_3_SG_1051_b2f89cc5","11_C2_CviMVP_PlDNA_3_SG_1051_b2f89cc5_MSX",2,NA,"Negative",FALSE,0,0
11,"B07","HEX","Unkn-18",NA,0,0,"MSX","B3_CviMVP_PlDNA_3_SG_1787_8a972806","CviMVP_12393","NPS_PS_NC_2022-10-12",21,"B3_CviMVP_PlDNA_3_SG_1787_8a972806","11_B3_CviMVP_PlDNA_3_SG_1787_8a972806_MSX",1,NA,"Negative",FALSE,0,0
11,"B08","HEX","Unkn-18",NA,0,0,"MSX","B3_CviMVP_PlDNA_3_SG_1787_8a972806","CviMVP_12393","NPS_PS_NC_2022-10-12",21,"B3_CviMVP_PlDNA_3_SG_1787_8a972806","11_B3_CviMVP_PlDNA_3_SG_1787_8a972806_MSX",2,NA,"Negative",FALSE,0,0
11,"B09","HEX","Unkn-26",NA,0,0,"MSX","B4_CviMVP_PlDNA_3_SG_1389_08911bbf","CviMVP_11234","Sister_Lk_LA_2022-8-9",22,"B4_CviMVP_PlDNA_3_SG_1389_08911bbf","11_B4_CviMVP_PlDNA_3_SG_1389_08911bbf_MSX",1,NA,"Negative",FALSE,0,0
11,"B10","HEX","Unkn-26",NA,0,0,"MSX","B4_CviMVP_PlDNA_3_SG_1389_08911bbf","CviMVP_11234","Sister_Lk_LA_2022-8-9",22,"B4_CviMVP_PlDNA_3_SG_1389_08911bbf","11_B4_CviMVP_PlDNA_3_SG_1389_08911bbf_MSX",2,NA,"Negative",FALSE,0,0
11,"B11","HEX","Unkn-33",NA,0,0,"MSX","A5_CviMVP_PlDNA_3_SG_1225_19942566","CviMVP_10758","TP_TX_2022-6-28",20,"A5_CviMVP_PlDNA_3_SG_1225_19942566","11_A5_CviMVP_PlDNA_3_SG_1225_19942566_MSX",1,NA,"Negative",FALSE,0,0
11,"B12","HEX","Unkn-33",NA,0,0,"MSX","A5_CviMVP_PlDNA_3_SG_1225_19942566","CviMVP_10758","TP_TX_2022-6-28",20,"A5_CviMVP_PlDNA_3_SG_1225_19942566","11_A5_CviMVP_PlDNA_3_SG_1225_19942566_MSX",2,NA,"Negative",FALSE,0,0
11,"C03","HEX","Unkn-03",NA,0,0,"MSX","C1_CviMVP_PlDNA_3_SG.sharedLotterhosPuritz_3036_408ed892","CviMVP_30105","HC_DB_NJ_2022-9-23",21,"C1_CviMVP_PlDNA_3_SG.sharedLotterhosPuritz_3036_408ed892","11_C1_CviMVP_PlDNA_3_SG.sharedLotterhosPuritz_3036_408ed892_MSX",1,NA,"Negative",FALSE,0,0
11,"C04","HEX","Unkn-03",NA,0,0,"MSX","C1_CviMVP_PlDNA_3_SG.sharedLotterhosPuritz_3036_408ed892","CviMVP_30105","HC_DB_NJ_2022-9-23",21,"C1_CviMVP_PlDNA_3_SG.sharedLotterhosPuritz_3036_408ed892","11_C1_CviMVP_PlDNA_3_SG.sharedLotterhosPuritz_3036_408ed892_MSX",2,NA,"Negative",FALSE,0,0
11,"C05","HEX","Unkn-11",NA,0,0,"MSX","D2_CviMVP_PlDNA_3_SG_1557_d47a231f","CviMVP_11719","CPR_MS_AL_2022-8-24",20,"D2_CviMVP_PlDNA_3_SG_1557_d47a231f","11_D2_CviMVP_PlDNA_3_SG_1557_d47a231f_MSX",1,NA,"Negative",FALSE,0,0
11,"C06","HEX","Unkn-11",NA,0,0,"MSX","D2_CviMVP_PlDNA_3_SG_1557_d47a231f","CviMVP_11719","CPR_MS_AL_2022-8-24",20,"D2_CviMVP_PlDNA_3_SG_1557_d47a231f","11_D2_CviMVP_PlDNA_3_SG_1557_d47a231f_MSX",2,NA,"Negative",FALSE,0,0
11,"C07","HEX","Unkn-19",NA,0,0,"MSX","C3_CviMVP_PlDNA_3_SG.sharedLotterhosPuritz_3023_12b47c5b","CviMVP_30069","CS_DB_NJ_2022-9-21",20,"C3_CviMVP_PlDNA_3_SG.sharedLotterhosPuritz_3023_12b47c5b","11_C3_CviMVP_PlDNA_3_SG.sharedLotterhosPuritz_3023_12b47c5b_MSX",1,NA,"Negative",FALSE,0,0
11,"C08","HEX","Unkn-19",NA,0,0,"MSX","C3_CviMVP_PlDNA_3_SG.sharedLotterhosPuritz_3023_12b47c5b","CviMVP_30069","CS_DB_NJ_2022-9-21",20,"C3_CviMVP_PlDNA_3_SG.sharedLotterhosPuritz_3023_12b47c5b","11_C3_CviMVP_PlDNA_3_SG.sharedLotterhosPuritz_3023_12b47c5b_MSX",2,NA,"Negative",FALSE,0,0
11,"C09","HEX","Unkn-27",NA,0,0,"MSX","C4_CviMVP_PlDNA_3_SG_1575_5d10637a","CviMVP_11771","KP_FGR_FL_2022-8-23",20,"C4_CviMVP_PlDNA_3_SG_1575_5d10637a","11_C4_CviMVP_PlDNA_3_SG_1575_5d10637a_MSX",1,NA,"Negative",FALSE,0,0
11,"C10","HEX","Unkn-27",NA,0,0,"MSX","C4_CviMVP_PlDNA_3_SG_1575_5d10637a","CviMVP_11771","KP_FGR_FL_2022-8-23",20,"C4_CviMVP_PlDNA_3_SG_1575_5d10637a","11_C4_CviMVP_PlDNA_3_SG_1575_5d10637a_MSX",2,NA,"Negative",FALSE,0,0
11,"C11","HEX","Unkn-34",NA,0,0,"MSX","B5_CviMVP_PlDNA_3_SG.sharedLotterhosPuritz_1491_4d777632","CviMVP_11522","NR_NB_RI_2022-8-19",22,"B5_CviMVP_PlDNA_3_SG.sharedLotterhosPuritz_1491_4d777632","11_B5_CviMVP_PlDNA_3_SG.sharedLotterhosPuritz_1491_4d777632_MSX",1,NA,"Negative",FALSE,0,0
11,"C12","HEX","Unkn-34",NA,0,0,"MSX","B5_CviMVP_PlDNA_3_SG.sharedLotterhosPuritz_1491_4d777632","CviMVP_11522","NR_NB_RI_2022-8-19",22,"B5_CviMVP_PlDNA_3_SG.sharedLotterhosPuritz_1491_4d777632","11_B5_CviMVP_PlDNA_3_SG.sharedLotterhosPuritz_1491_4d777632_MSX",2,NA,"Negative",FALSE,0,0
11,"D03","HEX","Unkn-04",NA,0,0,"MSX","D1_CviMVP_PlDNA_3_SG_1039_1b561850","CviMVP_10112","LakeFortuna_LA_2022-5-11",22,"D1_CviMVP_PlDNA_3_SG_1039_1b561850","11_D1_CviMVP_PlDNA_3_SG_1039_1b561850_MSX",1,NA,"Negative",FALSE,0,0
11,"D04","HEX","Unkn-04",NA,0,0,"MSX","D1_CviMVP_PlDNA_3_SG_1039_1b561850","CviMVP_10112","LakeFortuna_LA_2022-5-11",22,"D1_CviMVP_PlDNA_3_SG_1039_1b561850","11_D1_CviMVP_PlDNA_3_SG_1039_1b561850_MSX",2,NA,"Negative",FALSE,0,0
11,"D05","HEX","Unkn-12",NA,0,0,"MSX",NA,NA,NA,20,"row_105","11_row_105_MSX",1,NA,"Negative",FALSE,0,0
11,"D06","HEX","Unkn-12",NA,0,0,"MSX",NA,NA,NA,20,"row_106","11_row_106_MSX",1,NA,"Negative",FALSE,0,0
11,"D07","HEX","Unkn-20",36.43,36.66,0,"MSX","D3_CviMVP_PlDNA_3_SG_1286_59268f67","CviMVP_10931","Sapelo_Is_GA_2022-7-17",19,"D3_CviMVP_PlDNA_3_SG_1286_59268f67","11_D3_CviMVP_PlDNA_3_SG_1286_59268f67_MSX",1,0.469999999999999,"Positive",FALSE,0,0
11,"D08","HEX","Unkn-20",36.9,36.66,0,"MSX","D3_CviMVP_PlDNA_3_SG_1286_59268f67","CviMVP_10931","Sapelo_Is_GA_2022-7-17",19,"D3_CviMVP_PlDNA_3_SG_1286_59268f67","11_D3_CviMVP_PlDNA_3_SG_1286_59268f67_MSX",2,0.469999999999999,"Positive",FALSE,0,0
11,"D09","HEX","Unkn-28",NA,0,0,"MSX","D4_CviMVP_PlDNA_3_SG_1183_5414cc84","CviMVP_10638","Culch_Ba_LA_2022-6-21",22,"D4_CviMVP_PlDNA_3_SG_1183_5414cc84","11_D4_CviMVP_PlDNA_3_SG_1183_5414cc84_MSX",1,NA,"Negative",FALSE,0,0
11,"D10","HEX","Unkn-28",NA,0,0,"MSX","D4_CviMVP_PlDNA_3_SG_1183_5414cc84","CviMVP_10638","Culch_Ba_LA_2022-6-21",22,"D4_CviMVP_PlDNA_3_SG_1183_5414cc84","11_D4_CviMVP_PlDNA_3_SG_1183_5414cc84_MSX",2,NA,"Negative",FALSE,0,0
11,"D11","HEX","Unkn-35",NA,0,0,"MSX","C5_CviMVP_PlDNA_3_SG_1095_64467e6a","CviMVP_10432","GalBay_TX_2022-6-2",20,"C5_CviMVP_PlDNA_3_SG_1095_64467e6a","11_C5_CviMVP_PlDNA_3_SG_1095_64467e6a_MSX",1,NA,"Negative",FALSE,0,0
11,"D12","HEX","Unkn-35",NA,0,0,"MSX","C5_CviMVP_PlDNA_3_SG_1095_64467e6a","CviMVP_10432","GalBay_TX_2022-6-2",20,"C5_CviMVP_PlDNA_3_SG_1095_64467e6a","11_C5_CviMVP_PlDNA_3_SG_1095_64467e6a_MSX",2,NA,"Negative",FALSE,0,0
11,"E03","HEX","Unkn-05",NA,0,0,"MSX","E1_CviMVP_PlDNA_3_SG_1031_1b3cca54","CviMVP_10080","LakeFortuna_LA_2022-5-11",20,"E1_CviMVP_PlDNA_3_SG_1031_1b3cca54","11_E1_CviMVP_PlDNA_3_SG_1031_1b3cca54_MSX",1,NA,"Negative",FALSE,0,0
11,"E04","HEX","Unkn-05",NA,0,0,"MSX","E1_CviMVP_PlDNA_3_SG_1031_1b3cca54","CviMVP_10080","LakeFortuna_LA_2022-5-11",20,"E1_CviMVP_PlDNA_3_SG_1031_1b3cca54","11_E1_CviMVP_PlDNA_3_SG_1031_1b3cca54_MSX",2,NA,"Negative",FALSE,0,0
11,"E05","HEX","Unkn-13",NA,0,0,"MSX","F2_CviMVP_PlDNA_3_SG.sharedLotterhosPuritz_1486_97845837","CviMVP_11507","NR_NB_RI_2022-8-19",15,"F2_CviMVP_PlDNA_3_SG.sharedLotterhosPuritz_1486_97845837","11_F2_CviMVP_PlDNA_3_SG.sharedLotterhosPuritz_1486_97845837_MSX",1,NA,"Negative",FALSE,0,0
11,"E06","HEX","Unkn-13",NA,0,0,"MSX","F2_CviMVP_PlDNA_3_SG.sharedLotterhosPuritz_1486_97845837","CviMVP_11507","NR_NB_RI_2022-8-19",15,"F2_CviMVP_PlDNA_3_SG.sharedLotterhosPuritz_1486_97845837","11_F2_CviMVP_PlDNA_3_SG.sharedLotterhosPuritz_1486_97845837_MSX",2,NA,"Negative",FALSE,0,0
11,"E07","HEX","Unkn-21",33.11,33.07,0,"MSX","E3_CviMVP_PlDNA_3_SG_1141_da432123","CviMVP_10534","FP_Sav_GA_2022-6-10",21,"E3_CviMVP_PlDNA_3_SG_1141_da432123","11_E3_CviMVP_PlDNA_3_SG_1141_da432123_MSX",1,0.0700000000000003,"Positive",FALSE,0,0
11,"E08","HEX","Unkn-21",33.04,33.07,0,"MSX","E3_CviMVP_PlDNA_3_SG_1141_da432123","CviMVP_10534","FP_Sav_GA_2022-6-10",21,"E3_CviMVP_PlDNA_3_SG_1141_da432123","11_E3_CviMVP_PlDNA_3_SG_1141_da432123_MSX",2,0.0700000000000003,"Positive",FALSE,0,0
11,"E09","HEX","Unkn-29",26.51,26.41,0,"MSX","E4_CviMVP_PlDNA_3_SG_1898_e19706e2","CviMVP_12712","Orrs_Cove_ME_2022-10-31",22,"E4_CviMVP_PlDNA_3_SG_1898_e19706e2","11_E4_CviMVP_PlDNA_3_SG_1898_e19706e2_MSX",1,0.190000000000001,"Positive",FALSE,0,0
11,"E10","HEX","Unkn-29",26.32,26.41,0,"MSX","E4_CviMVP_PlDNA_3_SG_1898_e19706e2","CviMVP_12712","Orrs_Cove_ME_2022-10-31",22,"E4_CviMVP_PlDNA_3_SG_1898_e19706e2","11_E4_CviMVP_PlDNA_3_SG_1898_e19706e2_MSX",2,0.190000000000001,"Positive",FALSE,0,0
11,"E11","HEX","Unkn-36",NA,0,0,"MSX","D5_CviMVP_PlDNA_3_SG_1203_5ff51565","CviMVP_10696","TP_TX_2022-6-28",18,"D5_CviMVP_PlDNA_3_SG_1203_5ff51565","11_D5_CviMVP_PlDNA_3_SG_1203_5ff51565_MSX",1,NA,"Negative",FALSE,0,0
11,"E12","HEX","Unkn-36",NA,0,0,"MSX","D5_CviMVP_PlDNA_3_SG_1203_5ff51565","CviMVP_10696","TP_TX_2022-6-28",18,"D5_CviMVP_PlDNA_3_SG_1203_5ff51565","11_D5_CviMVP_PlDNA_3_SG_1203_5ff51565_MSX",2,NA,"Negative",FALSE,0,0
11,"F03","HEX","Unkn-06",NA,0,0,"MSX","F1_CviMVP_PlDNA_3_SG_1642_8ae9c894","CviMVP_11966","SaltBay_Canada_2022-9-27",20,"F1_CviMVP_PlDNA_3_SG_1642_8ae9c894","11_F1_CviMVP_PlDNA_3_SG_1642_8ae9c894_MSX",1,NA,"Negative",FALSE,0,0
11,"F04","HEX","Unkn-06",NA,0,0,"MSX","F1_CviMVP_PlDNA_3_SG_1642_8ae9c894","CviMVP_11966","SaltBay_Canada_2022-9-27",20,"F1_CviMVP_PlDNA_3_SG_1642_8ae9c894","11_F1_CviMVP_PlDNA_3_SG_1642_8ae9c894_MSX",2,NA,"Negative",FALSE,0,0
11,"F05","HEX","Unkn-14",NA,0,0,"MSX","G2_CviMVP_PlDNA_3_SG.sharedLotterhosPuritz_1732_312c1a7e","CviMVP_12229","WS_CB_VA_2022-10-7",18,"G2_CviMVP_PlDNA_3_SG.sharedLotterhosPuritz_1732_312c1a7e","11_G2_CviMVP_PlDNA_3_SG.sharedLotterhosPuritz_1732_312c1a7e_MSX",1,NA,"Negative",FALSE,0,0
11,"F06","HEX","Unkn-14",NA,0,0,"MSX","G2_CviMVP_PlDNA_3_SG.sharedLotterhosPuritz_1732_312c1a7e","CviMVP_12229","WS_CB_VA_2022-10-7",18,"G2_CviMVP_PlDNA_3_SG.sharedLotterhosPuritz_1732_312c1a7e","11_G2_CviMVP_PlDNA_3_SG.sharedLotterhosPuritz_1732_312c1a7e_MSX",2,NA,"Negative",FALSE,0,0
11,"F07","HEX","Unkn-22",26.24,26.23,0,"MSX","F3_CviMVP_PlDNA_3_SG_1467_0471606e","CviMVP_11451","SR_GB_NH_2022-8-12",22,"F3_CviMVP_PlDNA_3_SG_1467_0471606e","11_F3_CviMVP_PlDNA_3_SG_1467_0471606e_MSX",1,0.0199999999999996,"Positive",FALSE,0,0
11,"F08","HEX","Unkn-22",26.22,26.23,0,"MSX","F3_CviMVP_PlDNA_3_SG_1467_0471606e","CviMVP_11451","SR_GB_NH_2022-8-12",22,"F3_CviMVP_PlDNA_3_SG_1467_0471606e","11_F3_CviMVP_PlDNA_3_SG_1467_0471606e_MSX",2,0.0199999999999996,"Positive",FALSE,0,0
11,"F09","HEX","Unkn-30",NA,0,0,"MSX","F4_CviMVP_PlDNA_3_SG_1296_1006c251","CviMVP_10960","Sapelo_Is_GA_2022-7-17",20,"F4_CviMVP_PlDNA_3_SG_1296_1006c251","11_F4_CviMVP_PlDNA_3_SG_1296_1006c251_MSX",1,NA,"Negative",FALSE,0,0
11,"F10","HEX","Unkn-30",NA,0,0,"MSX","F4_CviMVP_PlDNA_3_SG_1296_1006c251","CviMVP_10960","Sapelo_Is_GA_2022-7-17",20,"F4_CviMVP_PlDNA_3_SG_1296_1006c251","11_F4_CviMVP_PlDNA_3_SG_1296_1006c251_MSX",2,NA,"Negative",FALSE,0,0
11,"F11","HEX","Unkn-37",NA,0,0,"MSX","E5_CviMVP_PlDNA_3_SG_1633_86fd52e6","CviMVP_11939","SaltBay_Canada_2022-9-27",21,"E5_CviMVP_PlDNA_3_SG_1633_86fd52e6","11_E5_CviMVP_PlDNA_3_SG_1633_86fd52e6_MSX",1,NA,"Negative",FALSE,0,0
11,"F12","HEX","Unkn-37",NA,0,0,"MSX","E5_CviMVP_PlDNA_3_SG_1633_86fd52e6","CviMVP_11939","SaltBay_Canada_2022-9-27",21,"E5_CviMVP_PlDNA_3_SG_1633_86fd52e6","11_E5_CviMVP_PlDNA_3_SG_1633_86fd52e6_MSX",2,NA,"Negative",FALSE,0,0
11,"G03","HEX","Unkn-07",29.09,28.95,0,"MSX","G1_CviMVP_PlDNA_3_SG_1152_e87ad87c","CviMVP_10563","SkR_GA_2022-6-14",22,"G1_CviMVP_PlDNA_3_SG_1152_e87ad87c","11_G1_CviMVP_PlDNA_3_SG_1152_e87ad87c_MSX",1,0.289999999999999,"Positive",FALSE,0,0
11,"G04","HEX","Unkn-07",28.8,28.95,0,"MSX","G1_CviMVP_PlDNA_3_SG_1152_e87ad87c","CviMVP_10563","SkR_GA_2022-6-14",22,"G1_CviMVP_PlDNA_3_SG_1152_e87ad87c","11_G1_CviMVP_PlDNA_3_SG_1152_e87ad87c_MSX",2,0.289999999999999,"Positive",FALSE,0,0
11,"G05","HEX","Unkn-15",NA,0,0,"MSX","H2_CviMVP_PlDNA_3_SG_1784_29ba5533","CviMVP_12384","NPS_PS_NC_2022-10-12",22,"H2_CviMVP_PlDNA_3_SG_1784_29ba5533","11_H2_CviMVP_PlDNA_3_SG_1784_29ba5533_MSX",1,NA,"Negative",FALSE,0,0
11,"G06","HEX","Unkn-15",NA,0,0,"MSX","H2_CviMVP_PlDNA_3_SG_1784_29ba5533","CviMVP_12384","NPS_PS_NC_2022-10-12",22,"H2_CviMVP_PlDNA_3_SG_1784_29ba5533","11_H2_CviMVP_PlDNA_3_SG_1784_29ba5533_MSX",2,NA,"Negative",FALSE,0,0
11,"G07","HEX","Unkn-23",NA,0,0,"MSX","G3_CviMVP_PlDNA_3_SG_1289_ce6a63ea","CviMVP_10940","Sapelo_Is_GA_2022-7-17",19,"G3_CviMVP_PlDNA_3_SG_1289_ce6a63ea","11_G3_CviMVP_PlDNA_3_SG_1289_ce6a63ea_MSX",1,NA,"Negative",FALSE,0,0
11,"G08","HEX","Unkn-23",NA,0,0,"MSX","G3_CviMVP_PlDNA_3_SG_1289_ce6a63ea","CviMVP_10940","Sapelo_Is_GA_2022-7-17",19,"G3_CviMVP_PlDNA_3_SG_1289_ce6a63ea","11_G3_CviMVP_PlDNA_3_SG_1289_ce6a63ea_MSX",2,NA,"Negative",FALSE,0,0
11,"G09","HEX","Unkn-31",NA,0,0,"MSX","G4_CviMVP_PlDNA_3_SG.sharedLotterhosPuritz_1518_4ff5ee3e","CviMVP_11603","DC_NB_RI_2022-8-19",22,"G4_CviMVP_PlDNA_3_SG.sharedLotterhosPuritz_1518_4ff5ee3e","11_G4_CviMVP_PlDNA_3_SG.sharedLotterhosPuritz_1518_4ff5ee3e_MSX",1,NA,"Negative",FALSE,0,0
11,"G10","HEX","Unkn-31",NA,0,0,"MSX","G4_CviMVP_PlDNA_3_SG.sharedLotterhosPuritz_1518_4ff5ee3e","CviMVP_11603","DC_NB_RI_2022-8-19",22,"G4_CviMVP_PlDNA_3_SG.sharedLotterhosPuritz_1518_4ff5ee3e","11_G4_CviMVP_PlDNA_3_SG.sharedLotterhosPuritz_1518_4ff5ee3e_MSX",2,NA,"Negative",FALSE,0,0
11,"H03","HEX","Unkn-08",NA,0,0,"MSX","H1_CviMVP_PlDNA_3_SG_1604_97e84e04","CviMVP_11853","SawIs_MA_2022-9-5",22,"H1_CviMVP_PlDNA_3_SG_1604_97e84e04","11_H1_CviMVP_PlDNA_3_SG_1604_97e84e04_MSX",1,NA,"Negative",FALSE,0,0
11,"H04","HEX","Unkn-08",NA,0,0,"MSX","H1_CviMVP_PlDNA_3_SG_1604_97e84e04","CviMVP_11853","SawIs_MA_2022-9-5",22,"H1_CviMVP_PlDNA_3_SG_1604_97e84e04","11_H1_CviMVP_PlDNA_3_SG_1604_97e84e04_MSX",2,NA,"Negative",FALSE,0,0
11,"H05","HEX","Unkn-16",NA,0,0,"MSX","F5_CviMVP_PlDNA_3_SG_1702_57acd977","CviMVP_12141","SaLa_GA_2022-10-5",22,"F5_CviMVP_PlDNA_3_SG_1702_57acd977","11_F5_CviMVP_PlDNA_3_SG_1702_57acd977_MSX",1,NA,"Negative",FALSE,0,0
11,"H06","HEX","Unkn-16",NA,0,0,"MSX","F5_CviMVP_PlDNA_3_SG_1702_57acd977","CviMVP_12141","SaLa_GA_2022-10-5",22,"F5_CviMVP_PlDNA_3_SG_1702_57acd977","11_F5_CviMVP_PlDNA_3_SG_1702_57acd977_MSX",2,NA,"Negative",FALSE,0,0
11,"H07","HEX","Unkn-24",NA,0,0,"MSX","H3_CviMVP_PlDNA_3_SG_1791_6994d958","CviMVP_12405","NPS_PS_NC_2022-10-12",20,"H3_CviMVP_PlDNA_3_SG_1791_6994d958","11_H3_CviMVP_PlDNA_3_SG_1791_6994d958_MSX",1,NA,"Negative",FALSE,0,0
11,"H08","HEX","Unkn-24",NA,0,0,"MSX","H3_CviMVP_PlDNA_3_SG_1791_6994d958","CviMVP_12405","NPS_PS_NC_2022-10-12",20,"H3_CviMVP_PlDNA_3_SG_1791_6994d958","11_H3_CviMVP_PlDNA_3_SG_1791_6994d958_MSX",2,NA,"Negative",FALSE,0,0
11,"H09","HEX","Unkn-32",NA,0,0,"MSX","H4_CviMVP_PlDNA_3_SG.sharedLotterhosPuritz_1867_848c805c","CviMVP_12625","LCP_UP_MD_2022-10-20",19,"H4_CviMVP_PlDNA_3_SG.sharedLotterhosPuritz_1867_848c805c","11_H4_CviMVP_PlDNA_3_SG.sharedLotterhosPuritz_1867_848c805c_MSX",1,NA,"Negative",FALSE,0,0
11,"H10","HEX","Unkn-32",NA,0,0,"MSX","H4_CviMVP_PlDNA_3_SG.sharedLotterhosPuritz_1867_848c805c","CviMVP_12625","LCP_UP_MD_2022-10-20",19,"H4_CviMVP_PlDNA_3_SG.sharedLotterhosPuritz_1867_848c805c","11_H4_CviMVP_PlDNA_3_SG.sharedLotterhosPuritz_1867_848c805c_MSX",2,NA,"Negative",FALSE,0,0
12,"A03","FAM","Unkn-01",23.23,23.17,3e-05,"Dermo","A6_CviMVP_PlDNA_3_SG.sharedLotterhosPuritz_3007_8a86f2f3","CviMVP_30021","CS_DB_NJ_2022-9-21",19,"A6_CviMVP_PlDNA_3_SG.sharedLotterhosPuritz_3007_8a86f2f3","12_A6_CviMVP_PlDNA_3_SG.sharedLotterhosPuritz_3007_8a86f2f3_Dermo",1,0.129999999999999,"Positive",FALSE,11010.7515789474,3
12,"A04","FAM","Unkn-01",23.1,23.17,3e-05,"Dermo","A6_CviMVP_PlDNA_3_SG.sharedLotterhosPuritz_3007_8a86f2f3","CviMVP_30021","CS_DB_NJ_2022-9-21",19,"A6_CviMVP_PlDNA_3_SG.sharedLotterhosPuritz_3007_8a86f2f3","12_A6_CviMVP_PlDNA_3_SG.sharedLotterhosPuritz_3007_8a86f2f3_Dermo",2,0.129999999999999,"Positive",FALSE,11010.7515789474,3
12,"A05","FAM","Unkn-09",NA,0,0,"Dermo","A7_CviMVP_PlDNA_3_SG.sharedLotterhosPuritz_1769_28e6bcda","CviMVP_12339","DWS_CB_VA_2022-10-7",20,"A7_CviMVP_PlDNA_3_SG.sharedLotterhosPuritz_1769_28e6bcda","12_A7_CviMVP_PlDNA_3_SG.sharedLotterhosPuritz_1769_28e6bcda_Dermo",1,NA,"Negative",FALSE,0,0
12,"A06","FAM","Unkn-09",NA,0,0,"Dermo","A7_CviMVP_PlDNA_3_SG.sharedLotterhosPuritz_1769_28e6bcda","CviMVP_12339","DWS_CB_VA_2022-10-7",20,"A7_CviMVP_PlDNA_3_SG.sharedLotterhosPuritz_1769_28e6bcda","12_A7_CviMVP_PlDNA_3_SG.sharedLotterhosPuritz_1769_28e6bcda_Dermo",2,NA,"Negative",FALSE,0,0
12,"A07","FAM","Unkn-17",39.43,38.46,0,"Dermo","A8_CviMVP_PlDNA_3_SG_1234_3dfd6aa1","CviMVP_10784","CC_VA_2022-7-11",20,"A8_CviMVP_PlDNA_3_SG_1234_3dfd6aa1","12_A8_CviMVP_PlDNA_3_SG_1234_3dfd6aa1_Dermo",1,1.94,"Positive",FALSE,0,0
12,"A08","FAM","Unkn-17",37.49,38.46,0,"Dermo","A8_CviMVP_PlDNA_3_SG_1234_3dfd6aa1","CviMVP_10784","CC_VA_2022-7-11",20,"A8_CviMVP_PlDNA_3_SG_1234_3dfd6aa1","12_A8_CviMVP_PlDNA_3_SG_1234_3dfd6aa1_Dermo",2,1.94,"Positive",FALSE,0,0
12,"A09","FAM","Unkn-25",26.56,26.68,0,"Dermo","A9_CviMVP_PlDNA_3_SG_1159_a3a06726","CviMVP_10579","SkR_GA_2022-6-14",20,"A9_CviMVP_PlDNA_3_SG_1159_a3a06726","12_A9_CviMVP_PlDNA_3_SG_1159_a3a06726_Dermo",1,0.240000000000002,"Positive",FALSE,0,0
12,"A10","FAM","Unkn-25",26.8,26.68,0,"Dermo","A9_CviMVP_PlDNA_3_SG_1159_a3a06726","CviMVP_10579","SkR_GA_2022-6-14",20,"A9_CviMVP_PlDNA_3_SG_1159_a3a06726","12_A9_CviMVP_PlDNA_3_SG_1159_a3a06726_Dermo",2,0.240000000000002,"Positive",FALSE,0,0
12,"B03","FAM","Unkn-02",NA,0,0,"Dermo","B6_CviMVP_PlDNA_3_SG_1893_3d719166","CviMVP_12701","DC_DR_ME_2022-10-25",21,"B6_CviMVP_PlDNA_3_SG_1893_3d719166","12_B6_CviMVP_PlDNA_3_SG_1893_3d719166_Dermo",1,NA,"Inconclusive",TRUE,0,0
12,"B04","FAM","Unkn-02",36.83,36.83,0,"Dermo","B6_CviMVP_PlDNA_3_SG_1893_3d719166","CviMVP_12701","DC_DR_ME_2022-10-25",21,"B6_CviMVP_PlDNA_3_SG_1893_3d719166","12_B6_CviMVP_PlDNA_3_SG_1893_3d719166_Dermo",2,NA,"Inconclusive",TRUE,0,0
12,"B05","FAM","Unkn-10",NA,0,0,"Dermo","B7_CviMVP_PlDNA_3_SG_1092_7cb45c20","CviMVP_10417","GalBay_TX_2022-6-2",22,"B7_CviMVP_PlDNA_3_SG_1092_7cb45c20","12_B7_CviMVP_PlDNA_3_SG_1092_7cb45c20_Dermo",1,NA,"Negative",FALSE,0,0
12,"B06","FAM","Unkn-10",NA,0,0,"Dermo","B7_CviMVP_PlDNA_3_SG_1092_7cb45c20","CviMVP_10417","GalBay_TX_2022-6-2",22,"B7_CviMVP_PlDNA_3_SG_1092_7cb45c20","12_B7_CviMVP_PlDNA_3_SG_1092_7cb45c20_Dermo",2,NA,"Negative",FALSE,0,0
12,"B07","FAM","Unkn-18",30.15,30.07,0,"Dermo","B8_CviMVP_PlDNA_3_SG.sharedLotterhosPuritz_1536_2cb8b409","CviMVP_11656","DC_NB_RI_2022-8-19",20,"B8_CviMVP_PlDNA_3_SG.sharedLotterhosPuritz_1536_2cb8b409","12_B8_CviMVP_PlDNA_3_SG.sharedLotterhosPuritz_1536_2cb8b409_Dermo",1,0.149999999999999,"Positive",FALSE,0,0
12,"B08","FAM","Unkn-18",30,30.07,0,"Dermo","B8_CviMVP_PlDNA_3_SG.sharedLotterhosPuritz_1536_2cb8b409","CviMVP_11656","DC_NB_RI_2022-8-19",20,"B8_CviMVP_PlDNA_3_SG.sharedLotterhosPuritz_1536_2cb8b409","12_B8_CviMVP_PlDNA_3_SG.sharedLotterhosPuritz_1536_2cb8b409_Dermo",2,0.149999999999999,"Positive",FALSE,0,0
12,"B11","FAM","Unkn-33",NA,0,0,"Dermo","A10_CviMVP_PlDNA_3_SG_1015_9b0b22ae","CviMVP_10018","LakeFortuna_LA_2022-5-11",20,"A10_CviMVP_PlDNA_3_SG_1015_9b0b22ae","12_A10_CviMVP_PlDNA_3_SG_1015_9b0b22ae_Dermo",1,NA,"Negative",FALSE,0,0
12,"B12","FAM","Unkn-33",NA,0,0,"Dermo","A10_CviMVP_PlDNA_3_SG_1015_9b0b22ae","CviMVP_10018","LakeFortuna_LA_2022-5-11",20,"A10_CviMVP_PlDNA_3_SG_1015_9b0b22ae","12_A10_CviMVP_PlDNA_3_SG_1015_9b0b22ae_Dermo",2,NA,"Negative",FALSE,0,0
12,"C03","FAM","Unkn-03",38.39,38.39,0,"Dermo","C6_CviMVP_PlDNA_3_SG_1091_f69ab709","CviMVP_10408","GalBay_TX_2022-6-2",22,"C6_CviMVP_PlDNA_3_SG_1091_f69ab709","12_C6_CviMVP_PlDNA_3_SG_1091_f69ab709_Dermo",1,NA,"Inconclusive",TRUE,0,0
12,"C04","FAM","Unkn-03",NA,0,0,"Dermo","C6_CviMVP_PlDNA_3_SG_1091_f69ab709","CviMVP_10408","GalBay_TX_2022-6-2",22,"C6_CviMVP_PlDNA_3_SG_1091_f69ab709","12_C6_CviMVP_PlDNA_3_SG_1091_f69ab709_Dermo",2,NA,"Inconclusive",TRUE,0,0
12,"C05","FAM","Unkn-11",NA,0,0,"Dermo","C7_CviMVP_PlDNA_3_SG_1089_171c56fe","CviMVP_10411","GalBay_TX_2022-6-2",22,"C7_CviMVP_PlDNA_3_SG_1089_171c56fe","12_C7_CviMVP_PlDNA_3_SG_1089_171c56fe_Dermo",1,NA,"Negative",FALSE,0,0
12,"C06","FAM","Unkn-11",NA,0,0,"Dermo","C7_CviMVP_PlDNA_3_SG_1089_171c56fe","CviMVP_10411","GalBay_TX_2022-6-2",22,"C7_CviMVP_PlDNA_3_SG_1089_171c56fe","12_C7_CviMVP_PlDNA_3_SG_1089_171c56fe_Dermo",2,NA,"Negative",FALSE,0,0
12,"C07","FAM","Unkn-19",22.21,22.17,6e-05,"Dermo","C8_CviMVP_PlDNA_3_SG_1257_2d61b6c8","CviMVP_10849","CC_VA_2022-7-11",18,"C8_CviMVP_PlDNA_3_SG_1257_2d61b6c8","12_C8_CviMVP_PlDNA_3_SG_1257_2d61b6c8_Dermo",1,0.0899999999999999,"Positive",FALSE,23244.92,3
12,"C08","FAM","Unkn-19",22.12,22.17,6e-05,"Dermo","C8_CviMVP_PlDNA_3_SG_1257_2d61b6c8","CviMVP_10849","CC_VA_2022-7-11",18,"C8_CviMVP_PlDNA_3_SG_1257_2d61b6c8","12_C8_CviMVP_PlDNA_3_SG_1257_2d61b6c8_Dermo",2,0.0899999999999999,"Positive",FALSE,23244.92,3
12,"C11","FAM","Unkn-34",36.39,35.86,0,"Dermo","B10_CviMVP_PlDNA_3_SG_1410_f5b0a7bd","CviMVP_11288","GriceCove_SC_2022-8-10",20,"B10_CviMVP_PlDNA_3_SG_1410_f5b0a7bd","12_B10_CviMVP_PlDNA_3_SG_1410_f5b0a7bd_Dermo",1,1.06,"Positive",FALSE,0,0
12,"C12","FAM","Unkn-34",35.33,35.86,0,"Dermo","B10_CviMVP_PlDNA_3_SG_1410_f5b0a7bd","CviMVP_11288","GriceCove_SC_2022-8-10",20,"B10_CviMVP_PlDNA_3_SG_1410_f5b0a7bd","12_B10_CviMVP_PlDNA_3_SG_1410_f5b0a7bd_Dermo",2,1.06,"Positive",FALSE,0,0
12,"D03","FAM","Unkn-04",26.02,25.88,1e-05,"Dermo","D6_CviMVP_PlDNA_3_SG_1156_42f64b98","CviMVP_10572","SkR_GA_2022-6-14",22,"D6_CviMVP_PlDNA_3_SG_1156_42f64b98","12_D6_CviMVP_PlDNA_3_SG_1156_42f64b98_Dermo",1,0.289999999999999,"Positive",FALSE,3169.76181818182,2
12,"D04","FAM","Unkn-04",25.73,25.88,1e-05,"Dermo","D6_CviMVP_PlDNA_3_SG_1156_42f64b98","CviMVP_10572","SkR_GA_2022-6-14",22,"D6_CviMVP_PlDNA_3_SG_1156_42f64b98","12_D6_CviMVP_PlDNA_3_SG_1156_42f64b98_Dermo",2,0.289999999999999,"Positive",FALSE,3169.76181818182,2
12,"D05","FAM","Unkn-12",25.39,25.45,1e-05,"Dermo","D7_CviMVP_PlDNA_3_SG.sharedLotterhosPuritz_1738_63fe4ba4","CviMVP_12247","WS_CB_VA_2022-10-7",22,"D7_CviMVP_PlDNA_3_SG.sharedLotterhosPuritz_1738_63fe4ba4","12_D7_CviMVP_PlDNA_3_SG.sharedLotterhosPuritz_1738_63fe4ba4_Dermo",1,0.120000000000001,"Positive",FALSE,3169.76181818182,2
12,"D06","FAM","Unkn-12",25.51,25.45,1e-05,"Dermo","D7_CviMVP_PlDNA_3_SG.sharedLotterhosPuritz_1738_63fe4ba4","CviMVP_12247","WS_CB_VA_2022-10-7",22,"D7_CviMVP_PlDNA_3_SG.sharedLotterhosPuritz_1738_63fe4ba4","12_D7_CviMVP_PlDNA_3_SG.sharedLotterhosPuritz_1738_63fe4ba4_Dermo",2,0.120000000000001,"Positive",FALSE,3169.76181818182,2
12,"D07","FAM","Unkn-20",39.84,39.84,0,"Dermo","D8_CviMVP_PlDNA_3_SG_1187_d1d068e1","CviMVP_10649","Culch_Ba_LA_2022-6-21",20,"D8_CviMVP_PlDNA_3_SG_1187_d1d068e1","12_D8_CviMVP_PlDNA_3_SG_1187_d1d068e1_Dermo",1,NA,"Inconclusive",TRUE,0,0
12,"D08","FAM","Unkn-20",NA,0,0,"Dermo","D8_CviMVP_PlDNA_3_SG_1187_d1d068e1","CviMVP_10649","Culch_Ba_LA_2022-6-21",20,"D8_CviMVP_PlDNA_3_SG_1187_d1d068e1","12_D8_CviMVP_PlDNA_3_SG_1187_d1d068e1_Dermo",2,NA,"Inconclusive",TRUE,0,0
12,"D09","FAM","Unkn-28",NA,0,0,"Dermo","D9_CviMVP_PlDNA_3_SG_1649_66175ee3","CviMVP_11987","SaltBay_Canada_2022-9-27",20,"D9_CviMVP_PlDNA_3_SG_1649_66175ee3","12_D9_CviMVP_PlDNA_3_SG_1649_66175ee3_Dermo",1,NA,"Negative",FALSE,0,0
12,"D10","FAM","Unkn-28",NA,0,0,"Dermo","D9_CviMVP_PlDNA_3_SG_1649_66175ee3","CviMVP_11987","SaltBay_Canada_2022-9-27",20,"D9_CviMVP_PlDNA_3_SG_1649_66175ee3","12_D9_CviMVP_PlDNA_3_SG_1649_66175ee3_Dermo",2,NA,"Negative",FALSE,0,0
12,"E03","FAM","Unkn-05",NA,0,0,"Dermo","F6_CviMVP_PlDNA_3_SG_1544_361c6090","CviMVP_11680","CPR_MS_AL_2022-8-24",18,"F6_CviMVP_PlDNA_3_SG_1544_361c6090","12_F6_CviMVP_PlDNA_3_SG_1544_361c6090_Dermo",1,NA,"Inconclusive",TRUE,0,0
12,"E04","FAM","Unkn-05",38.3,38.3,0,"Dermo","F6_CviMVP_PlDNA_3_SG_1544_361c6090","CviMVP_11680","CPR_MS_AL_2022-8-24",18,"F6_CviMVP_PlDNA_3_SG_1544_361c6090","12_F6_CviMVP_PlDNA_3_SG_1544_361c6090_Dermo",2,NA,"Inconclusive",TRUE,0,0
12,"E05","FAM","Unkn-13",NA,0,0,"Dermo","E7_CviMVP_PlDNA_3_SG_1821_7af88346","CviMVP_12494","PrEdIs_CN_A_2022-10-18",22,"E7_CviMVP_PlDNA_3_SG_1821_7af88346","12_E7_CviMVP_PlDNA_3_SG_1821_7af88346_Dermo",1,NA,"Negative",FALSE,0,0
12,"E06","FAM","Unkn-13",NA,0,0,"Dermo","E7_CviMVP_PlDNA_3_SG_1821_7af88346","CviMVP_12494","PrEdIs_CN_A_2022-10-18",22,"E7_CviMVP_PlDNA_3_SG_1821_7af88346","12_E7_CviMVP_PlDNA_3_SG_1821_7af88346_Dermo",2,NA,"Negative",FALSE,0,0
12,"E07","FAM","Unkn-21",NA,0,0,"Dermo","E8_CviMVP_PlDNA_3_SG_1818_5a48bf6b","CviMVP_12485","PrEdIs_CN_A_2022-10-18",19,"E8_CviMVP_PlDNA_3_SG_1818_5a48bf6b","12_E8_CviMVP_PlDNA_3_SG_1818_5a48bf6b_Dermo",1,NA,"Negative",FALSE,0,0
12,"E08","FAM","Unkn-21",NA,0,0,"Dermo","E8_CviMVP_PlDNA_3_SG_1818_5a48bf6b","CviMVP_12485","PrEdIs_CN_A_2022-10-18",19,"E8_CviMVP_PlDNA_3_SG_1818_5a48bf6b","12_E8_CviMVP_PlDNA_3_SG_1818_5a48bf6b_Dermo",2,NA,"Negative",FALSE,0,0
12,"E09","FAM","Unkn-29",NA,0,0,"Dermo","E9_CviMVP_PlDNA_3_SG_1026_d9b276d4","CviMVP_10060","LakeFortuna_LA_2022-5-11",20,"E9_CviMVP_PlDNA_3_SG_1026_d9b276d4","12_E9_CviMVP_PlDNA_3_SG_1026_d9b276d4_Dermo",1,NA,"Negative",FALSE,0,0
12,"E10","FAM","Unkn-29",NA,0,0,"Dermo","E9_CviMVP_PlDNA_3_SG_1026_d9b276d4","CviMVP_10060","LakeFortuna_LA_2022-5-11",20,"E9_CviMVP_PlDNA_3_SG_1026_d9b276d4","12_E9_CviMVP_PlDNA_3_SG_1026_d9b276d4_Dermo",2,NA,"Negative",FALSE,0,0
12,"E11","FAM","Unkn-36",25.22,25.1,1e-05,"Dermo","D10_CviMVP_PlDNA_3_SG_1201_90dd9abc","CviMVP_10690","TP_TX_2022-6-28",22,"D10_CviMVP_PlDNA_3_SG_1201_90dd9abc","12_D10_CviMVP_PlDNA_3_SG_1201_90dd9abc_Dermo",1,0.23,"Positive",FALSE,3169.76181818182,2
12,"E12","FAM","Unkn-36",24.99,25.1,1e-05,"Dermo","D10_CviMVP_PlDNA_3_SG_1201_90dd9abc","CviMVP_10690","TP_TX_2022-6-28",22,"D10_CviMVP_PlDNA_3_SG_1201_90dd9abc","12_D10_CviMVP_PlDNA_3_SG_1201_90dd9abc_Dermo",2,0.23,"Positive",FALSE,3169.76181818182,2
12,"F03","FAM","Unkn-06",37.97,38.41,0,"Dermo","G6_CviMVP_PlDNA_3_SG_1128_2985a17f","CviMVP_10502","FP_Sav_GA_2022-6-10",19,"G6_CviMVP_PlDNA_3_SG_1128_2985a17f","12_G6_CviMVP_PlDNA_3_SG_1128_2985a17f_Dermo",1,0.880000000000003,"Positive",FALSE,0,0
12,"F04","FAM","Unkn-06",38.85,38.41,0,"Dermo","G6_CviMVP_PlDNA_3_SG_1128_2985a17f","CviMVP_10502","FP_Sav_GA_2022-6-10",19,"G6_CviMVP_PlDNA_3_SG_1128_2985a17f","12_G6_CviMVP_PlDNA_3_SG_1128_2985a17f_Dermo",2,0.880000000000003,"Positive",FALSE,0,0
12,"F05","FAM","Unkn-14",NA,0,0,"Dermo","F7_CviMVP_PlDNA_3_SG_1353_99c23436","CviMVP_11127","Nickle_Rf_LA_2022-8-1",21,"F7_CviMVP_PlDNA_3_SG_1353_99c23436","12_F7_CviMVP_PlDNA_3_SG_1353_99c23436_Dermo",1,NA,"Negative",FALSE,0,0
12,"F06","FAM","Unkn-14",NA,0,0,"Dermo","F7_CviMVP_PlDNA_3_SG_1353_99c23436","CviMVP_11127","Nickle_Rf_LA_2022-8-1",21,"F7_CviMVP_PlDNA_3_SG_1353_99c23436","12_F7_CviMVP_PlDNA_3_SG_1353_99c23436_Dermo",2,NA,"Negative",FALSE,0,0
12,"F07","FAM","Unkn-22",NA,0,0,"Dermo","F8_CviMVP_PlDNA_3_SG_1362_e986275b","CviMVP_11154","Nickle_Rf_LA_2022-8-1",22,"F8_CviMVP_PlDNA_3_SG_1362_e986275b","12_F8_CviMVP_PlDNA_3_SG_1362_e986275b_Dermo",1,NA,"Negative",FALSE,0,0
12,"F08","FAM","Unkn-22",NA,0,0,"Dermo","F8_CviMVP_PlDNA_3_SG_1362_e986275b","CviMVP_11154","Nickle_Rf_LA_2022-8-1",22,"F8_CviMVP_PlDNA_3_SG_1362_e986275b","12_F8_CviMVP_PlDNA_3_SG_1362_e986275b_Dermo",2,NA,"Negative",FALSE,0,0
12,"F09","FAM","Unkn-30",38.24,38.24,0,"Dermo","F9_CviMVP_PlDNA_3_SG.sharedLotterhosPuritz_1498_82354aba","CviMVP_11543","NR_NB_RI_2022-8-19",22,"F9_CviMVP_PlDNA_3_SG.sharedLotterhosPuritz_1498_82354aba","12_F9_CviMVP_PlDNA_3_SG.sharedLotterhosPuritz_1498_82354aba_Dermo",1,NA,"Inconclusive",TRUE,0,0
12,"F10","FAM","Unkn-30",NA,0,0,"Dermo","F9_CviMVP_PlDNA_3_SG.sharedLotterhosPuritz_1498_82354aba","CviMVP_11543","NR_NB_RI_2022-8-19",22,"F9_CviMVP_PlDNA_3_SG.sharedLotterhosPuritz_1498_82354aba","12_F9_CviMVP_PlDNA_3_SG.sharedLotterhosPuritz_1498_82354aba_Dermo",2,NA,"Inconclusive",TRUE,0,0
12,"F11","FAM","Unkn-37",38.34,38.34,0,"Dermo","E10_CviMVP_PlDNA_3_SG.sharedLotterhosPuritz_3055_e8238a80","CviMVP_30162","HC_DB_NJ_2022-9-23",20,"E10_CviMVP_PlDNA_3_SG.sharedLotterhosPuritz_3055_e8238a80","12_E10_CviMVP_PlDNA_3_SG.sharedLotterhosPuritz_3055_e8238a80_Dermo",1,NA,"Inconclusive",TRUE,0,0
12,"F12","FAM","Unkn-37",NA,0,0,"Dermo","E10_CviMVP_PlDNA_3_SG.sharedLotterhosPuritz_3055_e8238a80","CviMVP_30162","HC_DB_NJ_2022-9-23",20,"E10_CviMVP_PlDNA_3_SG.sharedLotterhosPuritz_3055_e8238a80","12_E10_CviMVP_PlDNA_3_SG.sharedLotterhosPuritz_3055_e8238a80_Dermo",2,NA,"Inconclusive",TRUE,0,0
12,"G03","FAM","Unkn-07",NA,0,0,"Dermo","H6_CviMVP_PlDNA_3_SG_1922_42af2f75","CviMVP_12785","Orrs_Cove_ME_2022-10-31",21,"H6_CviMVP_PlDNA_3_SG_1922_42af2f75","12_H6_CviMVP_PlDNA_3_SG_1922_42af2f75_Dermo",1,NA,"Negative",FALSE,0,0
12,"G04","FAM","Unkn-07",NA,0,0,"Dermo","H6_CviMVP_PlDNA_3_SG_1922_42af2f75","CviMVP_12785","Orrs_Cove_ME_2022-10-31",21,"H6_CviMVP_PlDNA_3_SG_1922_42af2f75","12_H6_CviMVP_PlDNA_3_SG_1922_42af2f75_Dermo",2,NA,"Negative",FALSE,0,0
12,"G05","FAM","Unkn-15",28.52,28.48,0,"Dermo","G7_CviMVP_PlDNA_3_SG_1690_7193fce4","CviMVP_12106","SaLa_GA_2022-10-5",21,"G7_CviMVP_PlDNA_3_SG_1690_7193fce4","12_G7_CviMVP_PlDNA_3_SG_1690_7193fce4_Dermo",1,0.0799999999999983,"Positive",FALSE,0,0
12,"G06","FAM","Unkn-15",28.44,28.48,0,"Dermo","G7_CviMVP_PlDNA_3_SG_1690_7193fce4","CviMVP_12106","SaLa_GA_2022-10-5",21,"G7_CviMVP_PlDNA_3_SG_1690_7193fce4","12_G7_CviMVP_PlDNA_3_SG_1690_7193fce4_Dermo",2,0.0799999999999983,"Positive",FALSE,0,0
12,"G07","FAM","Unkn-23",26.71,26.78,0,"Dermo","G8_CviMVP_PlDNA_3_SG.sharedLotterhosPuritz_1731_ec34a354","CviMVP_12226","WS_CB_VA_2022-10-7",22,"G8_CviMVP_PlDNA_3_SG.sharedLotterhosPuritz_1731_ec34a354","12_G8_CviMVP_PlDNA_3_SG.sharedLotterhosPuritz_1731_ec34a354_Dermo",1,0.149999999999999,"Positive",FALSE,0,0
12,"G08","FAM","Unkn-23",26.86,26.78,0,"Dermo","G8_CviMVP_PlDNA_3_SG.sharedLotterhosPuritz_1731_ec34a354","CviMVP_12226","WS_CB_VA_2022-10-7",22,"G8_CviMVP_PlDNA_3_SG.sharedLotterhosPuritz_1731_ec34a354","12_G8_CviMVP_PlDNA_3_SG.sharedLotterhosPuritz_1731_ec34a354_Dermo",2,0.149999999999999,"Positive",FALSE,0,0
12,"G09","FAM","Unkn-31",NA,0,0,"Dermo","G9_CviMVP_PlDNA_3_SG_1900_613a738d","CviMVP_12721","Orrs_Cove_ME_2022-10-31",22,"G9_CviMVP_PlDNA_3_SG_1900_613a738d","12_G9_CviMVP_PlDNA_3_SG_1900_613a738d_Dermo",1,NA,"Inconclusive",TRUE,0,0
12,"G10","FAM","Unkn-31",36.66,36.66,0,"Dermo","G9_CviMVP_PlDNA_3_SG_1900_613a738d","CviMVP_12721","Orrs_Cove_ME_2022-10-31",22,"G9_CviMVP_PlDNA_3_SG_1900_613a738d","12_G9_CviMVP_PlDNA_3_SG_1900_613a738d_Dermo",2,NA,"Inconclusive",TRUE,0,0
12,"H03","FAM","Unkn-08",26.08,26.08,1e-05,"Dermo","E11_CviMVP_PlDNA_3_SG_1319_f6abf4f5","CviMVP_11027","Mer_GA_2022-7-26",20,"E11_CviMVP_PlDNA_3_SG_1319_f6abf4f5","12_E11_CviMVP_PlDNA_3_SG_1319_f6abf4f5_Dermo",1,0,"Positive",FALSE,3486.738,2
12,"H04","FAM","Unkn-08",26.08,26.08,1e-05,"Dermo","E11_CviMVP_PlDNA_3_SG_1319_f6abf4f5","CviMVP_11027","Mer_GA_2022-7-26",20,"E11_CviMVP_PlDNA_3_SG_1319_f6abf4f5","12_E11_CviMVP_PlDNA_3_SG_1319_f6abf4f5_Dermo",2,0,"Positive",FALSE,3486.738,2
12,"H05","FAM","Unkn-16",NA,0,0,"Dermo","H7_CviMVP_PlDNA_3_SG_1895_7630aa9e","CviMVP_12707","DC_DR_ME_2022-10-25",22,"H7_CviMVP_PlDNA_3_SG_1895_7630aa9e","12_H7_CviMVP_PlDNA_3_SG_1895_7630aa9e_Dermo",1,NA,"Negative",FALSE,0,0
12,"H06","FAM","Unkn-16",NA,0,0,"Dermo","H7_CviMVP_PlDNA_3_SG_1895_7630aa9e","CviMVP_12707","DC_DR_ME_2022-10-25",22,"H7_CviMVP_PlDNA_3_SG_1895_7630aa9e","12_H7_CviMVP_PlDNA_3_SG_1895_7630aa9e_Dermo",2,NA,"Negative",FALSE,0,0
12,"H07","FAM","Unkn-24",29.06,29.13,0,"Dermo","H8_CviMVP_PlDNA_3_SG.sharedLotterhosPuritz_1511_e7286bb7","CviMVP_11582","DC_NB_RI_2022-8-19",22,"H8_CviMVP_PlDNA_3_SG.sharedLotterhosPuritz_1511_e7286bb7","12_H8_CviMVP_PlDNA_3_SG.sharedLotterhosPuritz_1511_e7286bb7_Dermo",1,0.140000000000001,"Positive",FALSE,0,0
12,"H08","FAM","Unkn-24",29.2,29.13,0,"Dermo","H8_CviMVP_PlDNA_3_SG.sharedLotterhosPuritz_1511_e7286bb7","CviMVP_11582","DC_NB_RI_2022-8-19",22,"H8_CviMVP_PlDNA_3_SG.sharedLotterhosPuritz_1511_e7286bb7","12_H8_CviMVP_PlDNA_3_SG.sharedLotterhosPuritz_1511_e7286bb7_Dermo",2,0.140000000000001,"Positive",FALSE,0,0
12,"H09","FAM","Unkn-32",NA,0,0,"Dermo","H9_CviMVP_PlDNA_3_SG_1636_e34f2d48","CviMVP_11948","SaltBay_Canada_2022-9-27",22,"H9_CviMVP_PlDNA_3_SG_1636_e34f2d48","12_H9_CviMVP_PlDNA_3_SG_1636_e34f2d48_Dermo",1,NA,"Negative",FALSE,0,0
12,"H10","FAM","Unkn-32",NA,0,0,"Dermo","H9_CviMVP_PlDNA_3_SG_1636_e34f2d48","CviMVP_11948","SaltBay_Canada_2022-9-27",22,"H9_CviMVP_PlDNA_3_SG_1636_e34f2d48","12_H9_CviMVP_PlDNA_3_SG_1636_e34f2d48_Dermo",2,NA,"Negative",FALSE,0,0
12,"A03","HEX","Unkn-01",NA,0,0,"MSX","A6_CviMVP_PlDNA_3_SG.sharedLotterhosPuritz_3007_8a86f2f3","CviMVP_30021","CS_DB_NJ_2022-9-21",19,"A6_CviMVP_PlDNA_3_SG.sharedLotterhosPuritz_3007_8a86f2f3","12_A6_CviMVP_PlDNA_3_SG.sharedLotterhosPuritz_3007_8a86f2f3_MSX",1,NA,"Negative",FALSE,0,0
12,"A04","HEX","Unkn-01",NA,0,0,"MSX","A6_CviMVP_PlDNA_3_SG.sharedLotterhosPuritz_3007_8a86f2f3","CviMVP_30021","CS_DB_NJ_2022-9-21",19,"A6_CviMVP_PlDNA_3_SG.sharedLotterhosPuritz_3007_8a86f2f3","12_A6_CviMVP_PlDNA_3_SG.sharedLotterhosPuritz_3007_8a86f2f3_MSX",2,NA,"Negative",FALSE,0,0
12,"A05","HEX","Unkn-09",NA,0,0,"MSX","A7_CviMVP_PlDNA_3_SG.sharedLotterhosPuritz_1769_28e6bcda","CviMVP_12339","DWS_CB_VA_2022-10-7",20,"A7_CviMVP_PlDNA_3_SG.sharedLotterhosPuritz_1769_28e6bcda","12_A7_CviMVP_PlDNA_3_SG.sharedLotterhosPuritz_1769_28e6bcda_MSX",1,NA,"Negative",FALSE,0,0
12,"A06","HEX","Unkn-09",NA,0,0,"MSX","A7_CviMVP_PlDNA_3_SG.sharedLotterhosPuritz_1769_28e6bcda","CviMVP_12339","DWS_CB_VA_2022-10-7",20,"A7_CviMVP_PlDNA_3_SG.sharedLotterhosPuritz_1769_28e6bcda","12_A7_CviMVP_PlDNA_3_SG.sharedLotterhosPuritz_1769_28e6bcda_MSX",2,NA,"Negative",FALSE,0,0
12,"A07","HEX","Unkn-17",NA,0,0,"MSX","A8_CviMVP_PlDNA_3_SG_1234_3dfd6aa1","CviMVP_10784","CC_VA_2022-7-11",20,"A8_CviMVP_PlDNA_3_SG_1234_3dfd6aa1","12_A8_CviMVP_PlDNA_3_SG_1234_3dfd6aa1_MSX",1,NA,"Inconclusive",TRUE,0,0
12,"A08","HEX","Unkn-17",36.12,36.12,0,"MSX","A8_CviMVP_PlDNA_3_SG_1234_3dfd6aa1","CviMVP_10784","CC_VA_2022-7-11",20,"A8_CviMVP_PlDNA_3_SG_1234_3dfd6aa1","12_A8_CviMVP_PlDNA_3_SG_1234_3dfd6aa1_MSX",2,NA,"Inconclusive",TRUE,0,0
12,"A09","HEX","Unkn-25",31.73,32.23,0,"MSX","A9_CviMVP_PlDNA_3_SG_1159_a3a06726","CviMVP_10579","SkR_GA_2022-6-14",20,"A9_CviMVP_PlDNA_3_SG_1159_a3a06726","12_A9_CviMVP_PlDNA_3_SG_1159_a3a06726_MSX",1,1.01,"Positive",FALSE,0,0
12,"A10","HEX","Unkn-25",32.74,32.23,0,"MSX","A9_CviMVP_PlDNA_3_SG_1159_a3a06726","CviMVP_10579","SkR_GA_2022-6-14",20,"A9_CviMVP_PlDNA_3_SG_1159_a3a06726","12_A9_CviMVP_PlDNA_3_SG_1159_a3a06726_MSX",2,1.01,"Positive",FALSE,0,0
12,"B03","HEX","Unkn-02",NA,0,0,"MSX","B6_CviMVP_PlDNA_3_SG_1893_3d719166","CviMVP_12701","DC_DR_ME_2022-10-25",21,"B6_CviMVP_PlDNA_3_SG_1893_3d719166","12_B6_CviMVP_PlDNA_3_SG_1893_3d719166_MSX",1,NA,"Inconclusive",TRUE,0,0
12,"B04","HEX","Unkn-02",37.39,37.39,0,"MSX","B6_CviMVP_PlDNA_3_SG_1893_3d719166","CviMVP_12701","DC_DR_ME_2022-10-25",21,"B6_CviMVP_PlDNA_3_SG_1893_3d719166","12_B6_CviMVP_PlDNA_3_SG_1893_3d719166_MSX",2,NA,"Inconclusive",TRUE,0,0
12,"B05","HEX","Unkn-10",35.38,35.38,0,"MSX","B7_CviMVP_PlDNA_3_SG_1092_7cb45c20","CviMVP_10417","GalBay_TX_2022-6-2",22,"B7_CviMVP_PlDNA_3_SG_1092_7cb45c20","12_B7_CviMVP_PlDNA_3_SG_1092_7cb45c20_MSX",1,NA,"Inconclusive",TRUE,0,0
12,"B06","HEX","Unkn-10",NA,0,0,"MSX","B7_CviMVP_PlDNA_3_SG_1092_7cb45c20","CviMVP_10417","GalBay_TX_2022-6-2",22,"B7_CviMVP_PlDNA_3_SG_1092_7cb45c20","12_B7_CviMVP_PlDNA_3_SG_1092_7cb45c20_MSX",2,NA,"Inconclusive",TRUE,0,0
12,"B07","HEX","Unkn-18",NA,0,0,"MSX","B8_CviMVP_PlDNA_3_SG.sharedLotterhosPuritz_1536_2cb8b409","CviMVP_11656","DC_NB_RI_2022-8-19",20,"B8_CviMVP_PlDNA_3_SG.sharedLotterhosPuritz_1536_2cb8b409","12_B8_CviMVP_PlDNA_3_SG.sharedLotterhosPuritz_1536_2cb8b409_MSX",1,NA,"Negative",FALSE,0,0
12,"B08","HEX","Unkn-18",NA,0,0,"MSX","B8_CviMVP_PlDNA_3_SG.sharedLotterhosPuritz_1536_2cb8b409","CviMVP_11656","DC_NB_RI_2022-8-19",20,"B8_CviMVP_PlDNA_3_SG.sharedLotterhosPuritz_1536_2cb8b409","12_B8_CviMVP_PlDNA_3_SG.sharedLotterhosPuritz_1536_2cb8b409_MSX",2,NA,"Negative",FALSE,0,0
12,"B11","HEX","Unkn-33",37.02,37.75,0,"MSX","A10_CviMVP_PlDNA_3_SG_1015_9b0b22ae","CviMVP_10018","LakeFortuna_LA_2022-5-11",20,"A10_CviMVP_PlDNA_3_SG_1015_9b0b22ae","12_A10_CviMVP_PlDNA_3_SG_1015_9b0b22ae_MSX",1,1.45999999999999,"Positive",FALSE,0,0
12,"B12","HEX","Unkn-33",38.48,37.75,0,"MSX","A10_CviMVP_PlDNA_3_SG_1015_9b0b22ae","CviMVP_10018","LakeFortuna_LA_2022-5-11",20,"A10_CviMVP_PlDNA_3_SG_1015_9b0b22ae","12_A10_CviMVP_PlDNA_3_SG_1015_9b0b22ae_MSX",2,1.45999999999999,"Positive",FALSE,0,0
12,"C03","HEX","Unkn-03",NA,0,0,"MSX","C6_CviMVP_PlDNA_3_SG_1091_f69ab709","CviMVP_10408","GalBay_TX_2022-6-2",22,"C6_CviMVP_PlDNA_3_SG_1091_f69ab709","12_C6_CviMVP_PlDNA_3_SG_1091_f69ab709_MSX",1,NA,"Negative",FALSE,0,0
12,"C04","HEX","Unkn-03",NA,0,0,"MSX","C6_CviMVP_PlDNA_3_SG_1091_f69ab709","CviMVP_10408","GalBay_TX_2022-6-2",22,"C6_CviMVP_PlDNA_3_SG_1091_f69ab709","12_C6_CviMVP_PlDNA_3_SG_1091_f69ab709_MSX",2,NA,"Negative",FALSE,0,0
12,"C05","HEX","Unkn-11",NA,0,0,"MSX","C7_CviMVP_PlDNA_3_SG_1089_171c56fe","CviMVP_10411","GalBay_TX_2022-6-2",22,"C7_CviMVP_PlDNA_3_SG_1089_171c56fe","12_C7_CviMVP_PlDNA_3_SG_1089_171c56fe_MSX",1,NA,"Negative",FALSE,0,0
12,"C06","HEX","Unkn-11",NA,0,0,"MSX","C7_CviMVP_PlDNA_3_SG_1089_171c56fe","CviMVP_10411","GalBay_TX_2022-6-2",22,"C7_CviMVP_PlDNA_3_SG_1089_171c56fe","12_C7_CviMVP_PlDNA_3_SG_1089_171c56fe_MSX",2,NA,"Negative",FALSE,0,0
12,"C07","HEX","Unkn-19",NA,0,0,"MSX","C8_CviMVP_PlDNA_3_SG_1257_2d61b6c8","CviMVP_10849","CC_VA_2022-7-11",18,"C8_CviMVP_PlDNA_3_SG_1257_2d61b6c8","12_C8_CviMVP_PlDNA_3_SG_1257_2d61b6c8_MSX",1,NA,"Negative",FALSE,0,0
12,"C08","HEX","Unkn-19",NA,0,0,"MSX","C8_CviMVP_PlDNA_3_SG_1257_2d61b6c8","CviMVP_10849","CC_VA_2022-7-11",18,"C8_CviMVP_PlDNA_3_SG_1257_2d61b6c8","12_C8_CviMVP_PlDNA_3_SG_1257_2d61b6c8_MSX",2,NA,"Negative",FALSE,0,0
12,"C11","HEX","Unkn-34",38.3,37.19,0,"MSX","B10_CviMVP_PlDNA_3_SG_1410_f5b0a7bd","CviMVP_11288","GriceCove_SC_2022-8-10",20,"B10_CviMVP_PlDNA_3_SG_1410_f5b0a7bd","12_B10_CviMVP_PlDNA_3_SG_1410_f5b0a7bd_MSX",1,2.22,"Inconclusive",TRUE,0,0
12,"C12","HEX","Unkn-34",36.08,37.19,0,"MSX","B10_CviMVP_PlDNA_3_SG_1410_f5b0a7bd","CviMVP_11288","GriceCove_SC_2022-8-10",20,"B10_CviMVP_PlDNA_3_SG_1410_f5b0a7bd","12_B10_CviMVP_PlDNA_3_SG_1410_f5b0a7bd_MSX",2,2.22,"Inconclusive",TRUE,0,0
12,"D03","HEX","Unkn-04",35.05,35.28,0,"MSX","D6_CviMVP_PlDNA_3_SG_1156_42f64b98","CviMVP_10572","SkR_GA_2022-6-14",22,"D6_CviMVP_PlDNA_3_SG_1156_42f64b98","12_D6_CviMVP_PlDNA_3_SG_1156_42f64b98_MSX",1,0.470000000000006,"Positive",FALSE,0,0
12,"D04","HEX","Unkn-04",35.52,35.28,0,"MSX","D6_CviMVP_PlDNA_3_SG_1156_42f64b98","CviMVP_10572","SkR_GA_2022-6-14",22,"D6_CviMVP_PlDNA_3_SG_1156_42f64b98","12_D6_CviMVP_PlDNA_3_SG_1156_42f64b98_MSX",2,0.470000000000006,"Positive",FALSE,0,0
12,"D05","HEX","Unkn-12",NA,0,0,"MSX","D7_CviMVP_PlDNA_3_SG.sharedLotterhosPuritz_1738_63fe4ba4","CviMVP_12247","WS_CB_VA_2022-10-7",22,"D7_CviMVP_PlDNA_3_SG.sharedLotterhosPuritz_1738_63fe4ba4","12_D7_CviMVP_PlDNA_3_SG.sharedLotterhosPuritz_1738_63fe4ba4_MSX",1,NA,"Inconclusive",TRUE,0,0
12,"D06","HEX","Unkn-12",35.63,35.63,0,"MSX","D7_CviMVP_PlDNA_3_SG.sharedLotterhosPuritz_1738_63fe4ba4","CviMVP_12247","WS_CB_VA_2022-10-7",22,"D7_CviMVP_PlDNA_3_SG.sharedLotterhosPuritz_1738_63fe4ba4","12_D7_CviMVP_PlDNA_3_SG.sharedLotterhosPuritz_1738_63fe4ba4_MSX",2,NA,"Inconclusive",TRUE,0,0
12,"D07","HEX","Unkn-20",35.41,35.79,0,"MSX","D8_CviMVP_PlDNA_3_SG_1187_d1d068e1","CviMVP_10649","Culch_Ba_LA_2022-6-21",20,"D8_CviMVP_PlDNA_3_SG_1187_d1d068e1","12_D8_CviMVP_PlDNA_3_SG_1187_d1d068e1_MSX",1,0.770000000000003,"Positive",FALSE,0,0
12,"D08","HEX","Unkn-20",36.18,35.79,0,"MSX","D8_CviMVP_PlDNA_3_SG_1187_d1d068e1","CviMVP_10649","Culch_Ba_LA_2022-6-21",20,"D8_CviMVP_PlDNA_3_SG_1187_d1d068e1","12_D8_CviMVP_PlDNA_3_SG_1187_d1d068e1_MSX",2,0.770000000000003,"Positive",FALSE,0,0
12,"D09","HEX","Unkn-28",38.29,38.29,0,"MSX","D9_CviMVP_PlDNA_3_SG_1649_66175ee3","CviMVP_11987","SaltBay_Canada_2022-9-27",20,"D9_CviMVP_PlDNA_3_SG_1649_66175ee3","12_D9_CviMVP_PlDNA_3_SG_1649_66175ee3_MSX",1,NA,"Inconclusive",TRUE,0,0
12,"D10","HEX","Unkn-28",NA,0,0,"MSX","D9_CviMVP_PlDNA_3_SG_1649_66175ee3","CviMVP_11987","SaltBay_Canada_2022-9-27",20,"D9_CviMVP_PlDNA_3_SG_1649_66175ee3","12_D9_CviMVP_PlDNA_3_SG_1649_66175ee3_MSX",2,NA,"Inconclusive",TRUE,0,0
12,"E03","HEX","Unkn-05",NA,0,0,"MSX","F6_CviMVP_PlDNA_3_SG_1544_361c6090","CviMVP_11680","CPR_MS_AL_2022-8-24",18,"F6_CviMVP_PlDNA_3_SG_1544_361c6090","12_F6_CviMVP_PlDNA_3_SG_1544_361c6090_MSX",1,NA,"Negative",FALSE,0,0
12,"E04","HEX","Unkn-05",NA,0,0,"MSX","F6_CviMVP_PlDNA_3_SG_1544_361c6090","CviMVP_11680","CPR_MS_AL_2022-8-24",18,"F6_CviMVP_PlDNA_3_SG_1544_361c6090","12_F6_CviMVP_PlDNA_3_SG_1544_361c6090_MSX",2,NA,"Negative",FALSE,0,0
12,"E05","HEX","Unkn-13",NA,0,0,"MSX","E7_CviMVP_PlDNA_3_SG_1821_7af88346","CviMVP_12494","PrEdIs_CN_A_2022-10-18",22,"E7_CviMVP_PlDNA_3_SG_1821_7af88346","12_E7_CviMVP_PlDNA_3_SG_1821_7af88346_MSX",1,NA,"Negative",FALSE,0,0
12,"E06","HEX","Unkn-13",NA,0,0,"MSX","E7_CviMVP_PlDNA_3_SG_1821_7af88346","CviMVP_12494","PrEdIs_CN_A_2022-10-18",22,"E7_CviMVP_PlDNA_3_SG_1821_7af88346","12_E7_CviMVP_PlDNA_3_SG_1821_7af88346_MSX",2,NA,"Negative",FALSE,0,0
12,"E07","HEX","Unkn-21",NA,0,0,"MSX","E8_CviMVP_PlDNA_3_SG_1818_5a48bf6b","CviMVP_12485","PrEdIs_CN_A_2022-10-18",19,"E8_CviMVP_PlDNA_3_SG_1818_5a48bf6b","12_E8_CviMVP_PlDNA_3_SG_1818_5a48bf6b_MSX",1,NA,"Negative",FALSE,0,0
12,"E08","HEX","Unkn-21",NA,0,0,"MSX","E8_CviMVP_PlDNA_3_SG_1818_5a48bf6b","CviMVP_12485","PrEdIs_CN_A_2022-10-18",19,"E8_CviMVP_PlDNA_3_SG_1818_5a48bf6b","12_E8_CviMVP_PlDNA_3_SG_1818_5a48bf6b_MSX",2,NA,"Negative",FALSE,0,0
12,"E09","HEX","Unkn-29",NA,0,0,"MSX","E9_CviMVP_PlDNA_3_SG_1026_d9b276d4","CviMVP_10060","LakeFortuna_LA_2022-5-11",20,"E9_CviMVP_PlDNA_3_SG_1026_d9b276d4","12_E9_CviMVP_PlDNA_3_SG_1026_d9b276d4_MSX",1,NA,"Negative",FALSE,0,0
12,"E10","HEX","Unkn-29",NA,0,0,"MSX","E9_CviMVP_PlDNA_3_SG_1026_d9b276d4","CviMVP_10060","LakeFortuna_LA_2022-5-11",20,"E9_CviMVP_PlDNA_3_SG_1026_d9b276d4","12_E9_CviMVP_PlDNA_3_SG_1026_d9b276d4_MSX",2,NA,"Negative",FALSE,0,0
12,"E11","HEX","Unkn-36",NA,0,0,"MSX","D10_CviMVP_PlDNA_3_SG_1201_90dd9abc","CviMVP_10690","TP_TX_2022-6-28",22,"D10_CviMVP_PlDNA_3_SG_1201_90dd9abc","12_D10_CviMVP_PlDNA_3_SG_1201_90dd9abc_MSX",1,NA,"Negative",FALSE,0,0
12,"E12","HEX","Unkn-36",NA,0,0,"MSX","D10_CviMVP_PlDNA_3_SG_1201_90dd9abc","CviMVP_10690","TP_TX_2022-6-28",22,"D10_CviMVP_PlDNA_3_SG_1201_90dd9abc","12_D10_CviMVP_PlDNA_3_SG_1201_90dd9abc_MSX",2,NA,"Negative",FALSE,0,0
12,"F03","HEX","Unkn-06",23.9,23.71,1e-05,"MSX","G6_CviMVP_PlDNA_3_SG_1128_2985a17f","CviMVP_10502","FP_Sav_GA_2022-6-10",19,"G6_CviMVP_PlDNA_3_SG_1128_2985a17f","12_G6_CviMVP_PlDNA_3_SG_1128_2985a17f_MSX",1,0.379999999999999,"Positive",FALSE,4110.80736842105,2
12,"F04","HEX","Unkn-06",23.52,23.71,1e-05,"MSX","G6_CviMVP_PlDNA_3_SG_1128_2985a17f","CviMVP_10502","FP_Sav_GA_2022-6-10",19,"G6_CviMVP_PlDNA_3_SG_1128_2985a17f","12_G6_CviMVP_PlDNA_3_SG_1128_2985a17f_MSX",2,0.379999999999999,"Positive",FALSE,4110.80736842105,2
12,"F05","HEX","Unkn-14",NA,0,0,"MSX","F7_CviMVP_PlDNA_3_SG_1353_99c23436","CviMVP_11127","Nickle_Rf_LA_2022-8-1",21,"F7_CviMVP_PlDNA_3_SG_1353_99c23436","12_F7_CviMVP_PlDNA_3_SG_1353_99c23436_MSX",1,NA,"Negative",FALSE,0,0
12,"F06","HEX","Unkn-14",NA,0,0,"MSX","F7_CviMVP_PlDNA_3_SG_1353_99c23436","CviMVP_11127","Nickle_Rf_LA_2022-8-1",21,"F7_CviMVP_PlDNA_3_SG_1353_99c23436","12_F7_CviMVP_PlDNA_3_SG_1353_99c23436_MSX",2,NA,"Negative",FALSE,0,0
12,"F07","HEX","Unkn-22",NA,0,0,"MSX","F8_CviMVP_PlDNA_3_SG_1362_e986275b","CviMVP_11154","Nickle_Rf_LA_2022-8-1",22,"F8_CviMVP_PlDNA_3_SG_1362_e986275b","12_F8_CviMVP_PlDNA_3_SG_1362_e986275b_MSX",1,NA,"Negative",FALSE,0,0
12,"F08","HEX","Unkn-22",NA,0,0,"MSX","F8_CviMVP_PlDNA_3_SG_1362_e986275b","CviMVP_11154","Nickle_Rf_LA_2022-8-1",22,"F8_CviMVP_PlDNA_3_SG_1362_e986275b","12_F8_CviMVP_PlDNA_3_SG_1362_e986275b_MSX",2,NA,"Negative",FALSE,0,0
12,"F09","HEX","Unkn-30",NA,0,0,"MSX","F9_CviMVP_PlDNA_3_SG.sharedLotterhosPuritz_1498_82354aba","CviMVP_11543","NR_NB_RI_2022-8-19",22,"F9_CviMVP_PlDNA_3_SG.sharedLotterhosPuritz_1498_82354aba","12_F9_CviMVP_PlDNA_3_SG.sharedLotterhosPuritz_1498_82354aba_MSX",1,NA,"Negative",FALSE,0,0
12,"F10","HEX","Unkn-30",NA,0,0,"MSX","F9_CviMVP_PlDNA_3_SG.sharedLotterhosPuritz_1498_82354aba","CviMVP_11543","NR_NB_RI_2022-8-19",22,"F9_CviMVP_PlDNA_3_SG.sharedLotterhosPuritz_1498_82354aba","12_F9_CviMVP_PlDNA_3_SG.sharedLotterhosPuritz_1498_82354aba_MSX",2,NA,"Negative",FALSE,0,0
12,"F11","HEX","Unkn-37",NA,0,0,"MSX","E10_CviMVP_PlDNA_3_SG.sharedLotterhosPuritz_3055_e8238a80","CviMVP_30162","HC_DB_NJ_2022-9-23",20,"E10_CviMVP_PlDNA_3_SG.sharedLotterhosPuritz_3055_e8238a80","12_E10_CviMVP_PlDNA_3_SG.sharedLotterhosPuritz_3055_e8238a80_MSX",1,NA,"Negative",FALSE,0,0
12,"F12","HEX","Unkn-37",NA,0,0,"MSX","E10_CviMVP_PlDNA_3_SG.sharedLotterhosPuritz_3055_e8238a80","CviMVP_30162","HC_DB_NJ_2022-9-23",20,"E10_CviMVP_PlDNA_3_SG.sharedLotterhosPuritz_3055_e8238a80","12_E10_CviMVP_PlDNA_3_SG.sharedLotterhosPuritz_3055_e8238a80_MSX",2,NA,"Negative",FALSE,0,0
12,"G03","HEX","Unkn-07",31.84,31.45,0,"MSX","H6_CviMVP_PlDNA_3_SG_1922_42af2f75","CviMVP_12785","Orrs_Cove_ME_2022-10-31",21,"H6_CviMVP_PlDNA_3_SG_1922_42af2f75","12_H6_CviMVP_PlDNA_3_SG_1922_42af2f75_MSX",1,0.780000000000001,"Positive",FALSE,0,0
12,"G04","HEX","Unkn-07",31.06,31.45,0,"MSX","H6_CviMVP_PlDNA_3_SG_1922_42af2f75","CviMVP_12785","Orrs_Cove_ME_2022-10-31",21,"H6_CviMVP_PlDNA_3_SG_1922_42af2f75","12_H6_CviMVP_PlDNA_3_SG_1922_42af2f75_MSX",2,0.780000000000001,"Positive",FALSE,0,0
12,"G05","HEX","Unkn-15",NA,0,0,"MSX","G7_CviMVP_PlDNA_3_SG_1690_7193fce4","CviMVP_12106","SaLa_GA_2022-10-5",21,"G7_CviMVP_PlDNA_3_SG_1690_7193fce4","12_G7_CviMVP_PlDNA_3_SG_1690_7193fce4_MSX",1,NA,"Negative",FALSE,0,0
12,"G06","HEX","Unkn-15",NA,0,0,"MSX","G7_CviMVP_PlDNA_3_SG_1690_7193fce4","CviMVP_12106","SaLa_GA_2022-10-5",21,"G7_CviMVP_PlDNA_3_SG_1690_7193fce4","12_G7_CviMVP_PlDNA_3_SG_1690_7193fce4_MSX",2,NA,"Negative",FALSE,0,0
12,"G07","HEX","Unkn-23",NA,0,0,"MSX","G8_CviMVP_PlDNA_3_SG.sharedLotterhosPuritz_1731_ec34a354","CviMVP_12226","WS_CB_VA_2022-10-7",22,"G8_CviMVP_PlDNA_3_SG.sharedLotterhosPuritz_1731_ec34a354","12_G8_CviMVP_PlDNA_3_SG.sharedLotterhosPuritz_1731_ec34a354_MSX",1,NA,"Negative",FALSE,0,0
12,"G08","HEX","Unkn-23",NA,0,0,"MSX","G8_CviMVP_PlDNA_3_SG.sharedLotterhosPuritz_1731_ec34a354","CviMVP_12226","WS_CB_VA_2022-10-7",22,"G8_CviMVP_PlDNA_3_SG.sharedLotterhosPuritz_1731_ec34a354","12_G8_CviMVP_PlDNA_3_SG.sharedLotterhosPuritz_1731_ec34a354_MSX",2,NA,"Negative",FALSE,0,0
12,"G09","HEX","Unkn-31",37.47,37.47,0,"MSX","G9_CviMVP_PlDNA_3_SG_1900_613a738d","CviMVP_12721","Orrs_Cove_ME_2022-10-31",22,"G9_CviMVP_PlDNA_3_SG_1900_613a738d","12_G9_CviMVP_PlDNA_3_SG_1900_613a738d_MSX",1,NA,"Inconclusive",TRUE,0,0
12,"G10","HEX","Unkn-31",NA,0,0,"MSX","G9_CviMVP_PlDNA_3_SG_1900_613a738d","CviMVP_12721","Orrs_Cove_ME_2022-10-31",22,"G9_CviMVP_PlDNA_3_SG_1900_613a738d","12_G9_CviMVP_PlDNA_3_SG_1900_613a738d_MSX",2,NA,"Inconclusive",TRUE,0,0
12,"H03","HEX","Unkn-08",33.25,33.47,0,"MSX","E11_CviMVP_PlDNA_3_SG_1319_f6abf4f5","CviMVP_11027","Mer_GA_2022-7-26",20,"E11_CviMVP_PlDNA_3_SG_1319_f6abf4f5","12_E11_CviMVP_PlDNA_3_SG_1319_f6abf4f5_MSX",1,0.439999999999998,"Positive",FALSE,0,0
12,"H04","HEX","Unkn-08",33.69,33.47,0,"MSX","E11_CviMVP_PlDNA_3_SG_1319_f6abf4f5","CviMVP_11027","Mer_GA_2022-7-26",20,"E11_CviMVP_PlDNA_3_SG_1319_f6abf4f5","12_E11_CviMVP_PlDNA_3_SG_1319_f6abf4f5_MSX",2,0.439999999999998,"Positive",FALSE,0,0
12,"H05","HEX","Unkn-16",36.14,36.14,0,"MSX","H7_CviMVP_PlDNA_3_SG_1895_7630aa9e","CviMVP_12707","DC_DR_ME_2022-10-25",22,"H7_CviMVP_PlDNA_3_SG_1895_7630aa9e","12_H7_CviMVP_PlDNA_3_SG_1895_7630aa9e_MSX",1,NA,"Inconclusive",TRUE,0,0
12,"H06","HEX","Unkn-16",NA,0,0,"MSX","H7_CviMVP_PlDNA_3_SG_1895_7630aa9e","CviMVP_12707","DC_DR_ME_2022-10-25",22,"H7_CviMVP_PlDNA_3_SG_1895_7630aa9e","12_H7_CviMVP_PlDNA_3_SG_1895_7630aa9e_MSX",2,NA,"Inconclusive",TRUE,0,0
12,"H07","HEX","Unkn-24",NA,0,0,"MSX","H8_CviMVP_PlDNA_3_SG.sharedLotterhosPuritz_1511_e7286bb7","CviMVP_11582","DC_NB_RI_2022-8-19",22,"H8_CviMVP_PlDNA_3_SG.sharedLotterhosPuritz_1511_e7286bb7","12_H8_CviMVP_PlDNA_3_SG.sharedLotterhosPuritz_1511_e7286bb7_MSX",1,NA,"Negative",FALSE,0,0
12,"H08","HEX","Unkn-24",NA,0,0,"MSX","H8_CviMVP_PlDNA_3_SG.sharedLotterhosPuritz_1511_e7286bb7","CviMVP_11582","DC_NB_RI_2022-8-19",22,"H8_CviMVP_PlDNA_3_SG.sharedLotterhosPuritz_1511_e7286bb7","12_H8_CviMVP_PlDNA_3_SG.sharedLotterhosPuritz_1511_e7286bb7_MSX",2,NA,"Negative",FALSE,0,0
12,"H09","HEX","Unkn-32",NA,0,0,"MSX","H9_CviMVP_PlDNA_3_SG_1636_e34f2d48","CviMVP_11948","SaltBay_Canada_2022-9-27",22,"H9_CviMVP_PlDNA_3_SG_1636_e34f2d48","12_H9_CviMVP_PlDNA_3_SG_1636_e34f2d48_MSX",1,NA,"Negative",FALSE,0,0
12,"H10","HEX","Unkn-32",NA,0,0,"MSX","H9_CviMVP_PlDNA_3_SG_1636_e34f2d48","CviMVP_11948","SaltBay_Canada_2022-9-27",22,"H9_CviMVP_PlDNA_3_SG_1636_e34f2d48","12_H9_CviMVP_PlDNA_3_SG_1636_e34f2d48_MSX",2,NA,"Negative",FALSE,0,0
13,"A03","FAM","Unkn-01",NA,0,0,"Dermo","A11_CviMVP_PlDNA_3_SG_1911_4c46219c","CviMVP_12753","Orrs_Cove_ME_2022-10-31",20,"A11_CviMVP_PlDNA_3_SG_1911_4c46219c","13_A11_CviMVP_PlDNA_3_SG_1911_4c46219c_Dermo",1,NA,"Negative",FALSE,0,0
13,"A04","FAM","Unkn-01",NA,0,0,"Dermo","A11_CviMVP_PlDNA_3_SG_1911_4c46219c","CviMVP_12753","Orrs_Cove_ME_2022-10-31",20,"A11_CviMVP_PlDNA_3_SG_1911_4c46219c","13_A11_CviMVP_PlDNA_3_SG_1911_4c46219c_Dermo",2,NA,"Negative",FALSE,0,0
13,"A05","FAM","Unkn-09",37.4,37.99,0,"Dermo","A12_CviMVP_PlDNA_3_SG_1338_95293c8f","CviMVP_11083","Mer_GA_2022-7-26",22,"A12_CviMVP_PlDNA_3_SG_1338_95293c8f","13_A12_CviMVP_PlDNA_3_SG_1338_95293c8f_Dermo",1,1.18,"Positive",FALSE,0,0
13,"A06","FAM","Unkn-09",38.58,37.99,0,"Dermo","A12_CviMVP_PlDNA_3_SG_1338_95293c8f","CviMVP_11083","Mer_GA_2022-7-26",22,"A12_CviMVP_PlDNA_3_SG_1338_95293c8f","13_A12_CviMVP_PlDNA_3_SG_1338_95293c8f_Dermo",2,1.18,"Positive",FALSE,0,0
13,"A07","FAM","Unkn-17",20.13,19.99,0.00015,"Dermo","A1_CviMVP_PlDNA_4_SG_1693_d7a2129b","CviMVP_12115","SaLa_GA_2022-10-5",20,"A1_CviMVP_PlDNA_4_SG_1693_d7a2129b","13_A1_CviMVP_PlDNA_4_SG_1693_d7a2129b_Dermo",1,0.289999999999999,"Positive",FALSE,52301.07,3
13,"A08","FAM","Unkn-17",19.84,19.99,0.00015,"Dermo","A1_CviMVP_PlDNA_4_SG_1693_d7a2129b","CviMVP_12115","SaLa_GA_2022-10-5",20,"A1_CviMVP_PlDNA_4_SG_1693_d7a2129b","13_A1_CviMVP_PlDNA_4_SG_1693_d7a2129b_Dermo",2,0.289999999999999,"Positive",FALSE,52301.07,3
13,"A09","FAM","Unkn-25",22.13,21.84,5e-05,"Dermo","A2_CviMVP_PlDNA_4_SG_1342_d2854e5c","CviMVP_11104","Mer_GA_2022-7-26",19,"A2_CviMVP_PlDNA_4_SG_1342_d2854e5c","13_A2_CviMVP_PlDNA_4_SG_1342_d2854e5c_Dermo",1,0.579999999999998,"Positive",FALSE,18351.2526315789,3
13,"A10","FAM","Unkn-25",21.55,21.84,5e-05,"Dermo","A2_CviMVP_PlDNA_4_SG_1342_d2854e5c","CviMVP_11104","Mer_GA_2022-7-26",19,"A2_CviMVP_PlDNA_4_SG_1342_d2854e5c","13_A2_CviMVP_PlDNA_4_SG_1342_d2854e5c_Dermo",2,0.579999999999998,"Positive",FALSE,18351.2526315789,3
13,"B03","FAM","Unkn-02",29.4,29.36,0,"Dermo","B11_CviMVP_PlDNA_3_SG_1601_e0aa9062","CviMVP_11844","SawIs_MA_2022-9-5",22,"B11_CviMVP_PlDNA_3_SG_1601_e0aa9062","13_B11_CviMVP_PlDNA_3_SG_1601_e0aa9062_Dermo",1,0.0700000000000003,"Positive",FALSE,0,0
13,"B04","FAM","Unkn-02",29.33,29.36,0,"Dermo","B11_CviMVP_PlDNA_3_SG_1601_e0aa9062","CviMVP_11844","SawIs_MA_2022-9-5",22,"B11_CviMVP_PlDNA_3_SG_1601_e0aa9062","13_B11_CviMVP_PlDNA_3_SG_1601_e0aa9062_Dermo",2,0.0700000000000003,"Positive",FALSE,0,0
13,"B05","FAM","Unkn-10",29.31,29.2,0,"Dermo","B12_CviMVP_PlDNA_3_SG_1102_48c637c3","CviMVP_10448","CB_TX_2022-6-9",19,"B12_CviMVP_PlDNA_3_SG_1102_48c637c3","13_B12_CviMVP_PlDNA_3_SG_1102_48c637c3_Dermo",1,0.23,"Positive",FALSE,0,0
13,"B06","FAM","Unkn-10",29.08,29.2,0,"Dermo","B12_CviMVP_PlDNA_3_SG_1102_48c637c3","CviMVP_10448","CB_TX_2022-6-9",19,"B12_CviMVP_PlDNA_3_SG_1102_48c637c3","13_B12_CviMVP_PlDNA_3_SG_1102_48c637c3_Dermo",2,0.23,"Positive",FALSE,0,0
13,"B07","FAM","Unkn-18",27.28,27.12,0,"Dermo","B1_CviMVP_PlDNA_4_SG_1057_08412b0c","CviMVP_10319","OL_MI_SC_2022-5-31",20,"B1_CviMVP_PlDNA_4_SG_1057_08412b0c","13_B1_CviMVP_PlDNA_4_SG_1057_08412b0c_Dermo",1,0.330000000000002,"Positive",FALSE,0,0
13,"B08","FAM","Unkn-18",26.95,27.12,0,"Dermo","B1_CviMVP_PlDNA_4_SG_1057_08412b0c","CviMVP_10319","OL_MI_SC_2022-5-31",20,"B1_CviMVP_PlDNA_4_SG_1057_08412b0c","13_B1_CviMVP_PlDNA_4_SG_1057_08412b0c_Dermo",2,0.330000000000002,"Positive",FALSE,0,0
13,"B09","FAM","Unkn-26",29.58,29.42,0,"Dermo","C2_CviMVP_PlDNA_4_SG.sharedLotterhosPuritz_1482_55e8412d","CviMVP_11496","NR_NB_RI_2022-8-19",22,"C2_CviMVP_PlDNA_4_SG.sharedLotterhosPuritz_1482_55e8412d","13_C2_CviMVP_PlDNA_4_SG.sharedLotterhosPuritz_1482_55e8412d_Dermo",1,0.319999999999997,"Positive",FALSE,0,0
13,"B10","FAM","Unkn-26",29.26,29.42,0,"Dermo","C2_CviMVP_PlDNA_4_SG.sharedLotterhosPuritz_1482_55e8412d","CviMVP_11496","NR_NB_RI_2022-8-19",22,"C2_CviMVP_PlDNA_4_SG.sharedLotterhosPuritz_1482_55e8412d","13_C2_CviMVP_PlDNA_4_SG.sharedLotterhosPuritz_1482_55e8412d_Dermo",2,0.319999999999997,"Positive",FALSE,0,0
13,"B11","FAM","Unkn-33",NA,0,0,"Dermo","A3_CviMVP_PlDNA_4_SG.sharedLotterhosPuritz_1771_536699ad","CviMVP_12345","DWS_CB_VA_2022-10-7",20,"A3_CviMVP_PlDNA_4_SG.sharedLotterhosPuritz_1771_536699ad","13_A3_CviMVP_PlDNA_4_SG.sharedLotterhosPuritz_1771_536699ad_Dermo",1,NA,"Inconclusive",TRUE,0,0
13,"B12","FAM","Unkn-33",39.45,39.45,0,"Dermo","A3_CviMVP_PlDNA_4_SG.sharedLotterhosPuritz_1771_536699ad","CviMVP_12345","DWS_CB_VA_2022-10-7",20,"A3_CviMVP_PlDNA_4_SG.sharedLotterhosPuritz_1771_536699ad","13_A3_CviMVP_PlDNA_4_SG.sharedLotterhosPuritz_1771_536699ad_Dermo",2,NA,"Inconclusive",TRUE,0,0
13,"C03","FAM","Unkn-03",24.74,24.82,1e-05,"Dermo","C11_CviMVP_PlDNA_3_SG_1330_1af8467d","CviMVP_11059","Mer_GA_2022-7-26",21,"C11_CviMVP_PlDNA_3_SG_1330_1af8467d","13_C11_CviMVP_PlDNA_3_SG_1330_1af8467d_Dermo",1,0.16,"Positive",FALSE,3320.70285714286,2
13,"C04","FAM","Unkn-03",24.9,24.82,1e-05,"Dermo","C11_CviMVP_PlDNA_3_SG_1330_1af8467d","CviMVP_11059","Mer_GA_2022-7-26",21,"C11_CviMVP_PlDNA_3_SG_1330_1af8467d","13_C11_CviMVP_PlDNA_3_SG_1330_1af8467d_Dermo",2,0.16,"Positive",FALSE,3320.70285714286,2
13,"C05","FAM","Unkn-11",NA,0,0,"Dermo","C12_CviMVP_PlDNA_3_SG_1361_9b1f4445","CviMVP_11151","Nickle_Rf_LA_2022-8-1",21,"C12_CviMVP_PlDNA_3_SG_1361_9b1f4445","13_C12_CviMVP_PlDNA_3_SG_1361_9b1f4445_Dermo",1,NA,"Negative",FALSE,0,0
13,"C06","FAM","Unkn-11",NA,0,0,"Dermo","C12_CviMVP_PlDNA_3_SG_1361_9b1f4445","CviMVP_11151","Nickle_Rf_LA_2022-8-1",21,"C12_CviMVP_PlDNA_3_SG_1361_9b1f4445","13_C12_CviMVP_PlDNA_3_SG_1361_9b1f4445_Dermo",2,NA,"Negative",FALSE,0,0
13,"C07","FAM","Unkn-19",37.45,37.06,0,"Dermo","C1_CviMVP_PlDNA_4_SG_1205_ae001ab4","CviMVP_10702","TP_TX_2022-6-28",21,"C1_CviMVP_PlDNA_4_SG_1205_ae001ab4","13_C1_CviMVP_PlDNA_4_SG_1205_ae001ab4_Dermo",1,0.770000000000003,"Positive",FALSE,0,0
13,"C08","FAM","Unkn-19",36.68,37.06,0,"Dermo","C1_CviMVP_PlDNA_4_SG_1205_ae001ab4","CviMVP_10702","TP_TX_2022-6-28",21,"C1_CviMVP_PlDNA_4_SG_1205_ae001ab4","13_C1_CviMVP_PlDNA_4_SG_1205_ae001ab4_Dermo",2,0.770000000000003,"Positive",FALSE,0,0
13,"C09","FAM","Unkn-27",NA,0,0,"Dermo","D2_CviMVP_PlDNA_4_SG.sharedLotterhosPuritz_3056_728390bb","CviMVP_30165","HC_DB_NJ_2022-9-23",18,"D2_CviMVP_PlDNA_4_SG.sharedLotterhosPuritz_3056_728390bb","13_D2_CviMVP_PlDNA_4_SG.sharedLotterhosPuritz_3056_728390bb_Dermo",1,NA,"Negative",FALSE,0,0
13,"C10","FAM","Unkn-27",NA,0,0,"Dermo","D2_CviMVP_PlDNA_4_SG.sharedLotterhosPuritz_3056_728390bb","CviMVP_30165","HC_DB_NJ_2022-9-23",18,"D2_CviMVP_PlDNA_4_SG.sharedLotterhosPuritz_3056_728390bb","13_D2_CviMVP_PlDNA_4_SG.sharedLotterhosPuritz_3056_728390bb_Dermo",2,NA,"Negative",FALSE,0,0
13,"C11","FAM","Unkn-34",NA,0,0,"Dermo","B3_CviMVP_PlDNA_4_SG.sharedLotterhosPuritz_3013_33dda8a5","CviMVP_30039","CS_DB_NJ_2022-9-21",21,"B3_CviMVP_PlDNA_4_SG.sharedLotterhosPuritz_3013_33dda8a5","13_B3_CviMVP_PlDNA_4_SG.sharedLotterhosPuritz_3013_33dda8a5_Dermo",1,NA,"Negative",FALSE,0,0
13,"C12","FAM","Unkn-34",NA,0,0,"Dermo","B3_CviMVP_PlDNA_4_SG.sharedLotterhosPuritz_3013_33dda8a5","CviMVP_30039","CS_DB_NJ_2022-9-21",21,"B3_CviMVP_PlDNA_4_SG.sharedLotterhosPuritz_3013_33dda8a5","13_B3_CviMVP_PlDNA_4_SG.sharedLotterhosPuritz_3013_33dda8a5_Dermo",2,NA,"Negative",FALSE,0,0
13,"D03","FAM","Unkn-04",24.66,24.68,1e-05,"Dermo","D11_CviMVP_PlDNA_3_SG_1109_d2a7f6ab","CviMVP_10463","CB_TX_2022-6-9",22,"D11_CviMVP_PlDNA_3_SG_1109_d2a7f6ab","13_D11_CviMVP_PlDNA_3_SG_1109_d2a7f6ab_Dermo",1,0.0300000000000011,"Positive",FALSE,3169.76181818182,2
13,"D04","FAM","Unkn-04",24.69,24.68,1e-05,"Dermo","D11_CviMVP_PlDNA_3_SG_1109_d2a7f6ab","CviMVP_10463","CB_TX_2022-6-9",22,"D11_CviMVP_PlDNA_3_SG_1109_d2a7f6ab","13_D11_CviMVP_PlDNA_3_SG_1109_d2a7f6ab_Dermo",2,0.0300000000000011,"Positive",FALSE,3169.76181818182,2
13,"D05","FAM","Unkn-12",NA,0,0,"Dermo","D12_CviMVP_PlDNA_3_SG_1829_bda513f5","CviMVP_12515","PrEdIs_CN_A_2022-10-18",20,"D12_CviMVP_PlDNA_3_SG_1829_bda513f5","13_D12_CviMVP_PlDNA_3_SG_1829_bda513f5_Dermo",1,NA,"Negative",FALSE,0,0
13,"D06","FAM","Unkn-12",NA,0,0,"Dermo","D12_CviMVP_PlDNA_3_SG_1829_bda513f5","CviMVP_12515","PrEdIs_CN_A_2022-10-18",20,"D12_CviMVP_PlDNA_3_SG_1829_bda513f5","13_D12_CviMVP_PlDNA_3_SG_1829_bda513f5_Dermo",2,NA,"Negative",FALSE,0,0
13,"D07","FAM","Unkn-20",NA,0,0,"Dermo","D1_CviMVP_PlDNA_4_SG_1638_de9fb8f5","CviMVP_11954","SaltBay_Canada_2022-9-27",19,"D1_CviMVP_PlDNA_4_SG_1638_de9fb8f5","13_D1_CviMVP_PlDNA_4_SG_1638_de9fb8f5_Dermo",1,NA,"Negative",FALSE,0,0
13,"D08","FAM","Unkn-20",NA,0,0,"Dermo","D1_CviMVP_PlDNA_4_SG_1638_de9fb8f5","CviMVP_11954","SaltBay_Canada_2022-9-27",19,"D1_CviMVP_PlDNA_4_SG_1638_de9fb8f5","13_D1_CviMVP_PlDNA_4_SG_1638_de9fb8f5_Dermo",2,NA,"Negative",FALSE,0,0
13,"D09","FAM","Unkn-28",NA,0,0,"Dermo","E2_CviMVP_PlDNA_4_SG_1917_af7a792d","CviMVP_12770","Orrs_Cove_ME_2022-10-31",20,"E2_CviMVP_PlDNA_4_SG_1917_af7a792d","13_E2_CviMVP_PlDNA_4_SG_1917_af7a792d_Dermo",1,NA,"Inconclusive",TRUE,0,0
13,"D10","FAM","Unkn-28",36.42,36.42,0,"Dermo","E2_CviMVP_PlDNA_4_SG_1917_af7a792d","CviMVP_12770","Orrs_Cove_ME_2022-10-31",20,"E2_CviMVP_PlDNA_4_SG_1917_af7a792d","13_E2_CviMVP_PlDNA_4_SG_1917_af7a792d_Dermo",2,NA,"Inconclusive",TRUE,0,0
13,"D11","FAM","Unkn-35",31.14,31.03,0,"Dermo","C3_CviMVP_PlDNA_4_SG_1148_e01548b2","CviMVP_10552","FP_Sav_GA_2022-6-10",22,"C3_CviMVP_PlDNA_4_SG_1148_e01548b2","13_C3_CviMVP_PlDNA_4_SG_1148_e01548b2_Dermo",1,0.210000000000001,"Positive",FALSE,0,0
13,"D12","FAM","Unkn-35",30.93,31.03,0,"Dermo","C3_CviMVP_PlDNA_4_SG_1148_e01548b2","CviMVP_10552","FP_Sav_GA_2022-6-10",22,"C3_CviMVP_PlDNA_4_SG_1148_e01548b2","13_C3_CviMVP_PlDNA_4_SG_1148_e01548b2_Dermo",2,0.210000000000001,"Positive",FALSE,0,0
13,"E03","FAM","Unkn-05",22.88,22.92,3e-05,"Dermo","F11_CviMVP_PlDNA_3_SG.sharedLotterhosPuritz_1745_f187941c","CviMVP_12267","WS_CB_VA_2022-10-7",22,"F11_CviMVP_PlDNA_3_SG.sharedLotterhosPuritz_1745_f187941c","13_F11_CviMVP_PlDNA_3_SG.sharedLotterhosPuritz_1745_f187941c_Dermo",1,0.0700000000000003,"Positive",FALSE,9509.28545454545,2
13,"E04","FAM","Unkn-05",22.95,22.92,3e-05,"Dermo","F11_CviMVP_PlDNA_3_SG.sharedLotterhosPuritz_1745_f187941c","CviMVP_12267","WS_CB_VA_2022-10-7",22,"F11_CviMVP_PlDNA_3_SG.sharedLotterhosPuritz_1745_f187941c","13_F11_CviMVP_PlDNA_3_SG.sharedLotterhosPuritz_1745_f187941c_Dermo",2,0.0700000000000003,"Positive",FALSE,9509.28545454545,2
13,"E05","FAM","Unkn-13",NA,0,0,"Dermo","E12_CviMVP_PlDNA_3_SG_1175_7417dc30","CviMVP_10615","Culch_Ba_LA_2022-6-21",18,"E12_CviMVP_PlDNA_3_SG_1175_7417dc30","13_E12_CviMVP_PlDNA_3_SG_1175_7417dc30_Dermo",1,NA,"Negative",FALSE,0,0
13,"E06","FAM","Unkn-13",NA,0,0,"Dermo","E12_CviMVP_PlDNA_3_SG_1175_7417dc30","CviMVP_10615","Culch_Ba_LA_2022-6-21",18,"E12_CviMVP_PlDNA_3_SG_1175_7417dc30","13_E12_CviMVP_PlDNA_3_SG_1175_7417dc30_Dermo",2,NA,"Negative",FALSE,0,0
13,"E07","FAM","Unkn-21",NA,0,0,"Dermo","E1_CviMVP_PlDNA_4_SG_1645_2fe33d1c","CviMVP_11975","SaltBay_Canada_2022-9-27",22,"E1_CviMVP_PlDNA_4_SG_1645_2fe33d1c","13_E1_CviMVP_PlDNA_4_SG_1645_2fe33d1c_Dermo",1,NA,"Inconclusive",TRUE,0,0
13,"E08","FAM","Unkn-21",38.73,38.73,0,"Dermo","E1_CviMVP_PlDNA_4_SG_1645_2fe33d1c","CviMVP_11975","SaltBay_Canada_2022-9-27",22,"E1_CviMVP_PlDNA_4_SG_1645_2fe33d1c","13_E1_CviMVP_PlDNA_4_SG_1645_2fe33d1c_Dermo",2,NA,"Inconclusive",TRUE,0,0
13,"E09","FAM","Unkn-29",NA,0,0,"Dermo","F2_CviMVP_PlDNA_4_SG_1123_53aae46e","CviMVP_10492","CB_TX_2022-6-9",20,"F2_CviMVP_PlDNA_4_SG_1123_53aae46e","13_F2_CviMVP_PlDNA_4_SG_1123_53aae46e_Dermo",1,NA,"Negative",FALSE,0,0
13,"E10","FAM","Unkn-29",NA,0,0,"Dermo","F2_CviMVP_PlDNA_4_SG_1123_53aae46e","CviMVP_10492","CB_TX_2022-6-9",20,"F2_CviMVP_PlDNA_4_SG_1123_53aae46e","13_F2_CviMVP_PlDNA_4_SG_1123_53aae46e_Dermo",2,NA,"Negative",FALSE,0,0
13,"E11","FAM","Unkn-36",22.28,22.31,4e-05,"Dermo","D3_CviMVP_PlDNA_4_SG_1311_59f9dad6","CviMVP_11003","Sapelo_Is_GA_2022-7-17",19,"D3_CviMVP_PlDNA_4_SG_1311_59f9dad6","13_D3_CviMVP_PlDNA_4_SG_1311_59f9dad6_Dermo",1,0.0599999999999987,"Positive",FALSE,14681.0021052632,3
13,"E12","FAM","Unkn-36",22.34,22.31,4e-05,"Dermo","D3_CviMVP_PlDNA_4_SG_1311_59f9dad6","CviMVP_11003","Sapelo_Is_GA_2022-7-17",19,"D3_CviMVP_PlDNA_4_SG_1311_59f9dad6","13_D3_CviMVP_PlDNA_4_SG_1311_59f9dad6_Dermo",2,0.0599999999999987,"Positive",FALSE,14681.0021052632,3
13,"F03","FAM","Unkn-06",31.35,31.6,0,"Dermo","G11_CviMVP_PlDNA_3_SG_1097_01d67bb5","CviMVP_10438","GalBay_TX_2022-6-2",18,"G11_CviMVP_PlDNA_3_SG_1097_01d67bb5","13_G11_CviMVP_PlDNA_3_SG_1097_01d67bb5_Dermo",1,0.5,"Positive",FALSE,0,0
13,"F04","FAM","Unkn-06",31.85,31.6,0,"Dermo","G11_CviMVP_PlDNA_3_SG_1097_01d67bb5","CviMVP_10438","GalBay_TX_2022-6-2",18,"G11_CviMVP_PlDNA_3_SG_1097_01d67bb5","13_G11_CviMVP_PlDNA_3_SG_1097_01d67bb5_Dermo",2,0.5,"Positive",FALSE,0,0
13,"F05","FAM","Unkn-14",19.23,19.21,0.00023,"Dermo","F12_CviMVP_PlDNA_3_SG.sharedLotterhosPuritz_1719_c3f350c9","CviMVP_12190","WS_CB_VA_2022-10-7",22,"F12_CviMVP_PlDNA_3_SG.sharedLotterhosPuritz_1719_c3f350c9","13_F12_CviMVP_PlDNA_3_SG.sharedLotterhosPuritz_1719_c3f350c9_Dermo",1,0.0500000000000007,"Positive",FALSE,72904.5218181818,3
13,"F06","FAM","Unkn-14",19.18,19.21,0.00023,"Dermo","F12_CviMVP_PlDNA_3_SG.sharedLotterhosPuritz_1719_c3f350c9","CviMVP_12190","WS_CB_VA_2022-10-7",22,"F12_CviMVP_PlDNA_3_SG.sharedLotterhosPuritz_1719_c3f350c9","13_F12_CviMVP_PlDNA_3_SG.sharedLotterhosPuritz_1719_c3f350c9_Dermo",2,0.0500000000000007,"Positive",FALSE,72904.5218181818,3
13,"F07","FAM","Unkn-22",37.12,36.95,0,"Dermo","F1_CviMVP_PlDNA_4_SG_1336_9bdae747","CviMVP_11077","Mer_GA_2022-7-26",18,"F1_CviMVP_PlDNA_4_SG_1336_9bdae747","13_F1_CviMVP_PlDNA_4_SG_1336_9bdae747_Dermo",1,0.349999999999994,"Positive",FALSE,0,0
13,"F08","FAM","Unkn-22",36.77,36.95,0,"Dermo","F1_CviMVP_PlDNA_4_SG_1336_9bdae747","CviMVP_11077","Mer_GA_2022-7-26",18,"F1_CviMVP_PlDNA_4_SG_1336_9bdae747","13_F1_CviMVP_PlDNA_4_SG_1336_9bdae747_Dermo",2,0.349999999999994,"Positive",FALSE,0,0
13,"F09","FAM","Unkn-30",NA,0,0,"Dermo","F10_CviMVP_PlDNA_3_SG.sharedLotterhosPuritz_3015_1562c46c","CviMVP_30045","CS_DB_NJ_2022-9-21",22,"F10_CviMVP_PlDNA_3_SG.sharedLotterhosPuritz_3015_1562c46c","13_F10_CviMVP_PlDNA_3_SG.sharedLotterhosPuritz_3015_1562c46c_Dermo",1,NA,"Negative",FALSE,0,0
13,"F10","FAM","Unkn-30",NA,0,0,"Dermo","F10_CviMVP_PlDNA_3_SG.sharedLotterhosPuritz_3015_1562c46c","CviMVP_30045","CS_DB_NJ_2022-9-21",22,"F10_CviMVP_PlDNA_3_SG.sharedLotterhosPuritz_3015_1562c46c","13_F10_CviMVP_PlDNA_3_SG.sharedLotterhosPuritz_3015_1562c46c_Dermo",2,NA,"Negative",FALSE,0,0
13,"F11","FAM","Unkn-37",36.03,36.7,0,"Dermo","E3_CviMVP_PlDNA_4_SG_1553_e2b0c8f8","CviMVP_11707","CPR_MS_AL_2022-8-24",22,"E3_CviMVP_PlDNA_4_SG_1553_e2b0c8f8","13_E3_CviMVP_PlDNA_4_SG_1553_e2b0c8f8_Dermo",1,1.35,"Positive",FALSE,0,0
13,"F12","FAM","Unkn-37",37.38,36.7,0,"Dermo","E3_CviMVP_PlDNA_4_SG_1553_e2b0c8f8","CviMVP_11707","CPR_MS_AL_2022-8-24",22,"E3_CviMVP_PlDNA_4_SG_1553_e2b0c8f8","13_E3_CviMVP_PlDNA_4_SG_1553_e2b0c8f8_Dermo",2,1.35,"Positive",FALSE,0,0
13,"G03","FAM","Unkn-07",31.07,31.12,0,"Dermo","H11_CviMVP_PlDNA_3_SG_1130_d4280f98","CviMVP_10506","FP_Sav_GA_2022-6-10",21,"H11_CviMVP_PlDNA_3_SG_1130_d4280f98","13_H11_CviMVP_PlDNA_3_SG_1130_d4280f98_Dermo",1,0.109999999999999,"Positive",FALSE,0,0
13,"G04","FAM","Unkn-07",31.18,31.12,0,"Dermo","H11_CviMVP_PlDNA_3_SG_1130_d4280f98","CviMVP_10506","FP_Sav_GA_2022-6-10",21,"H11_CviMVP_PlDNA_3_SG_1130_d4280f98","13_H11_CviMVP_PlDNA_3_SG_1130_d4280f98_Dermo",2,0.109999999999999,"Positive",FALSE,0,0
13,"G05","FAM","Unkn-15",NA,0,0,"Dermo","G12_CviMVP_PlDNA_3_SG_1194_879483b0","CviMVP_10670","Culch_Ba_LA_2022-6-21",22,"G12_CviMVP_PlDNA_3_SG_1194_879483b0","13_G12_CviMVP_PlDNA_3_SG_1194_879483b0_Dermo",1,NA,"Negative",FALSE,0,0
13,"G06","FAM","Unkn-15",NA,0,0,"Dermo","G12_CviMVP_PlDNA_3_SG_1194_879483b0","CviMVP_10670","Culch_Ba_LA_2022-6-21",22,"G12_CviMVP_PlDNA_3_SG_1194_879483b0","13_G12_CviMVP_PlDNA_3_SG_1194_879483b0_Dermo",2,NA,"Negative",FALSE,0,0
13,"G07","FAM","Unkn-23",NA,0,0,"Dermo","G5_CviMVP_PlDNA_3_SG_1204_0821edd3","CviMVP_10699","TP_TX_2022-6-28",22,"G5_CviMVP_PlDNA_3_SG_1204_0821edd3","13_G5_CviMVP_PlDNA_3_SG_1204_0821edd3_Dermo",1,NA,"Negative",FALSE,0,0
13,"G08","FAM","Unkn-23",NA,0,0,"Dermo","G5_CviMVP_PlDNA_3_SG_1204_0821edd3","CviMVP_10699","TP_TX_2022-6-28",22,"G5_CviMVP_PlDNA_3_SG_1204_0821edd3","13_G5_CviMVP_PlDNA_3_SG_1204_0821edd3_Dermo",2,NA,"Negative",FALSE,0,0
13,"G09","FAM","Unkn-31",33,32.88,0,"Dermo","G10_CviMVP_PlDNA_3_SG_1324_0c891359","CviMVP_11042","Mer_GA_2022-7-26",20,"G10_CviMVP_PlDNA_3_SG_1324_0c891359","13_G10_CviMVP_PlDNA_3_SG_1324_0c891359_Dermo",1,0.240000000000002,"Positive",FALSE,0,0
13,"G10","FAM","Unkn-31",32.76,32.88,0,"Dermo","G10_CviMVP_PlDNA_3_SG_1324_0c891359","CviMVP_11042","Mer_GA_2022-7-26",20,"G10_CviMVP_PlDNA_3_SG_1324_0c891359","13_G10_CviMVP_PlDNA_3_SG_1324_0c891359_Dermo",2,0.240000000000002,"Positive",FALSE,0,0
13,"H03","FAM","Unkn-08",20.4,20.18,0.00013,"Dermo","H5_CviMVP_PlDNA_4_SG_1294_d8ad56d2","CviMVP_10952","Sapelo_Is_GA_2022-7-17",21,"H5_CviMVP_PlDNA_4_SG_1294_d8ad56d2","13_H5_CviMVP_PlDNA_4_SG_1294_d8ad56d2_Dermo",1,0.43,"Positive",FALSE,43169.1371428571,3
13,"H04","FAM","Unkn-08",19.97,20.18,0.00013,"Dermo","H5_CviMVP_PlDNA_4_SG_1294_d8ad56d2","CviMVP_10952","Sapelo_Is_GA_2022-7-17",21,"H5_CviMVP_PlDNA_4_SG_1294_d8ad56d2","13_H5_CviMVP_PlDNA_4_SG_1294_d8ad56d2_Dermo",2,0.43,"Positive",FALSE,43169.1371428571,3
13,"H05","FAM","Unkn-16",37.23,38.44,0,"Dermo","H12_CviMVP_PlDNA_3_SG.sharedLotterhosPuritz_3021_448ac77f","CviMVP_30063","CS_DB_NJ_2022-9-21",19,"H12_CviMVP_PlDNA_3_SG.sharedLotterhosPuritz_3021_448ac77f","13_H12_CviMVP_PlDNA_3_SG.sharedLotterhosPuritz_3021_448ac77f_Dermo",1,2.43,"Inconclusive",TRUE,0,0
13,"H06","FAM","Unkn-16",39.66,38.44,0,"Dermo","H12_CviMVP_PlDNA_3_SG.sharedLotterhosPuritz_3021_448ac77f","CviMVP_30063","CS_DB_NJ_2022-9-21",19,"H12_CviMVP_PlDNA_3_SG.sharedLotterhosPuritz_3021_448ac77f","13_H12_CviMVP_PlDNA_3_SG.sharedLotterhosPuritz_3021_448ac77f_Dermo",2,2.43,"Inconclusive",TRUE,0,0
13,"H07","FAM","Unkn-24",NA,0,0,"Dermo","H5_CviMVP_PlDNA_3_SG_1634_af27b8b9","CviMVP_11942","SaltBay_Canada_2022-9-27",21,"H5_CviMVP_PlDNA_3_SG_1634_af27b8b9","13_H5_CviMVP_PlDNA_3_SG_1634_af27b8b9_Dermo",1,NA,"Negative",FALSE,0,0
13,"H08","FAM","Unkn-24",NA,0,0,"Dermo","H5_CviMVP_PlDNA_3_SG_1634_af27b8b9","CviMVP_11942","SaltBay_Canada_2022-9-27",21,"H5_CviMVP_PlDNA_3_SG_1634_af27b8b9","13_H5_CviMVP_PlDNA_3_SG_1634_af27b8b9_Dermo",2,NA,"Negative",FALSE,0,0
13,"H09","FAM","Unkn-32",NA,0,0,"Dermo","H10_CviMVP_PlDNA_3_SG.sharedLotterhosPuritz_3053_b1bf0ddb","CviMVP_30156","HC_DB_NJ_2022-9-23",21,"H10_CviMVP_PlDNA_3_SG.sharedLotterhosPuritz_3053_b1bf0ddb","13_H10_CviMVP_PlDNA_3_SG.sharedLotterhosPuritz_3053_b1bf0ddb_Dermo",1,NA,"Negative",FALSE,0,0
13,"H10","FAM","Unkn-32",NA,0,0,"Dermo","H10_CviMVP_PlDNA_3_SG.sharedLotterhosPuritz_3053_b1bf0ddb","CviMVP_30156","HC_DB_NJ_2022-9-23",21,"H10_CviMVP_PlDNA_3_SG.sharedLotterhosPuritz_3053_b1bf0ddb","13_H10_CviMVP_PlDNA_3_SG.sharedLotterhosPuritz_3053_b1bf0ddb_Dermo",2,NA,"Negative",FALSE,0,0
13,"A03","HEX","Unkn-01",NA,0,0,"MSX","A11_CviMVP_PlDNA_3_SG_1911_4c46219c","CviMVP_12753","Orrs_Cove_ME_2022-10-31",20,"A11_CviMVP_PlDNA_3_SG_1911_4c46219c","13_A11_CviMVP_PlDNA_3_SG_1911_4c46219c_MSX",1,NA,"Inconclusive",TRUE,0,0
13,"A04","HEX","Unkn-01",39.31,39.31,0,"MSX","A11_CviMVP_PlDNA_3_SG_1911_4c46219c","CviMVP_12753","Orrs_Cove_ME_2022-10-31",20,"A11_CviMVP_PlDNA_3_SG_1911_4c46219c","13_A11_CviMVP_PlDNA_3_SG_1911_4c46219c_MSX",2,NA,"Inconclusive",TRUE,0,0
13,"A05","HEX","Unkn-09",NA,0,0,"MSX","A12_CviMVP_PlDNA_3_SG_1338_95293c8f","CviMVP_11083","Mer_GA_2022-7-26",22,"A12_CviMVP_PlDNA_3_SG_1338_95293c8f","13_A12_CviMVP_PlDNA_3_SG_1338_95293c8f_MSX",1,NA,"Negative",FALSE,0,0
13,"A06","HEX","Unkn-09",NA,0,0,"MSX","A12_CviMVP_PlDNA_3_SG_1338_95293c8f","CviMVP_11083","Mer_GA_2022-7-26",22,"A12_CviMVP_PlDNA_3_SG_1338_95293c8f","13_A12_CviMVP_PlDNA_3_SG_1338_95293c8f_MSX",2,NA,"Negative",FALSE,0,0
13,"A07","HEX","Unkn-17",NA,0,0,"MSX","A1_CviMVP_PlDNA_4_SG_1693_d7a2129b","CviMVP_12115","SaLa_GA_2022-10-5",20,"A1_CviMVP_PlDNA_4_SG_1693_d7a2129b","13_A1_CviMVP_PlDNA_4_SG_1693_d7a2129b_MSX",1,NA,"Inconclusive",TRUE,0,0
13,"A08","HEX","Unkn-17",38.07,38.07,0,"MSX","A1_CviMVP_PlDNA_4_SG_1693_d7a2129b","CviMVP_12115","SaLa_GA_2022-10-5",20,"A1_CviMVP_PlDNA_4_SG_1693_d7a2129b","13_A1_CviMVP_PlDNA_4_SG_1693_d7a2129b_MSX",2,NA,"Inconclusive",TRUE,0,0
13,"A09","HEX","Unkn-25",NA,0,0,"MSX","A2_CviMVP_PlDNA_4_SG_1342_d2854e5c","CviMVP_11104","Mer_GA_2022-7-26",19,"A2_CviMVP_PlDNA_4_SG_1342_d2854e5c","13_A2_CviMVP_PlDNA_4_SG_1342_d2854e5c_MSX",1,NA,"Inconclusive",TRUE,0,0
13,"A10","HEX","Unkn-25",39.37,39.37,0,"MSX","A2_CviMVP_PlDNA_4_SG_1342_d2854e5c","CviMVP_11104","Mer_GA_2022-7-26",19,"A2_CviMVP_PlDNA_4_SG_1342_d2854e5c","13_A2_CviMVP_PlDNA_4_SG_1342_d2854e5c_MSX",2,NA,"Inconclusive",TRUE,0,0
13,"B03","HEX","Unkn-02",38.52,38.52,0,"MSX","B11_CviMVP_PlDNA_3_SG_1601_e0aa9062","CviMVP_11844","SawIs_MA_2022-9-5",22,"B11_CviMVP_PlDNA_3_SG_1601_e0aa9062","13_B11_CviMVP_PlDNA_3_SG_1601_e0aa9062_MSX",1,NA,"Inconclusive",TRUE,0,0
13,"B04","HEX","Unkn-02",NA,0,0,"MSX","B11_CviMVP_PlDNA_3_SG_1601_e0aa9062","CviMVP_11844","SawIs_MA_2022-9-5",22,"B11_CviMVP_PlDNA_3_SG_1601_e0aa9062","13_B11_CviMVP_PlDNA_3_SG_1601_e0aa9062_MSX",2,NA,"Inconclusive",TRUE,0,0
13,"B05","HEX","Unkn-10",NA,0,0,"MSX","B12_CviMVP_PlDNA_3_SG_1102_48c637c3","CviMVP_10448","CB_TX_2022-6-9",19,"B12_CviMVP_PlDNA_3_SG_1102_48c637c3","13_B12_CviMVP_PlDNA_3_SG_1102_48c637c3_MSX",1,NA,"Negative",FALSE,0,0
13,"B06","HEX","Unkn-10",NA,0,0,"MSX","B12_CviMVP_PlDNA_3_SG_1102_48c637c3","CviMVP_10448","CB_TX_2022-6-9",19,"B12_CviMVP_PlDNA_3_SG_1102_48c637c3","13_B12_CviMVP_PlDNA_3_SG_1102_48c637c3_MSX",2,NA,"Negative",FALSE,0,0
13,"B07","HEX","Unkn-18",NA,0,0,"MSX","B1_CviMVP_PlDNA_4_SG_1057_08412b0c","CviMVP_10319","OL_MI_SC_2022-5-31",20,"B1_CviMVP_PlDNA_4_SG_1057_08412b0c","13_B1_CviMVP_PlDNA_4_SG_1057_08412b0c_MSX",1,NA,"Negative",FALSE,0,0
13,"B08","HEX","Unkn-18",NA,0,0,"MSX","B1_CviMVP_PlDNA_4_SG_1057_08412b0c","CviMVP_10319","OL_MI_SC_2022-5-31",20,"B1_CviMVP_PlDNA_4_SG_1057_08412b0c","13_B1_CviMVP_PlDNA_4_SG_1057_08412b0c_MSX",2,NA,"Negative",FALSE,0,0
13,"B09","HEX","Unkn-26",NA,0,0,"MSX","C2_CviMVP_PlDNA_4_SG.sharedLotterhosPuritz_1482_55e8412d","CviMVP_11496","NR_NB_RI_2022-8-19",22,"C2_CviMVP_PlDNA_4_SG.sharedLotterhosPuritz_1482_55e8412d","13_C2_CviMVP_PlDNA_4_SG.sharedLotterhosPuritz_1482_55e8412d_MSX",1,NA,"Inconclusive",TRUE,0,0
13,"B10","HEX","Unkn-26",39.42,39.42,0,"MSX","C2_CviMVP_PlDNA_4_SG.sharedLotterhosPuritz_1482_55e8412d","CviMVP_11496","NR_NB_RI_2022-8-19",22,"C2_CviMVP_PlDNA_4_SG.sharedLotterhosPuritz_1482_55e8412d","13_C2_CviMVP_PlDNA_4_SG.sharedLotterhosPuritz_1482_55e8412d_MSX",2,NA,"Inconclusive",TRUE,0,0
13,"B11","HEX","Unkn-33",NA,0,0,"MSX","A3_CviMVP_PlDNA_4_SG.sharedLotterhosPuritz_1771_536699ad","CviMVP_12345","DWS_CB_VA_2022-10-7",20,"A3_CviMVP_PlDNA_4_SG.sharedLotterhosPuritz_1771_536699ad","13_A3_CviMVP_PlDNA_4_SG.sharedLotterhosPuritz_1771_536699ad_MSX",1,NA,"Negative",FALSE,0,0
13,"B12","HEX","Unkn-33",NA,0,0,"MSX","A3_CviMVP_PlDNA_4_SG.sharedLotterhosPuritz_1771_536699ad","CviMVP_12345","DWS_CB_VA_2022-10-7",20,"A3_CviMVP_PlDNA_4_SG.sharedLotterhosPuritz_1771_536699ad","13_A3_CviMVP_PlDNA_4_SG.sharedLotterhosPuritz_1771_536699ad_MSX",2,NA,"Negative",FALSE,0,0
13,"C03","HEX","Unkn-03",NA,0,0,"MSX","C11_CviMVP_PlDNA_3_SG_1330_1af8467d","CviMVP_11059","Mer_GA_2022-7-26",21,"C11_CviMVP_PlDNA_3_SG_1330_1af8467d","13_C11_CviMVP_PlDNA_3_SG_1330_1af8467d_MSX",1,NA,"Negative",FALSE,0,0
13,"C04","HEX","Unkn-03",NA,0,0,"MSX","C11_CviMVP_PlDNA_3_SG_1330_1af8467d","CviMVP_11059","Mer_GA_2022-7-26",21,"C11_CviMVP_PlDNA_3_SG_1330_1af8467d","13_C11_CviMVP_PlDNA_3_SG_1330_1af8467d_MSX",2,NA,"Negative",FALSE,0,0
13,"C05","HEX","Unkn-11",NA,0,0,"MSX","C12_CviMVP_PlDNA_3_SG_1361_9b1f4445","CviMVP_11151","Nickle_Rf_LA_2022-8-1",21,"C12_CviMVP_PlDNA_3_SG_1361_9b1f4445","13_C12_CviMVP_PlDNA_3_SG_1361_9b1f4445_MSX",1,NA,"Negative",FALSE,0,0
13,"C06","HEX","Unkn-11",NA,0,0,"MSX","C12_CviMVP_PlDNA_3_SG_1361_9b1f4445","CviMVP_11151","Nickle_Rf_LA_2022-8-1",21,"C12_CviMVP_PlDNA_3_SG_1361_9b1f4445","13_C12_CviMVP_PlDNA_3_SG_1361_9b1f4445_MSX",2,NA,"Negative",FALSE,0,0
13,"C07","HEX","Unkn-19",NA,0,0,"MSX","C1_CviMVP_PlDNA_4_SG_1205_ae001ab4","CviMVP_10702","TP_TX_2022-6-28",21,"C1_CviMVP_PlDNA_4_SG_1205_ae001ab4","13_C1_CviMVP_PlDNA_4_SG_1205_ae001ab4_MSX",1,NA,"Negative",FALSE,0,0
13,"C08","HEX","Unkn-19",NA,0,0,"MSX","C1_CviMVP_PlDNA_4_SG_1205_ae001ab4","CviMVP_10702","TP_TX_2022-6-28",21,"C1_CviMVP_PlDNA_4_SG_1205_ae001ab4","13_C1_CviMVP_PlDNA_4_SG_1205_ae001ab4_MSX",2,NA,"Negative",FALSE,0,0
13,"C09","HEX","Unkn-27",NA,0,0,"MSX","D2_CviMVP_PlDNA_4_SG.sharedLotterhosPuritz_3056_728390bb","CviMVP_30165","HC_DB_NJ_2022-9-23",18,"D2_CviMVP_PlDNA_4_SG.sharedLotterhosPuritz_3056_728390bb","13_D2_CviMVP_PlDNA_4_SG.sharedLotterhosPuritz_3056_728390bb_MSX",1,NA,"Negative",FALSE,0,0
13,"C10","HEX","Unkn-27",NA,0,0,"MSX","D2_CviMVP_PlDNA_4_SG.sharedLotterhosPuritz_3056_728390bb","CviMVP_30165","HC_DB_NJ_2022-9-23",18,"D2_CviMVP_PlDNA_4_SG.sharedLotterhosPuritz_3056_728390bb","13_D2_CviMVP_PlDNA_4_SG.sharedLotterhosPuritz_3056_728390bb_MSX",2,NA,"Negative",FALSE,0,0
13,"C11","HEX","Unkn-34",NA,0,0,"MSX","B3_CviMVP_PlDNA_4_SG.sharedLotterhosPuritz_3013_33dda8a5","CviMVP_30039","CS_DB_NJ_2022-9-21",21,"B3_CviMVP_PlDNA_4_SG.sharedLotterhosPuritz_3013_33dda8a5","13_B3_CviMVP_PlDNA_4_SG.sharedLotterhosPuritz_3013_33dda8a5_MSX",1,NA,"Negative",FALSE,0,0
13,"C12","HEX","Unkn-34",NA,0,0,"MSX","B3_CviMVP_PlDNA_4_SG.sharedLotterhosPuritz_3013_33dda8a5","CviMVP_30039","CS_DB_NJ_2022-9-21",21,"B3_CviMVP_PlDNA_4_SG.sharedLotterhosPuritz_3013_33dda8a5","13_B3_CviMVP_PlDNA_4_SG.sharedLotterhosPuritz_3013_33dda8a5_MSX",2,NA,"Negative",FALSE,0,0
13,"D03","HEX","Unkn-04",NA,0,0,"MSX","D11_CviMVP_PlDNA_3_SG_1109_d2a7f6ab","CviMVP_10463","CB_TX_2022-6-9",22,"D11_CviMVP_PlDNA_3_SG_1109_d2a7f6ab","13_D11_CviMVP_PlDNA_3_SG_1109_d2a7f6ab_MSX",1,NA,"Negative",FALSE,0,0
13,"D04","HEX","Unkn-04",NA,0,0,"MSX","D11_CviMVP_PlDNA_3_SG_1109_d2a7f6ab","CviMVP_10463","CB_TX_2022-6-9",22,"D11_CviMVP_PlDNA_3_SG_1109_d2a7f6ab","13_D11_CviMVP_PlDNA_3_SG_1109_d2a7f6ab_MSX",2,NA,"Negative",FALSE,0,0
13,"D05","HEX","Unkn-12",NA,0,0,"MSX","D12_CviMVP_PlDNA_3_SG_1829_bda513f5","CviMVP_12515","PrEdIs_CN_A_2022-10-18",20,"D12_CviMVP_PlDNA_3_SG_1829_bda513f5","13_D12_CviMVP_PlDNA_3_SG_1829_bda513f5_MSX",1,NA,"Negative",FALSE,0,0
13,"D06","HEX","Unkn-12",NA,0,0,"MSX","D12_CviMVP_PlDNA_3_SG_1829_bda513f5","CviMVP_12515","PrEdIs_CN_A_2022-10-18",20,"D12_CviMVP_PlDNA_3_SG_1829_bda513f5","13_D12_CviMVP_PlDNA_3_SG_1829_bda513f5_MSX",2,NA,"Negative",FALSE,0,0
13,"D07","HEX","Unkn-20",NA,0,0,"MSX","D1_CviMVP_PlDNA_4_SG_1638_de9fb8f5","CviMVP_11954","SaltBay_Canada_2022-9-27",19,"D1_CviMVP_PlDNA_4_SG_1638_de9fb8f5","13_D1_CviMVP_PlDNA_4_SG_1638_de9fb8f5_MSX",1,NA,"Negative",FALSE,0,0
13,"D08","HEX","Unkn-20",NA,0,0,"MSX","D1_CviMVP_PlDNA_4_SG_1638_de9fb8f5","CviMVP_11954","SaltBay_Canada_2022-9-27",19,"D1_CviMVP_PlDNA_4_SG_1638_de9fb8f5","13_D1_CviMVP_PlDNA_4_SG_1638_de9fb8f5_MSX",2,NA,"Negative",FALSE,0,0
13,"D09","HEX","Unkn-28",24.6,24.65,2e-05,"MSX","E2_CviMVP_PlDNA_4_SG_1917_af7a792d","CviMVP_12770","Orrs_Cove_ME_2022-10-31",20,"E2_CviMVP_PlDNA_4_SG_1917_af7a792d","13_E2_CviMVP_PlDNA_4_SG_1917_af7a792d_MSX",1,0.0999999999999979,"Positive",FALSE,7810.534,2
13,"D10","HEX","Unkn-28",24.7,24.65,2e-05,"MSX","E2_CviMVP_PlDNA_4_SG_1917_af7a792d","CviMVP_12770","Orrs_Cove_ME_2022-10-31",20,"E2_CviMVP_PlDNA_4_SG_1917_af7a792d","13_E2_CviMVP_PlDNA_4_SG_1917_af7a792d_MSX",2,0.0999999999999979,"Positive",FALSE,7810.534,2
13,"D11","HEX","Unkn-35",24.01,23.85,3e-05,"MSX","C3_CviMVP_PlDNA_4_SG_1148_e01548b2","CviMVP_10552","FP_Sav_GA_2022-6-10",22,"C3_CviMVP_PlDNA_4_SG_1148_e01548b2","13_C3_CviMVP_PlDNA_4_SG_1148_e01548b2_MSX",1,0.330000000000002,"Positive",FALSE,10650.7281818182,3
13,"D12","HEX","Unkn-35",23.68,23.85,3e-05,"MSX","C3_CviMVP_PlDNA_4_SG_1148_e01548b2","CviMVP_10552","FP_Sav_GA_2022-6-10",22,"C3_CviMVP_PlDNA_4_SG_1148_e01548b2","13_C3_CviMVP_PlDNA_4_SG_1148_e01548b2_MSX",2,0.330000000000002,"Positive",FALSE,10650.7281818182,3
13,"E03","HEX","Unkn-05",NA,0,0,"MSX","F11_CviMVP_PlDNA_3_SG.sharedLotterhosPuritz_1745_f187941c","CviMVP_12267","WS_CB_VA_2022-10-7",22,"F11_CviMVP_PlDNA_3_SG.sharedLotterhosPuritz_1745_f187941c","13_F11_CviMVP_PlDNA_3_SG.sharedLotterhosPuritz_1745_f187941c_MSX",1,NA,"Negative",FALSE,0,0
13,"E04","HEX","Unkn-05",NA,0,0,"MSX","F11_CviMVP_PlDNA_3_SG.sharedLotterhosPuritz_1745_f187941c","CviMVP_12267","WS_CB_VA_2022-10-7",22,"F11_CviMVP_PlDNA_3_SG.sharedLotterhosPuritz_1745_f187941c","13_F11_CviMVP_PlDNA_3_SG.sharedLotterhosPuritz_1745_f187941c_MSX",2,NA,"Negative",FALSE,0,0
13,"E05","HEX","Unkn-13",NA,0,0,"MSX","E12_CviMVP_PlDNA_3_SG_1175_7417dc30","CviMVP_10615","Culch_Ba_LA_2022-6-21",18,"E12_CviMVP_PlDNA_3_SG_1175_7417dc30","13_E12_CviMVP_PlDNA_3_SG_1175_7417dc30_MSX",1,NA,"Negative",FALSE,0,0
13,"E06","HEX","Unkn-13",NA,0,0,"MSX","E12_CviMVP_PlDNA_3_SG_1175_7417dc30","CviMVP_10615","Culch_Ba_LA_2022-6-21",18,"E12_CviMVP_PlDNA_3_SG_1175_7417dc30","13_E12_CviMVP_PlDNA_3_SG_1175_7417dc30_MSX",2,NA,"Negative",FALSE,0,0
13,"E07","HEX","Unkn-21",39.48,39.48,0,"MSX","E1_CviMVP_PlDNA_4_SG_1645_2fe33d1c","CviMVP_11975","SaltBay_Canada_2022-9-27",22,"E1_CviMVP_PlDNA_4_SG_1645_2fe33d1c","13_E1_CviMVP_PlDNA_4_SG_1645_2fe33d1c_MSX",1,NA,"Inconclusive",TRUE,0,0
13,"E08","HEX","Unkn-21",NA,0,0,"MSX","E1_CviMVP_PlDNA_4_SG_1645_2fe33d1c","CviMVP_11975","SaltBay_Canada_2022-9-27",22,"E1_CviMVP_PlDNA_4_SG_1645_2fe33d1c","13_E1_CviMVP_PlDNA_4_SG_1645_2fe33d1c_MSX",2,NA,"Inconclusive",TRUE,0,0
13,"E09","HEX","Unkn-29",NA,0,0,"MSX","F2_CviMVP_PlDNA_4_SG_1123_53aae46e","CviMVP_10492","CB_TX_2022-6-9",20,"F2_CviMVP_PlDNA_4_SG_1123_53aae46e","13_F2_CviMVP_PlDNA_4_SG_1123_53aae46e_MSX",1,NA,"Negative",FALSE,0,0
13,"E10","HEX","Unkn-29",NA,0,0,"MSX","F2_CviMVP_PlDNA_4_SG_1123_53aae46e","CviMVP_10492","CB_TX_2022-6-9",20,"F2_CviMVP_PlDNA_4_SG_1123_53aae46e","13_F2_CviMVP_PlDNA_4_SG_1123_53aae46e_MSX",2,NA,"Negative",FALSE,0,0
13,"E11","HEX","Unkn-36",28.59,28.71,0,"MSX","D3_CviMVP_PlDNA_4_SG_1311_59f9dad6","CviMVP_11003","Sapelo_Is_GA_2022-7-17",19,"D3_CviMVP_PlDNA_4_SG_1311_59f9dad6","13_D3_CviMVP_PlDNA_4_SG_1311_59f9dad6_MSX",1,0.23,"Positive",FALSE,0,0
13,"E12","HEX","Unkn-36",28.82,28.71,0,"MSX","D3_CviMVP_PlDNA_4_SG_1311_59f9dad6","CviMVP_11003","Sapelo_Is_GA_2022-7-17",19,"D3_CviMVP_PlDNA_4_SG_1311_59f9dad6","13_D3_CviMVP_PlDNA_4_SG_1311_59f9dad6_MSX",2,0.23,"Positive",FALSE,0,0
13,"F03","HEX","Unkn-06",NA,0,0,"MSX","G11_CviMVP_PlDNA_3_SG_1097_01d67bb5","CviMVP_10438","GalBay_TX_2022-6-2",18,"G11_CviMVP_PlDNA_3_SG_1097_01d67bb5","13_G11_CviMVP_PlDNA_3_SG_1097_01d67bb5_MSX",1,NA,"Negative",FALSE,0,0
13,"F04","HEX","Unkn-06",NA,0,0,"MSX","G11_CviMVP_PlDNA_3_SG_1097_01d67bb5","CviMVP_10438","GalBay_TX_2022-6-2",18,"G11_CviMVP_PlDNA_3_SG_1097_01d67bb5","13_G11_CviMVP_PlDNA_3_SG_1097_01d67bb5_MSX",2,NA,"Negative",FALSE,0,0
13,"F05","HEX","Unkn-14",NA,0,0,"MSX","F12_CviMVP_PlDNA_3_SG.sharedLotterhosPuritz_1719_c3f350c9","CviMVP_12190","WS_CB_VA_2022-10-7",22,"F12_CviMVP_PlDNA_3_SG.sharedLotterhosPuritz_1719_c3f350c9","13_F12_CviMVP_PlDNA_3_SG.sharedLotterhosPuritz_1719_c3f350c9_MSX",1,NA,"Negative",FALSE,0,0
13,"F06","HEX","Unkn-14",NA,0,0,"MSX","F12_CviMVP_PlDNA_3_SG.sharedLotterhosPuritz_1719_c3f350c9","CviMVP_12190","WS_CB_VA_2022-10-7",22,"F12_CviMVP_PlDNA_3_SG.sharedLotterhosPuritz_1719_c3f350c9","13_F12_CviMVP_PlDNA_3_SG.sharedLotterhosPuritz_1719_c3f350c9_MSX",2,NA,"Negative",FALSE,0,0
13,"F07","HEX","Unkn-22",32.42,32.4,0,"MSX","F1_CviMVP_PlDNA_4_SG_1336_9bdae747","CviMVP_11077","Mer_GA_2022-7-26",18,"F1_CviMVP_PlDNA_4_SG_1336_9bdae747","13_F1_CviMVP_PlDNA_4_SG_1336_9bdae747_MSX",1,0.0399999999999991,"Positive",FALSE,0,0
13,"F08","HEX","Unkn-22",32.38,32.4,0,"MSX","F1_CviMVP_PlDNA_4_SG_1336_9bdae747","CviMVP_11077","Mer_GA_2022-7-26",18,"F1_CviMVP_PlDNA_4_SG_1336_9bdae747","13_F1_CviMVP_PlDNA_4_SG_1336_9bdae747_MSX",2,0.0399999999999991,"Positive",FALSE,0,0
13,"F09","HEX","Unkn-30",NA,0,0,"MSX","F10_CviMVP_PlDNA_3_SG.sharedLotterhosPuritz_3015_1562c46c","CviMVP_30045","CS_DB_NJ_2022-9-21",22,"F10_CviMVP_PlDNA_3_SG.sharedLotterhosPuritz_3015_1562c46c","13_F10_CviMVP_PlDNA_3_SG.sharedLotterhosPuritz_3015_1562c46c_MSX",1,NA,"Negative",FALSE,0,0
13,"F10","HEX","Unkn-30",NA,0,0,"MSX","F10_CviMVP_PlDNA_3_SG.sharedLotterhosPuritz_3015_1562c46c","CviMVP_30045","CS_DB_NJ_2022-9-21",22,"F10_CviMVP_PlDNA_3_SG.sharedLotterhosPuritz_3015_1562c46c","13_F10_CviMVP_PlDNA_3_SG.sharedLotterhosPuritz_3015_1562c46c_MSX",2,NA,"Negative",FALSE,0,0
13,"F11","HEX","Unkn-37",39.09,38.61,0,"MSX","E3_CviMVP_PlDNA_4_SG_1553_e2b0c8f8","CviMVP_11707","CPR_MS_AL_2022-8-24",22,"E3_CviMVP_PlDNA_4_SG_1553_e2b0c8f8","13_E3_CviMVP_PlDNA_4_SG_1553_e2b0c8f8_MSX",1,0.950000000000003,"Positive",FALSE,0,0
13,"F12","HEX","Unkn-37",38.14,38.61,0,"MSX","E3_CviMVP_PlDNA_4_SG_1553_e2b0c8f8","CviMVP_11707","CPR_MS_AL_2022-8-24",22,"E3_CviMVP_PlDNA_4_SG_1553_e2b0c8f8","13_E3_CviMVP_PlDNA_4_SG_1553_e2b0c8f8_MSX",2,0.950000000000003,"Positive",FALSE,0,0
13,"G03","HEX","Unkn-07",NA,0,0,"MSX","H11_CviMVP_PlDNA_3_SG_1130_d4280f98","CviMVP_10506","FP_Sav_GA_2022-6-10",21,"H11_CviMVP_PlDNA_3_SG_1130_d4280f98","13_H11_CviMVP_PlDNA_3_SG_1130_d4280f98_MSX",1,NA,"Negative",FALSE,0,0
13,"G04","HEX","Unkn-07",NA,0,0,"MSX","H11_CviMVP_PlDNA_3_SG_1130_d4280f98","CviMVP_10506","FP_Sav_GA_2022-6-10",21,"H11_CviMVP_PlDNA_3_SG_1130_d4280f98","13_H11_CviMVP_PlDNA_3_SG_1130_d4280f98_MSX",2,NA,"Negative",FALSE,0,0
13,"G05","HEX","Unkn-15",NA,0,0,"MSX","G12_CviMVP_PlDNA_3_SG_1194_879483b0","CviMVP_10670","Culch_Ba_LA_2022-6-21",22,"G12_CviMVP_PlDNA_3_SG_1194_879483b0","13_G12_CviMVP_PlDNA_3_SG_1194_879483b0_MSX",1,NA,"Negative",FALSE,0,0
13,"G06","HEX","Unkn-15",NA,0,0,"MSX","G12_CviMVP_PlDNA_3_SG_1194_879483b0","CviMVP_10670","Culch_Ba_LA_2022-6-21",22,"G12_CviMVP_PlDNA_3_SG_1194_879483b0","13_G12_CviMVP_PlDNA_3_SG_1194_879483b0_MSX",2,NA,"Negative",FALSE,0,0
13,"G07","HEX","Unkn-23",NA,0,0,"MSX","G5_CviMVP_PlDNA_3_SG_1204_0821edd3","CviMVP_10699","TP_TX_2022-6-28",22,"G5_CviMVP_PlDNA_3_SG_1204_0821edd3","13_G5_CviMVP_PlDNA_3_SG_1204_0821edd3_MSX",1,NA,"Negative",FALSE,0,0
13,"G08","HEX","Unkn-23",NA,0,0,"MSX","G5_CviMVP_PlDNA_3_SG_1204_0821edd3","CviMVP_10699","TP_TX_2022-6-28",22,"G5_CviMVP_PlDNA_3_SG_1204_0821edd3","13_G5_CviMVP_PlDNA_3_SG_1204_0821edd3_MSX",2,NA,"Negative",FALSE,0,0
13,"G09","HEX","Unkn-31",34.61,34.83,0,"MSX","G10_CviMVP_PlDNA_3_SG_1324_0c891359","CviMVP_11042","Mer_GA_2022-7-26",20,"G10_CviMVP_PlDNA_3_SG_1324_0c891359","13_G10_CviMVP_PlDNA_3_SG_1324_0c891359_MSX",1,0.43,"Positive",FALSE,0,0
13,"G10","HEX","Unkn-31",35.04,34.83,0,"MSX","G10_CviMVP_PlDNA_3_SG_1324_0c891359","CviMVP_11042","Mer_GA_2022-7-26",20,"G10_CviMVP_PlDNA_3_SG_1324_0c891359","13_G10_CviMVP_PlDNA_3_SG_1324_0c891359_MSX",2,0.43,"Positive",FALSE,0,0
13,"H03","HEX","Unkn-08",NA,0,0,"MSX","H5_CviMVP_PlDNA_4_SG_1294_d8ad56d2","CviMVP_10952","Sapelo_Is_GA_2022-7-17",21,"H5_CviMVP_PlDNA_4_SG_1294_d8ad56d2","13_H5_CviMVP_PlDNA_4_SG_1294_d8ad56d2_MSX",1,NA,"Negative",FALSE,0,0
13,"H04","HEX","Unkn-08",NA,0,0,"MSX","H5_CviMVP_PlDNA_4_SG_1294_d8ad56d2","CviMVP_10952","Sapelo_Is_GA_2022-7-17",21,"H5_CviMVP_PlDNA_4_SG_1294_d8ad56d2","13_H5_CviMVP_PlDNA_4_SG_1294_d8ad56d2_MSX",2,NA,"Negative",FALSE,0,0
13,"H05","HEX","Unkn-16",NA,0,0,"MSX","H12_CviMVP_PlDNA_3_SG.sharedLotterhosPuritz_3021_448ac77f","CviMVP_30063","CS_DB_NJ_2022-9-21",19,"H12_CviMVP_PlDNA_3_SG.sharedLotterhosPuritz_3021_448ac77f","13_H12_CviMVP_PlDNA_3_SG.sharedLotterhosPuritz_3021_448ac77f_MSX",1,NA,"Negative",FALSE,0,0
13,"H06","HEX","Unkn-16",NA,0,0,"MSX","H12_CviMVP_PlDNA_3_SG.sharedLotterhosPuritz_3021_448ac77f","CviMVP_30063","CS_DB_NJ_2022-9-21",19,"H12_CviMVP_PlDNA_3_SG.sharedLotterhosPuritz_3021_448ac77f","13_H12_CviMVP_PlDNA_3_SG.sharedLotterhosPuritz_3021_448ac77f_MSX",2,NA,"Negative",FALSE,0,0
13,"H07","HEX","Unkn-24",NA,0,0,"MSX","H5_CviMVP_PlDNA_3_SG_1634_af27b8b9","CviMVP_11942","SaltBay_Canada_2022-9-27",21,"H5_CviMVP_PlDNA_3_SG_1634_af27b8b9","13_H5_CviMVP_PlDNA_3_SG_1634_af27b8b9_MSX",1,NA,"Negative",FALSE,0,0
13,"H08","HEX","Unkn-24",NA,0,0,"MSX","H5_CviMVP_PlDNA_3_SG_1634_af27b8b9","CviMVP_11942","SaltBay_Canada_2022-9-27",21,"H5_CviMVP_PlDNA_3_SG_1634_af27b8b9","13_H5_CviMVP_PlDNA_3_SG_1634_af27b8b9_MSX",2,NA,"Negative",FALSE,0,0
13,"H09","HEX","Unkn-32",NA,0,0,"MSX","H10_CviMVP_PlDNA_3_SG.sharedLotterhosPuritz_3053_b1bf0ddb","CviMVP_30156","HC_DB_NJ_2022-9-23",21,"H10_CviMVP_PlDNA_3_SG.sharedLotterhosPuritz_3053_b1bf0ddb","13_H10_CviMVP_PlDNA_3_SG.sharedLotterhosPuritz_3053_b1bf0ddb_MSX",1,NA,"Negative",FALSE,0,0
13,"H10","HEX","Unkn-32",NA,0,0,"MSX","H10_CviMVP_PlDNA_3_SG.sharedLotterhosPuritz_3053_b1bf0ddb","CviMVP_30156","HC_DB_NJ_2022-9-23",21,"H10_CviMVP_PlDNA_3_SG.sharedLotterhosPuritz_3053_b1bf0ddb","13_H10_CviMVP_PlDNA_3_SG.sharedLotterhosPuritz_3053_b1bf0ddb_MSX",2,NA,"Negative",FALSE,0,0
14,"A03","FAM","Unkn-01",31.55,31.55,0,"Dermo","B1_CviMVP_PlDNA_7_SG_1295_57606ad7","CviMVP_10957","Sapelo_Is_GA_2022-7-17",20,"B1_CviMVP_PlDNA_7_SG_1295_57606ad7","14_B1_CviMVP_PlDNA_7_SG_1295_57606ad7_Dermo",1,0.00999999999999801,"Positive",FALSE,0,0
14,"A04","FAM","Unkn-01",31.56,31.55,0,"Dermo","B1_CviMVP_PlDNA_7_SG_1295_57606ad7","CviMVP_10957","Sapelo_Is_GA_2022-7-17",20,"B1_CviMVP_PlDNA_7_SG_1295_57606ad7","14_B1_CviMVP_PlDNA_7_SG_1295_57606ad7_Dermo",2,0.00999999999999801,"Positive",FALSE,0,0
14,"A05","FAM","Unkn-09",23.4,23.39,2e-05,"Dermo","A12_CviMVP_PlDNA_7_SG_1416_1225a415","CviMVP_11305","GriceCove_SC_2022-8-10",18,"A12_CviMVP_PlDNA_7_SG_1416_1225a415","14_A12_CviMVP_PlDNA_7_SG_1416_1225a415_Dermo",1,0.00999999999999801,"Positive",FALSE,7748.30666666667,2
14,"A06","FAM","Unkn-09",23.39,23.39,2e-05,"Dermo","A12_CviMVP_PlDNA_7_SG_1416_1225a415","CviMVP_11305","GriceCove_SC_2022-8-10",18,"A12_CviMVP_PlDNA_7_SG_1416_1225a415","14_A12_CviMVP_PlDNA_7_SG_1416_1225a415_Dermo",2,0.00999999999999801,"Positive",FALSE,7748.30666666667,2
14,"A07","FAM","Unkn-17",NA,0,0,"Dermo","C11_CviMVP_PlDNA_8_SG_1914_2afde6ae","CviMVP_12768","Orrs_Cove_ME_2022-10-31",23,"C11_CviMVP_PlDNA_8_SG_1914_2afde6ae","14_C11_CviMVP_PlDNA_8_SG_1914_2afde6ae_Dermo",1,NA,"Negative",FALSE,0,0
14,"A08","FAM","Unkn-17",NA,0,0,"Dermo","C11_CviMVP_PlDNA_8_SG_1914_2afde6ae","CviMVP_12768","Orrs_Cove_ME_2022-10-31",23,"C11_CviMVP_PlDNA_8_SG_1914_2afde6ae","14_C11_CviMVP_PlDNA_8_SG_1914_2afde6ae_Dermo",2,NA,"Negative",FALSE,0,0
14,"A09","FAM","Unkn-25",38.01,37.81,0,"Dermo",NA,NA,NA,20,"row_7","14_row_7_Dermo",1,NA,"Inconclusive",TRUE,0,0
14,"A10","FAM","Unkn-25",37.6,37.81,0,"Dermo",NA,NA,NA,20,"row_8","14_row_8_Dermo",1,NA,"Inconclusive",TRUE,0,0
14,"B03","FAM","Unkn-02",28.37,28.37,0,"Dermo","D1_CviMVP_PlDNA_7_SG.sharedLotterhosPuritz_1739_86d6dd29","CviMVP_12250","WS_CB_VA_2022-10-7",20,"D1_CviMVP_PlDNA_7_SG.sharedLotterhosPuritz_1739_86d6dd29","14_D1_CviMVP_PlDNA_7_SG.sharedLotterhosPuritz_1739_86d6dd29_Dermo",1,0.0100000000000016,"Positive",FALSE,0,0
14,"B04","FAM","Unkn-02",28.36,28.37,0,"Dermo","D1_CviMVP_PlDNA_7_SG.sharedLotterhosPuritz_1739_86d6dd29","CviMVP_12250","WS_CB_VA_2022-10-7",20,"D1_CviMVP_PlDNA_7_SG.sharedLotterhosPuritz_1739_86d6dd29","14_D1_CviMVP_PlDNA_7_SG.sharedLotterhosPuritz_1739_86d6dd29_Dermo",2,0.0100000000000016,"Positive",FALSE,0,0
14,"B05","FAM","Unkn-10",33.95,34,0,"Dermo","C12_CviMVP_PlDNA_7_SG.sharedLotterhosPuritz_1529_cea1f7ed","CviMVP_11635","DC_NB_RI_2022-8-19",20,"C12_CviMVP_PlDNA_7_SG.sharedLotterhosPuritz_1529_cea1f7ed","14_C12_CviMVP_PlDNA_7_SG.sharedLotterhosPuritz_1529_cea1f7ed_Dermo",1,0.0899999999999963,"Positive",FALSE,0,0
14,"B06","FAM","Unkn-10",34.04,34,0,"Dermo","C12_CviMVP_PlDNA_7_SG.sharedLotterhosPuritz_1529_cea1f7ed","CviMVP_11635","DC_NB_RI_2022-8-19",20,"C12_CviMVP_PlDNA_7_SG.sharedLotterhosPuritz_1529_cea1f7ed","14_C12_CviMVP_PlDNA_7_SG.sharedLotterhosPuritz_1529_cea1f7ed_Dermo",2,0.0899999999999963,"Positive",FALSE,0,0
14,"B07","FAM","Unkn-18",27.31,27.29,0,"Dermo","D11_CviMVP_PlDNA_8_SG_1792_ce78a1ce","CviMVP_12408","NPS_PS_NC_2022-10-12",22,"D11_CviMVP_PlDNA_8_SG_1792_ce78a1ce","14_D11_CviMVP_PlDNA_8_SG_1792_ce78a1ce_Dermo",1,0.0499999999999972,"Positive",FALSE,0,0
14,"B08","FAM","Unkn-18",27.26,27.29,0,"Dermo","D11_CviMVP_PlDNA_8_SG_1792_ce78a1ce","CviMVP_12408","NPS_PS_NC_2022-10-12",22,"D11_CviMVP_PlDNA_8_SG_1792_ce78a1ce","14_D11_CviMVP_PlDNA_8_SG_1792_ce78a1ce_Dermo",2,0.0499999999999972,"Positive",FALSE,0,0
14,"B09","FAM","Unkn-26",33.71,33.96,0,"Dermo","E10_CviMVP_PlDNA_8_SG_1928_e5d81d6d","CviMVP_12803","UNCW_MS_NC_2023-7-17",18,"E10_CviMVP_PlDNA_8_SG_1928_e5d81d6d","14_E10_CviMVP_PlDNA_8_SG_1928_e5d81d6d_Dermo",1,0.509999999999998,"Positive",FALSE,0,0
14,"B10","FAM","Unkn-26",34.22,33.96,0,"Dermo","E10_CviMVP_PlDNA_8_SG_1928_e5d81d6d","CviMVP_12803","UNCW_MS_NC_2023-7-17",18,"E10_CviMVP_PlDNA_8_SG_1928_e5d81d6d","14_E10_CviMVP_PlDNA_8_SG_1928_e5d81d6d_Dermo",2,0.509999999999998,"Positive",FALSE,0,0
14,"B11","FAM","Unkn-33",35.29,35.01,0,"Dermo","A10_CviMVP_PlDNA_8_SG.sharedLotterhosPuritz_1777_59910a02","CviMVP_12363","DWS_CB_VA_2022-10-7",20,"A10_CviMVP_PlDNA_8_SG.sharedLotterhosPuritz_1777_59910a02","14_A10_CviMVP_PlDNA_8_SG.sharedLotterhosPuritz_1777_59910a02_Dermo",1,0.560000000000002,"Positive",FALSE,0,0
14,"B12","FAM","Unkn-33",34.73,35.01,0,"Dermo","A10_CviMVP_PlDNA_8_SG.sharedLotterhosPuritz_1777_59910a02","CviMVP_12363","DWS_CB_VA_2022-10-7",20,"A10_CviMVP_PlDNA_8_SG.sharedLotterhosPuritz_1777_59910a02","14_A10_CviMVP_PlDNA_8_SG.sharedLotterhosPuritz_1777_59910a02_Dermo",2,0.560000000000002,"Positive",FALSE,0,0
14,"C03","FAM","Unkn-03",27.98,27.97,0,"Dermo","E1_CviMVP_PlDNA_7_SG_1572_cb4e0fea","CviMVP_11762","KP_FGR_FL_2022-8-23",20,"E1_CviMVP_PlDNA_7_SG_1572_cb4e0fea","14_E1_CviMVP_PlDNA_7_SG_1572_cb4e0fea_Dermo",1,0.0199999999999996,"Positive",FALSE,0,0
14,"C04","FAM","Unkn-03",27.96,27.97,0,"Dermo","E1_CviMVP_PlDNA_7_SG_1572_cb4e0fea","CviMVP_11762","KP_FGR_FL_2022-8-23",20,"E1_CviMVP_PlDNA_7_SG_1572_cb4e0fea","14_E1_CviMVP_PlDNA_7_SG_1572_cb4e0fea_Dermo",2,0.0199999999999996,"Positive",FALSE,0,0
14,"C05","FAM","Unkn-11",NA,0,0,"Dermo","G12_CviMVP_PlDNA_7_SG_1016_32ac523d","CviMVP_10033","LakeFortuna_LA_2022-5-11",20,"G12_CviMVP_PlDNA_7_SG_1016_32ac523d","14_G12_CviMVP_PlDNA_7_SG_1016_32ac523d_Dermo",1,NA,"Inconclusive",TRUE,0,0
14,"C06","FAM","Unkn-11",38.26,38.26,0,"Dermo","G12_CviMVP_PlDNA_7_SG_1016_32ac523d","CviMVP_10033","LakeFortuna_LA_2022-5-11",20,"G12_CviMVP_PlDNA_7_SG_1016_32ac523d","14_G12_CviMVP_PlDNA_7_SG_1016_32ac523d_Dermo",2,NA,"Inconclusive",TRUE,0,0
14,"C07","FAM","Unkn-19",26.37,26.31,0,"Dermo","E11_CviMVP_PlDNA_8_SG_1951_9c0cb988","CviMVP_12872","UNCW_MS_NC_2023-7-17",21,"E11_CviMVP_PlDNA_8_SG_1951_9c0cb988","14_E11_CviMVP_PlDNA_8_SG_1951_9c0cb988_Dermo",1,0.130000000000003,"Positive",FALSE,0,0
14,"C08","FAM","Unkn-19",26.24,26.31,0,"Dermo","E11_CviMVP_PlDNA_8_SG_1951_9c0cb988","CviMVP_12872","UNCW_MS_NC_2023-7-17",21,"E11_CviMVP_PlDNA_8_SG_1951_9c0cb988","14_E11_CviMVP_PlDNA_8_SG_1951_9c0cb988_Dermo",2,0.130000000000003,"Positive",FALSE,0,0
14,"C09","FAM","Unkn-27",NA,0,0,"Dermo","F10_CviMVP_PlDNA_8_SG.sharedLotterhosPuritz_3024_46a33a07","CviMVP_30072","CS_DB_NJ_2022-9-21",22,"F10_CviMVP_PlDNA_8_SG.sharedLotterhosPuritz_3024_46a33a07","14_F10_CviMVP_PlDNA_8_SG.sharedLotterhosPuritz_3024_46a33a07_Dermo",1,NA,"Negative",FALSE,0,0
14,"C10","FAM","Unkn-27",NA,0,0,"Dermo","F10_CviMVP_PlDNA_8_SG.sharedLotterhosPuritz_3024_46a33a07","CviMVP_30072","CS_DB_NJ_2022-9-21",22,"F10_CviMVP_PlDNA_8_SG.sharedLotterhosPuritz_3024_46a33a07","14_F10_CviMVP_PlDNA_8_SG.sharedLotterhosPuritz_3024_46a33a07_Dermo",2,NA,"Negative",FALSE,0,0
14,"C11","FAM","Unkn-34",31.25,31.27,0,"Dermo","B10_CviMVP_PlDNA_8_SG_1983_1d443376","CviMVP_12968","FFJ_CF_NC_2023-7-19",20,"B10_CviMVP_PlDNA_8_SG_1983_1d443376","14_B10_CviMVP_PlDNA_8_SG_1983_1d443376_Dermo",1,0.0399999999999991,"Positive",FALSE,0,0
14,"C12","FAM","Unkn-34",31.29,31.27,0,"Dermo","B10_CviMVP_PlDNA_8_SG_1983_1d443376","CviMVP_12968","FFJ_CF_NC_2023-7-19",20,"B10_CviMVP_PlDNA_8_SG_1983_1d443376","14_B10_CviMVP_PlDNA_8_SG_1983_1d443376_Dermo",2,0.0399999999999991,"Positive",FALSE,0,0
14,"D03","FAM","Unkn-04",37.9,38.02,0,"Dermo","G1_CviMVP_PlDNA_7_SG_1134_4679beda","CviMVP_10514","FP_Sav_GA_2022-6-10",20,"G1_CviMVP_PlDNA_7_SG_1134_4679beda","14_G1_CviMVP_PlDNA_7_SG_1134_4679beda_Dermo",1,0.240000000000002,"Positive",FALSE,0,0
14,"D04","FAM","Unkn-04",38.14,38.02,0,"Dermo","G1_CviMVP_PlDNA_7_SG_1134_4679beda","CviMVP_10514","FP_Sav_GA_2022-6-10",20,"G1_CviMVP_PlDNA_7_SG_1134_4679beda","14_G1_CviMVP_PlDNA_7_SG_1134_4679beda_Dermo",2,0.240000000000002,"Positive",FALSE,0,0
14,"D05","FAM","Unkn-12",29.41,29.44,0,"Dermo","E10_CviMVP_PlDNA_7_SG_1167_666608b2","CviMVP_10596","SkR_GA_2022-6-14",21,"E10_CviMVP_PlDNA_7_SG_1167_666608b2","14_E10_CviMVP_PlDNA_7_SG_1167_666608b2_Dermo",1,0.0599999999999987,"Positive",FALSE,0,0
14,"D06","FAM","Unkn-12",29.47,29.44,0,"Dermo","E10_CviMVP_PlDNA_7_SG_1167_666608b2","CviMVP_10596","SkR_GA_2022-6-14",21,"E10_CviMVP_PlDNA_7_SG_1167_666608b2","14_E10_CviMVP_PlDNA_7_SG_1167_666608b2_Dermo",2,0.0599999999999987,"Positive",FALSE,0,0
14,"D07","FAM","Unkn-20",NA,0,0,"Dermo","F11_CviMVP_PlDNA_8_SG_1837_3e5f9953","CviMVP_12535","PrEdIs_CN_A_2022-10-18",21,"F11_CviMVP_PlDNA_8_SG_1837_3e5f9953","14_F11_CviMVP_PlDNA_8_SG_1837_3e5f9953_Dermo",1,NA,"Inconclusive",TRUE,0,0
14,"D08","FAM","Unkn-20",39.84,39.84,0,"Dermo","F11_CviMVP_PlDNA_8_SG_1837_3e5f9953","CviMVP_12535","PrEdIs_CN_A_2022-10-18",21,"F11_CviMVP_PlDNA_8_SG_1837_3e5f9953","14_F11_CviMVP_PlDNA_8_SG_1837_3e5f9953_Dermo",2,NA,"Inconclusive",TRUE,0,0
14,"D09","FAM","Unkn-28",25.46,25.37,1e-05,"Dermo","G10_CviMVP_PlDNA_8_SG_1044_2065a9df","CviMVP_10285","OL_MI_SC_2022-5-31",19,"G10_CviMVP_PlDNA_8_SG_1044_2065a9df","14_G10_CviMVP_PlDNA_8_SG_1044_2065a9df_Dermo",1,0.18,"Positive",FALSE,3670.25052631579,2
14,"D10","FAM","Unkn-28",25.28,25.37,1e-05,"Dermo","G10_CviMVP_PlDNA_8_SG_1044_2065a9df","CviMVP_10285","OL_MI_SC_2022-5-31",19,"G10_CviMVP_PlDNA_8_SG_1044_2065a9df","14_G10_CviMVP_PlDNA_8_SG_1044_2065a9df_Dermo",2,0.18,"Positive",FALSE,3670.25052631579,2
14,"D11","FAM","Unkn-35",32.79,33.13,0,"Dermo","C10_CviMVP_PlDNA_8_SG_1936_1b3e42a8","CviMVP_12827","UNCW_MS_NC_2023-7-17",20,"C10_CviMVP_PlDNA_8_SG_1936_1b3e42a8","14_C10_CviMVP_PlDNA_8_SG_1936_1b3e42a8_Dermo",1,0.68,"Positive",FALSE,0,0
14,"D12","FAM","Unkn-35",33.47,33.13,0,"Dermo","C10_CviMVP_PlDNA_8_SG_1936_1b3e42a8","CviMVP_12827","UNCW_MS_NC_2023-7-17",20,"C10_CviMVP_PlDNA_8_SG_1936_1b3e42a8","14_C10_CviMVP_PlDNA_8_SG_1936_1b3e42a8_Dermo",2,0.68,"Positive",FALSE,0,0
14,"E03","FAM","Unkn-05",27.73,27.69,0,"Dermo","A2_CviMVP_PlDNA_7_SG_1277_56f3e487","CviMVP_10906","LM_TX_2022-7-10",20,"A2_CviMVP_PlDNA_7_SG_1277_56f3e487","14_A2_CviMVP_PlDNA_7_SG_1277_56f3e487_Dermo",1,0.0800000000000018,"Positive",FALSE,0,0
14,"E04","FAM","Unkn-05",27.65,27.69,0,"Dermo","A2_CviMVP_PlDNA_7_SG_1277_56f3e487","CviMVP_10906","LM_TX_2022-7-10",20,"A2_CviMVP_PlDNA_7_SG_1277_56f3e487","14_A2_CviMVP_PlDNA_7_SG_1277_56f3e487_Dermo",2,0.0800000000000018,"Positive",FALSE,0,0
14,"E05","FAM","Unkn-13",NA,0,0,"Dermo","F10_CviMVP_PlDNA_7_SG_1682_9f835dac","CviMVP_12084","EelLake_Canada_2022-9-27",21,"F10_CviMVP_PlDNA_7_SG_1682_9f835dac","14_F10_CviMVP_PlDNA_7_SG_1682_9f835dac_Dermo",1,NA,"Negative",FALSE,0,0
14,"E06","FAM","Unkn-13",NA,0,0,"Dermo","F10_CviMVP_PlDNA_7_SG_1682_9f835dac","CviMVP_12084","EelLake_Canada_2022-9-27",21,"F10_CviMVP_PlDNA_7_SG_1682_9f835dac","14_F10_CviMVP_PlDNA_7_SG_1682_9f835dac_Dermo",2,NA,"Negative",FALSE,0,0
14,"E07","FAM","Unkn-21",34.26,34.3,0,"Dermo","G11_CviMVP_PlDNA_8_SG_1096_6f8b4b94","CviMVP_10435","GalBay_TX_2022-6-2",21,"G11_CviMVP_PlDNA_8_SG_1096_6f8b4b94","14_G11_CviMVP_PlDNA_8_SG_1096_6f8b4b94_Dermo",1,0.0800000000000054,"Positive",FALSE,0,0
14,"E08","FAM","Unkn-21",34.34,34.3,0,"Dermo","G11_CviMVP_PlDNA_8_SG_1096_6f8b4b94","CviMVP_10435","GalBay_TX_2022-6-2",21,"G11_CviMVP_PlDNA_8_SG_1096_6f8b4b94","14_G11_CviMVP_PlDNA_8_SG_1096_6f8b4b94_Dermo",2,0.0800000000000054,"Positive",FALSE,0,0
14,"E09","FAM","Unkn-29",32.43,32.77,0,"Dermo","H10_CviMVP_PlDNA_8_SG_1948_72ad7752","CviMVP_12863","UNCW_MS_NC_2023-7-17",20,"H10_CviMVP_PlDNA_8_SG_1948_72ad7752","14_H10_CviMVP_PlDNA_8_SG_1948_72ad7752_Dermo",1,0.68,"Positive",FALSE,0,0
14,"E10","FAM","Unkn-29",33.11,32.77,0,"Dermo","H10_CviMVP_PlDNA_8_SG_1948_72ad7752","CviMVP_12863","UNCW_MS_NC_2023-7-17",20,"H10_CviMVP_PlDNA_8_SG_1948_72ad7752","14_H10_CviMVP_PlDNA_8_SG_1948_72ad7752_Dermo",2,0.68,"Positive",FALSE,0,0
14,"E11","FAM","Unkn-36",38.57,37.89,0,"Dermo","B12_CviMVP_PlDNA_8_SG_1036_906d5a68","CviMVP_10100","LakeFortuna_LA_2022-5-11",20,"B12_CviMVP_PlDNA_8_SG_1036_906d5a68","14_B12_CviMVP_PlDNA_8_SG_1036_906d5a68_Dermo",1,1.36,"Positive",FALSE,0,0
14,"E12","FAM","Unkn-36",37.21,37.89,0,"Dermo","B12_CviMVP_PlDNA_8_SG_1036_906d5a68","CviMVP_10100","LakeFortuna_LA_2022-5-11",20,"B12_CviMVP_PlDNA_8_SG_1036_906d5a68","14_B12_CviMVP_PlDNA_8_SG_1036_906d5a68_Dermo",2,1.36,"Positive",FALSE,0,0
14,"F03","FAM","Unkn-06",38.57,38.57,0,"Dermo","C2_CviMVP_PlDNA_7_SG_1660_74856262","CviMVP_12019","EelLake_Canada_2022-9-27",20,"C2_CviMVP_PlDNA_7_SG_1660_74856262","14_C2_CviMVP_PlDNA_7_SG_1660_74856262_Dermo",1,NA,"Inconclusive",TRUE,0,0
14,"F04","FAM","Unkn-06",NA,0,0,"Dermo","C2_CviMVP_PlDNA_7_SG_1660_74856262","CviMVP_12019","EelLake_Canada_2022-9-27",20,"C2_CviMVP_PlDNA_7_SG_1660_74856262","14_C2_CviMVP_PlDNA_7_SG_1660_74856262_Dermo",2,NA,"Inconclusive",TRUE,0,0
14,"F05","FAM","Unkn-14",NA,0,0,"Dermo","G10_CviMVP_PlDNA_7_SG_1873_24fd8078","CviMVP_12643","DC_DR_ME_2022-10-25",20,"G10_CviMVP_PlDNA_7_SG_1873_24fd8078","14_G10_CviMVP_PlDNA_7_SG_1873_24fd8078_Dermo",1,NA,"Negative",FALSE,0,0
14,"F06","FAM","Unkn-14",NA,0,0,"Dermo","G10_CviMVP_PlDNA_7_SG_1873_24fd8078","CviMVP_12643","DC_DR_ME_2022-10-25",20,"G10_CviMVP_PlDNA_7_SG_1873_24fd8078","14_G10_CviMVP_PlDNA_7_SG_1873_24fd8078_Dermo",2,NA,"Negative",FALSE,0,0
14,"F07","FAM","Unkn-22",33.58,33.58,0,"Dermo","H11_CviMVP_PlDNA_8_SG_1329_10b5f219","CviMVP_11056","Mer_GA_2022-7-26",22,"H11_CviMVP_PlDNA_8_SG_1329_10b5f219","14_H11_CviMVP_PlDNA_8_SG_1329_10b5f219_Dermo",1,0.0100000000000051,"Positive",FALSE,0,0
14,"F08","FAM","Unkn-22",33.59,33.58,0,"Dermo","H11_CviMVP_PlDNA_8_SG_1329_10b5f219","CviMVP_11056","Mer_GA_2022-7-26",22,"H11_CviMVP_PlDNA_8_SG_1329_10b5f219","14_H11_CviMVP_PlDNA_8_SG_1329_10b5f219_Dermo",2,0.0100000000000051,"Positive",FALSE,0,0
14,"F09","FAM","Unkn-30",25.34,25.25,1e-05,"Dermo","A12_CviMVP_PlDNA_8_SG_1154_0a8fa4a5","CviMVP_10568","SkR_GA_2022-6-14",18,"A12_CviMVP_PlDNA_8_SG_1154_0a8fa4a5","14_A12_CviMVP_PlDNA_8_SG_1154_0a8fa4a5_Dermo",1,0.190000000000001,"Positive",FALSE,3874.15333333333,2
14,"F10","FAM","Unkn-30",25.15,25.25,1e-05,"Dermo","A12_CviMVP_PlDNA_8_SG_1154_0a8fa4a5","CviMVP_10568","SkR_GA_2022-6-14",18,"A12_CviMVP_PlDNA_8_SG_1154_0a8fa4a5","14_A12_CviMVP_PlDNA_8_SG_1154_0a8fa4a5_Dermo",2,0.190000000000001,"Positive",FALSE,3874.15333333333,2
14,"F11","FAM","Unkn-37",27.8,27.65,0,"Dermo","F12_CviMVP_PlDNA_8_SG_1053_950c6b7a","CviMVP_10308","OL_MI_SC_2022-5-31",20,"F12_CviMVP_PlDNA_8_SG_1053_950c6b7a","14_F12_CviMVP_PlDNA_8_SG_1053_950c6b7a_Dermo",1,0.300000000000001,"Positive",FALSE,0,0
14,"F12","FAM","Unkn-37",27.5,27.65,0,"Dermo","F12_CviMVP_PlDNA_8_SG_1053_950c6b7a","CviMVP_10308","OL_MI_SC_2022-5-31",20,"F12_CviMVP_PlDNA_8_SG_1053_950c6b7a","14_F12_CviMVP_PlDNA_8_SG_1053_950c6b7a_Dermo",2,0.300000000000001,"Positive",FALSE,0,0
14,"G03","FAM","Unkn-07",NA,0,0,"Dermo","H2_CviMVP_PlDNA_7_SG.sharedLotterhosPuritz_3016_ae22d219","CviMVP_30048","CS_DB_NJ_2022-9-21",19,"H2_CviMVP_PlDNA_7_SG.sharedLotterhosPuritz_3016_ae22d219","14_H2_CviMVP_PlDNA_7_SG.sharedLotterhosPuritz_3016_ae22d219_Dermo",1,NA,"Inconclusive",TRUE,0,0
14,"G04","FAM","Unkn-07",38.29,38.29,0,"Dermo","H2_CviMVP_PlDNA_7_SG.sharedLotterhosPuritz_3016_ae22d219","CviMVP_30048","CS_DB_NJ_2022-9-21",19,"H2_CviMVP_PlDNA_7_SG.sharedLotterhosPuritz_3016_ae22d219","14_H2_CviMVP_PlDNA_7_SG.sharedLotterhosPuritz_3016_ae22d219_Dermo",2,NA,"Inconclusive",TRUE,0,0
14,"G05","FAM","Unkn-15",29.51,29.68,0,"Dermo","D8_CviMVP_PlDNA_7_SG.sharedLotterhosPuritz_1744_b7a36d63","CviMVP_12264","WS_CB_VA_2022-10-7",21,"D8_CviMVP_PlDNA_7_SG.sharedLotterhosPuritz_1744_b7a36d63","14_D8_CviMVP_PlDNA_7_SG.sharedLotterhosPuritz_1744_b7a36d63_Dermo",1,0.34,"Positive",FALSE,0,0
14,"G06","FAM","Unkn-15",29.85,29.68,0,"Dermo","D8_CviMVP_PlDNA_7_SG.sharedLotterhosPuritz_1744_b7a36d63","CviMVP_12264","WS_CB_VA_2022-10-7",21,"D8_CviMVP_PlDNA_7_SG.sharedLotterhosPuritz_1744_b7a36d63","14_D8_CviMVP_PlDNA_7_SG.sharedLotterhosPuritz_1744_b7a36d63_Dermo",2,0.34,"Positive",FALSE,0,0
14,"G07","FAM","Unkn-23",NA,0,0,"Dermo","A7_CviMVP_PlDNA_7_SG.sharedLotterhosPuritz_1855_c2ef8b63","CviMVP_12589","LCP_UP_MD_2022-10-20",18,"A7_CviMVP_PlDNA_7_SG.sharedLotterhosPuritz_1855_c2ef8b63","14_A7_CviMVP_PlDNA_7_SG.sharedLotterhosPuritz_1855_c2ef8b63_Dermo",1,NA,"Inconclusive",TRUE,0,0
14,"G08","FAM","Unkn-23",38.78,38.78,0,"Dermo","A7_CviMVP_PlDNA_7_SG.sharedLotterhosPuritz_1855_c2ef8b63","CviMVP_12589","LCP_UP_MD_2022-10-20",18,"A7_CviMVP_PlDNA_7_SG.sharedLotterhosPuritz_1855_c2ef8b63","14_A7_CviMVP_PlDNA_7_SG.sharedLotterhosPuritz_1855_c2ef8b63_Dermo",2,NA,"Inconclusive",TRUE,0,0
14,"G09","FAM","Unkn-31",NA,0,0,"Dermo","C12_CviMVP_PlDNA_8_SG_1122_c4a094b0","CviMVP_10491","CB_TX_2022-6-9",22,"C12_CviMVP_PlDNA_8_SG_1122_c4a094b0","14_C12_CviMVP_PlDNA_8_SG_1122_c4a094b0_Dermo",1,NA,"Negative",FALSE,0,0
14,"G10","FAM","Unkn-31",NA,0,0,"Dermo","C12_CviMVP_PlDNA_8_SG_1122_c4a094b0","CviMVP_10491","CB_TX_2022-6-9",22,"C12_CviMVP_PlDNA_8_SG_1122_c4a094b0","14_C12_CviMVP_PlDNA_8_SG_1122_c4a094b0_Dermo",2,NA,"Negative",FALSE,0,0
14,"H03","FAM","Unkn-08",36.13,35.96,0,"Dermo","F4_CviMVP_PlDNA_7_SG_1407_9b09aa13","CviMVP_11281","GriceCove_SC_2022-8-10",18,"F4_CviMVP_PlDNA_7_SG_1407_9b09aa13","14_F4_CviMVP_PlDNA_7_SG_1407_9b09aa13_Dermo",1,0.350000000000001,"Positive",FALSE,0,0
14,"H04","FAM","Unkn-08",35.78,35.96,0,"Dermo","F4_CviMVP_PlDNA_7_SG_1407_9b09aa13","CviMVP_11281","GriceCove_SC_2022-8-10",18,"F4_CviMVP_PlDNA_7_SG_1407_9b09aa13","14_F4_CviMVP_PlDNA_7_SG_1407_9b09aa13_Dermo",2,0.350000000000001,"Positive",FALSE,0,0
14,"H05","FAM","Unkn-16",37.56,37.25,0,"Dermo","E8_CviMVP_PlDNA_7_SG_1223_70f8e33b","CviMVP_10752","TP_TX_2022-6-28",21,"E8_CviMVP_PlDNA_7_SG_1223_70f8e33b","14_E8_CviMVP_PlDNA_7_SG_1223_70f8e33b_Dermo",1,0.630000000000003,"Positive",FALSE,0,0
14,"H06","FAM","Unkn-16",36.93,37.25,0,"Dermo","E8_CviMVP_PlDNA_7_SG_1223_70f8e33b","CviMVP_10752","TP_TX_2022-6-28",21,"E8_CviMVP_PlDNA_7_SG_1223_70f8e33b","14_E8_CviMVP_PlDNA_7_SG_1223_70f8e33b_Dermo",2,0.630000000000003,"Positive",FALSE,0,0
14,"H07","FAM","Unkn-24",32.33,32.58,0,"Dermo","B11_CviMVP_PlDNA_8_SG_1454_7119b428","CviMVP_11414","Cal_Lake_LA_2022-8-11",20,"B11_CviMVP_PlDNA_8_SG_1454_7119b428","14_B11_CviMVP_PlDNA_8_SG_1454_7119b428_Dermo",1,0.490000000000002,"Positive",FALSE,0,0
14,"H08","FAM","Unkn-24",32.82,32.58,0,"Dermo","B11_CviMVP_PlDNA_8_SG_1454_7119b428","CviMVP_11414","Cal_Lake_LA_2022-8-11",20,"B11_CviMVP_PlDNA_8_SG_1454_7119b428","14_B11_CviMVP_PlDNA_8_SG_1454_7119b428_Dermo",2,0.490000000000002,"Positive",FALSE,0,0
14,"H09","FAM","Unkn-32",31.79,31.79,0,"Dermo","D12_CviMVP_PlDNA_8_SG_1794_9f4a3c1c","CviMVP_12413","NPS_PS_NC_2022-10-12",20,"D12_CviMVP_PlDNA_8_SG_1794_9f4a3c1c","14_D12_CviMVP_PlDNA_8_SG_1794_9f4a3c1c_Dermo",1,0,"Positive",FALSE,0,0
14,"H10","FAM","Unkn-32",31.79,31.79,0,"Dermo","D12_CviMVP_PlDNA_8_SG_1794_9f4a3c1c","CviMVP_12413","NPS_PS_NC_2022-10-12",20,"D12_CviMVP_PlDNA_8_SG_1794_9f4a3c1c","14_D12_CviMVP_PlDNA_8_SG_1794_9f4a3c1c_Dermo",2,0,"Positive",FALSE,0,0
14,"A03","HEX","Unkn-01",35.63,35.69,0,"MSX","B1_CviMVP_PlDNA_7_SG_1295_57606ad7","CviMVP_10957","Sapelo_Is_GA_2022-7-17",20,"B1_CviMVP_PlDNA_7_SG_1295_57606ad7","14_B1_CviMVP_PlDNA_7_SG_1295_57606ad7_MSX",1,0.119999999999997,"Positive",FALSE,0,0
14,"A04","HEX","Unkn-01",35.75,35.69,0,"MSX","B1_CviMVP_PlDNA_7_SG_1295_57606ad7","CviMVP_10957","Sapelo_Is_GA_2022-7-17",20,"B1_CviMVP_PlDNA_7_SG_1295_57606ad7","14_B1_CviMVP_PlDNA_7_SG_1295_57606ad7_MSX",2,0.119999999999997,"Positive",FALSE,0,0
14,"A05","HEX","Unkn-09",NA,0,0,"MSX","A12_CviMVP_PlDNA_7_SG_1416_1225a415","CviMVP_11305","GriceCove_SC_2022-8-10",18,"A12_CviMVP_PlDNA_7_SG_1416_1225a415","14_A12_CviMVP_PlDNA_7_SG_1416_1225a415_MSX",1,NA,"Negative",FALSE,0,0
14,"A06","HEX","Unkn-09",NA,0,0,"MSX","A12_CviMVP_PlDNA_7_SG_1416_1225a415","CviMVP_11305","GriceCove_SC_2022-8-10",18,"A12_CviMVP_PlDNA_7_SG_1416_1225a415","14_A12_CviMVP_PlDNA_7_SG_1416_1225a415_MSX",2,NA,"Negative",FALSE,0,0
14,"A07","HEX","Unkn-17",19.23,19.34,5e-04,"MSX","C11_CviMVP_PlDNA_8_SG_1914_2afde6ae","CviMVP_12768","Orrs_Cove_ME_2022-10-31",23,"C11_CviMVP_PlDNA_8_SG_1914_2afde6ae","14_C11_CviMVP_PlDNA_8_SG_1914_2afde6ae_MSX",1,0.210000000000001,"Positive",FALSE,169794.217391304,3
14,"A08","HEX","Unkn-17",19.44,19.34,5e-04,"MSX","C11_CviMVP_PlDNA_8_SG_1914_2afde6ae","CviMVP_12768","Orrs_Cove_ME_2022-10-31",23,"C11_CviMVP_PlDNA_8_SG_1914_2afde6ae","14_C11_CviMVP_PlDNA_8_SG_1914_2afde6ae_MSX",2,0.210000000000001,"Positive",FALSE,169794.217391304,3
14,"A09","HEX","Unkn-25",37.41,37.34,0,"MSX",NA,NA,NA,20,"row_81","14_row_81_MSX",1,NA,"Inconclusive",TRUE,0,0
14,"A10","HEX","Unkn-25",37.28,37.34,0,"MSX",NA,NA,NA,20,"row_82","14_row_82_MSX",1,NA,"Inconclusive",TRUE,0,0
14,"B03","HEX","Unkn-02",NA,0,0,"MSX","D1_CviMVP_PlDNA_7_SG.sharedLotterhosPuritz_1739_86d6dd29","CviMVP_12250","WS_CB_VA_2022-10-7",20,"D1_CviMVP_PlDNA_7_SG.sharedLotterhosPuritz_1739_86d6dd29","14_D1_CviMVP_PlDNA_7_SG.sharedLotterhosPuritz_1739_86d6dd29_MSX",1,NA,"Negative",FALSE,0,0
14,"B04","HEX","Unkn-02",NA,0,0,"MSX","D1_CviMVP_PlDNA_7_SG.sharedLotterhosPuritz_1739_86d6dd29","CviMVP_12250","WS_CB_VA_2022-10-7",20,"D1_CviMVP_PlDNA_7_SG.sharedLotterhosPuritz_1739_86d6dd29","14_D1_CviMVP_PlDNA_7_SG.sharedLotterhosPuritz_1739_86d6dd29_MSX",2,NA,"Negative",FALSE,0,0
14,"B05","HEX","Unkn-10",NA,0,0,"MSX","C12_CviMVP_PlDNA_7_SG.sharedLotterhosPuritz_1529_cea1f7ed","CviMVP_11635","DC_NB_RI_2022-8-19",20,"C12_CviMVP_PlDNA_7_SG.sharedLotterhosPuritz_1529_cea1f7ed","14_C12_CviMVP_PlDNA_7_SG.sharedLotterhosPuritz_1529_cea1f7ed_MSX",1,NA,"Negative",FALSE,0,0
14,"B06","HEX","Unkn-10",NA,0,0,"MSX","C12_CviMVP_PlDNA_7_SG.sharedLotterhosPuritz_1529_cea1f7ed","CviMVP_11635","DC_NB_RI_2022-8-19",20,"C12_CviMVP_PlDNA_7_SG.sharedLotterhosPuritz_1529_cea1f7ed","14_C12_CviMVP_PlDNA_7_SG.sharedLotterhosPuritz_1529_cea1f7ed_MSX",2,NA,"Negative",FALSE,0,0
14,"B07","HEX","Unkn-18",NA,0,0,"MSX","D11_CviMVP_PlDNA_8_SG_1792_ce78a1ce","CviMVP_12408","NPS_PS_NC_2022-10-12",22,"D11_CviMVP_PlDNA_8_SG_1792_ce78a1ce","14_D11_CviMVP_PlDNA_8_SG_1792_ce78a1ce_MSX",1,NA,"Negative",FALSE,0,0
14,"B08","HEX","Unkn-18",NA,0,0,"MSX","D11_CviMVP_PlDNA_8_SG_1792_ce78a1ce","CviMVP_12408","NPS_PS_NC_2022-10-12",22,"D11_CviMVP_PlDNA_8_SG_1792_ce78a1ce","14_D11_CviMVP_PlDNA_8_SG_1792_ce78a1ce_MSX",2,NA,"Negative",FALSE,0,0
14,"B09","HEX","Unkn-26",NA,0,0,"MSX","E10_CviMVP_PlDNA_8_SG_1928_e5d81d6d","CviMVP_12803","UNCW_MS_NC_2023-7-17",18,"E10_CviMVP_PlDNA_8_SG_1928_e5d81d6d","14_E10_CviMVP_PlDNA_8_SG_1928_e5d81d6d_MSX",1,NA,"Inconclusive",TRUE,0,0
14,"B10","HEX","Unkn-26",39.29,39.29,0,"MSX","E10_CviMVP_PlDNA_8_SG_1928_e5d81d6d","CviMVP_12803","UNCW_MS_NC_2023-7-17",18,"E10_CviMVP_PlDNA_8_SG_1928_e5d81d6d","14_E10_CviMVP_PlDNA_8_SG_1928_e5d81d6d_MSX",2,NA,"Inconclusive",TRUE,0,0
14,"B11","HEX","Unkn-33",35.41,35.46,0,"MSX","A10_CviMVP_PlDNA_8_SG.sharedLotterhosPuritz_1777_59910a02","CviMVP_12363","DWS_CB_VA_2022-10-7",20,"A10_CviMVP_PlDNA_8_SG.sharedLotterhosPuritz_1777_59910a02","14_A10_CviMVP_PlDNA_8_SG.sharedLotterhosPuritz_1777_59910a02_MSX",1,0.100000000000001,"Positive",FALSE,0,0
14,"B12","HEX","Unkn-33",35.51,35.46,0,"MSX","A10_CviMVP_PlDNA_8_SG.sharedLotterhosPuritz_1777_59910a02","CviMVP_12363","DWS_CB_VA_2022-10-7",20,"A10_CviMVP_PlDNA_8_SG.sharedLotterhosPuritz_1777_59910a02","14_A10_CviMVP_PlDNA_8_SG.sharedLotterhosPuritz_1777_59910a02_MSX",2,0.100000000000001,"Positive",FALSE,0,0
14,"C03","HEX","Unkn-03",NA,0,0,"MSX","E1_CviMVP_PlDNA_7_SG_1572_cb4e0fea","CviMVP_11762","KP_FGR_FL_2022-8-23",20,"E1_CviMVP_PlDNA_7_SG_1572_cb4e0fea","14_E1_CviMVP_PlDNA_7_SG_1572_cb4e0fea_MSX",1,NA,"Negative",FALSE,0,0
14,"C04","HEX","Unkn-03",NA,0,0,"MSX","E1_CviMVP_PlDNA_7_SG_1572_cb4e0fea","CviMVP_11762","KP_FGR_FL_2022-8-23",20,"E1_CviMVP_PlDNA_7_SG_1572_cb4e0fea","14_E1_CviMVP_PlDNA_7_SG_1572_cb4e0fea_MSX",2,NA,"Negative",FALSE,0,0
14,"C05","HEX","Unkn-11",38.39,38.6,0,"MSX","G12_CviMVP_PlDNA_7_SG_1016_32ac523d","CviMVP_10033","LakeFortuna_LA_2022-5-11",20,"G12_CviMVP_PlDNA_7_SG_1016_32ac523d","14_G12_CviMVP_PlDNA_7_SG_1016_32ac523d_MSX",1,0.43,"Positive",FALSE,0,0
14,"C06","HEX","Unkn-11",38.82,38.6,0,"MSX","G12_CviMVP_PlDNA_7_SG_1016_32ac523d","CviMVP_10033","LakeFortuna_LA_2022-5-11",20,"G12_CviMVP_PlDNA_7_SG_1016_32ac523d","14_G12_CviMVP_PlDNA_7_SG_1016_32ac523d_MSX",2,0.43,"Positive",FALSE,0,0
14,"C07","HEX","Unkn-19",NA,0,0,"MSX","E11_CviMVP_PlDNA_8_SG_1951_9c0cb988","CviMVP_12872","UNCW_MS_NC_2023-7-17",21,"E11_CviMVP_PlDNA_8_SG_1951_9c0cb988","14_E11_CviMVP_PlDNA_8_SG_1951_9c0cb988_MSX",1,NA,"Negative",FALSE,0,0
14,"C08","HEX","Unkn-19",NA,0,0,"MSX","E11_CviMVP_PlDNA_8_SG_1951_9c0cb988","CviMVP_12872","UNCW_MS_NC_2023-7-17",21,"E11_CviMVP_PlDNA_8_SG_1951_9c0cb988","14_E11_CviMVP_PlDNA_8_SG_1951_9c0cb988_MSX",2,NA,"Negative",FALSE,0,0
14,"C09","HEX","Unkn-27",NA,0,0,"MSX","F10_CviMVP_PlDNA_8_SG.sharedLotterhosPuritz_3024_46a33a07","CviMVP_30072","CS_DB_NJ_2022-9-21",22,"F10_CviMVP_PlDNA_8_SG.sharedLotterhosPuritz_3024_46a33a07","14_F10_CviMVP_PlDNA_8_SG.sharedLotterhosPuritz_3024_46a33a07_MSX",1,NA,"Inconclusive",TRUE,0,0
14,"C10","HEX","Unkn-27",39.49,39.49,0,"MSX","F10_CviMVP_PlDNA_8_SG.sharedLotterhosPuritz_3024_46a33a07","CviMVP_30072","CS_DB_NJ_2022-9-21",22,"F10_CviMVP_PlDNA_8_SG.sharedLotterhosPuritz_3024_46a33a07","14_F10_CviMVP_PlDNA_8_SG.sharedLotterhosPuritz_3024_46a33a07_MSX",2,NA,"Inconclusive",TRUE,0,0
14,"C11","HEX","Unkn-34",31.89,32.01,0,"MSX","B10_CviMVP_PlDNA_8_SG_1983_1d443376","CviMVP_12968","FFJ_CF_NC_2023-7-19",20,"B10_CviMVP_PlDNA_8_SG_1983_1d443376","14_B10_CviMVP_PlDNA_8_SG_1983_1d443376_MSX",1,0.25,"Positive",FALSE,0,0
14,"C12","HEX","Unkn-34",32.14,32.01,0,"MSX","B10_CviMVP_PlDNA_8_SG_1983_1d443376","CviMVP_12968","FFJ_CF_NC_2023-7-19",20,"B10_CviMVP_PlDNA_8_SG_1983_1d443376","14_B10_CviMVP_PlDNA_8_SG_1983_1d443376_MSX",2,0.25,"Positive",FALSE,0,0
14,"D03","HEX","Unkn-04",34.94,34.85,0,"MSX","G1_CviMVP_PlDNA_7_SG_1134_4679beda","CviMVP_10514","FP_Sav_GA_2022-6-10",20,"G1_CviMVP_PlDNA_7_SG_1134_4679beda","14_G1_CviMVP_PlDNA_7_SG_1134_4679beda_MSX",1,0.18,"Positive",FALSE,0,0
14,"D04","HEX","Unkn-04",34.76,34.85,0,"MSX","G1_CviMVP_PlDNA_7_SG_1134_4679beda","CviMVP_10514","FP_Sav_GA_2022-6-10",20,"G1_CviMVP_PlDNA_7_SG_1134_4679beda","14_G1_CviMVP_PlDNA_7_SG_1134_4679beda_MSX",2,0.18,"Positive",FALSE,0,0
14,"D05","HEX","Unkn-12",33.28,33.25,0,"MSX","E10_CviMVP_PlDNA_7_SG_1167_666608b2","CviMVP_10596","SkR_GA_2022-6-14",21,"E10_CviMVP_PlDNA_7_SG_1167_666608b2","14_E10_CviMVP_PlDNA_7_SG_1167_666608b2_MSX",1,0.0600000000000023,"Positive",FALSE,0,0
14,"D06","HEX","Unkn-12",33.22,33.25,0,"MSX","E10_CviMVP_PlDNA_7_SG_1167_666608b2","CviMVP_10596","SkR_GA_2022-6-14",21,"E10_CviMVP_PlDNA_7_SG_1167_666608b2","14_E10_CviMVP_PlDNA_7_SG_1167_666608b2_MSX",2,0.0600000000000023,"Positive",FALSE,0,0
14,"D07","HEX","Unkn-20",NA,0,0,"MSX","F11_CviMVP_PlDNA_8_SG_1837_3e5f9953","CviMVP_12535","PrEdIs_CN_A_2022-10-18",21,"F11_CviMVP_PlDNA_8_SG_1837_3e5f9953","14_F11_CviMVP_PlDNA_8_SG_1837_3e5f9953_MSX",1,NA,"Negative",FALSE,0,0
14,"D08","HEX","Unkn-20",NA,0,0,"MSX","F11_CviMVP_PlDNA_8_SG_1837_3e5f9953","CviMVP_12535","PrEdIs_CN_A_2022-10-18",21,"F11_CviMVP_PlDNA_8_SG_1837_3e5f9953","14_F11_CviMVP_PlDNA_8_SG_1837_3e5f9953_MSX",2,NA,"Negative",FALSE,0,0
14,"D09","HEX","Unkn-28",38.18,37.79,0,"MSX","G10_CviMVP_PlDNA_8_SG_1044_2065a9df","CviMVP_10285","OL_MI_SC_2022-5-31",19,"G10_CviMVP_PlDNA_8_SG_1044_2065a9df","14_G10_CviMVP_PlDNA_8_SG_1044_2065a9df_MSX",1,0.780000000000001,"Positive",FALSE,0,0
14,"D10","HEX","Unkn-28",37.4,37.79,0,"MSX","G10_CviMVP_PlDNA_8_SG_1044_2065a9df","CviMVP_10285","OL_MI_SC_2022-5-31",19,"G10_CviMVP_PlDNA_8_SG_1044_2065a9df","14_G10_CviMVP_PlDNA_8_SG_1044_2065a9df_MSX",2,0.780000000000001,"Positive",FALSE,0,0
14,"D11","HEX","Unkn-35",21.42,21.54,0.00014,"MSX","C10_CviMVP_PlDNA_8_SG_1936_1b3e42a8","CviMVP_12827","UNCW_MS_NC_2023-7-17",20,"C10_CviMVP_PlDNA_8_SG_1936_1b3e42a8","14_C10_CviMVP_PlDNA_8_SG_1936_1b3e42a8_MSX",1,0.239999999999998,"Positive",FALSE,54673.738,3
14,"D12","HEX","Unkn-35",21.66,21.54,0.00014,"MSX","C10_CviMVP_PlDNA_8_SG_1936_1b3e42a8","CviMVP_12827","UNCW_MS_NC_2023-7-17",20,"C10_CviMVP_PlDNA_8_SG_1936_1b3e42a8","14_C10_CviMVP_PlDNA_8_SG_1936_1b3e42a8_MSX",2,0.239999999999998,"Positive",FALSE,54673.738,3
14,"E03","HEX","Unkn-05",NA,0,0,"MSX","A2_CviMVP_PlDNA_7_SG_1277_56f3e487","CviMVP_10906","LM_TX_2022-7-10",20,"A2_CviMVP_PlDNA_7_SG_1277_56f3e487","14_A2_CviMVP_PlDNA_7_SG_1277_56f3e487_MSX",1,NA,"Negative",FALSE,0,0
14,"E04","HEX","Unkn-05",NA,0,0,"MSX","A2_CviMVP_PlDNA_7_SG_1277_56f3e487","CviMVP_10906","LM_TX_2022-7-10",20,"A2_CviMVP_PlDNA_7_SG_1277_56f3e487","14_A2_CviMVP_PlDNA_7_SG_1277_56f3e487_MSX",2,NA,"Negative",FALSE,0,0
14,"E05","HEX","Unkn-13",39.53,39.53,0,"MSX","F10_CviMVP_PlDNA_7_SG_1682_9f835dac","CviMVP_12084","EelLake_Canada_2022-9-27",21,"F10_CviMVP_PlDNA_7_SG_1682_9f835dac","14_F10_CviMVP_PlDNA_7_SG_1682_9f835dac_MSX",1,NA,"Inconclusive",TRUE,0,0
14,"E06","HEX","Unkn-13",NA,0,0,"MSX","F10_CviMVP_PlDNA_7_SG_1682_9f835dac","CviMVP_12084","EelLake_Canada_2022-9-27",21,"F10_CviMVP_PlDNA_7_SG_1682_9f835dac","14_F10_CviMVP_PlDNA_7_SG_1682_9f835dac_MSX",2,NA,"Inconclusive",TRUE,0,0
14,"E07","HEX","Unkn-21",38.67,38.42,0,"MSX","G11_CviMVP_PlDNA_8_SG_1096_6f8b4b94","CviMVP_10435","GalBay_TX_2022-6-2",21,"G11_CviMVP_PlDNA_8_SG_1096_6f8b4b94","14_G11_CviMVP_PlDNA_8_SG_1096_6f8b4b94_MSX",1,0.5,"Positive",FALSE,0,0
14,"E08","HEX","Unkn-21",38.17,38.42,0,"MSX","G11_CviMVP_PlDNA_8_SG_1096_6f8b4b94","CviMVP_10435","GalBay_TX_2022-6-2",21,"G11_CviMVP_PlDNA_8_SG_1096_6f8b4b94","14_G11_CviMVP_PlDNA_8_SG_1096_6f8b4b94_MSX",2,0.5,"Positive",FALSE,0,0
14,"E09","HEX","Unkn-29",20.7,20.75,0.00022,"MSX","H10_CviMVP_PlDNA_8_SG_1948_72ad7752","CviMVP_12863","UNCW_MS_NC_2023-7-17",20,"H10_CviMVP_PlDNA_8_SG_1948_72ad7752","14_H10_CviMVP_PlDNA_8_SG_1948_72ad7752_MSX",1,0.100000000000001,"Positive",FALSE,85915.874,3
14,"E10","HEX","Unkn-29",20.8,20.75,0.00022,"MSX","H10_CviMVP_PlDNA_8_SG_1948_72ad7752","CviMVP_12863","UNCW_MS_NC_2023-7-17",20,"H10_CviMVP_PlDNA_8_SG_1948_72ad7752","14_H10_CviMVP_PlDNA_8_SG_1948_72ad7752_MSX",2,0.100000000000001,"Positive",FALSE,85915.874,3
14,"E11","HEX","Unkn-36",37.65,37.84,0,"MSX","B12_CviMVP_PlDNA_8_SG_1036_906d5a68","CviMVP_10100","LakeFortuna_LA_2022-5-11",20,"B12_CviMVP_PlDNA_8_SG_1036_906d5a68","14_B12_CviMVP_PlDNA_8_SG_1036_906d5a68_MSX",1,0.390000000000001,"Positive",FALSE,0,0
14,"E12","HEX","Unkn-36",38.04,37.84,0,"MSX","B12_CviMVP_PlDNA_8_SG_1036_906d5a68","CviMVP_10100","LakeFortuna_LA_2022-5-11",20,"B12_CviMVP_PlDNA_8_SG_1036_906d5a68","14_B12_CviMVP_PlDNA_8_SG_1036_906d5a68_MSX",2,0.390000000000001,"Positive",FALSE,0,0
14,"F03","HEX","Unkn-06",NA,0,0,"MSX","C2_CviMVP_PlDNA_7_SG_1660_74856262","CviMVP_12019","EelLake_Canada_2022-9-27",20,"C2_CviMVP_PlDNA_7_SG_1660_74856262","14_C2_CviMVP_PlDNA_7_SG_1660_74856262_MSX",1,NA,"Negative",FALSE,0,0
14,"F04","HEX","Unkn-06",NA,0,0,"MSX","C2_CviMVP_PlDNA_7_SG_1660_74856262","CviMVP_12019","EelLake_Canada_2022-9-27",20,"C2_CviMVP_PlDNA_7_SG_1660_74856262","14_C2_CviMVP_PlDNA_7_SG_1660_74856262_MSX",2,NA,"Negative",FALSE,0,0
14,"F05","HEX","Unkn-14",NA,0,0,"MSX","G10_CviMVP_PlDNA_7_SG_1873_24fd8078","CviMVP_12643","DC_DR_ME_2022-10-25",20,"G10_CviMVP_PlDNA_7_SG_1873_24fd8078","14_G10_CviMVP_PlDNA_7_SG_1873_24fd8078_MSX",1,NA,"Negative",FALSE,0,0
14,"F06","HEX","Unkn-14",NA,0,0,"MSX","G10_CviMVP_PlDNA_7_SG_1873_24fd8078","CviMVP_12643","DC_DR_ME_2022-10-25",20,"G10_CviMVP_PlDNA_7_SG_1873_24fd8078","14_G10_CviMVP_PlDNA_7_SG_1873_24fd8078_MSX",2,NA,"Negative",FALSE,0,0
14,"F07","HEX","Unkn-22",33.84,33.4,0,"MSX","H11_CviMVP_PlDNA_8_SG_1329_10b5f219","CviMVP_11056","Mer_GA_2022-7-26",22,"H11_CviMVP_PlDNA_8_SG_1329_10b5f219","14_H11_CviMVP_PlDNA_8_SG_1329_10b5f219_MSX",1,0.880000000000003,"Positive",FALSE,0,0
14,"F08","HEX","Unkn-22",32.96,33.4,0,"MSX","H11_CviMVP_PlDNA_8_SG_1329_10b5f219","CviMVP_11056","Mer_GA_2022-7-26",22,"H11_CviMVP_PlDNA_8_SG_1329_10b5f219","14_H11_CviMVP_PlDNA_8_SG_1329_10b5f219_MSX",2,0.880000000000003,"Positive",FALSE,0,0
14,"F09","HEX","Unkn-30",38.23,38.23,0,"MSX","A12_CviMVP_PlDNA_8_SG_1154_0a8fa4a5","CviMVP_10568","SkR_GA_2022-6-14",18,"A12_CviMVP_PlDNA_8_SG_1154_0a8fa4a5","14_A12_CviMVP_PlDNA_8_SG_1154_0a8fa4a5_MSX",1,NA,"Inconclusive",TRUE,0,0
14,"F10","HEX","Unkn-30",NA,0,0,"MSX","A12_CviMVP_PlDNA_8_SG_1154_0a8fa4a5","CviMVP_10568","SkR_GA_2022-6-14",18,"A12_CviMVP_PlDNA_8_SG_1154_0a8fa4a5","14_A12_CviMVP_PlDNA_8_SG_1154_0a8fa4a5_MSX",2,NA,"Inconclusive",TRUE,0,0
14,"F11","HEX","Unkn-37",34.81,34.69,0,"MSX","F12_CviMVP_PlDNA_8_SG_1053_950c6b7a","CviMVP_10308","OL_MI_SC_2022-5-31",20,"F12_CviMVP_PlDNA_8_SG_1053_950c6b7a","14_F12_CviMVP_PlDNA_8_SG_1053_950c6b7a_MSX",1,0.240000000000002,"Positive",FALSE,0,0
14,"F12","HEX","Unkn-37",34.57,34.69,0,"MSX","F12_CviMVP_PlDNA_8_SG_1053_950c6b7a","CviMVP_10308","OL_MI_SC_2022-5-31",20,"F12_CviMVP_PlDNA_8_SG_1053_950c6b7a","14_F12_CviMVP_PlDNA_8_SG_1053_950c6b7a_MSX",2,0.240000000000002,"Positive",FALSE,0,0
14,"G03","HEX","Unkn-07",26.09,25.83,1e-05,"MSX","H2_CviMVP_PlDNA_7_SG.sharedLotterhosPuritz_3016_ae22d219","CviMVP_30048","CS_DB_NJ_2022-9-21",19,"H2_CviMVP_PlDNA_7_SG.sharedLotterhosPuritz_3016_ae22d219","14_H2_CviMVP_PlDNA_7_SG.sharedLotterhosPuritz_3016_ae22d219_MSX",1,0.52,"Positive",FALSE,4110.80736842105,2
14,"G04","HEX","Unkn-07",25.57,25.83,1e-05,"MSX","H2_CviMVP_PlDNA_7_SG.sharedLotterhosPuritz_3016_ae22d219","CviMVP_30048","CS_DB_NJ_2022-9-21",19,"H2_CviMVP_PlDNA_7_SG.sharedLotterhosPuritz_3016_ae22d219","14_H2_CviMVP_PlDNA_7_SG.sharedLotterhosPuritz_3016_ae22d219_MSX",2,0.52,"Positive",FALSE,4110.80736842105,2
14,"G05","HEX","Unkn-15",NA,0,0,"MSX","D8_CviMVP_PlDNA_7_SG.sharedLotterhosPuritz_1744_b7a36d63","CviMVP_12264","WS_CB_VA_2022-10-7",21,"D8_CviMVP_PlDNA_7_SG.sharedLotterhosPuritz_1744_b7a36d63","14_D8_CviMVP_PlDNA_7_SG.sharedLotterhosPuritz_1744_b7a36d63_MSX",1,NA,"Negative",FALSE,0,0
14,"G06","HEX","Unkn-15",NA,0,0,"MSX","D8_CviMVP_PlDNA_7_SG.sharedLotterhosPuritz_1744_b7a36d63","CviMVP_12264","WS_CB_VA_2022-10-7",21,"D8_CviMVP_PlDNA_7_SG.sharedLotterhosPuritz_1744_b7a36d63","14_D8_CviMVP_PlDNA_7_SG.sharedLotterhosPuritz_1744_b7a36d63_MSX",2,NA,"Negative",FALSE,0,0
14,"G07","HEX","Unkn-23",NA,0,0,"MSX","A7_CviMVP_PlDNA_7_SG.sharedLotterhosPuritz_1855_c2ef8b63","CviMVP_12589","LCP_UP_MD_2022-10-20",18,"A7_CviMVP_PlDNA_7_SG.sharedLotterhosPuritz_1855_c2ef8b63","14_A7_CviMVP_PlDNA_7_SG.sharedLotterhosPuritz_1855_c2ef8b63_MSX",1,NA,"Negative",FALSE,0,0
14,"G08","HEX","Unkn-23",NA,0,0,"MSX","A7_CviMVP_PlDNA_7_SG.sharedLotterhosPuritz_1855_c2ef8b63","CviMVP_12589","LCP_UP_MD_2022-10-20",18,"A7_CviMVP_PlDNA_7_SG.sharedLotterhosPuritz_1855_c2ef8b63","14_A7_CviMVP_PlDNA_7_SG.sharedLotterhosPuritz_1855_c2ef8b63_MSX",2,NA,"Negative",FALSE,0,0
14,"G09","HEX","Unkn-31",NA,0,0,"MSX","C12_CviMVP_PlDNA_8_SG_1122_c4a094b0","CviMVP_10491","CB_TX_2022-6-9",22,"C12_CviMVP_PlDNA_8_SG_1122_c4a094b0","14_C12_CviMVP_PlDNA_8_SG_1122_c4a094b0_MSX",1,NA,"Negative",FALSE,0,0
14,"G10","HEX","Unkn-31",NA,0,0,"MSX","C12_CviMVP_PlDNA_8_SG_1122_c4a094b0","CviMVP_10491","CB_TX_2022-6-9",22,"C12_CviMVP_PlDNA_8_SG_1122_c4a094b0","14_C12_CviMVP_PlDNA_8_SG_1122_c4a094b0_MSX",2,NA,"Negative",FALSE,0,0
14,"H03","HEX","Unkn-08",NA,0,0,"MSX","F4_CviMVP_PlDNA_7_SG_1407_9b09aa13","CviMVP_11281","GriceCove_SC_2022-8-10",18,"F4_CviMVP_PlDNA_7_SG_1407_9b09aa13","14_F4_CviMVP_PlDNA_7_SG_1407_9b09aa13_MSX",1,NA,"Negative",FALSE,0,0
14,"H04","HEX","Unkn-08",NA,0,0,"MSX","F4_CviMVP_PlDNA_7_SG_1407_9b09aa13","CviMVP_11281","GriceCove_SC_2022-8-10",18,"F4_CviMVP_PlDNA_7_SG_1407_9b09aa13","14_F4_CviMVP_PlDNA_7_SG_1407_9b09aa13_MSX",2,NA,"Negative",FALSE,0,0
14,"H05","HEX","Unkn-16",NA,0,0,"MSX","E8_CviMVP_PlDNA_7_SG_1223_70f8e33b","CviMVP_10752","TP_TX_2022-6-28",21,"E8_CviMVP_PlDNA_7_SG_1223_70f8e33b","14_E8_CviMVP_PlDNA_7_SG_1223_70f8e33b_MSX",1,NA,"Negative",FALSE,0,0
14,"H06","HEX","Unkn-16",NA,0,0,"MSX","E8_CviMVP_PlDNA_7_SG_1223_70f8e33b","CviMVP_10752","TP_TX_2022-6-28",21,"E8_CviMVP_PlDNA_7_SG_1223_70f8e33b","14_E8_CviMVP_PlDNA_7_SG_1223_70f8e33b_MSX",2,NA,"Negative",FALSE,0,0
14,"H07","HEX","Unkn-24",33.81,33.83,0,"MSX","B11_CviMVP_PlDNA_8_SG_1454_7119b428","CviMVP_11414","Cal_Lake_LA_2022-8-11",20,"B11_CviMVP_PlDNA_8_SG_1454_7119b428","14_B11_CviMVP_PlDNA_8_SG_1454_7119b428_MSX",1,0.0300000000000011,"Positive",FALSE,0,0
14,"H08","HEX","Unkn-24",33.84,33.83,0,"MSX","B11_CviMVP_PlDNA_8_SG_1454_7119b428","CviMVP_11414","Cal_Lake_LA_2022-8-11",20,"B11_CviMVP_PlDNA_8_SG_1454_7119b428","14_B11_CviMVP_PlDNA_8_SG_1454_7119b428_MSX",2,0.0300000000000011,"Positive",FALSE,0,0
14,"H09","HEX","Unkn-32",NA,0,0,"MSX","D12_CviMVP_PlDNA_8_SG_1794_9f4a3c1c","CviMVP_12413","NPS_PS_NC_2022-10-12",20,"D12_CviMVP_PlDNA_8_SG_1794_9f4a3c1c","14_D12_CviMVP_PlDNA_8_SG_1794_9f4a3c1c_MSX",1,NA,"Negative",FALSE,0,0
14,"H10","HEX","Unkn-32",NA,0,0,"MSX","D12_CviMVP_PlDNA_8_SG_1794_9f4a3c1c","CviMVP_12413","NPS_PS_NC_2022-10-12",20,"D12_CviMVP_PlDNA_8_SG_1794_9f4a3c1c","14_D12_CviMVP_PlDNA_8_SG_1794_9f4a3c1c_MSX",2,NA,"Negative",FALSE,0,0
15,"A03","FAM","Unkn-01",20.14,20.15,8e-05,"Dermo","B4_CviMVP_PlDNA_4_SG.sharedLotterhosPuritz_1718_655bf590","CviMVP_12187","WS_CB_VA_2022-10-7",19,"B4_CviMVP_PlDNA_4_SG.sharedLotterhosPuritz_1718_655bf590","15_B4_CviMVP_PlDNA_4_SG.sharedLotterhosPuritz_1718_655bf590_Dermo",1,0.0300000000000011,"Positive",FALSE,29362.0042105263,3
15,"A04","FAM","Unkn-01",20.17,20.15,8e-05,"Dermo","B4_CviMVP_PlDNA_4_SG.sharedLotterhosPuritz_1718_655bf590","CviMVP_12187","WS_CB_VA_2022-10-7",19,"B4_CviMVP_PlDNA_4_SG.sharedLotterhosPuritz_1718_655bf590","15_B4_CviMVP_PlDNA_4_SG.sharedLotterhosPuritz_1718_655bf590_Dermo",2,0.0300000000000011,"Positive",FALSE,29362.0042105263,3
15,"A05","FAM","Unkn-09",39.12,39.12,0,"Dermo","A5_CviMVP_PlDNA_4_SG_1017_8d7c2653","CviMVP_10036","LakeFortuna_LA_2022-5-11",20,"A5_CviMVP_PlDNA_4_SG_1017_8d7c2653","15_A5_CviMVP_PlDNA_4_SG_1017_8d7c2653_Dermo",1,NA,"Inconclusive",TRUE,0,0
15,"A06","FAM","Unkn-09",NA,0,0,"Dermo","A5_CviMVP_PlDNA_4_SG_1017_8d7c2653","CviMVP_10036","LakeFortuna_LA_2022-5-11",20,"A5_CviMVP_PlDNA_4_SG_1017_8d7c2653","15_A5_CviMVP_PlDNA_4_SG_1017_8d7c2653_Dermo",2,NA,"Inconclusive",TRUE,0,0
15,"A07","FAM","Unkn-17",27.15,27.03,0,"Dermo","A6_CviMVP_PlDNA_4_SG_1692_8c38f7d5","CviMVP_12112","SaLa_GA_2022-10-5",19,"A6_CviMVP_PlDNA_4_SG_1692_8c38f7d5","15_A6_CviMVP_PlDNA_4_SG_1692_8c38f7d5_Dermo",1,0.239999999999998,"Positive",FALSE,0,0
15,"A08","FAM","Unkn-17",26.91,27.03,0,"Dermo","A6_CviMVP_PlDNA_4_SG_1692_8c38f7d5","CviMVP_12112","SaLa_GA_2022-10-5",19,"A6_CviMVP_PlDNA_4_SG_1692_8c38f7d5","15_A6_CviMVP_PlDNA_4_SG_1692_8c38f7d5_Dermo",2,0.239999999999998,"Positive",FALSE,0,0
15,"A09","FAM","Unkn-25",28.36,28.38,0,"Dermo","A7_CviMVP_PlDNA_4_SG_1309_dcb4787a","CviMVP_10997","Sapelo_Is_GA_2022-7-17",20,"A7_CviMVP_PlDNA_4_SG_1309_dcb4787a","15_A7_CviMVP_PlDNA_4_SG_1309_dcb4787a_Dermo",1,0.0399999999999991,"Positive",FALSE,0,0
15,"A10","FAM","Unkn-25",28.4,28.38,0,"Dermo","A7_CviMVP_PlDNA_4_SG_1309_dcb4787a","CviMVP_10997","Sapelo_Is_GA_2022-7-17",20,"A7_CviMVP_PlDNA_4_SG_1309_dcb4787a","15_A7_CviMVP_PlDNA_4_SG_1309_dcb4787a_Dermo",2,0.0399999999999991,"Positive",FALSE,0,0
15,"B03","FAM","Unkn-02",NA,0,0,"Dermo","C4_CviMVP_PlDNA_4_SG_1478_bee2927e","CviMVP_11484","SR_GB_NH_2022-8-12",18,"C4_CviMVP_PlDNA_4_SG_1478_bee2927e","15_C4_CviMVP_PlDNA_4_SG_1478_bee2927e_Dermo",1,NA,"Inconclusive",TRUE,0,0
15,"B04","FAM","Unkn-02",39.18,39.18,0,"Dermo","C4_CviMVP_PlDNA_4_SG_1478_bee2927e","CviMVP_11484","SR_GB_NH_2022-8-12",18,"C4_CviMVP_PlDNA_4_SG_1478_bee2927e","15_C4_CviMVP_PlDNA_4_SG_1478_bee2927e_Dermo",2,NA,"Inconclusive",TRUE,0,0
15,"B05","FAM","Unkn-10",36.96,37.43,0,"Dermo","B5_CviMVP_PlDNA_4_SG_1428_2fded98a","CviMVP_11338","GriceCove_SC_2022-8-10",20,"B5_CviMVP_PlDNA_4_SG_1428_2fded98a","15_B5_CviMVP_PlDNA_4_SG_1428_2fded98a_Dermo",1,0.939999999999998,"Positive",FALSE,0,0
15,"B06","FAM","Unkn-10",37.9,37.43,0,"Dermo","B5_CviMVP_PlDNA_4_SG_1428_2fded98a","CviMVP_11338","GriceCove_SC_2022-8-10",20,"B5_CviMVP_PlDNA_4_SG_1428_2fded98a","15_B5_CviMVP_PlDNA_4_SG_1428_2fded98a_Dermo",2,0.939999999999998,"Positive",FALSE,0,0
15,"B07","FAM","Unkn-18",27.3,27.14,0,"Dermo","B6_CviMVP_PlDNA_4_SG_1344_f85703a0","CviMVP_11098","Mer_GA_2022-7-26",20,"B6_CviMVP_PlDNA_4_SG_1344_f85703a0","15_B6_CviMVP_PlDNA_4_SG_1344_f85703a0_Dermo",1,0.32,"Positive",FALSE,0,0
15,"B08","FAM","Unkn-18",26.98,27.14,0,"Dermo","B6_CviMVP_PlDNA_4_SG_1344_f85703a0","CviMVP_11098","Mer_GA_2022-7-26",20,"B6_CviMVP_PlDNA_4_SG_1344_f85703a0","15_B6_CviMVP_PlDNA_4_SG_1344_f85703a0_Dermo",2,0.32,"Positive",FALSE,0,0
15,"B09","FAM","Unkn-26",34.94,34.97,0,"Dermo","C7_CviMVP_PlDNA_4_SG_1546_9204d62d","CviMVP_11686","CPR_MS_AL_2022-8-24",22,"C7_CviMVP_PlDNA_4_SG_1546_9204d62d","15_C7_CviMVP_PlDNA_4_SG_1546_9204d62d_Dermo",1,0.0600000000000023,"Positive",FALSE,0,0
15,"B10","FAM","Unkn-26",35,34.97,0,"Dermo","C7_CviMVP_PlDNA_4_SG_1546_9204d62d","CviMVP_11686","CPR_MS_AL_2022-8-24",22,"C7_CviMVP_PlDNA_4_SG_1546_9204d62d","15_C7_CviMVP_PlDNA_4_SG_1546_9204d62d_Dermo",2,0.0600000000000023,"Positive",FALSE,0,0
15,"B11","FAM","Unkn-33",NA,0,0,"Dermo","A8_CviMVP_PlDNA_4_SG_1363_34d018e7","CviMVP_11157","Nickle_Rf_LA_2022-8-1",22,"A8_CviMVP_PlDNA_4_SG_1363_34d018e7","15_A8_CviMVP_PlDNA_4_SG_1363_34d018e7_Dermo",1,NA,"Negative",FALSE,0,0
15,"B12","FAM","Unkn-33",NA,0,0,"Dermo","A8_CviMVP_PlDNA_4_SG_1363_34d018e7","CviMVP_11157","Nickle_Rf_LA_2022-8-1",22,"A8_CviMVP_PlDNA_4_SG_1363_34d018e7","15_A8_CviMVP_PlDNA_4_SG_1363_34d018e7_Dermo",2,NA,"Negative",FALSE,0,0
15,"C03","FAM","Unkn-03",36.79,37.87,0,"Dermo","D4_CviMVP_PlDNA_4_SG_1180_8429742a","CviMVP_10629","Culch_Ba_LA_2022-6-21",20,"D4_CviMVP_PlDNA_4_SG_1180_8429742a","15_D4_CviMVP_PlDNA_4_SG_1180_8429742a_Dermo",1,2.16,"Inconclusive",TRUE,0,0
15,"C04","FAM","Unkn-03",38.95,37.87,0,"Dermo","D4_CviMVP_PlDNA_4_SG_1180_8429742a","CviMVP_10629","Culch_Ba_LA_2022-6-21",20,"D4_CviMVP_PlDNA_4_SG_1180_8429742a","15_D4_CviMVP_PlDNA_4_SG_1180_8429742a_Dermo",2,2.16,"Inconclusive",TRUE,0,0
15,"C05","FAM","Unkn-11",28.2,28.22,0,"Dermo","C5_CviMVP_PlDNA_4_SG_1164_98eed981","CviMVP_10589","SkR_GA_2022-6-14",18,"C5_CviMVP_PlDNA_4_SG_1164_98eed981","15_C5_CviMVP_PlDNA_4_SG_1164_98eed981_Dermo",1,0.0500000000000007,"Positive",FALSE,0,0
15,"C06","FAM","Unkn-11",28.25,28.22,0,"Dermo","C5_CviMVP_PlDNA_4_SG_1164_98eed981","CviMVP_10589","SkR_GA_2022-6-14",18,"C5_CviMVP_PlDNA_4_SG_1164_98eed981","15_C5_CviMVP_PlDNA_4_SG_1164_98eed981_Dermo",2,0.0500000000000007,"Positive",FALSE,0,0
15,"C07","FAM","Unkn-19",21.02,20.97,5e-05,"Dermo","C6_CviMVP_PlDNA_4_SG_1712_2338a29d","CviMVP_12169","SaLa_GA_2022-10-5",18,"C6_CviMVP_PlDNA_4_SG_1712_2338a29d","15_C6_CviMVP_PlDNA_4_SG_1712_2338a29d_Dermo",1,0.0899999999999999,"Positive",FALSE,19370.7666666667,3
15,"C08","FAM","Unkn-19",20.93,20.97,5e-05,"Dermo","C6_CviMVP_PlDNA_4_SG_1712_2338a29d","CviMVP_12169","SaLa_GA_2022-10-5",18,"C6_CviMVP_PlDNA_4_SG_1712_2338a29d","15_C6_CviMVP_PlDNA_4_SG_1712_2338a29d_Dermo",2,0.0899999999999999,"Positive",FALSE,19370.7666666667,3
15,"C09","FAM","Unkn-27",37.38,36.43,0,"Dermo","D7_CviMVP_PlDNA_4_SG.sharedLotterhosPuritz_1776_3c0d0ba6","CviMVP_12360","DWS_CB_VA_2022-10-7",20,"D7_CviMVP_PlDNA_4_SG.sharedLotterhosPuritz_1776_3c0d0ba6","15_D7_CviMVP_PlDNA_4_SG.sharedLotterhosPuritz_1776_3c0d0ba6_Dermo",1,1.90000000000001,"Positive",FALSE,0,0
15,"C10","FAM","Unkn-27",35.48,36.43,0,"Dermo","D7_CviMVP_PlDNA_4_SG.sharedLotterhosPuritz_1776_3c0d0ba6","CviMVP_12360","DWS_CB_VA_2022-10-7",20,"D7_CviMVP_PlDNA_4_SG.sharedLotterhosPuritz_1776_3c0d0ba6","15_D7_CviMVP_PlDNA_4_SG.sharedLotterhosPuritz_1776_3c0d0ba6_Dermo",2,1.90000000000001,"Positive",FALSE,0,0
15,"C11","FAM","Unkn-34",39.04,38.63,0,"Dermo","B8_CviMVP_PlDNA_4_SG.sharedLotterhosPuritz_1849_21c5f2d5","CviMVP_12571","LCP_UP_MD_2022-10-20",19,"B8_CviMVP_PlDNA_4_SG.sharedLotterhosPuritz_1849_21c5f2d5","15_B8_CviMVP_PlDNA_4_SG.sharedLotterhosPuritz_1849_21c5f2d5_Dermo",1,0.82,"Positive",FALSE,0,0
15,"C12","FAM","Unkn-34",38.22,38.63,0,"Dermo","B8_CviMVP_PlDNA_4_SG.sharedLotterhosPuritz_1849_21c5f2d5","CviMVP_12571","LCP_UP_MD_2022-10-20",19,"B8_CviMVP_PlDNA_4_SG.sharedLotterhosPuritz_1849_21c5f2d5","15_B8_CviMVP_PlDNA_4_SG.sharedLotterhosPuritz_1849_21c5f2d5_Dermo",2,0.82,"Positive",FALSE,0,0
15,"D03","FAM","Unkn-04",25.47,25.47,0,"Dermo","E4_CviMVP_PlDNA_4_SG_1799_2e3fe4aa","CviMVP_12428","NPS_PS_NC_2022-10-12",21,"E4_CviMVP_PlDNA_4_SG_1799_2e3fe4aa","15_E4_CviMVP_PlDNA_4_SG_1799_2e3fe4aa_Dermo",1,0.0100000000000016,"Positive",FALSE,0,0
15,"D04","FAM","Unkn-04",25.48,25.47,0,"Dermo","E4_CviMVP_PlDNA_4_SG_1799_2e3fe4aa","CviMVP_12428","NPS_PS_NC_2022-10-12",21,"E4_CviMVP_PlDNA_4_SG_1799_2e3fe4aa","15_E4_CviMVP_PlDNA_4_SG_1799_2e3fe4aa_Dermo",2,0.0100000000000016,"Positive",FALSE,0,0
15,"D05","FAM","Unkn-12",NA,0,0,"Dermo","D5_CviMVP_PlDNA_4_SG.sharedLotterhosPuritz_3038_a4e6ce98","CviMVP_30111","HC_DB_NJ_2022-9-23",20,"D5_CviMVP_PlDNA_4_SG.sharedLotterhosPuritz_3038_a4e6ce98","15_D5_CviMVP_PlDNA_4_SG.sharedLotterhosPuritz_3038_a4e6ce98_Dermo",1,NA,"Negative",FALSE,0,0
15,"D06","FAM","Unkn-12",NA,0,0,"Dermo","D5_CviMVP_PlDNA_4_SG.sharedLotterhosPuritz_3038_a4e6ce98","CviMVP_30111","HC_DB_NJ_2022-9-23",20,"D5_CviMVP_PlDNA_4_SG.sharedLotterhosPuritz_3038_a4e6ce98","15_D5_CviMVP_PlDNA_4_SG.sharedLotterhosPuritz_3038_a4e6ce98_Dermo",2,NA,"Negative",FALSE,0,0
15,"D07","FAM","Unkn-20",NA,0,0,"Dermo","D6_CviMVP_PlDNA_4_SG_1046_dd6103a0","CviMVP_10290","OL_MI_SC_2022-5-31",22,"D6_CviMVP_PlDNA_4_SG_1046_dd6103a0","15_D6_CviMVP_PlDNA_4_SG_1046_dd6103a0_Dermo",1,NA,"Negative",FALSE,0,0
15,"D08","FAM","Unkn-20",NA,0,0,"Dermo","D6_CviMVP_PlDNA_4_SG_1046_dd6103a0","CviMVP_10290","OL_MI_SC_2022-5-31",22,"D6_CviMVP_PlDNA_4_SG_1046_dd6103a0","15_D6_CviMVP_PlDNA_4_SG_1046_dd6103a0_Dermo",2,NA,"Negative",FALSE,0,0
15,"D09","FAM","Unkn-28",23.22,23.2,1e-05,"Dermo","E7_CviMVP_PlDNA_4_SG.sharedLotterhosPuritz_1520_2ac7c9cd","CviMVP_11609","DC_NB_RI_2022-8-19",21,"E7_CviMVP_PlDNA_4_SG.sharedLotterhosPuritz_1520_2ac7c9cd","15_E7_CviMVP_PlDNA_4_SG.sharedLotterhosPuritz_1520_2ac7c9cd_Dermo",1,0.0399999999999991,"Positive",FALSE,3320.70285714286,2
15,"D10","FAM","Unkn-28",23.18,23.2,1e-05,"Dermo","E7_CviMVP_PlDNA_4_SG.sharedLotterhosPuritz_1520_2ac7c9cd","CviMVP_11609","DC_NB_RI_2022-8-19",21,"E7_CviMVP_PlDNA_4_SG.sharedLotterhosPuritz_1520_2ac7c9cd","15_E7_CviMVP_PlDNA_4_SG.sharedLotterhosPuritz_1520_2ac7c9cd_Dermo",2,0.0399999999999991,"Positive",FALSE,3320.70285714286,2
15,"D11","FAM","Unkn-35",NA,0,0,"Dermo","C8_CviMVP_PlDNA_4_SG.sharedLotterhosPuritz_1842_1b03335a","CviMVP_12550","LCP_UP_MD_2022-10-20",21,"C8_CviMVP_PlDNA_4_SG.sharedLotterhosPuritz_1842_1b03335a","15_C8_CviMVP_PlDNA_4_SG.sharedLotterhosPuritz_1842_1b03335a_Dermo",1,NA,"Inconclusive",TRUE,0,0
15,"D12","FAM","Unkn-35",35.66,35.66,0,"Dermo","C8_CviMVP_PlDNA_4_SG.sharedLotterhosPuritz_1842_1b03335a","CviMVP_12550","LCP_UP_MD_2022-10-20",21,"C8_CviMVP_PlDNA_4_SG.sharedLotterhosPuritz_1842_1b03335a","15_C8_CviMVP_PlDNA_4_SG.sharedLotterhosPuritz_1842_1b03335a_Dermo",2,NA,"Inconclusive",TRUE,0,0
15,"E03","FAM","Unkn-05",NA,0,0,"Dermo","F4_CviMVP_PlDNA_4_SG_1827_43db5e47","CviMVP_12510","PrEdIs_CN_A_2022-10-18",20,"F4_CviMVP_PlDNA_4_SG_1827_43db5e47","15_F4_CviMVP_PlDNA_4_SG_1827_43db5e47_Dermo",1,NA,"Negative",FALSE,0,0
15,"E04","FAM","Unkn-05",NA,0,0,"Dermo","F4_CviMVP_PlDNA_4_SG_1827_43db5e47","CviMVP_12510","PrEdIs_CN_A_2022-10-18",20,"F4_CviMVP_PlDNA_4_SG_1827_43db5e47","15_F4_CviMVP_PlDNA_4_SG_1827_43db5e47_Dermo",2,NA,"Negative",FALSE,0,0
15,"E05","FAM","Unkn-13",NA,0,0,"Dermo","E5_CviMVP_PlDNA_4_SG_1910_a67d4341","CviMVP_12750","Orrs_Cove_ME_2022-10-31",18,"E5_CviMVP_PlDNA_4_SG_1910_a67d4341","15_E5_CviMVP_PlDNA_4_SG_1910_a67d4341_Dermo",1,NA,"Negative",FALSE,0,0
15,"E06","FAM","Unkn-13",NA,0,0,"Dermo","E5_CviMVP_PlDNA_4_SG_1910_a67d4341","CviMVP_12750","Orrs_Cove_ME_2022-10-31",18,"E5_CviMVP_PlDNA_4_SG_1910_a67d4341","15_E5_CviMVP_PlDNA_4_SG_1910_a67d4341_Dermo",2,NA,"Negative",FALSE,0,0
15,"E07","FAM","Unkn-21",37.63,37.19,0,"Dermo","F6_CviMVP_PlDNA_4_SG_1171_ec4b4908","CviMVP_10606","SkR_GA_2022-6-14",22,"F6_CviMVP_PlDNA_4_SG_1171_ec4b4908","15_F6_CviMVP_PlDNA_4_SG_1171_ec4b4908_Dermo",1,0.880000000000003,"Positive",FALSE,0,0
15,"E08","FAM","Unkn-21",36.75,37.19,0,"Dermo","F6_CviMVP_PlDNA_4_SG_1171_ec4b4908","CviMVP_10606","SkR_GA_2022-6-14",22,"F6_CviMVP_PlDNA_4_SG_1171_ec4b4908","15_F6_CviMVP_PlDNA_4_SG_1171_ec4b4908_Dermo",2,0.880000000000003,"Positive",FALSE,0,0
15,"E09","FAM","Unkn-29",NA,0,0,"Dermo","F7_CviMVP_PlDNA_4_SG_1064_8a94aafd","CviMVP_10341","OL_MI_SC_2022-5-31",20,"F7_CviMVP_PlDNA_4_SG_1064_8a94aafd","15_F7_CviMVP_PlDNA_4_SG_1064_8a94aafd_Dermo",1,NA,"Negative",FALSE,0,0
15,"E10","FAM","Unkn-29",NA,0,0,"Dermo","F7_CviMVP_PlDNA_4_SG_1064_8a94aafd","CviMVP_10341","OL_MI_SC_2022-5-31",20,"F7_CviMVP_PlDNA_4_SG_1064_8a94aafd","15_F7_CviMVP_PlDNA_4_SG_1064_8a94aafd_Dermo",2,NA,"Negative",FALSE,0,0
15,"E11","FAM","Unkn-36",NA,0,0,"Dermo","D8_CviMVP_PlDNA_4_SG_1087_52775fe9","CviMVP_10397","GalBay_TX_2022-6-2",22,"D8_CviMVP_PlDNA_4_SG_1087_52775fe9","15_D8_CviMVP_PlDNA_4_SG_1087_52775fe9_Dermo",1,NA,"Inconclusive",TRUE,0,0
15,"E12","FAM","Unkn-36",39.22,39.22,0,"Dermo","D8_CviMVP_PlDNA_4_SG_1087_52775fe9","CviMVP_10397","GalBay_TX_2022-6-2",22,"D8_CviMVP_PlDNA_4_SG_1087_52775fe9","15_D8_CviMVP_PlDNA_4_SG_1087_52775fe9_Dermo",2,NA,"Inconclusive",TRUE,0,0
15,"F03","FAM","Unkn-06",NA,0,0,"Dermo","G4_CviMVP_PlDNA_4_SG_1198_980f6fe8","CviMVP_10682","Culch_Ba_LA_2022-6-21",20,"G4_CviMVP_PlDNA_4_SG_1198_980f6fe8","15_G4_CviMVP_PlDNA_4_SG_1198_980f6fe8_Dermo",1,NA,"Negative",FALSE,0,0
15,"F04","FAM","Unkn-06",NA,0,0,"Dermo","G4_CviMVP_PlDNA_4_SG_1198_980f6fe8","CviMVP_10682","Culch_Ba_LA_2022-6-21",20,"G4_CviMVP_PlDNA_4_SG_1198_980f6fe8","15_G4_CviMVP_PlDNA_4_SG_1198_980f6fe8_Dermo",2,NA,"Negative",FALSE,0,0
15,"F05","FAM","Unkn-14",39.14,39.14,0,"Dermo","F5_CviMVP_PlDNA_4_SG_1646_dc731bef","CviMVP_11978","SaltBay_Canada_2022-9-27",22,"F5_CviMVP_PlDNA_4_SG_1646_dc731bef","15_F5_CviMVP_PlDNA_4_SG_1646_dc731bef_Dermo",1,NA,"Inconclusive",TRUE,0,0
15,"F06","FAM","Unkn-14",NA,0,0,"Dermo","F5_CviMVP_PlDNA_4_SG_1646_dc731bef","CviMVP_11978","SaltBay_Canada_2022-9-27",22,"F5_CviMVP_PlDNA_4_SG_1646_dc731bef","15_F5_CviMVP_PlDNA_4_SG_1646_dc731bef_Dermo",2,NA,"Inconclusive",TRUE,0,0
15,"F07","FAM","Unkn-22",38.52,37.92,0,"Dermo","H6_CviMVP_PlDNA_4_SG_1832_200cdfa7","CviMVP_12524","PrEdIs_CN_A_2022-10-18",19,"H6_CviMVP_PlDNA_4_SG_1832_200cdfa7","15_H6_CviMVP_PlDNA_4_SG_1832_200cdfa7_Dermo",1,1.2,"Positive",FALSE,0,0
15,"F08","FAM","Unkn-22",37.32,37.92,0,"Dermo","H6_CviMVP_PlDNA_4_SG_1832_200cdfa7","CviMVP_12524","PrEdIs_CN_A_2022-10-18",19,"H6_CviMVP_PlDNA_4_SG_1832_200cdfa7","15_H6_CviMVP_PlDNA_4_SG_1832_200cdfa7_Dermo",2,1.2,"Positive",FALSE,0,0
15,"F09","FAM","Unkn-30",36.44,36.47,0,"Dermo","G7_CviMVP_PlDNA_4_SG_1548_a06e9f62","CviMVP_11692","CPR_MS_AL_2022-8-24",22,"G7_CviMVP_PlDNA_4_SG_1548_a06e9f62","15_G7_CviMVP_PlDNA_4_SG_1548_a06e9f62_Dermo",1,0.0700000000000003,"Positive",FALSE,0,0
15,"F10","FAM","Unkn-30",36.51,36.47,0,"Dermo","G7_CviMVP_PlDNA_4_SG_1548_a06e9f62","CviMVP_11692","CPR_MS_AL_2022-8-24",22,"G7_CviMVP_PlDNA_4_SG_1548_a06e9f62","15_G7_CviMVP_PlDNA_4_SG_1548_a06e9f62_Dermo",2,0.0700000000000003,"Positive",FALSE,0,0
15,"F11","FAM","Unkn-37",NA,0,0,"Dermo","E8_CviMVP_PlDNA_4_SG_1079_865600c1","CviMVP_10385","GalBay_TX_2022-6-2",19,"E8_CviMVP_PlDNA_4_SG_1079_865600c1","15_E8_CviMVP_PlDNA_4_SG_1079_865600c1_Dermo",1,NA,"Inconclusive",TRUE,0,0
15,"F12","FAM","Unkn-37",37.57,37.57,0,"Dermo","E8_CviMVP_PlDNA_4_SG_1079_865600c1","CviMVP_10385","GalBay_TX_2022-6-2",19,"E8_CviMVP_PlDNA_4_SG_1079_865600c1","15_E8_CviMVP_PlDNA_4_SG_1079_865600c1_Dermo",2,NA,"Inconclusive",TRUE,0,0
15,"G03","FAM","Unkn-07",30.62,30.36,0,"Dermo","H4_CviMVP_PlDNA_4_SG.sharedLotterhosPuritz_1514_53c65e35","CviMVP_11591","DC_NB_RI_2022-8-19",21,"H4_CviMVP_PlDNA_4_SG.sharedLotterhosPuritz_1514_53c65e35","15_H4_CviMVP_PlDNA_4_SG.sharedLotterhosPuritz_1514_53c65e35_Dermo",1,0.52,"Positive",FALSE,0,0
15,"G04","FAM","Unkn-07",30.1,30.36,0,"Dermo","H4_CviMVP_PlDNA_4_SG.sharedLotterhosPuritz_1514_53c65e35","CviMVP_11591","DC_NB_RI_2022-8-19",21,"H4_CviMVP_PlDNA_4_SG.sharedLotterhosPuritz_1514_53c65e35","15_H4_CviMVP_PlDNA_4_SG.sharedLotterhosPuritz_1514_53c65e35_Dermo",2,0.52,"Positive",FALSE,0,0
15,"G05","FAM","Unkn-15",31.17,31.33,0,"Dermo","G5_CviMVP_PlDNA_4_SG.sharedLotterhosPuritz_1488_d1de6993","CviMVP_11513","NR_NB_RI_2022-8-19",20,"G5_CviMVP_PlDNA_4_SG.sharedLotterhosPuritz_1488_d1de6993","15_G5_CviMVP_PlDNA_4_SG.sharedLotterhosPuritz_1488_d1de6993_Dermo",1,0.319999999999997,"Positive",FALSE,0,0
15,"G06","FAM","Unkn-15",31.49,31.33,0,"Dermo","G5_CviMVP_PlDNA_4_SG.sharedLotterhosPuritz_1488_d1de6993","CviMVP_11513","NR_NB_RI_2022-8-19",20,"G5_CviMVP_PlDNA_4_SG.sharedLotterhosPuritz_1488_d1de6993","15_G5_CviMVP_PlDNA_4_SG.sharedLotterhosPuritz_1488_d1de6993_Dermo",2,0.319999999999997,"Positive",FALSE,0,0
15,"G07","FAM","Unkn-23",NA,0,0,"Dermo","F8_CviMVP_PlDNA_4_SG.sharedLotterhosPuritz_1840_92caafa7","CviMVP_12544","LCP_UP_MD_2022-10-20",21,"F8_CviMVP_PlDNA_4_SG.sharedLotterhosPuritz_1840_92caafa7","15_F8_CviMVP_PlDNA_4_SG.sharedLotterhosPuritz_1840_92caafa7_Dermo",1,NA,"Negative",FALSE,0,0
15,"G08","FAM","Unkn-23",NA,0,0,"Dermo","F8_CviMVP_PlDNA_4_SG.sharedLotterhosPuritz_1840_92caafa7","CviMVP_12544","LCP_UP_MD_2022-10-20",21,"F8_CviMVP_PlDNA_4_SG.sharedLotterhosPuritz_1840_92caafa7","15_F8_CviMVP_PlDNA_4_SG.sharedLotterhosPuritz_1840_92caafa7_Dermo",2,NA,"Negative",FALSE,0,0
15,"G09","FAM","Unkn-31",NA,0,0,"Dermo","H7_CviMVP_PlDNA_4_SG_1810_984f0d11","CviMVP_12461","PrEdIs_CN_A_2022-10-18",20,"H7_CviMVP_PlDNA_4_SG_1810_984f0d11","15_H7_CviMVP_PlDNA_4_SG_1810_984f0d11_Dermo",1,NA,"Negative",FALSE,0,0
15,"G10","FAM","Unkn-31",NA,0,0,"Dermo","H7_CviMVP_PlDNA_4_SG_1810_984f0d11","CviMVP_12461","PrEdIs_CN_A_2022-10-18",20,"H7_CviMVP_PlDNA_4_SG_1810_984f0d11","15_H7_CviMVP_PlDNA_4_SG_1810_984f0d11_Dermo",2,NA,"Negative",FALSE,0,0
15,"H01","FAM","Unkn-38",NA,0,0,"Dermo",NA,NA,NA,20,"row_67","15_row_67_Dermo",1,NA,"Negative",FALSE,0,0
15,"H02","FAM","Unkn-38",NA,0,0,"Dermo",NA,NA,NA,20,"row_68","15_row_68_Dermo",1,NA,"Negative",FALSE,0,0
15,"H03","FAM","Unkn-08",24.87,24.72,1e-05,"Dermo","F3_CviMVP_PlDNA_4_SG_1807_377a52b1","CviMVP_12452","NPS_PS_NC_2022-10-12",20,"F3_CviMVP_PlDNA_4_SG_1807_377a52b1","15_F3_CviMVP_PlDNA_4_SG_1807_377a52b1_Dermo",1,0.300000000000001,"Positive",FALSE,3486.738,2
15,"H04","FAM","Unkn-08",24.57,24.72,1e-05,"Dermo","F3_CviMVP_PlDNA_4_SG_1807_377a52b1","CviMVP_12452","NPS_PS_NC_2022-10-12",20,"F3_CviMVP_PlDNA_4_SG_1807_377a52b1","15_F3_CviMVP_PlDNA_4_SG_1807_377a52b1_Dermo",2,0.300000000000001,"Positive",FALSE,3486.738,2
15,"H05","FAM","Unkn-16",19.8,19.7,1e-04,"Dermo","H5_CviMVP_PlDNA_4_SG_1294_d8ad56d2","CviMVP_10952","Sapelo_Is_GA_2022-7-17",21,"H5_CviMVP_PlDNA_4_SG_1294_d8ad56d2","15_H5_CviMVP_PlDNA_4_SG_1294_d8ad56d2_Dermo",1,0.199999999999999,"Positive",FALSE,33207.0285714286,3
15,"H06","FAM","Unkn-16",19.6,19.7,1e-04,"Dermo","H5_CviMVP_PlDNA_4_SG_1294_d8ad56d2","CviMVP_10952","Sapelo_Is_GA_2022-7-17",21,"H5_CviMVP_PlDNA_4_SG_1294_d8ad56d2","15_H5_CviMVP_PlDNA_4_SG_1294_d8ad56d2_Dermo",2,0.199999999999999,"Positive",FALSE,33207.0285714286,3
15,"H07","FAM","Unkn-24",34.33,34.64,0,"Dermo","G8_CviMVP_PlDNA_4_SG_1442_9009f004","CviMVP_11379","Cal_Lake_LA_2022-8-11",18,"G8_CviMVP_PlDNA_4_SG_1442_9009f004","15_G8_CviMVP_PlDNA_4_SG_1442_9009f004_Dermo",1,0.620000000000005,"Positive",FALSE,0,0
15,"H08","FAM","Unkn-24",34.95,34.64,0,"Dermo","G8_CviMVP_PlDNA_4_SG_1442_9009f004","CviMVP_11379","Cal_Lake_LA_2022-8-11",18,"G8_CviMVP_PlDNA_4_SG_1442_9009f004","15_G8_CviMVP_PlDNA_4_SG_1442_9009f004_Dermo",2,0.620000000000005,"Positive",FALSE,0,0
15,"H09","FAM","Unkn-32",24.65,24.62,1e-05,"Dermo","H8_CviMVP_PlDNA_4_SG.sharedLotterhosPuritz_1845_1a32d8b0","CviMVP_12559","LCP_UP_MD_2022-10-20",20,"H8_CviMVP_PlDNA_4_SG.sharedLotterhosPuritz_1845_1a32d8b0","15_H8_CviMVP_PlDNA_4_SG.sharedLotterhosPuritz_1845_1a32d8b0_Dermo",1,0.0499999999999972,"Positive",FALSE,3486.738,2
15,"H10","FAM","Unkn-32",24.6,24.62,1e-05,"Dermo","H8_CviMVP_PlDNA_4_SG.sharedLotterhosPuritz_1845_1a32d8b0","CviMVP_12559","LCP_UP_MD_2022-10-20",20,"H8_CviMVP_PlDNA_4_SG.sharedLotterhosPuritz_1845_1a32d8b0","15_H8_CviMVP_PlDNA_4_SG.sharedLotterhosPuritz_1845_1a32d8b0_Dermo",2,0.0499999999999972,"Positive",FALSE,3486.738,2
15,"A03","HEX","Unkn-01",NA,0,0,"MSX","B4_CviMVP_PlDNA_4_SG.sharedLotterhosPuritz_1718_655bf590","CviMVP_12187","WS_CB_VA_2022-10-7",19,"B4_CviMVP_PlDNA_4_SG.sharedLotterhosPuritz_1718_655bf590","15_B4_CviMVP_PlDNA_4_SG.sharedLotterhosPuritz_1718_655bf590_MSX",1,NA,"Negative",FALSE,0,0
15,"A04","HEX","Unkn-01",NA,0,0,"MSX","B4_CviMVP_PlDNA_4_SG.sharedLotterhosPuritz_1718_655bf590","CviMVP_12187","WS_CB_VA_2022-10-7",19,"B4_CviMVP_PlDNA_4_SG.sharedLotterhosPuritz_1718_655bf590","15_B4_CviMVP_PlDNA_4_SG.sharedLotterhosPuritz_1718_655bf590_MSX",2,NA,"Negative",FALSE,0,0
15,"A05","HEX","Unkn-09",NA,0,0,"MSX","A5_CviMVP_PlDNA_4_SG_1017_8d7c2653","CviMVP_10036","LakeFortuna_LA_2022-5-11",20,"A5_CviMVP_PlDNA_4_SG_1017_8d7c2653","15_A5_CviMVP_PlDNA_4_SG_1017_8d7c2653_MSX",1,NA,"Negative",FALSE,0,0
15,"A06","HEX","Unkn-09",NA,0,0,"MSX","A5_CviMVP_PlDNA_4_SG_1017_8d7c2653","CviMVP_10036","LakeFortuna_LA_2022-5-11",20,"A5_CviMVP_PlDNA_4_SG_1017_8d7c2653","15_A5_CviMVP_PlDNA_4_SG_1017_8d7c2653_MSX",2,NA,"Negative",FALSE,0,0
15,"A07","HEX","Unkn-17",NA,0,0,"MSX","A6_CviMVP_PlDNA_4_SG_1692_8c38f7d5","CviMVP_12112","SaLa_GA_2022-10-5",19,"A6_CviMVP_PlDNA_4_SG_1692_8c38f7d5","15_A6_CviMVP_PlDNA_4_SG_1692_8c38f7d5_MSX",1,NA,"Negative",FALSE,0,0
15,"A08","HEX","Unkn-17",NA,0,0,"MSX","A6_CviMVP_PlDNA_4_SG_1692_8c38f7d5","CviMVP_12112","SaLa_GA_2022-10-5",19,"A6_CviMVP_PlDNA_4_SG_1692_8c38f7d5","15_A6_CviMVP_PlDNA_4_SG_1692_8c38f7d5_MSX",2,NA,"Negative",FALSE,0,0
15,"A09","HEX","Unkn-25",NA,0,0,"MSX","A7_CviMVP_PlDNA_4_SG_1309_dcb4787a","CviMVP_10997","Sapelo_Is_GA_2022-7-17",20,"A7_CviMVP_PlDNA_4_SG_1309_dcb4787a","15_A7_CviMVP_PlDNA_4_SG_1309_dcb4787a_MSX",1,NA,"Negative",FALSE,0,0
15,"A10","HEX","Unkn-25",NA,0,0,"MSX","A7_CviMVP_PlDNA_4_SG_1309_dcb4787a","CviMVP_10997","Sapelo_Is_GA_2022-7-17",20,"A7_CviMVP_PlDNA_4_SG_1309_dcb4787a","15_A7_CviMVP_PlDNA_4_SG_1309_dcb4787a_MSX",2,NA,"Negative",FALSE,0,0
15,"B03","HEX","Unkn-02",NA,0,0,"MSX","C4_CviMVP_PlDNA_4_SG_1478_bee2927e","CviMVP_11484","SR_GB_NH_2022-8-12",18,"C4_CviMVP_PlDNA_4_SG_1478_bee2927e","15_C4_CviMVP_PlDNA_4_SG_1478_bee2927e_MSX",1,NA,"Negative",FALSE,0,0
15,"B04","HEX","Unkn-02",NA,0,0,"MSX","C4_CviMVP_PlDNA_4_SG_1478_bee2927e","CviMVP_11484","SR_GB_NH_2022-8-12",18,"C4_CviMVP_PlDNA_4_SG_1478_bee2927e","15_C4_CviMVP_PlDNA_4_SG_1478_bee2927e_MSX",2,NA,"Negative",FALSE,0,0
15,"B05","HEX","Unkn-10",NA,0,0,"MSX","B5_CviMVP_PlDNA_4_SG_1428_2fded98a","CviMVP_11338","GriceCove_SC_2022-8-10",20,"B5_CviMVP_PlDNA_4_SG_1428_2fded98a","15_B5_CviMVP_PlDNA_4_SG_1428_2fded98a_MSX",1,NA,"Negative",FALSE,0,0
15,"B06","HEX","Unkn-10",NA,0,0,"MSX","B5_CviMVP_PlDNA_4_SG_1428_2fded98a","CviMVP_11338","GriceCove_SC_2022-8-10",20,"B5_CviMVP_PlDNA_4_SG_1428_2fded98a","15_B5_CviMVP_PlDNA_4_SG_1428_2fded98a_MSX",2,NA,"Negative",FALSE,0,0
15,"B07","HEX","Unkn-18",NA,0,0,"MSX","B6_CviMVP_PlDNA_4_SG_1344_f85703a0","CviMVP_11098","Mer_GA_2022-7-26",20,"B6_CviMVP_PlDNA_4_SG_1344_f85703a0","15_B6_CviMVP_PlDNA_4_SG_1344_f85703a0_MSX",1,NA,"Negative",FALSE,0,0
15,"B08","HEX","Unkn-18",NA,0,0,"MSX","B6_CviMVP_PlDNA_4_SG_1344_f85703a0","CviMVP_11098","Mer_GA_2022-7-26",20,"B6_CviMVP_PlDNA_4_SG_1344_f85703a0","15_B6_CviMVP_PlDNA_4_SG_1344_f85703a0_MSX",2,NA,"Negative",FALSE,0,0
15,"B09","HEX","Unkn-26",NA,0,0,"MSX","C7_CviMVP_PlDNA_4_SG_1546_9204d62d","CviMVP_11686","CPR_MS_AL_2022-8-24",22,"C7_CviMVP_PlDNA_4_SG_1546_9204d62d","15_C7_CviMVP_PlDNA_4_SG_1546_9204d62d_MSX",1,NA,"Negative",FALSE,0,0
15,"B10","HEX","Unkn-26",NA,0,0,"MSX","C7_CviMVP_PlDNA_4_SG_1546_9204d62d","CviMVP_11686","CPR_MS_AL_2022-8-24",22,"C7_CviMVP_PlDNA_4_SG_1546_9204d62d","15_C7_CviMVP_PlDNA_4_SG_1546_9204d62d_MSX",2,NA,"Negative",FALSE,0,0
15,"B11","HEX","Unkn-33",NA,0,0,"MSX","A8_CviMVP_PlDNA_4_SG_1363_34d018e7","CviMVP_11157","Nickle_Rf_LA_2022-8-1",22,"A8_CviMVP_PlDNA_4_SG_1363_34d018e7","15_A8_CviMVP_PlDNA_4_SG_1363_34d018e7_MSX",1,NA,"Negative",FALSE,0,0
15,"B12","HEX","Unkn-33",NA,0,0,"MSX","A8_CviMVP_PlDNA_4_SG_1363_34d018e7","CviMVP_11157","Nickle_Rf_LA_2022-8-1",22,"A8_CviMVP_PlDNA_4_SG_1363_34d018e7","15_A8_CviMVP_PlDNA_4_SG_1363_34d018e7_MSX",2,NA,"Negative",FALSE,0,0
15,"C03","HEX","Unkn-03",NA,0,0,"MSX","D4_CviMVP_PlDNA_4_SG_1180_8429742a","CviMVP_10629","Culch_Ba_LA_2022-6-21",20,"D4_CviMVP_PlDNA_4_SG_1180_8429742a","15_D4_CviMVP_PlDNA_4_SG_1180_8429742a_MSX",1,NA,"Negative",FALSE,0,0
15,"C04","HEX","Unkn-03",NA,0,0,"MSX","D4_CviMVP_PlDNA_4_SG_1180_8429742a","CviMVP_10629","Culch_Ba_LA_2022-6-21",20,"D4_CviMVP_PlDNA_4_SG_1180_8429742a","15_D4_CviMVP_PlDNA_4_SG_1180_8429742a_MSX",2,NA,"Negative",FALSE,0,0
15,"C05","HEX","Unkn-11",31.77,31.74,0,"MSX","C5_CviMVP_PlDNA_4_SG_1164_98eed981","CviMVP_10589","SkR_GA_2022-6-14",18,"C5_CviMVP_PlDNA_4_SG_1164_98eed981","15_C5_CviMVP_PlDNA_4_SG_1164_98eed981_MSX",1,0.0599999999999987,"Positive",FALSE,0,0
15,"C06","HEX","Unkn-11",31.71,31.74,0,"MSX","C5_CviMVP_PlDNA_4_SG_1164_98eed981","CviMVP_10589","SkR_GA_2022-6-14",18,"C5_CviMVP_PlDNA_4_SG_1164_98eed981","15_C5_CviMVP_PlDNA_4_SG_1164_98eed981_MSX",2,0.0599999999999987,"Positive",FALSE,0,0
15,"C07","HEX","Unkn-19",NA,0,0,"MSX","C6_CviMVP_PlDNA_4_SG_1712_2338a29d","CviMVP_12169","SaLa_GA_2022-10-5",18,"C6_CviMVP_PlDNA_4_SG_1712_2338a29d","15_C6_CviMVP_PlDNA_4_SG_1712_2338a29d_MSX",1,NA,"Negative",FALSE,0,0
15,"C08","HEX","Unkn-19",NA,0,0,"MSX","C6_CviMVP_PlDNA_4_SG_1712_2338a29d","CviMVP_12169","SaLa_GA_2022-10-5",18,"C6_CviMVP_PlDNA_4_SG_1712_2338a29d","15_C6_CviMVP_PlDNA_4_SG_1712_2338a29d_MSX",2,NA,"Negative",FALSE,0,0
15,"C09","HEX","Unkn-27",NA,0,0,"MSX","D7_CviMVP_PlDNA_4_SG.sharedLotterhosPuritz_1776_3c0d0ba6","CviMVP_12360","DWS_CB_VA_2022-10-7",20,"D7_CviMVP_PlDNA_4_SG.sharedLotterhosPuritz_1776_3c0d0ba6","15_D7_CviMVP_PlDNA_4_SG.sharedLotterhosPuritz_1776_3c0d0ba6_MSX",1,NA,"Negative",FALSE,0,0
15,"C10","HEX","Unkn-27",NA,0,0,"MSX","D7_CviMVP_PlDNA_4_SG.sharedLotterhosPuritz_1776_3c0d0ba6","CviMVP_12360","DWS_CB_VA_2022-10-7",20,"D7_CviMVP_PlDNA_4_SG.sharedLotterhosPuritz_1776_3c0d0ba6","15_D7_CviMVP_PlDNA_4_SG.sharedLotterhosPuritz_1776_3c0d0ba6_MSX",2,NA,"Negative",FALSE,0,0
15,"C11","HEX","Unkn-34",NA,0,0,"MSX","B8_CviMVP_PlDNA_4_SG.sharedLotterhosPuritz_1849_21c5f2d5","CviMVP_12571","LCP_UP_MD_2022-10-20",19,"B8_CviMVP_PlDNA_4_SG.sharedLotterhosPuritz_1849_21c5f2d5","15_B8_CviMVP_PlDNA_4_SG.sharedLotterhosPuritz_1849_21c5f2d5_MSX",1,NA,"Negative",FALSE,0,0
15,"C12","HEX","Unkn-34",NA,0,0,"MSX","B8_CviMVP_PlDNA_4_SG.sharedLotterhosPuritz_1849_21c5f2d5","CviMVP_12571","LCP_UP_MD_2022-10-20",19,"B8_CviMVP_PlDNA_4_SG.sharedLotterhosPuritz_1849_21c5f2d5","15_B8_CviMVP_PlDNA_4_SG.sharedLotterhosPuritz_1849_21c5f2d5_MSX",2,NA,"Negative",FALSE,0,0
15,"D03","HEX","Unkn-04",NA,0,0,"MSX","E4_CviMVP_PlDNA_4_SG_1799_2e3fe4aa","CviMVP_12428","NPS_PS_NC_2022-10-12",21,"E4_CviMVP_PlDNA_4_SG_1799_2e3fe4aa","15_E4_CviMVP_PlDNA_4_SG_1799_2e3fe4aa_MSX",1,NA,"Negative",FALSE,0,0
15,"D04","HEX","Unkn-04",NA,0,0,"MSX","E4_CviMVP_PlDNA_4_SG_1799_2e3fe4aa","CviMVP_12428","NPS_PS_NC_2022-10-12",21,"E4_CviMVP_PlDNA_4_SG_1799_2e3fe4aa","15_E4_CviMVP_PlDNA_4_SG_1799_2e3fe4aa_MSX",2,NA,"Negative",FALSE,0,0
15,"D05","HEX","Unkn-12",NA,0,0,"MSX","D5_CviMVP_PlDNA_4_SG.sharedLotterhosPuritz_3038_a4e6ce98","CviMVP_30111","HC_DB_NJ_2022-9-23",20,"D5_CviMVP_PlDNA_4_SG.sharedLotterhosPuritz_3038_a4e6ce98","15_D5_CviMVP_PlDNA_4_SG.sharedLotterhosPuritz_3038_a4e6ce98_MSX",1,NA,"Negative",FALSE,0,0
15,"D06","HEX","Unkn-12",NA,0,0,"MSX","D5_CviMVP_PlDNA_4_SG.sharedLotterhosPuritz_3038_a4e6ce98","CviMVP_30111","HC_DB_NJ_2022-9-23",20,"D5_CviMVP_PlDNA_4_SG.sharedLotterhosPuritz_3038_a4e6ce98","15_D5_CviMVP_PlDNA_4_SG.sharedLotterhosPuritz_3038_a4e6ce98_MSX",2,NA,"Negative",FALSE,0,0
15,"D07","HEX","Unkn-20",NA,0,0,"MSX","D6_CviMVP_PlDNA_4_SG_1046_dd6103a0","CviMVP_10290","OL_MI_SC_2022-5-31",22,"D6_CviMVP_PlDNA_4_SG_1046_dd6103a0","15_D6_CviMVP_PlDNA_4_SG_1046_dd6103a0_MSX",1,NA,"Negative",FALSE,0,0
15,"D08","HEX","Unkn-20",NA,0,0,"MSX","D6_CviMVP_PlDNA_4_SG_1046_dd6103a0","CviMVP_10290","OL_MI_SC_2022-5-31",22,"D6_CviMVP_PlDNA_4_SG_1046_dd6103a0","15_D6_CviMVP_PlDNA_4_SG_1046_dd6103a0_MSX",2,NA,"Negative",FALSE,0,0
15,"D09","HEX","Unkn-28",NA,0,0,"MSX","E7_CviMVP_PlDNA_4_SG.sharedLotterhosPuritz_1520_2ac7c9cd","CviMVP_11609","DC_NB_RI_2022-8-19",21,"E7_CviMVP_PlDNA_4_SG.sharedLotterhosPuritz_1520_2ac7c9cd","15_E7_CviMVP_PlDNA_4_SG.sharedLotterhosPuritz_1520_2ac7c9cd_MSX",1,NA,"Negative",FALSE,0,0
15,"D10","HEX","Unkn-28",NA,0,0,"MSX","E7_CviMVP_PlDNA_4_SG.sharedLotterhosPuritz_1520_2ac7c9cd","CviMVP_11609","DC_NB_RI_2022-8-19",21,"E7_CviMVP_PlDNA_4_SG.sharedLotterhosPuritz_1520_2ac7c9cd","15_E7_CviMVP_PlDNA_4_SG.sharedLotterhosPuritz_1520_2ac7c9cd_MSX",2,NA,"Negative",FALSE,0,0
15,"D11","HEX","Unkn-35",NA,0,0,"MSX","C8_CviMVP_PlDNA_4_SG.sharedLotterhosPuritz_1842_1b03335a","CviMVP_12550","LCP_UP_MD_2022-10-20",21,"C8_CviMVP_PlDNA_4_SG.sharedLotterhosPuritz_1842_1b03335a","15_C8_CviMVP_PlDNA_4_SG.sharedLotterhosPuritz_1842_1b03335a_MSX",1,NA,"Negative",FALSE,0,0
15,"D12","HEX","Unkn-35",NA,0,0,"MSX","C8_CviMVP_PlDNA_4_SG.sharedLotterhosPuritz_1842_1b03335a","CviMVP_12550","LCP_UP_MD_2022-10-20",21,"C8_CviMVP_PlDNA_4_SG.sharedLotterhosPuritz_1842_1b03335a","15_C8_CviMVP_PlDNA_4_SG.sharedLotterhosPuritz_1842_1b03335a_MSX",2,NA,"Negative",FALSE,0,0
15,"E03","HEX","Unkn-05",NA,0,0,"MSX","F4_CviMVP_PlDNA_4_SG_1827_43db5e47","CviMVP_12510","PrEdIs_CN_A_2022-10-18",20,"F4_CviMVP_PlDNA_4_SG_1827_43db5e47","15_F4_CviMVP_PlDNA_4_SG_1827_43db5e47_MSX",1,NA,"Negative",FALSE,0,0
15,"E04","HEX","Unkn-05",NA,0,0,"MSX","F4_CviMVP_PlDNA_4_SG_1827_43db5e47","CviMVP_12510","PrEdIs_CN_A_2022-10-18",20,"F4_CviMVP_PlDNA_4_SG_1827_43db5e47","15_F4_CviMVP_PlDNA_4_SG_1827_43db5e47_MSX",2,NA,"Negative",FALSE,0,0
15,"E05","HEX","Unkn-13",35.44,35.56,0,"MSX","E5_CviMVP_PlDNA_4_SG_1910_a67d4341","CviMVP_12750","Orrs_Cove_ME_2022-10-31",18,"E5_CviMVP_PlDNA_4_SG_1910_a67d4341","15_E5_CviMVP_PlDNA_4_SG_1910_a67d4341_MSX",1,0.25,"Positive",FALSE,0,0
15,"E06","HEX","Unkn-13",35.69,35.56,0,"MSX","E5_CviMVP_PlDNA_4_SG_1910_a67d4341","CviMVP_12750","Orrs_Cove_ME_2022-10-31",18,"E5_CviMVP_PlDNA_4_SG_1910_a67d4341","15_E5_CviMVP_PlDNA_4_SG_1910_a67d4341_MSX",2,0.25,"Positive",FALSE,0,0
15,"E07","HEX","Unkn-21",36.11,36.06,0,"MSX","F6_CviMVP_PlDNA_4_SG_1171_ec4b4908","CviMVP_10606","SkR_GA_2022-6-14",22,"F6_CviMVP_PlDNA_4_SG_1171_ec4b4908","15_F6_CviMVP_PlDNA_4_SG_1171_ec4b4908_MSX",1,0.0899999999999963,"Positive",FALSE,0,0
15,"E08","HEX","Unkn-21",36.02,36.06,0,"MSX","F6_CviMVP_PlDNA_4_SG_1171_ec4b4908","CviMVP_10606","SkR_GA_2022-6-14",22,"F6_CviMVP_PlDNA_4_SG_1171_ec4b4908","15_F6_CviMVP_PlDNA_4_SG_1171_ec4b4908_MSX",2,0.0899999999999963,"Positive",FALSE,0,0
15,"E09","HEX","Unkn-29",NA,0,0,"MSX","F7_CviMVP_PlDNA_4_SG_1064_8a94aafd","CviMVP_10341","OL_MI_SC_2022-5-31",20,"F7_CviMVP_PlDNA_4_SG_1064_8a94aafd","15_F7_CviMVP_PlDNA_4_SG_1064_8a94aafd_MSX",1,NA,"Negative",FALSE,0,0
15,"E10","HEX","Unkn-29",NA,0,0,"MSX","F7_CviMVP_PlDNA_4_SG_1064_8a94aafd","CviMVP_10341","OL_MI_SC_2022-5-31",20,"F7_CviMVP_PlDNA_4_SG_1064_8a94aafd","15_F7_CviMVP_PlDNA_4_SG_1064_8a94aafd_MSX",2,NA,"Negative",FALSE,0,0
15,"E11","HEX","Unkn-36",NA,0,0,"MSX","D8_CviMVP_PlDNA_4_SG_1087_52775fe9","CviMVP_10397","GalBay_TX_2022-6-2",22,"D8_CviMVP_PlDNA_4_SG_1087_52775fe9","15_D8_CviMVP_PlDNA_4_SG_1087_52775fe9_MSX",1,NA,"Negative",FALSE,0,0
15,"E12","HEX","Unkn-36",NA,0,0,"MSX","D8_CviMVP_PlDNA_4_SG_1087_52775fe9","CviMVP_10397","GalBay_TX_2022-6-2",22,"D8_CviMVP_PlDNA_4_SG_1087_52775fe9","15_D8_CviMVP_PlDNA_4_SG_1087_52775fe9_MSX",2,NA,"Negative",FALSE,0,0
15,"F03","HEX","Unkn-06",NA,0,0,"MSX","G4_CviMVP_PlDNA_4_SG_1198_980f6fe8","CviMVP_10682","Culch_Ba_LA_2022-6-21",20,"G4_CviMVP_PlDNA_4_SG_1198_980f6fe8","15_G4_CviMVP_PlDNA_4_SG_1198_980f6fe8_MSX",1,NA,"Negative",FALSE,0,0
15,"F04","HEX","Unkn-06",NA,0,0,"MSX","G4_CviMVP_PlDNA_4_SG_1198_980f6fe8","CviMVP_10682","Culch_Ba_LA_2022-6-21",20,"G4_CviMVP_PlDNA_4_SG_1198_980f6fe8","15_G4_CviMVP_PlDNA_4_SG_1198_980f6fe8_MSX",2,NA,"Negative",FALSE,0,0
15,"F05","HEX","Unkn-14",NA,0,0,"MSX","F5_CviMVP_PlDNA_4_SG_1646_dc731bef","CviMVP_11978","SaltBay_Canada_2022-9-27",22,"F5_CviMVP_PlDNA_4_SG_1646_dc731bef","15_F5_CviMVP_PlDNA_4_SG_1646_dc731bef_MSX",1,NA,"Negative",FALSE,0,0
15,"F06","HEX","Unkn-14",NA,0,0,"MSX","F5_CviMVP_PlDNA_4_SG_1646_dc731bef","CviMVP_11978","SaltBay_Canada_2022-9-27",22,"F5_CviMVP_PlDNA_4_SG_1646_dc731bef","15_F5_CviMVP_PlDNA_4_SG_1646_dc731bef_MSX",2,NA,"Negative",FALSE,0,0
15,"F07","HEX","Unkn-22",NA,0,0,"MSX","H6_CviMVP_PlDNA_4_SG_1832_200cdfa7","CviMVP_12524","PrEdIs_CN_A_2022-10-18",19,"H6_CviMVP_PlDNA_4_SG_1832_200cdfa7","15_H6_CviMVP_PlDNA_4_SG_1832_200cdfa7_MSX",1,NA,"Negative",FALSE,0,0
15,"F08","HEX","Unkn-22",NA,0,0,"MSX","H6_CviMVP_PlDNA_4_SG_1832_200cdfa7","CviMVP_12524","PrEdIs_CN_A_2022-10-18",19,"H6_CviMVP_PlDNA_4_SG_1832_200cdfa7","15_H6_CviMVP_PlDNA_4_SG_1832_200cdfa7_MSX",2,NA,"Negative",FALSE,0,0
15,"F09","HEX","Unkn-30",NA,0,0,"MSX","G7_CviMVP_PlDNA_4_SG_1548_a06e9f62","CviMVP_11692","CPR_MS_AL_2022-8-24",22,"G7_CviMVP_PlDNA_4_SG_1548_a06e9f62","15_G7_CviMVP_PlDNA_4_SG_1548_a06e9f62_MSX",1,NA,"Negative",FALSE,0,0
15,"F10","HEX","Unkn-30",NA,0,0,"MSX","G7_CviMVP_PlDNA_4_SG_1548_a06e9f62","CviMVP_11692","CPR_MS_AL_2022-8-24",22,"G7_CviMVP_PlDNA_4_SG_1548_a06e9f62","15_G7_CviMVP_PlDNA_4_SG_1548_a06e9f62_MSX",2,NA,"Negative",FALSE,0,0
15,"F11","HEX","Unkn-37",NA,0,0,"MSX","E8_CviMVP_PlDNA_4_SG_1079_865600c1","CviMVP_10385","GalBay_TX_2022-6-2",19,"E8_CviMVP_PlDNA_4_SG_1079_865600c1","15_E8_CviMVP_PlDNA_4_SG_1079_865600c1_MSX",1,NA,"Negative",FALSE,0,0
15,"F12","HEX","Unkn-37",NA,0,0,"MSX","E8_CviMVP_PlDNA_4_SG_1079_865600c1","CviMVP_10385","GalBay_TX_2022-6-2",19,"E8_CviMVP_PlDNA_4_SG_1079_865600c1","15_E8_CviMVP_PlDNA_4_SG_1079_865600c1_MSX",2,NA,"Negative",FALSE,0,0
15,"G03","HEX","Unkn-07",NA,0,0,"MSX","H4_CviMVP_PlDNA_4_SG.sharedLotterhosPuritz_1514_53c65e35","CviMVP_11591","DC_NB_RI_2022-8-19",21,"H4_CviMVP_PlDNA_4_SG.sharedLotterhosPuritz_1514_53c65e35","15_H4_CviMVP_PlDNA_4_SG.sharedLotterhosPuritz_1514_53c65e35_MSX",1,NA,"Negative",FALSE,0,0
15,"G04","HEX","Unkn-07",NA,0,0,"MSX","H4_CviMVP_PlDNA_4_SG.sharedLotterhosPuritz_1514_53c65e35","CviMVP_11591","DC_NB_RI_2022-8-19",21,"H4_CviMVP_PlDNA_4_SG.sharedLotterhosPuritz_1514_53c65e35","15_H4_CviMVP_PlDNA_4_SG.sharedLotterhosPuritz_1514_53c65e35_MSX",2,NA,"Negative",FALSE,0,0
15,"G05","HEX","Unkn-15",NA,0,0,"MSX","G5_CviMVP_PlDNA_4_SG.sharedLotterhosPuritz_1488_d1de6993","CviMVP_11513","NR_NB_RI_2022-8-19",20,"G5_CviMVP_PlDNA_4_SG.sharedLotterhosPuritz_1488_d1de6993","15_G5_CviMVP_PlDNA_4_SG.sharedLotterhosPuritz_1488_d1de6993_MSX",1,NA,"Negative",FALSE,0,0
15,"G06","HEX","Unkn-15",NA,0,0,"MSX","G5_CviMVP_PlDNA_4_SG.sharedLotterhosPuritz_1488_d1de6993","CviMVP_11513","NR_NB_RI_2022-8-19",20,"G5_CviMVP_PlDNA_4_SG.sharedLotterhosPuritz_1488_d1de6993","15_G5_CviMVP_PlDNA_4_SG.sharedLotterhosPuritz_1488_d1de6993_MSX",2,NA,"Negative",FALSE,0,0
15,"G07","HEX","Unkn-23",NA,0,0,"MSX","F8_CviMVP_PlDNA_4_SG.sharedLotterhosPuritz_1840_92caafa7","CviMVP_12544","LCP_UP_MD_2022-10-20",21,"F8_CviMVP_PlDNA_4_SG.sharedLotterhosPuritz_1840_92caafa7","15_F8_CviMVP_PlDNA_4_SG.sharedLotterhosPuritz_1840_92caafa7_MSX",1,NA,"Negative",FALSE,0,0
15,"G08","HEX","Unkn-23",NA,0,0,"MSX","F8_CviMVP_PlDNA_4_SG.sharedLotterhosPuritz_1840_92caafa7","CviMVP_12544","LCP_UP_MD_2022-10-20",21,"F8_CviMVP_PlDNA_4_SG.sharedLotterhosPuritz_1840_92caafa7","15_F8_CviMVP_PlDNA_4_SG.sharedLotterhosPuritz_1840_92caafa7_MSX",2,NA,"Negative",FALSE,0,0
15,"G09","HEX","Unkn-31",NA,0,0,"MSX","H7_CviMVP_PlDNA_4_SG_1810_984f0d11","CviMVP_12461","PrEdIs_CN_A_2022-10-18",20,"H7_CviMVP_PlDNA_4_SG_1810_984f0d11","15_H7_CviMVP_PlDNA_4_SG_1810_984f0d11_MSX",1,NA,"Negative",FALSE,0,0
15,"G10","HEX","Unkn-31",NA,0,0,"MSX","H7_CviMVP_PlDNA_4_SG_1810_984f0d11","CviMVP_12461","PrEdIs_CN_A_2022-10-18",20,"H7_CviMVP_PlDNA_4_SG_1810_984f0d11","15_H7_CviMVP_PlDNA_4_SG_1810_984f0d11_MSX",2,NA,"Negative",FALSE,0,0
15,"H01","HEX","Unkn-38",NA,0,0,"MSX",NA,NA,NA,20,"row_143","15_row_143_MSX",1,NA,"Negative",FALSE,0,0
15,"H02","HEX","Unkn-38",NA,0,0,"MSX",NA,NA,NA,20,"row_144","15_row_144_MSX",1,NA,"Negative",FALSE,0,0
15,"H03","HEX","Unkn-08",NA,0,0,"MSX","F3_CviMVP_PlDNA_4_SG_1807_377a52b1","CviMVP_12452","NPS_PS_NC_2022-10-12",20,"F3_CviMVP_PlDNA_4_SG_1807_377a52b1","15_F3_CviMVP_PlDNA_4_SG_1807_377a52b1_MSX",1,NA,"Negative",FALSE,0,0
15,"H04","HEX","Unkn-08",NA,0,0,"MSX","F3_CviMVP_PlDNA_4_SG_1807_377a52b1","CviMVP_12452","NPS_PS_NC_2022-10-12",20,"F3_CviMVP_PlDNA_4_SG_1807_377a52b1","15_F3_CviMVP_PlDNA_4_SG_1807_377a52b1_MSX",2,NA,"Negative",FALSE,0,0
15,"H05","HEX","Unkn-16",NA,0,0,"MSX","H5_CviMVP_PlDNA_4_SG_1294_d8ad56d2","CviMVP_10952","Sapelo_Is_GA_2022-7-17",21,"H5_CviMVP_PlDNA_4_SG_1294_d8ad56d2","15_H5_CviMVP_PlDNA_4_SG_1294_d8ad56d2_MSX",1,NA,"Negative",FALSE,0,0
15,"H06","HEX","Unkn-16",NA,0,0,"MSX","H5_CviMVP_PlDNA_4_SG_1294_d8ad56d2","CviMVP_10952","Sapelo_Is_GA_2022-7-17",21,"H5_CviMVP_PlDNA_4_SG_1294_d8ad56d2","15_H5_CviMVP_PlDNA_4_SG_1294_d8ad56d2_MSX",2,NA,"Negative",FALSE,0,0
15,"H07","HEX","Unkn-24",NA,0,0,"MSX","G8_CviMVP_PlDNA_4_SG_1442_9009f004","CviMVP_11379","Cal_Lake_LA_2022-8-11",18,"G8_CviMVP_PlDNA_4_SG_1442_9009f004","15_G8_CviMVP_PlDNA_4_SG_1442_9009f004_MSX",1,NA,"Negative",FALSE,0,0
15,"H08","HEX","Unkn-24",NA,0,0,"MSX","G8_CviMVP_PlDNA_4_SG_1442_9009f004","CviMVP_11379","Cal_Lake_LA_2022-8-11",18,"G8_CviMVP_PlDNA_4_SG_1442_9009f004","15_G8_CviMVP_PlDNA_4_SG_1442_9009f004_MSX",2,NA,"Negative",FALSE,0,0
15,"H09","HEX","Unkn-32",NA,0,0,"MSX","H8_CviMVP_PlDNA_4_SG.sharedLotterhosPuritz_1845_1a32d8b0","CviMVP_12559","LCP_UP_MD_2022-10-20",20,"H8_CviMVP_PlDNA_4_SG.sharedLotterhosPuritz_1845_1a32d8b0","15_H8_CviMVP_PlDNA_4_SG.sharedLotterhosPuritz_1845_1a32d8b0_MSX",1,NA,"Negative",FALSE,0,0
15,"H10","HEX","Unkn-32",NA,0,0,"MSX","H8_CviMVP_PlDNA_4_SG.sharedLotterhosPuritz_1845_1a32d8b0","CviMVP_12559","LCP_UP_MD_2022-10-20",20,"H8_CviMVP_PlDNA_4_SG.sharedLotterhosPuritz_1845_1a32d8b0","15_H8_CviMVP_PlDNA_4_SG.sharedLotterhosPuritz_1845_1a32d8b0_MSX",2,NA,"Negative",FALSE,0,0
16,"A03","FAM","Unkn-01",38.35,38.04,0,"Dermo","A9_CviMVP_PlDNA_4_SG_1028_4e0fd7b2","CviMVP_10068","LakeFortuna_LA_2022-5-11",20,"A9_CviMVP_PlDNA_4_SG_1028_4e0fd7b2","16_A9_CviMVP_PlDNA_4_SG_1028_4e0fd7b2_Dermo",1,0.620000000000005,"Positive",FALSE,0,0
16,"A04","FAM","Unkn-01",37.73,38.04,0,"Dermo","A9_CviMVP_PlDNA_4_SG_1028_4e0fd7b2","CviMVP_10068","LakeFortuna_LA_2022-5-11",20,"A9_CviMVP_PlDNA_4_SG_1028_4e0fd7b2","16_A9_CviMVP_PlDNA_4_SG_1028_4e0fd7b2_Dermo",2,0.620000000000005,"Positive",FALSE,0,0
16,"A05","FAM","Unkn-09",NA,0,0,"Dermo","A10_CviMVP_PlDNA_4_SG_1902_8ccae1e5","CviMVP_12727","Orrs_Cove_ME_2022-10-31",21,"A10_CviMVP_PlDNA_4_SG_1902_8ccae1e5","16_A10_CviMVP_PlDNA_4_SG_1902_8ccae1e5_Dermo",1,NA,"Negative",FALSE,0,0
16,"A06","FAM","Unkn-09",NA,0,0,"Dermo","A10_CviMVP_PlDNA_4_SG_1902_8ccae1e5","CviMVP_12727","Orrs_Cove_ME_2022-10-31",21,"A10_CviMVP_PlDNA_4_SG_1902_8ccae1e5","16_A10_CviMVP_PlDNA_4_SG_1902_8ccae1e5_Dermo",2,NA,"Negative",FALSE,0,0
16,"A07","FAM","Unkn-17",37.89,37.61,0,"Dermo","A11_CviMVP_PlDNA_4_SG.sharedLotterhosPuritz_3001_63a6096b","CviMVP_30003","CS_DB_NJ_2022-9-21",21,"A11_CviMVP_PlDNA_4_SG.sharedLotterhosPuritz_3001_63a6096b","16_A11_CviMVP_PlDNA_4_SG.sharedLotterhosPuritz_3001_63a6096b_Dermo",1,0.560000000000002,"Positive",FALSE,0,0
16,"A08","FAM","Unkn-17",37.33,37.61,0,"Dermo","A11_CviMVP_PlDNA_4_SG.sharedLotterhosPuritz_3001_63a6096b","CviMVP_30003","CS_DB_NJ_2022-9-21",21,"A11_CviMVP_PlDNA_4_SG.sharedLotterhosPuritz_3001_63a6096b","16_A11_CviMVP_PlDNA_4_SG.sharedLotterhosPuritz_3001_63a6096b_Dermo",2,0.560000000000002,"Positive",FALSE,0,0
16,"A09","FAM","Unkn-25",36.38,36.76,0,"Dermo","A12_CviMVP_PlDNA_4_SG_1292_2cab46d3","CviMVP_10949","Sapelo_Is_GA_2022-7-17",22,"A12_CviMVP_PlDNA_4_SG_1292_2cab46d3","16_A12_CviMVP_PlDNA_4_SG_1292_2cab46d3_Dermo",1,0.75,"Positive",FALSE,0,0
16,"A10","FAM","Unkn-25",37.13,36.76,0,"Dermo","A12_CviMVP_PlDNA_4_SG_1292_2cab46d3","CviMVP_10949","Sapelo_Is_GA_2022-7-17",22,"A12_CviMVP_PlDNA_4_SG_1292_2cab46d3","16_A12_CviMVP_PlDNA_4_SG_1292_2cab46d3_Dermo",2,0.75,"Positive",FALSE,0,0
16,"B03","FAM","Unkn-02",24.3,24.25,1e-05,"Dermo","B9_CviMVP_PlDNA_4_SG_1414_8945336e","CviMVP_11296","GriceCove_SC_2022-8-10",21,"B9_CviMVP_PlDNA_4_SG_1414_8945336e","16_B9_CviMVP_PlDNA_4_SG_1414_8945336e_Dermo",1,0.100000000000001,"Positive",FALSE,3320.70285714286,2
16,"B04","FAM","Unkn-02",24.2,24.25,1e-05,"Dermo","B9_CviMVP_PlDNA_4_SG_1414_8945336e","CviMVP_11296","GriceCove_SC_2022-8-10",21,"B9_CviMVP_PlDNA_4_SG_1414_8945336e","16_B9_CviMVP_PlDNA_4_SG_1414_8945336e_Dermo",2,0.100000000000001,"Positive",FALSE,3320.70285714286,2
16,"B05","FAM","Unkn-10",NA,0,0,"Dermo","C10_CviMVP_PlDNA_4_SG_1880_6331e3b6","CviMVP_12664","DC_DR_ME_2022-10-25",19,"C10_CviMVP_PlDNA_4_SG_1880_6331e3b6","16_C10_CviMVP_PlDNA_4_SG_1880_6331e3b6_Dermo",1,NA,"Negative",FALSE,0,0
16,"B06","FAM","Unkn-10",NA,0,0,"Dermo","C10_CviMVP_PlDNA_4_SG_1880_6331e3b6","CviMVP_12664","DC_DR_ME_2022-10-25",19,"C10_CviMVP_PlDNA_4_SG_1880_6331e3b6","16_C10_CviMVP_PlDNA_4_SG_1880_6331e3b6_Dermo",2,NA,"Negative",FALSE,0,0
16,"B07","FAM","Unkn-18",23.36,23.3,2e-05,"Dermo","B11_CviMVP_PlDNA_4_SG.sharedLotterhosPuritz_1728_8f01cd90","CviMVP_12217","WS_CB_VA_2022-10-7",20,"B11_CviMVP_PlDNA_4_SG.sharedLotterhosPuritz_1728_8f01cd90","16_B11_CviMVP_PlDNA_4_SG.sharedLotterhosPuritz_1728_8f01cd90_Dermo",1,0.120000000000001,"Positive",FALSE,6973.476,2
16,"B08","FAM","Unkn-18",23.24,23.3,2e-05,"Dermo","B11_CviMVP_PlDNA_4_SG.sharedLotterhosPuritz_1728_8f01cd90","CviMVP_12217","WS_CB_VA_2022-10-7",20,"B11_CviMVP_PlDNA_4_SG.sharedLotterhosPuritz_1728_8f01cd90","16_B11_CviMVP_PlDNA_4_SG.sharedLotterhosPuritz_1728_8f01cd90_Dermo",2,0.120000000000001,"Positive",FALSE,6973.476,2
16,"B09","FAM","Unkn-26",32.96,32.91,0,"Dermo","B12_CviMVP_PlDNA_4_SG_1297_a38f9ec9","CviMVP_10963","Sapelo_Is_GA_2022-7-17",18,"B12_CviMVP_PlDNA_4_SG_1297_a38f9ec9","16_B12_CviMVP_PlDNA_4_SG_1297_a38f9ec9_Dermo",1,0.0900000000000034,"Positive",FALSE,0,0
16,"B10","FAM","Unkn-26",32.87,32.91,0,"Dermo","B12_CviMVP_PlDNA_4_SG_1297_a38f9ec9","CviMVP_10963","Sapelo_Is_GA_2022-7-17",18,"B12_CviMVP_PlDNA_4_SG_1297_a38f9ec9","16_B12_CviMVP_PlDNA_4_SG_1297_a38f9ec9_Dermo",2,0.0900000000000034,"Positive",FALSE,0,0
16,"B11","FAM","Unkn-33",38.64,39.23,0,"Dermo","B3_CviMVP_PlDNA_4_SG.sharedLotterhosPuritz_3013_33dda8a5","CviMVP_30039","CS_DB_NJ_2022-9-21",21,"B3_CviMVP_PlDNA_4_SG.sharedLotterhosPuritz_3013_33dda8a5","16_B3_CviMVP_PlDNA_4_SG.sharedLotterhosPuritz_3013_33dda8a5_Dermo",1,1.17,"Positive",FALSE,0,0
16,"B12","FAM","Unkn-33",39.81,39.23,0,"Dermo","B3_CviMVP_PlDNA_4_SG.sharedLotterhosPuritz_3013_33dda8a5","CviMVP_30039","CS_DB_NJ_2022-9-21",21,"B3_CviMVP_PlDNA_4_SG.sharedLotterhosPuritz_3013_33dda8a5","16_B3_CviMVP_PlDNA_4_SG.sharedLotterhosPuritz_3013_33dda8a5_Dermo",2,1.17,"Positive",FALSE,0,0
16,"C03","FAM","Unkn-03",NA,0,0,"Dermo","C9_CviMVP_PlDNA_4_SG_1923_d8adabfd","CviMVP_12788","Orrs_Cove_ME_2022-10-31",21,"C9_CviMVP_PlDNA_4_SG_1923_d8adabfd","16_C9_CviMVP_PlDNA_4_SG_1923_d8adabfd_Dermo",1,NA,"Inconclusive",TRUE,0,0
16,"C04","FAM","Unkn-03",38.42,38.42,0,"Dermo","C9_CviMVP_PlDNA_4_SG_1923_d8adabfd","CviMVP_12788","Orrs_Cove_ME_2022-10-31",21,"C9_CviMVP_PlDNA_4_SG_1923_d8adabfd","16_C9_CviMVP_PlDNA_4_SG_1923_d8adabfd_Dermo",2,NA,"Inconclusive",TRUE,0,0
16,"C05","FAM","Unkn-11",27.25,27.18,0,"Dermo","D10_CviMVP_PlDNA_4_SG_1131_ece13837","CviMVP_10508","FP_Sav_GA_2022-6-10",21,"D10_CviMVP_PlDNA_4_SG_1131_ece13837","16_D10_CviMVP_PlDNA_4_SG_1131_ece13837_Dermo",1,0.149999999999999,"Positive",FALSE,0,0
16,"C06","FAM","Unkn-11",27.1,27.18,0,"Dermo","D10_CviMVP_PlDNA_4_SG_1131_ece13837","CviMVP_10508","FP_Sav_GA_2022-6-10",21,"D10_CviMVP_PlDNA_4_SG_1131_ece13837","16_D10_CviMVP_PlDNA_4_SG_1131_ece13837_Dermo",2,0.149999999999999,"Positive",FALSE,0,0
16,"C07","FAM","Unkn-19",27.78,27.76,0,"Dermo","C11_CviMVP_PlDNA_4_SG_1805_d2f00fa3","CviMVP_12446","NPS_PS_NC_2022-10-12",22,"C11_CviMVP_PlDNA_4_SG_1805_d2f00fa3","16_C11_CviMVP_PlDNA_4_SG_1805_d2f00fa3_Dermo",1,0.0400000000000027,"Positive",FALSE,0,0
16,"C08","FAM","Unkn-19",27.74,27.76,0,"Dermo","C11_CviMVP_PlDNA_4_SG_1805_d2f00fa3","CviMVP_12446","NPS_PS_NC_2022-10-12",22,"C11_CviMVP_PlDNA_4_SG_1805_d2f00fa3","16_C11_CviMVP_PlDNA_4_SG_1805_d2f00fa3_Dermo",2,0.0400000000000027,"Positive",FALSE,0,0
16,"C09","FAM","Unkn-27",38.33,38.03,0,"Dermo","C12_CviMVP_PlDNA_4_SG.sharedLotterhosPuritz_1852_a4a0a9fb","CviMVP_12580","LCP_UP_MD_2022-10-20",18,"C12_CviMVP_PlDNA_4_SG.sharedLotterhosPuritz_1852_a4a0a9fb","16_C12_CviMVP_PlDNA_4_SG.sharedLotterhosPuritz_1852_a4a0a9fb_Dermo",1,0.600000000000001,"Positive",FALSE,0,0
16,"C10","FAM","Unkn-27",37.73,38.03,0,"Dermo","C12_CviMVP_PlDNA_4_SG.sharedLotterhosPuritz_1852_a4a0a9fb","CviMVP_12580","LCP_UP_MD_2022-10-20",18,"C12_CviMVP_PlDNA_4_SG.sharedLotterhosPuritz_1852_a4a0a9fb","16_C12_CviMVP_PlDNA_4_SG.sharedLotterhosPuritz_1852_a4a0a9fb_Dermo",2,0.600000000000001,"Positive",FALSE,0,0
16,"C11","FAM","Unkn-34",38.23,38.23,0,"Dermo","G3_CviMVP_PlDNA_4_SG_1298_22f5fb03","CviMVP_10966","Sapelo_Is_GA_2022-7-17",20,"G3_CviMVP_PlDNA_4_SG_1298_22f5fb03","16_G3_CviMVP_PlDNA_4_SG_1298_22f5fb03_Dermo",1,17.38,"Inconclusive",TRUE,0,0
16,"C12","FAM","Unkn-34",NA,0,0,"Dermo","G3_CviMVP_PlDNA_4_SG_1298_22f5fb03","CviMVP_10966","Sapelo_Is_GA_2022-7-17",20,"G3_CviMVP_PlDNA_4_SG_1298_22f5fb03","16_G3_CviMVP_PlDNA_4_SG_1298_22f5fb03_Dermo",2,17.38,"Inconclusive",TRUE,0,0
16,"D03","FAM","Unkn-04",NA,0,0,"Dermo","D9_CviMVP_PlDNA_4_SG_1066_01e3c4d8","CviMVP_10347","OL_MI_SC_2022-5-31",22,"D9_CviMVP_PlDNA_4_SG_1066_01e3c4d8","16_D9_CviMVP_PlDNA_4_SG_1066_01e3c4d8_Dermo",1,NA,"Inconclusive",TRUE,0,0
16,"D04","FAM","Unkn-04",37.03,37.03,0,"Dermo","D9_CviMVP_PlDNA_4_SG_1066_01e3c4d8","CviMVP_10347","OL_MI_SC_2022-5-31",22,"D9_CviMVP_PlDNA_4_SG_1066_01e3c4d8","16_D9_CviMVP_PlDNA_4_SG_1066_01e3c4d8_Dermo",2,NA,"Inconclusive",TRUE,0,0
16,"D05","FAM","Unkn-12",33.04,33.12,0,"Dermo","E10_CviMVP_PlDNA_4_SG_1153_b81d2c2e","CviMVP_10565","SkR_GA_2022-6-14",19,"E10_CviMVP_PlDNA_4_SG_1153_b81d2c2e","16_E10_CviMVP_PlDNA_4_SG_1153_b81d2c2e_Dermo",1,0.170000000000002,"Positive",FALSE,0,0
16,"D06","FAM","Unkn-12",33.21,33.12,0,"Dermo","E10_CviMVP_PlDNA_4_SG_1153_b81d2c2e","CviMVP_10565","SkR_GA_2022-6-14",19,"E10_CviMVP_PlDNA_4_SG_1153_b81d2c2e","16_E10_CviMVP_PlDNA_4_SG_1153_b81d2c2e_Dermo",2,0.170000000000002,"Positive",FALSE,0,0
16,"D07","FAM","Unkn-20",33.53,33.45,0,"Dermo","E11_CviMVP_PlDNA_4_SG_1924_0498d86d","CviMVP_12791","Orrs_Cove_ME_2022-10-31",22,"E11_CviMVP_PlDNA_4_SG_1924_0498d86d","16_E11_CviMVP_PlDNA_4_SG_1924_0498d86d_Dermo",1,0.170000000000002,"Positive",FALSE,0,0
16,"D08","FAM","Unkn-20",33.36,33.45,0,"Dermo","E11_CviMVP_PlDNA_4_SG_1924_0498d86d","CviMVP_12791","Orrs_Cove_ME_2022-10-31",22,"E11_CviMVP_PlDNA_4_SG_1924_0498d86d","16_E11_CviMVP_PlDNA_4_SG_1924_0498d86d_Dermo",2,0.170000000000002,"Positive",FALSE,0,0
16,"D09","FAM","Unkn-28",25.41,25.38,1e-05,"Dermo","D12_CviMVP_PlDNA_4_SG_1325_2b5ae8c2","CviMVP_11046","Mer_GA_2022-7-26",18,"D12_CviMVP_PlDNA_4_SG_1325_2b5ae8c2","16_D12_CviMVP_PlDNA_4_SG_1325_2b5ae8c2_Dermo",1,0.0599999999999987,"Positive",FALSE,3874.15333333333,2
16,"D10","FAM","Unkn-28",25.35,25.38,1e-05,"Dermo","D12_CviMVP_PlDNA_4_SG_1325_2b5ae8c2","CviMVP_11046","Mer_GA_2022-7-26",18,"D12_CviMVP_PlDNA_4_SG_1325_2b5ae8c2","16_D12_CviMVP_PlDNA_4_SG_1325_2b5ae8c2_Dermo",2,0.0599999999999987,"Positive",FALSE,3874.15333333333,2
16,"D11","FAM","Unkn-35",36.33,37.34,0,"Dermo","C7_CviMVP_PlDNA_4_SG_1546_9204d62d","CviMVP_11686","CPR_MS_AL_2022-8-24",22,"C7_CviMVP_PlDNA_4_SG_1546_9204d62d","16_C7_CviMVP_PlDNA_4_SG_1546_9204d62d_Dermo",1,2.03,"Inconclusive",TRUE,0,0
16,"D12","FAM","Unkn-35",38.36,37.34,0,"Dermo","C7_CviMVP_PlDNA_4_SG_1546_9204d62d","CviMVP_11686","CPR_MS_AL_2022-8-24",22,"C7_CviMVP_PlDNA_4_SG_1546_9204d62d","16_C7_CviMVP_PlDNA_4_SG_1546_9204d62d_Dermo",2,2.03,"Inconclusive",TRUE,0,0
16,"E03","FAM","Unkn-05",32.35,32.2,0,"Dermo","E9_CviMVP_PlDNA_4_SG_1168_5cf34250","CviMVP_10599","SkR_GA_2022-6-14",20,"E9_CviMVP_PlDNA_4_SG_1168_5cf34250","16_E9_CviMVP_PlDNA_4_SG_1168_5cf34250_Dermo",1,0.289999999999999,"Positive",FALSE,0,0
16,"E04","FAM","Unkn-05",32.06,32.2,0,"Dermo","E9_CviMVP_PlDNA_4_SG_1168_5cf34250","CviMVP_10599","SkR_GA_2022-6-14",20,"E9_CviMVP_PlDNA_4_SG_1168_5cf34250","16_E9_CviMVP_PlDNA_4_SG_1168_5cf34250_Dermo",2,0.289999999999999,"Positive",FALSE,0,0
16,"E05","FAM","Unkn-13",28.05,28.06,0,"Dermo","F10_CviMVP_PlDNA_4_SG_1331_5afac444","CviMVP_11062","Mer_GA_2022-7-26",22,"F10_CviMVP_PlDNA_4_SG_1331_5afac444","16_F10_CviMVP_PlDNA_4_SG_1331_5afac444_Dermo",1,0.0299999999999976,"Positive",FALSE,0,0
16,"E06","FAM","Unkn-13",28.08,28.06,0,"Dermo","F10_CviMVP_PlDNA_4_SG_1331_5afac444","CviMVP_11062","Mer_GA_2022-7-26",22,"F10_CviMVP_PlDNA_4_SG_1331_5afac444","16_F10_CviMVP_PlDNA_4_SG_1331_5afac444_Dermo",2,0.0299999999999976,"Positive",FALSE,0,0
16,"E07","FAM","Unkn-21",34.48,34.3,0,"Dermo","F11_CviMVP_PlDNA_4_SG_1176_f3387444","CviMVP_10617","Culch_Ba_LA_2022-6-21",20,"F11_CviMVP_PlDNA_4_SG_1176_f3387444","16_F11_CviMVP_PlDNA_4_SG_1176_f3387444_Dermo",1,0.359999999999999,"Positive",FALSE,0,0
16,"E08","FAM","Unkn-21",34.12,34.3,0,"Dermo","F11_CviMVP_PlDNA_4_SG_1176_f3387444","CviMVP_10617","Culch_Ba_LA_2022-6-21",20,"F11_CviMVP_PlDNA_4_SG_1176_f3387444","16_F11_CviMVP_PlDNA_4_SG_1176_f3387444_Dermo",2,0.359999999999999,"Positive",FALSE,0,0
16,"E09","FAM","Unkn-29",28.3,28.15,0,"Dermo","E12_CviMVP_PlDNA_4_SG_1076_abb1ae0b","CviMVP_10376","GalBay_TX_2022-6-2",20,"E12_CviMVP_PlDNA_4_SG_1076_abb1ae0b","16_E12_CviMVP_PlDNA_4_SG_1076_abb1ae0b_Dermo",1,0.310000000000002,"Positive",FALSE,0,0
16,"E10","FAM","Unkn-29",27.99,28.15,0,"Dermo","E12_CviMVP_PlDNA_4_SG_1076_abb1ae0b","CviMVP_10376","GalBay_TX_2022-6-2",20,"E12_CviMVP_PlDNA_4_SG_1076_abb1ae0b","16_E12_CviMVP_PlDNA_4_SG_1076_abb1ae0b_Dermo",2,0.310000000000002,"Positive",FALSE,0,0
16,"E11","FAM","Unkn-36",35.62,35.95,0,"Dermo","E5_CviMVP_PlDNA_4_SG_1910_a67d4341","CviMVP_12750","Orrs_Cove_ME_2022-10-31",18,"E5_CviMVP_PlDNA_4_SG_1910_a67d4341","16_E5_CviMVP_PlDNA_4_SG_1910_a67d4341_Dermo",1,0.650000000000006,"Positive",FALSE,0,0
16,"E12","FAM","Unkn-36",36.27,35.95,0,"Dermo","E5_CviMVP_PlDNA_4_SG_1910_a67d4341","CviMVP_12750","Orrs_Cove_ME_2022-10-31",18,"E5_CviMVP_PlDNA_4_SG_1910_a67d4341","16_E5_CviMVP_PlDNA_4_SG_1910_a67d4341_Dermo",2,0.650000000000006,"Positive",FALSE,0,0
16,"F03","FAM","Unkn-06",33.38,33.15,0,"Dermo","F9_CviMVP_PlDNA_4_SG_1341_f60fb583","CviMVP_11092","Mer_GA_2022-7-26",22,"F9_CviMVP_PlDNA_4_SG_1341_f60fb583","16_F9_CviMVP_PlDNA_4_SG_1341_f60fb583_Dermo",1,0.460000000000001,"Positive",FALSE,0,0
16,"F04","FAM","Unkn-06",32.92,33.15,0,"Dermo","F9_CviMVP_PlDNA_4_SG_1341_f60fb583","CviMVP_11092","Mer_GA_2022-7-26",22,"F9_CviMVP_PlDNA_4_SG_1341_f60fb583","16_F9_CviMVP_PlDNA_4_SG_1341_f60fb583_Dermo",2,0.460000000000001,"Positive",FALSE,0,0
16,"F05","FAM","Unkn-14",29.52,29.55,0,"Dermo","G10_CviMVP_PlDNA_4_SG_1550_619aa080","CviMVP_11698","CPR_MS_AL_2022-8-24",20,"G10_CviMVP_PlDNA_4_SG_1550_619aa080","16_G10_CviMVP_PlDNA_4_SG_1550_619aa080_Dermo",1,0.0700000000000003,"Positive",FALSE,0,0
16,"F06","FAM","Unkn-14",29.59,29.55,0,"Dermo","G10_CviMVP_PlDNA_4_SG_1550_619aa080","CviMVP_11698","CPR_MS_AL_2022-8-24",20,"G10_CviMVP_PlDNA_4_SG_1550_619aa080","16_G10_CviMVP_PlDNA_4_SG_1550_619aa080_Dermo",2,0.0700000000000003,"Positive",FALSE,0,0
16,"F07","FAM","Unkn-22",29.36,29.22,0,"Dermo","G11_CviMVP_PlDNA_4_SG_1540_47a53dfc","CviMVP_11668","CPR_MS_AL_2022-8-24",20,"G11_CviMVP_PlDNA_4_SG_1540_47a53dfc","16_G11_CviMVP_PlDNA_4_SG_1540_47a53dfc_Dermo",1,0.280000000000001,"Positive",FALSE,0,0
16,"F08","FAM","Unkn-22",29.08,29.22,0,"Dermo","G11_CviMVP_PlDNA_4_SG_1540_47a53dfc","CviMVP_11668","CPR_MS_AL_2022-8-24",20,"G11_CviMVP_PlDNA_4_SG_1540_47a53dfc","16_G11_CviMVP_PlDNA_4_SG_1540_47a53dfc_Dermo",2,0.280000000000001,"Positive",FALSE,0,0
16,"F09","FAM","Unkn-30",38.11,38.53,0,"Dermo","F12_CviMVP_PlDNA_4_SG.sharedLotterhosPuritz_1838_ad7a9a33","CviMVP_12538","LCP_UP_MD_2022-10-20",20,"F12_CviMVP_PlDNA_4_SG.sharedLotterhosPuritz_1838_ad7a9a33","16_F12_CviMVP_PlDNA_4_SG.sharedLotterhosPuritz_1838_ad7a9a33_Dermo",1,0.840000000000003,"Positive",FALSE,0,0
16,"F10","FAM","Unkn-30",38.95,38.53,0,"Dermo","F12_CviMVP_PlDNA_4_SG.sharedLotterhosPuritz_1838_ad7a9a33","CviMVP_12538","LCP_UP_MD_2022-10-20",20,"F12_CviMVP_PlDNA_4_SG.sharedLotterhosPuritz_1838_ad7a9a33","16_F12_CviMVP_PlDNA_4_SG.sharedLotterhosPuritz_1838_ad7a9a33_Dermo",2,0.840000000000003,"Positive",FALSE,0,0
16,"F11","FAM","Unkn-37",NA,0,0,"Dermo","B6_CviMVP_PlDNA_4_SG_1344_f85703a0","CviMVP_11098","Mer_GA_2022-7-26",20,"B6_CviMVP_PlDNA_4_SG_1344_f85703a0","16_B6_CviMVP_PlDNA_4_SG_1344_f85703a0_Dermo",1,NA,"Inconclusive",TRUE,0,0
16,"F12","FAM","Unkn-37",37.81,37.81,0,"Dermo","B6_CviMVP_PlDNA_4_SG_1344_f85703a0","CviMVP_11098","Mer_GA_2022-7-26",20,"B6_CviMVP_PlDNA_4_SG_1344_f85703a0","16_B6_CviMVP_PlDNA_4_SG_1344_f85703a0_Dermo",2,NA,"Inconclusive",TRUE,0,0
16,"G03","FAM","Unkn-07",27.25,27.25,0,"Dermo","H9_CviMVP_PlDNA_4_SG.sharedLotterhosPuritz_1503_5d1a03b6","CviMVP_11558","NR_NB_RI_2022-8-19",20,"H9_CviMVP_PlDNA_4_SG.sharedLotterhosPuritz_1503_5d1a03b6","16_H9_CviMVP_PlDNA_4_SG.sharedLotterhosPuritz_1503_5d1a03b6_Dermo",1,0.0100000000000016,"Positive",FALSE,0,0
16,"G04","FAM","Unkn-07",27.24,27.25,0,"Dermo","H9_CviMVP_PlDNA_4_SG.sharedLotterhosPuritz_1503_5d1a03b6","CviMVP_11558","NR_NB_RI_2022-8-19",20,"H9_CviMVP_PlDNA_4_SG.sharedLotterhosPuritz_1503_5d1a03b6","16_H9_CviMVP_PlDNA_4_SG.sharedLotterhosPuritz_1503_5d1a03b6_Dermo",2,0.0100000000000016,"Positive",FALSE,0,0
16,"G05","FAM","Unkn-15",26.91,26.75,0,"Dermo","H10_CviMVP_PlDNA_4_SG_1694_c08f31af","CviMVP_12118","SaLa_GA_2022-10-5",19,"H10_CviMVP_PlDNA_4_SG_1694_c08f31af","16_H10_CviMVP_PlDNA_4_SG_1694_c08f31af_Dermo",1,0.309999999999999,"Positive",FALSE,0,0
16,"G06","FAM","Unkn-15",26.6,26.75,0,"Dermo","H10_CviMVP_PlDNA_4_SG_1694_c08f31af","CviMVP_12118","SaLa_GA_2022-10-5",19,"H10_CviMVP_PlDNA_4_SG_1694_c08f31af","16_H10_CviMVP_PlDNA_4_SG_1694_c08f31af_Dermo",2,0.309999999999999,"Positive",FALSE,0,0
16,"G07","FAM","Unkn-23",30.8,30.67,0,"Dermo","H11_CviMVP_PlDNA_4_SG_1437_2945904c","CviMVP_11358","Cal_Lake_LA_2022-8-11",21,"H11_CviMVP_PlDNA_4_SG_1437_2945904c","16_H11_CviMVP_PlDNA_4_SG_1437_2945904c_Dermo",1,0.27,"Positive",FALSE,0,0
16,"G08","FAM","Unkn-23",30.53,30.67,0,"Dermo","H11_CviMVP_PlDNA_4_SG_1437_2945904c","CviMVP_11358","Cal_Lake_LA_2022-8-11",21,"H11_CviMVP_PlDNA_4_SG_1437_2945904c","16_H11_CviMVP_PlDNA_4_SG_1437_2945904c_Dermo",2,0.27,"Positive",FALSE,0,0
16,"G09","FAM","Unkn-31",36.52,35.69,0,"Dermo","G12_CviMVP_PlDNA_4_SG_1835_14feed63","CviMVP_12530","PrEdIs_CN_A_2022-10-18",20,"G12_CviMVP_PlDNA_4_SG_1835_14feed63","16_G12_CviMVP_PlDNA_4_SG_1835_14feed63_Dermo",1,1.67,"Positive",FALSE,0,0
16,"G10","FAM","Unkn-31",34.85,35.69,0,"Dermo","G12_CviMVP_PlDNA_4_SG_1835_14feed63","CviMVP_12530","PrEdIs_CN_A_2022-10-18",20,"G12_CviMVP_PlDNA_4_SG_1835_14feed63","16_G12_CviMVP_PlDNA_4_SG_1835_14feed63_Dermo",2,1.67,"Positive",FALSE,0,0
16,"H01","FAM","Unkn-38",27.43,27.02,0,"Dermo","C2_CviMVP_PlDNA_10_SG_2003_b40d508d","CviMVP_130281","AC_LIS_CT_2023-10-3",20,"C2_CviMVP_PlDNA_10_SG_2003_b40d508d","16_C2_CviMVP_PlDNA_10_SG_2003_b40d508d_Dermo",1,0.809999999999999,"Positive",FALSE,0,0
16,"H02","FAM","Unkn-38",26.62,27.02,0,"Dermo","C2_CviMVP_PlDNA_10_SG_2003_b40d508d","CviMVP_130281","AC_LIS_CT_2023-10-3",20,"C2_CviMVP_PlDNA_10_SG_2003_b40d508d","16_C2_CviMVP_PlDNA_10_SG_2003_b40d508d_Dermo",2,0.809999999999999,"Positive",FALSE,0,0
16,"H03","FAM","Unkn-08",21.19,21.12,6e-05,"Dermo","B5_CviMVP_PlDNA_5_SG_1402_70b1442c","CviMVP_11271","GriceCove_SC_2022-8-10",22,"B5_CviMVP_PlDNA_5_SG_1402_70b1442c","16_B5_CviMVP_PlDNA_5_SG_1402_70b1442c_Dermo",1,0.150000000000002,"Positive",FALSE,19018.5709090909,3
16,"H04","FAM","Unkn-08",21.04,21.12,6e-05,"Dermo","B5_CviMVP_PlDNA_5_SG_1402_70b1442c","CviMVP_11271","GriceCove_SC_2022-8-10",22,"B5_CviMVP_PlDNA_5_SG_1402_70b1442c","16_B5_CviMVP_PlDNA_5_SG_1402_70b1442c_Dermo",2,0.150000000000002,"Positive",FALSE,19018.5709090909,3
16,"H05","FAM","Unkn-16",21.24,21.05,6e-05,"Dermo","G3_CviMVP_PlDNA_4_SG_1298_22f5fb03","CviMVP_10966","Sapelo_Is_GA_2022-7-17",20,"G3_CviMVP_PlDNA_4_SG_1298_22f5fb03","16_G3_CviMVP_PlDNA_4_SG_1298_22f5fb03_Dermo",3,17.38,"Inconclusive",TRUE,20920.428,0
16,"H06","FAM","Unkn-16",20.85,21.05,6e-05,"Dermo","G3_CviMVP_PlDNA_4_SG_1298_22f5fb03","CviMVP_10966","Sapelo_Is_GA_2022-7-17",20,"G3_CviMVP_PlDNA_4_SG_1298_22f5fb03","16_G3_CviMVP_PlDNA_4_SG_1298_22f5fb03_Dermo",4,17.38,"Inconclusive",TRUE,20920.428,0
16,"H07","FAM","Unkn-24",24.1,24.08,1e-05,"Dermo","H3_CviMVP_PlDNA_4_SG_1063_18b59709","CviMVP_10338","OL_MI_SC_2022-5-31",20,"H3_CviMVP_PlDNA_4_SG_1063_18b59709","16_H3_CviMVP_PlDNA_4_SG_1063_18b59709_Dermo",1,0.0400000000000027,"Positive",FALSE,3486.738,2
16,"H08","FAM","Unkn-24",24.06,24.08,1e-05,"Dermo","H3_CviMVP_PlDNA_4_SG_1063_18b59709","CviMVP_10338","OL_MI_SC_2022-5-31",20,"H3_CviMVP_PlDNA_4_SG_1063_18b59709","16_H3_CviMVP_PlDNA_4_SG_1063_18b59709_Dermo",2,0.0400000000000027,"Positive",FALSE,3486.738,2
16,"H09","FAM","Unkn-32",23.27,23.24,2e-05,"Dermo","H12_CviMVP_PlDNA_4_SG_1449_a339503d","CviMVP_11399","Cal_Lake_LA_2022-8-11",20,"H12_CviMVP_PlDNA_4_SG_1449_a339503d","16_H12_CviMVP_PlDNA_4_SG_1449_a339503d_Dermo",1,0.0700000000000003,"Positive",FALSE,6973.476,2
16,"H10","FAM","Unkn-32",23.2,23.24,2e-05,"Dermo","H12_CviMVP_PlDNA_4_SG_1449_a339503d","CviMVP_11399","Cal_Lake_LA_2022-8-11",20,"H12_CviMVP_PlDNA_4_SG_1449_a339503d","16_H12_CviMVP_PlDNA_4_SG_1449_a339503d_Dermo",2,0.0700000000000003,"Positive",FALSE,6973.476,2
16,"A03","HEX","Unkn-01",NA,0,0,"MSX","A9_CviMVP_PlDNA_4_SG_1028_4e0fd7b2","CviMVP_10068","LakeFortuna_LA_2022-5-11",20,"A9_CviMVP_PlDNA_4_SG_1028_4e0fd7b2","16_A9_CviMVP_PlDNA_4_SG_1028_4e0fd7b2_MSX",1,NA,"Negative",FALSE,0,0
16,"A04","HEX","Unkn-01",NA,0,0,"MSX","A9_CviMVP_PlDNA_4_SG_1028_4e0fd7b2","CviMVP_10068","LakeFortuna_LA_2022-5-11",20,"A9_CviMVP_PlDNA_4_SG_1028_4e0fd7b2","16_A9_CviMVP_PlDNA_4_SG_1028_4e0fd7b2_MSX",2,NA,"Negative",FALSE,0,0
16,"A05","HEX","Unkn-09",NA,0,0,"MSX","A10_CviMVP_PlDNA_4_SG_1902_8ccae1e5","CviMVP_12727","Orrs_Cove_ME_2022-10-31",21,"A10_CviMVP_PlDNA_4_SG_1902_8ccae1e5","16_A10_CviMVP_PlDNA_4_SG_1902_8ccae1e5_MSX",1,NA,"Negative",FALSE,0,0
16,"A06","HEX","Unkn-09",NA,0,0,"MSX","A10_CviMVP_PlDNA_4_SG_1902_8ccae1e5","CviMVP_12727","Orrs_Cove_ME_2022-10-31",21,"A10_CviMVP_PlDNA_4_SG_1902_8ccae1e5","16_A10_CviMVP_PlDNA_4_SG_1902_8ccae1e5_MSX",2,NA,"Negative",FALSE,0,0
16,"A07","HEX","Unkn-17",33.09,32.96,0,"MSX","A11_CviMVP_PlDNA_4_SG.sharedLotterhosPuritz_3001_63a6096b","CviMVP_30003","CS_DB_NJ_2022-9-21",21,"A11_CviMVP_PlDNA_4_SG.sharedLotterhosPuritz_3001_63a6096b","16_A11_CviMVP_PlDNA_4_SG.sharedLotterhosPuritz_3001_63a6096b_MSX",1,0.270000000000003,"Positive",FALSE,0,0
16,"A08","HEX","Unkn-17",32.82,32.96,0,"MSX","A11_CviMVP_PlDNA_4_SG.sharedLotterhosPuritz_3001_63a6096b","CviMVP_30003","CS_DB_NJ_2022-9-21",21,"A11_CviMVP_PlDNA_4_SG.sharedLotterhosPuritz_3001_63a6096b","16_A11_CviMVP_PlDNA_4_SG.sharedLotterhosPuritz_3001_63a6096b_MSX",2,0.270000000000003,"Positive",FALSE,0,0
16,"A09","HEX","Unkn-25",33.24,33.13,0,"MSX","A12_CviMVP_PlDNA_4_SG_1292_2cab46d3","CviMVP_10949","Sapelo_Is_GA_2022-7-17",22,"A12_CviMVP_PlDNA_4_SG_1292_2cab46d3","16_A12_CviMVP_PlDNA_4_SG_1292_2cab46d3_MSX",1,0.219999999999999,"Positive",FALSE,0,0
16,"A10","HEX","Unkn-25",33.02,33.13,0,"MSX","A12_CviMVP_PlDNA_4_SG_1292_2cab46d3","CviMVP_10949","Sapelo_Is_GA_2022-7-17",22,"A12_CviMVP_PlDNA_4_SG_1292_2cab46d3","16_A12_CviMVP_PlDNA_4_SG_1292_2cab46d3_MSX",2,0.219999999999999,"Positive",FALSE,0,0
16,"B03","HEX","Unkn-02",NA,0,0,"MSX","B9_CviMVP_PlDNA_4_SG_1414_8945336e","CviMVP_11296","GriceCove_SC_2022-8-10",21,"B9_CviMVP_PlDNA_4_SG_1414_8945336e","16_B9_CviMVP_PlDNA_4_SG_1414_8945336e_MSX",1,NA,"Negative",FALSE,0,0
16,"B04","HEX","Unkn-02",NA,0,0,"MSX","B9_CviMVP_PlDNA_4_SG_1414_8945336e","CviMVP_11296","GriceCove_SC_2022-8-10",21,"B9_CviMVP_PlDNA_4_SG_1414_8945336e","16_B9_CviMVP_PlDNA_4_SG_1414_8945336e_MSX",2,NA,"Negative",FALSE,0,0
16,"B05","HEX","Unkn-10",15.01,15.07,0.00279,"MSX","C10_CviMVP_PlDNA_4_SG_1880_6331e3b6","CviMVP_12664","DC_DR_ME_2022-10-25",19,"C10_CviMVP_PlDNA_4_SG_1880_6331e3b6","16_C10_CviMVP_PlDNA_4_SG_1880_6331e3b6_MSX",1,0.130000000000001,"Positive",FALSE,1146915.25578947,3
16,"B06","HEX","Unkn-10",15.14,15.07,0.00279,"MSX","C10_CviMVP_PlDNA_4_SG_1880_6331e3b6","CviMVP_12664","DC_DR_ME_2022-10-25",19,"C10_CviMVP_PlDNA_4_SG_1880_6331e3b6","16_C10_CviMVP_PlDNA_4_SG_1880_6331e3b6_MSX",2,0.130000000000001,"Positive",FALSE,1146915.25578947,3
16,"B07","HEX","Unkn-18",38.73,38.9,0,"MSX","B11_CviMVP_PlDNA_4_SG.sharedLotterhosPuritz_1728_8f01cd90","CviMVP_12217","WS_CB_VA_2022-10-7",20,"B11_CviMVP_PlDNA_4_SG.sharedLotterhosPuritz_1728_8f01cd90","16_B11_CviMVP_PlDNA_4_SG.sharedLotterhosPuritz_1728_8f01cd90_MSX",1,0.350000000000001,"Positive",FALSE,0,0
16,"B08","HEX","Unkn-18",39.08,38.9,0,"MSX","B11_CviMVP_PlDNA_4_SG.sharedLotterhosPuritz_1728_8f01cd90","CviMVP_12217","WS_CB_VA_2022-10-7",20,"B11_CviMVP_PlDNA_4_SG.sharedLotterhosPuritz_1728_8f01cd90","16_B11_CviMVP_PlDNA_4_SG.sharedLotterhosPuritz_1728_8f01cd90_MSX",2,0.350000000000001,"Positive",FALSE,0,0
16,"B09","HEX","Unkn-26",30.23,30.13,0,"MSX","B12_CviMVP_PlDNA_4_SG_1297_a38f9ec9","CviMVP_10963","Sapelo_Is_GA_2022-7-17",18,"B12_CviMVP_PlDNA_4_SG_1297_a38f9ec9","16_B12_CviMVP_PlDNA_4_SG_1297_a38f9ec9_MSX",1,0.190000000000001,"Positive",FALSE,0,0
16,"B10","HEX","Unkn-26",30.04,30.13,0,"MSX","B12_CviMVP_PlDNA_4_SG_1297_a38f9ec9","CviMVP_10963","Sapelo_Is_GA_2022-7-17",18,"B12_CviMVP_PlDNA_4_SG_1297_a38f9ec9","16_B12_CviMVP_PlDNA_4_SG_1297_a38f9ec9_MSX",2,0.190000000000001,"Positive",FALSE,0,0
16,"B11","HEX","Unkn-33",NA,0,0,"MSX","B3_CviMVP_PlDNA_4_SG.sharedLotterhosPuritz_3013_33dda8a5","CviMVP_30039","CS_DB_NJ_2022-9-21",21,"B3_CviMVP_PlDNA_4_SG.sharedLotterhosPuritz_3013_33dda8a5","16_B3_CviMVP_PlDNA_4_SG.sharedLotterhosPuritz_3013_33dda8a5_MSX",1,NA,"Negative",FALSE,0,0
16,"B12","HEX","Unkn-33",NA,0,0,"MSX","B3_CviMVP_PlDNA_4_SG.sharedLotterhosPuritz_3013_33dda8a5","CviMVP_30039","CS_DB_NJ_2022-9-21",21,"B3_CviMVP_PlDNA_4_SG.sharedLotterhosPuritz_3013_33dda8a5","16_B3_CviMVP_PlDNA_4_SG.sharedLotterhosPuritz_3013_33dda8a5_MSX",2,NA,"Negative",FALSE,0,0
16,"C03","HEX","Unkn-03",NA,0,0,"MSX","C9_CviMVP_PlDNA_4_SG_1923_d8adabfd","CviMVP_12788","Orrs_Cove_ME_2022-10-31",21,"C9_CviMVP_PlDNA_4_SG_1923_d8adabfd","16_C9_CviMVP_PlDNA_4_SG_1923_d8adabfd_MSX",1,NA,"Negative",FALSE,0,0
16,"C04","HEX","Unkn-03",NA,0,0,"MSX","C9_CviMVP_PlDNA_4_SG_1923_d8adabfd","CviMVP_12788","Orrs_Cove_ME_2022-10-31",21,"C9_CviMVP_PlDNA_4_SG_1923_d8adabfd","16_C9_CviMVP_PlDNA_4_SG_1923_d8adabfd_MSX",2,NA,"Negative",FALSE,0,0
16,"C05","HEX","Unkn-11",16.91,16.97,0.00097,"MSX","D10_CviMVP_PlDNA_4_SG_1131_ece13837","CviMVP_10508","FP_Sav_GA_2022-6-10",21,"D10_CviMVP_PlDNA_4_SG_1131_ece13837","16_D10_CviMVP_PlDNA_4_SG_1131_ece13837_MSX",1,0.109999999999999,"Positive",FALSE,360772.284761905,3
16,"C06","HEX","Unkn-11",17.02,16.97,0.00097,"MSX","D10_CviMVP_PlDNA_4_SG_1131_ece13837","CviMVP_10508","FP_Sav_GA_2022-6-10",21,"D10_CviMVP_PlDNA_4_SG_1131_ece13837","16_D10_CviMVP_PlDNA_4_SG_1131_ece13837_MSX",2,0.109999999999999,"Positive",FALSE,360772.284761905,3
16,"C07","HEX","Unkn-19",33.78,34.31,0,"MSX","C11_CviMVP_PlDNA_4_SG_1805_d2f00fa3","CviMVP_12446","NPS_PS_NC_2022-10-12",22,"C11_CviMVP_PlDNA_4_SG_1805_d2f00fa3","16_C11_CviMVP_PlDNA_4_SG_1805_d2f00fa3_MSX",1,1.07,"Positive",FALSE,0,0
16,"C08","HEX","Unkn-19",34.85,34.31,0,"MSX","C11_CviMVP_PlDNA_4_SG_1805_d2f00fa3","CviMVP_12446","NPS_PS_NC_2022-10-12",22,"C11_CviMVP_PlDNA_4_SG_1805_d2f00fa3","16_C11_CviMVP_PlDNA_4_SG_1805_d2f00fa3_MSX",2,1.07,"Positive",FALSE,0,0
16,"C09","HEX","Unkn-27",NA,0,0,"MSX","C12_CviMVP_PlDNA_4_SG.sharedLotterhosPuritz_1852_a4a0a9fb","CviMVP_12580","LCP_UP_MD_2022-10-20",18,"C12_CviMVP_PlDNA_4_SG.sharedLotterhosPuritz_1852_a4a0a9fb","16_C12_CviMVP_PlDNA_4_SG.sharedLotterhosPuritz_1852_a4a0a9fb_MSX",1,NA,"Negative",FALSE,0,0
16,"C10","HEX","Unkn-27",NA,0,0,"MSX","C12_CviMVP_PlDNA_4_SG.sharedLotterhosPuritz_1852_a4a0a9fb","CviMVP_12580","LCP_UP_MD_2022-10-20",18,"C12_CviMVP_PlDNA_4_SG.sharedLotterhosPuritz_1852_a4a0a9fb","16_C12_CviMVP_PlDNA_4_SG.sharedLotterhosPuritz_1852_a4a0a9fb_MSX",2,NA,"Negative",FALSE,0,0
16,"C11","HEX","Unkn-34",NA,0,0,"MSX","G3_CviMVP_PlDNA_4_SG_1298_22f5fb03","CviMVP_10966","Sapelo_Is_GA_2022-7-17",20,"G3_CviMVP_PlDNA_4_SG_1298_22f5fb03","16_G3_CviMVP_PlDNA_4_SG_1298_22f5fb03_MSX",1,0.229999999999997,"Positive",FALSE,0,0
16,"C12","HEX","Unkn-34",NA,0,0,"MSX","G3_CviMVP_PlDNA_4_SG_1298_22f5fb03","CviMVP_10966","Sapelo_Is_GA_2022-7-17",20,"G3_CviMVP_PlDNA_4_SG_1298_22f5fb03","16_G3_CviMVP_PlDNA_4_SG_1298_22f5fb03_MSX",2,0.229999999999997,"Positive",FALSE,0,0
16,"D03","HEX","Unkn-04",32.7,32.44,0,"MSX","D9_CviMVP_PlDNA_4_SG_1066_01e3c4d8","CviMVP_10347","OL_MI_SC_2022-5-31",22,"D9_CviMVP_PlDNA_4_SG_1066_01e3c4d8","16_D9_CviMVP_PlDNA_4_SG_1066_01e3c4d8_MSX",1,0.510000000000005,"Positive",FALSE,0,0
16,"D04","HEX","Unkn-04",32.19,32.44,0,"MSX","D9_CviMVP_PlDNA_4_SG_1066_01e3c4d8","CviMVP_10347","OL_MI_SC_2022-5-31",22,"D9_CviMVP_PlDNA_4_SG_1066_01e3c4d8","16_D9_CviMVP_PlDNA_4_SG_1066_01e3c4d8_MSX",2,0.510000000000005,"Positive",FALSE,0,0
16,"D05","HEX","Unkn-12",32.83,32.72,0,"MSX","E10_CviMVP_PlDNA_4_SG_1153_b81d2c2e","CviMVP_10565","SkR_GA_2022-6-14",19,"E10_CviMVP_PlDNA_4_SG_1153_b81d2c2e","16_E10_CviMVP_PlDNA_4_SG_1153_b81d2c2e_MSX",1,0.219999999999999,"Positive",FALSE,0,0
16,"D06","HEX","Unkn-12",32.61,32.72,0,"MSX","E10_CviMVP_PlDNA_4_SG_1153_b81d2c2e","CviMVP_10565","SkR_GA_2022-6-14",19,"E10_CviMVP_PlDNA_4_SG_1153_b81d2c2e","16_E10_CviMVP_PlDNA_4_SG_1153_b81d2c2e_MSX",2,0.219999999999999,"Positive",FALSE,0,0
16,"D07","HEX","Unkn-20",37.14,37.35,0,"MSX","E11_CviMVP_PlDNA_4_SG_1924_0498d86d","CviMVP_12791","Orrs_Cove_ME_2022-10-31",22,"E11_CviMVP_PlDNA_4_SG_1924_0498d86d","16_E11_CviMVP_PlDNA_4_SG_1924_0498d86d_MSX",1,0.409999999999997,"Positive",FALSE,0,0
16,"D08","HEX","Unkn-20",37.55,37.35,0,"MSX","E11_CviMVP_PlDNA_4_SG_1924_0498d86d","CviMVP_12791","Orrs_Cove_ME_2022-10-31",22,"E11_CviMVP_PlDNA_4_SG_1924_0498d86d","16_E11_CviMVP_PlDNA_4_SG_1924_0498d86d_MSX",2,0.409999999999997,"Positive",FALSE,0,0
16,"D09","HEX","Unkn-28",33.6,33.81,0,"MSX","D12_CviMVP_PlDNA_4_SG_1325_2b5ae8c2","CviMVP_11046","Mer_GA_2022-7-26",18,"D12_CviMVP_PlDNA_4_SG_1325_2b5ae8c2","16_D12_CviMVP_PlDNA_4_SG_1325_2b5ae8c2_MSX",1,0.420000000000002,"Positive",FALSE,0,0
16,"D10","HEX","Unkn-28",34.02,33.81,0,"MSX","D12_CviMVP_PlDNA_4_SG_1325_2b5ae8c2","CviMVP_11046","Mer_GA_2022-7-26",18,"D12_CviMVP_PlDNA_4_SG_1325_2b5ae8c2","16_D12_CviMVP_PlDNA_4_SG_1325_2b5ae8c2_MSX",2,0.420000000000002,"Positive",FALSE,0,0
16,"D11","HEX","Unkn-35",NA,0,0,"MSX","C7_CviMVP_PlDNA_4_SG_1546_9204d62d","CviMVP_11686","CPR_MS_AL_2022-8-24",22,"C7_CviMVP_PlDNA_4_SG_1546_9204d62d","16_C7_CviMVP_PlDNA_4_SG_1546_9204d62d_MSX",1,NA,"Negative",FALSE,0,0
16,"D12","HEX","Unkn-35",NA,0,0,"MSX","C7_CviMVP_PlDNA_4_SG_1546_9204d62d","CviMVP_11686","CPR_MS_AL_2022-8-24",22,"C7_CviMVP_PlDNA_4_SG_1546_9204d62d","16_C7_CviMVP_PlDNA_4_SG_1546_9204d62d_MSX",2,NA,"Negative",FALSE,0,0
16,"E03","HEX","Unkn-05",38,38.19,0,"MSX","E9_CviMVP_PlDNA_4_SG_1168_5cf34250","CviMVP_10599","SkR_GA_2022-6-14",20,"E9_CviMVP_PlDNA_4_SG_1168_5cf34250","16_E9_CviMVP_PlDNA_4_SG_1168_5cf34250_MSX",1,0.390000000000001,"Positive",FALSE,0,0
16,"E04","HEX","Unkn-05",38.39,38.19,0,"MSX","E9_CviMVP_PlDNA_4_SG_1168_5cf34250","CviMVP_10599","SkR_GA_2022-6-14",20,"E9_CviMVP_PlDNA_4_SG_1168_5cf34250","16_E9_CviMVP_PlDNA_4_SG_1168_5cf34250_MSX",2,0.390000000000001,"Positive",FALSE,0,0
16,"E05","HEX","Unkn-13",34.07,34.03,0,"MSX","F10_CviMVP_PlDNA_4_SG_1331_5afac444","CviMVP_11062","Mer_GA_2022-7-26",22,"F10_CviMVP_PlDNA_4_SG_1331_5afac444","16_F10_CviMVP_PlDNA_4_SG_1331_5afac444_MSX",1,0.0900000000000034,"Positive",FALSE,0,0
16,"E06","HEX","Unkn-13",33.98,34.03,0,"MSX","F10_CviMVP_PlDNA_4_SG_1331_5afac444","CviMVP_11062","Mer_GA_2022-7-26",22,"F10_CviMVP_PlDNA_4_SG_1331_5afac444","16_F10_CviMVP_PlDNA_4_SG_1331_5afac444_MSX",2,0.0900000000000034,"Positive",FALSE,0,0
16,"E07","HEX","Unkn-21",36.21,36.12,0,"MSX","F11_CviMVP_PlDNA_4_SG_1176_f3387444","CviMVP_10617","Culch_Ba_LA_2022-6-21",20,"F11_CviMVP_PlDNA_4_SG_1176_f3387444","16_F11_CviMVP_PlDNA_4_SG_1176_f3387444_MSX",1,0.18,"Positive",FALSE,0,0
16,"E08","HEX","Unkn-21",36.03,36.12,0,"MSX","F11_CviMVP_PlDNA_4_SG_1176_f3387444","CviMVP_10617","Culch_Ba_LA_2022-6-21",20,"F11_CviMVP_PlDNA_4_SG_1176_f3387444","16_F11_CviMVP_PlDNA_4_SG_1176_f3387444_MSX",2,0.18,"Positive",FALSE,0,0
16,"E09","HEX","Unkn-29",NA,0,0,"MSX","E12_CviMVP_PlDNA_4_SG_1076_abb1ae0b","CviMVP_10376","GalBay_TX_2022-6-2",20,"E12_CviMVP_PlDNA_4_SG_1076_abb1ae0b","16_E12_CviMVP_PlDNA_4_SG_1076_abb1ae0b_MSX",1,NA,"Negative",FALSE,0,0
16,"E10","HEX","Unkn-29",NA,0,0,"MSX","E12_CviMVP_PlDNA_4_SG_1076_abb1ae0b","CviMVP_10376","GalBay_TX_2022-6-2",20,"E12_CviMVP_PlDNA_4_SG_1076_abb1ae0b","16_E12_CviMVP_PlDNA_4_SG_1076_abb1ae0b_MSX",2,NA,"Negative",FALSE,0,0
16,"E11","HEX","Unkn-36",NA,0,0,"MSX","E5_CviMVP_PlDNA_4_SG_1910_a67d4341","CviMVP_12750","Orrs_Cove_ME_2022-10-31",18,"E5_CviMVP_PlDNA_4_SG_1910_a67d4341","16_E5_CviMVP_PlDNA_4_SG_1910_a67d4341_MSX",1,NA,"Negative",FALSE,0,0
16,"E12","HEX","Unkn-36",NA,0,0,"MSX","E5_CviMVP_PlDNA_4_SG_1910_a67d4341","CviMVP_12750","Orrs_Cove_ME_2022-10-31",18,"E5_CviMVP_PlDNA_4_SG_1910_a67d4341","16_E5_CviMVP_PlDNA_4_SG_1910_a67d4341_MSX",2,NA,"Negative",FALSE,0,0
16,"F03","HEX","Unkn-06",NA,0,0,"MSX","F9_CviMVP_PlDNA_4_SG_1341_f60fb583","CviMVP_11092","Mer_GA_2022-7-26",22,"F9_CviMVP_PlDNA_4_SG_1341_f60fb583","16_F9_CviMVP_PlDNA_4_SG_1341_f60fb583_MSX",1,NA,"Inconclusive",TRUE,0,0
16,"F04","HEX","Unkn-06",38.98,38.98,0,"MSX","F9_CviMVP_PlDNA_4_SG_1341_f60fb583","CviMVP_11092","Mer_GA_2022-7-26",22,"F9_CviMVP_PlDNA_4_SG_1341_f60fb583","16_F9_CviMVP_PlDNA_4_SG_1341_f60fb583_MSX",2,NA,"Inconclusive",TRUE,0,0
16,"F05","HEX","Unkn-14",30.3,30.36,0,"MSX","G10_CviMVP_PlDNA_4_SG_1550_619aa080","CviMVP_11698","CPR_MS_AL_2022-8-24",20,"G10_CviMVP_PlDNA_4_SG_1550_619aa080","16_G10_CviMVP_PlDNA_4_SG_1550_619aa080_MSX",1,0.120000000000001,"Positive",FALSE,0,0
16,"F06","HEX","Unkn-14",30.42,30.36,0,"MSX","G10_CviMVP_PlDNA_4_SG_1550_619aa080","CviMVP_11698","CPR_MS_AL_2022-8-24",20,"G10_CviMVP_PlDNA_4_SG_1550_619aa080","16_G10_CviMVP_PlDNA_4_SG_1550_619aa080_MSX",2,0.120000000000001,"Positive",FALSE,0,0
16,"F07","HEX","Unkn-22",NA,0,0,"MSX","G11_CviMVP_PlDNA_4_SG_1540_47a53dfc","CviMVP_11668","CPR_MS_AL_2022-8-24",20,"G11_CviMVP_PlDNA_4_SG_1540_47a53dfc","16_G11_CviMVP_PlDNA_4_SG_1540_47a53dfc_MSX",1,NA,"Negative",FALSE,0,0
16,"F08","HEX","Unkn-22",NA,0,0,"MSX","G11_CviMVP_PlDNA_4_SG_1540_47a53dfc","CviMVP_11668","CPR_MS_AL_2022-8-24",20,"G11_CviMVP_PlDNA_4_SG_1540_47a53dfc","16_G11_CviMVP_PlDNA_4_SG_1540_47a53dfc_MSX",2,NA,"Negative",FALSE,0,0
16,"F09","HEX","Unkn-30",37.71,38.75,0,"MSX","F12_CviMVP_PlDNA_4_SG.sharedLotterhosPuritz_1838_ad7a9a33","CviMVP_12538","LCP_UP_MD_2022-10-20",20,"F12_CviMVP_PlDNA_4_SG.sharedLotterhosPuritz_1838_ad7a9a33","16_F12_CviMVP_PlDNA_4_SG.sharedLotterhosPuritz_1838_ad7a9a33_MSX",1,2.09,"Inconclusive",TRUE,0,0
16,"F10","HEX","Unkn-30",39.8,38.75,0,"MSX","F12_CviMVP_PlDNA_4_SG.sharedLotterhosPuritz_1838_ad7a9a33","CviMVP_12538","LCP_UP_MD_2022-10-20",20,"F12_CviMVP_PlDNA_4_SG.sharedLotterhosPuritz_1838_ad7a9a33","16_F12_CviMVP_PlDNA_4_SG.sharedLotterhosPuritz_1838_ad7a9a33_MSX",2,2.09,"Inconclusive",TRUE,0,0
16,"F11","HEX","Unkn-37",29.04,28.85,0,"MSX","B6_CviMVP_PlDNA_4_SG_1344_f85703a0","CviMVP_11098","Mer_GA_2022-7-26",20,"B6_CviMVP_PlDNA_4_SG_1344_f85703a0","16_B6_CviMVP_PlDNA_4_SG_1344_f85703a0_MSX",1,0.379999999999999,"Positive",FALSE,0,0
16,"F12","HEX","Unkn-37",28.66,28.85,0,"MSX","B6_CviMVP_PlDNA_4_SG_1344_f85703a0","CviMVP_11098","Mer_GA_2022-7-26",20,"B6_CviMVP_PlDNA_4_SG_1344_f85703a0","16_B6_CviMVP_PlDNA_4_SG_1344_f85703a0_MSX",2,0.379999999999999,"Positive",FALSE,0,0
16,"G03","HEX","Unkn-07",NA,0,0,"MSX","H9_CviMVP_PlDNA_4_SG.sharedLotterhosPuritz_1503_5d1a03b6","CviMVP_11558","NR_NB_RI_2022-8-19",20,"H9_CviMVP_PlDNA_4_SG.sharedLotterhosPuritz_1503_5d1a03b6","16_H9_CviMVP_PlDNA_4_SG.sharedLotterhosPuritz_1503_5d1a03b6_MSX",1,NA,"Negative",FALSE,0,0
16,"G04","HEX","Unkn-07",NA,0,0,"MSX","H9_CviMVP_PlDNA_4_SG.sharedLotterhosPuritz_1503_5d1a03b6","CviMVP_11558","NR_NB_RI_2022-8-19",20,"H9_CviMVP_PlDNA_4_SG.sharedLotterhosPuritz_1503_5d1a03b6","16_H9_CviMVP_PlDNA_4_SG.sharedLotterhosPuritz_1503_5d1a03b6_MSX",2,NA,"Negative",FALSE,0,0
16,"G05","HEX","Unkn-15",36.39,36.37,0,"MSX","H10_CviMVP_PlDNA_4_SG_1694_c08f31af","CviMVP_12118","SaLa_GA_2022-10-5",19,"H10_CviMVP_PlDNA_4_SG_1694_c08f31af","16_H10_CviMVP_PlDNA_4_SG_1694_c08f31af_MSX",1,0.0499999999999972,"Positive",FALSE,0,0
16,"G06","HEX","Unkn-15",36.34,36.37,0,"MSX","H10_CviMVP_PlDNA_4_SG_1694_c08f31af","CviMVP_12118","SaLa_GA_2022-10-5",19,"H10_CviMVP_PlDNA_4_SG_1694_c08f31af","16_H10_CviMVP_PlDNA_4_SG_1694_c08f31af_MSX",2,0.0499999999999972,"Positive",FALSE,0,0
16,"G07","HEX","Unkn-23",NA,0,0,"MSX","H11_CviMVP_PlDNA_4_SG_1437_2945904c","CviMVP_11358","Cal_Lake_LA_2022-8-11",21,"H11_CviMVP_PlDNA_4_SG_1437_2945904c","16_H11_CviMVP_PlDNA_4_SG_1437_2945904c_MSX",1,NA,"Negative",FALSE,0,0
16,"G08","HEX","Unkn-23",NA,0,0,"MSX","H11_CviMVP_PlDNA_4_SG_1437_2945904c","CviMVP_11358","Cal_Lake_LA_2022-8-11",21,"H11_CviMVP_PlDNA_4_SG_1437_2945904c","16_H11_CviMVP_PlDNA_4_SG_1437_2945904c_MSX",2,NA,"Negative",FALSE,0,0
16,"G09","HEX","Unkn-31",NA,0,0,"MSX","G12_CviMVP_PlDNA_4_SG_1835_14feed63","CviMVP_12530","PrEdIs_CN_A_2022-10-18",20,"G12_CviMVP_PlDNA_4_SG_1835_14feed63","16_G12_CviMVP_PlDNA_4_SG_1835_14feed63_MSX",1,NA,"Negative",FALSE,0,0
16,"G10","HEX","Unkn-31",NA,0,0,"MSX","G12_CviMVP_PlDNA_4_SG_1835_14feed63","CviMVP_12530","PrEdIs_CN_A_2022-10-18",20,"G12_CviMVP_PlDNA_4_SG_1835_14feed63","16_G12_CviMVP_PlDNA_4_SG_1835_14feed63_MSX",2,NA,"Negative",FALSE,0,0
16,"H01","HEX","Unkn-38",NA,0,0,"MSX","C2_CviMVP_PlDNA_10_SG_2003_b40d508d","CviMVP_130281","AC_LIS_CT_2023-10-3",20,"C2_CviMVP_PlDNA_10_SG_2003_b40d508d","16_C2_CviMVP_PlDNA_10_SG_2003_b40d508d_MSX",1,NA,"Negative",FALSE,0,0
16,"H02","HEX","Unkn-38",NA,0,0,"MSX","C2_CviMVP_PlDNA_10_SG_2003_b40d508d","CviMVP_130281","AC_LIS_CT_2023-10-3",20,"C2_CviMVP_PlDNA_10_SG_2003_b40d508d","16_C2_CviMVP_PlDNA_10_SG_2003_b40d508d_MSX",2,NA,"Negative",FALSE,0,0
16,"H03","HEX","Unkn-08",NA,0,0,"MSX","B5_CviMVP_PlDNA_5_SG_1402_70b1442c","CviMVP_11271","GriceCove_SC_2022-8-10",22,"B5_CviMVP_PlDNA_5_SG_1402_70b1442c","16_B5_CviMVP_PlDNA_5_SG_1402_70b1442c_MSX",1,NA,"Negative",FALSE,0,0
16,"H04","HEX","Unkn-08",NA,0,0,"MSX","B5_CviMVP_PlDNA_5_SG_1402_70b1442c","CviMVP_11271","GriceCove_SC_2022-8-10",22,"B5_CviMVP_PlDNA_5_SG_1402_70b1442c","16_B5_CviMVP_PlDNA_5_SG_1402_70b1442c_MSX",2,NA,"Negative",FALSE,0,0
16,"H05","HEX","Unkn-16",38.9,38.79,0,"MSX","G3_CviMVP_PlDNA_4_SG_1298_22f5fb03","CviMVP_10966","Sapelo_Is_GA_2022-7-17",20,"G3_CviMVP_PlDNA_4_SG_1298_22f5fb03","16_G3_CviMVP_PlDNA_4_SG_1298_22f5fb03_MSX",3,0.229999999999997,"Positive",FALSE,0,0
16,"H06","HEX","Unkn-16",38.67,38.79,0,"MSX","G3_CviMVP_PlDNA_4_SG_1298_22f5fb03","CviMVP_10966","Sapelo_Is_GA_2022-7-17",20,"G3_CviMVP_PlDNA_4_SG_1298_22f5fb03","16_G3_CviMVP_PlDNA_4_SG_1298_22f5fb03_MSX",4,0.229999999999997,"Positive",FALSE,0,0
16,"H07","HEX","Unkn-24",NA,0,0,"MSX","H3_CviMVP_PlDNA_4_SG_1063_18b59709","CviMVP_10338","OL_MI_SC_2022-5-31",20,"H3_CviMVP_PlDNA_4_SG_1063_18b59709","16_H3_CviMVP_PlDNA_4_SG_1063_18b59709_MSX",1,NA,"Negative",FALSE,0,0
16,"H08","HEX","Unkn-24",NA,0,0,"MSX","H3_CviMVP_PlDNA_4_SG_1063_18b59709","CviMVP_10338","OL_MI_SC_2022-5-31",20,"H3_CviMVP_PlDNA_4_SG_1063_18b59709","16_H3_CviMVP_PlDNA_4_SG_1063_18b59709_MSX",2,NA,"Negative",FALSE,0,0
16,"H09","HEX","Unkn-32",33.96,34.03,0,"MSX","H12_CviMVP_PlDNA_4_SG_1449_a339503d","CviMVP_11399","Cal_Lake_LA_2022-8-11",20,"H12_CviMVP_PlDNA_4_SG_1449_a339503d","16_H12_CviMVP_PlDNA_4_SG_1449_a339503d_MSX",1,0.140000000000001,"Positive",FALSE,0,0
16,"H10","HEX","Unkn-32",34.1,34.03,0,"MSX","H12_CviMVP_PlDNA_4_SG_1449_a339503d","CviMVP_11399","Cal_Lake_LA_2022-8-11",20,"H12_CviMVP_PlDNA_4_SG_1449_a339503d","16_H12_CviMVP_PlDNA_4_SG_1449_a339503d_MSX",2,0.140000000000001,"Positive",FALSE,0,0
17,"A03","FAM","Unkn-01",27.4,27.36,0,"Dermo","A1_CviMVP_PlDNA_5_SG_1213_8759c16a","CviMVP_10723","TP_TX_2022-6-28",19,"A1_CviMVP_PlDNA_5_SG_1213_8759c16a","17_A1_CviMVP_PlDNA_5_SG_1213_8759c16a_Dermo",1,0.0799999999999983,"Positive",FALSE,0,0
17,"A04","FAM","Unkn-01",27.32,27.36,0,"Dermo","A1_CviMVP_PlDNA_5_SG_1213_8759c16a","CviMVP_10723","TP_TX_2022-6-28",19,"A1_CviMVP_PlDNA_5_SG_1213_8759c16a","17_A1_CviMVP_PlDNA_5_SG_1213_8759c16a_Dermo",2,0.0799999999999983,"Positive",FALSE,0,0
17,"A05","FAM","Unkn-09",38.44,37.85,0,"Dermo","A2_CviMVP_PlDNA_5_SG_1147_554b56fe","CviMVP_10550","FP_Sav_GA_2022-6-10",20,"A2_CviMVP_PlDNA_5_SG_1147_554b56fe","17_A2_CviMVP_PlDNA_5_SG_1147_554b56fe_Dermo",1,1.16999999999999,"Positive",FALSE,0,0
17,"A06","FAM","Unkn-09",37.27,37.85,0,"Dermo","A2_CviMVP_PlDNA_5_SG_1147_554b56fe","CviMVP_10550","FP_Sav_GA_2022-6-10",20,"A2_CviMVP_PlDNA_5_SG_1147_554b56fe","17_A2_CviMVP_PlDNA_5_SG_1147_554b56fe_Dermo",2,1.16999999999999,"Positive",FALSE,0,0
17,"A07","FAM","Unkn-17",27.19,27.14,0,"Dermo","A3_CviMVP_PlDNA_5_SG_1337_2df389df","CviMVP_11080","Mer_GA_2022-7-26",18,"A3_CviMVP_PlDNA_5_SG_1337_2df389df","17_A3_CviMVP_PlDNA_5_SG_1337_2df389df_Dermo",1,0.0899999999999999,"Positive",FALSE,0,0
17,"A08","FAM","Unkn-17",27.1,27.14,0,"Dermo","A3_CviMVP_PlDNA_5_SG_1337_2df389df","CviMVP_11080","Mer_GA_2022-7-26",18,"A3_CviMVP_PlDNA_5_SG_1337_2df389df","17_A3_CviMVP_PlDNA_5_SG_1337_2df389df_Dermo",2,0.0899999999999999,"Positive",FALSE,0,0
17,"A09","FAM","Unkn-25",34.23,34.94,0,"Dermo","A4_CviMVP_PlDNA_5_SG_1086_5112cfbc","CviMVP_10399","GalBay_TX_2022-6-2",21,"A4_CviMVP_PlDNA_5_SG_1086_5112cfbc","17_A4_CviMVP_PlDNA_5_SG_1086_5112cfbc_Dermo",1,1.42,"Positive",FALSE,0,0
17,"A10","FAM","Unkn-25",35.65,34.94,0,"Dermo","A4_CviMVP_PlDNA_5_SG_1086_5112cfbc","CviMVP_10399","GalBay_TX_2022-6-2",21,"A4_CviMVP_PlDNA_5_SG_1086_5112cfbc","17_A4_CviMVP_PlDNA_5_SG_1086_5112cfbc_Dermo",2,1.42,"Positive",FALSE,0,0
17,"B03","FAM","Unkn-02",NA,0,0,"Dermo","B1_CviMVP_PlDNA_5_SG_1034_0e0ac7d6","CviMVP_10093","LakeFortuna_LA_2022-5-11",21,"B1_CviMVP_PlDNA_5_SG_1034_0e0ac7d6","17_B1_CviMVP_PlDNA_5_SG_1034_0e0ac7d6_Dermo",1,NA,"Inconclusive",TRUE,0,0
17,"B04","FAM","Unkn-02",37.29,37.29,0,"Dermo","B1_CviMVP_PlDNA_5_SG_1034_0e0ac7d6","CviMVP_10093","LakeFortuna_LA_2022-5-11",21,"B1_CviMVP_PlDNA_5_SG_1034_0e0ac7d6","17_B1_CviMVP_PlDNA_5_SG_1034_0e0ac7d6_Dermo",2,NA,"Inconclusive",TRUE,0,0
17,"B05","FAM","Unkn-10",20.15,20.1,5e-05,"Dermo","B2_CviMVP_PlDNA_5_SG_1689_736d4e14","CviMVP_12104","SaLa_GA_2022-10-5",22,"B2_CviMVP_PlDNA_5_SG_1689_736d4e14","17_B2_CviMVP_PlDNA_5_SG_1689_736d4e14_Dermo",1,0.0999999999999979,"Positive",FALSE,15848.8090909091,3
17,"B06","FAM","Unkn-10",20.05,20.1,5e-05,"Dermo","B2_CviMVP_PlDNA_5_SG_1689_736d4e14","CviMVP_12104","SaLa_GA_2022-10-5",22,"B2_CviMVP_PlDNA_5_SG_1689_736d4e14","17_B2_CviMVP_PlDNA_5_SG_1689_736d4e14_Dermo",2,0.0999999999999979,"Positive",FALSE,15848.8090909091,3
17,"B07","FAM","Unkn-18",25.09,25.05,0,"Dermo","C3_CviMVP_PlDNA_5_SG_1783_7efed587","CviMVP_12381","NPS_PS_NC_2022-10-12",22,"C3_CviMVP_PlDNA_5_SG_1783_7efed587","17_C3_CviMVP_PlDNA_5_SG_1783_7efed587_Dermo",1,0.0700000000000003,"Positive",FALSE,0,0
17,"B08","FAM","Unkn-18",25.02,25.05,0,"Dermo","C3_CviMVP_PlDNA_5_SG_1783_7efed587","CviMVP_12381","NPS_PS_NC_2022-10-12",22,"C3_CviMVP_PlDNA_5_SG_1783_7efed587","17_C3_CviMVP_PlDNA_5_SG_1783_7efed587_Dermo",2,0.0700000000000003,"Positive",FALSE,0,0
17,"B09","FAM","Unkn-26",37.56,37.64,0,"Dermo","B4_CviMVP_PlDNA_5_SG_1196_1127cf33","CviMVP_10676","Culch_Ba_LA_2022-6-21",20,"B4_CviMVP_PlDNA_5_SG_1196_1127cf33","17_B4_CviMVP_PlDNA_5_SG_1196_1127cf33_Dermo",1,0.159999999999997,"Positive",FALSE,0,0
17,"B10","FAM","Unkn-26",37.72,37.64,0,"Dermo","B4_CviMVP_PlDNA_5_SG_1196_1127cf33","CviMVP_10676","Culch_Ba_LA_2022-6-21",20,"B4_CviMVP_PlDNA_5_SG_1196_1127cf33","17_B4_CviMVP_PlDNA_5_SG_1196_1127cf33_Dermo",2,0.159999999999997,"Positive",FALSE,0,0
17,"B11","FAM","Unkn-33",NA,0,0,"Dermo","A5_CviMVP_PlDNA_5_SG.sharedLotterhosPuritz_3057_d418b8c8","CviMVP_30168","HC_DB_NJ_2022-9-23",20,"A5_CviMVP_PlDNA_5_SG.sharedLotterhosPuritz_3057_d418b8c8","17_A5_CviMVP_PlDNA_5_SG.sharedLotterhosPuritz_3057_d418b8c8_Dermo",1,NA,"Negative",FALSE,0,0
17,"B12","FAM","Unkn-33",NA,0,0,"Dermo","A5_CviMVP_PlDNA_5_SG.sharedLotterhosPuritz_3057_d418b8c8","CviMVP_30168","HC_DB_NJ_2022-9-23",20,"A5_CviMVP_PlDNA_5_SG.sharedLotterhosPuritz_3057_d418b8c8","17_A5_CviMVP_PlDNA_5_SG.sharedLotterhosPuritz_3057_d418b8c8_Dermo",2,NA,"Negative",FALSE,0,0
17,"C03","FAM","Unkn-03",36.23,36.24,0,"Dermo","C1_CviMVP_PlDNA_5_SG_1165_5f778713","CviMVP_10592","SkR_GA_2022-6-14",19,"C1_CviMVP_PlDNA_5_SG_1165_5f778713","17_C1_CviMVP_PlDNA_5_SG_1165_5f778713_Dermo",1,0.0100000000000051,"Positive",FALSE,0,0
17,"C04","FAM","Unkn-03",36.24,36.24,0,"Dermo","C1_CviMVP_PlDNA_5_SG_1165_5f778713","CviMVP_10592","SkR_GA_2022-6-14",19,"C1_CviMVP_PlDNA_5_SG_1165_5f778713","17_C1_CviMVP_PlDNA_5_SG_1165_5f778713_Dermo",2,0.0100000000000051,"Positive",FALSE,0,0
17,"C05","FAM","Unkn-11",33.25,33.14,0,"Dermo","C2_CviMVP_PlDNA_5_SG.sharedLotterhosPuritz_3031_88811f65","CviMVP_30093","HC_DB_NJ_2022-9-23",22,"C2_CviMVP_PlDNA_5_SG.sharedLotterhosPuritz_3031_88811f65","17_C2_CviMVP_PlDNA_5_SG.sharedLotterhosPuritz_3031_88811f65_Dermo",1,0.219999999999999,"Positive",FALSE,0,0
17,"C06","FAM","Unkn-11",33.03,33.14,0,"Dermo","C2_CviMVP_PlDNA_5_SG.sharedLotterhosPuritz_3031_88811f65","CviMVP_30093","HC_DB_NJ_2022-9-23",22,"C2_CviMVP_PlDNA_5_SG.sharedLotterhosPuritz_3031_88811f65","17_C2_CviMVP_PlDNA_5_SG.sharedLotterhosPuritz_3031_88811f65_Dermo",2,0.219999999999999,"Positive",FALSE,0,0
17,"C07","FAM","Unkn-19",28.82,28.63,0,"Dermo","D3_CviMVP_PlDNA_5_SG.sharedLotterhosPuritz_1723_2000ae81","CviMVP_12202","WS_CB_VA_2022-10-7",22,"D3_CviMVP_PlDNA_5_SG.sharedLotterhosPuritz_1723_2000ae81","17_D3_CviMVP_PlDNA_5_SG.sharedLotterhosPuritz_1723_2000ae81_Dermo",1,0.390000000000001,"Positive",FALSE,0,0
17,"C08","FAM","Unkn-19",28.43,28.63,0,"Dermo","D3_CviMVP_PlDNA_5_SG.sharedLotterhosPuritz_1723_2000ae81","CviMVP_12202","WS_CB_VA_2022-10-7",22,"D3_CviMVP_PlDNA_5_SG.sharedLotterhosPuritz_1723_2000ae81","17_D3_CviMVP_PlDNA_5_SG.sharedLotterhosPuritz_1723_2000ae81_Dermo",2,0.390000000000001,"Positive",FALSE,0,0
17,"C09","FAM","Unkn-27",35.74,35.39,0,"Dermo","C4_CviMVP_PlDNA_5_SG_1074_66a12ae0","CviMVP_10369","GalBay_TX_2022-6-2",18,"C4_CviMVP_PlDNA_5_SG_1074_66a12ae0","17_C4_CviMVP_PlDNA_5_SG_1074_66a12ae0_Dermo",1,0.690000000000005,"Positive",FALSE,0,0
17,"C10","FAM","Unkn-27",35.05,35.39,0,"Dermo","C4_CviMVP_PlDNA_5_SG_1074_66a12ae0","CviMVP_10369","GalBay_TX_2022-6-2",18,"C4_CviMVP_PlDNA_5_SG_1074_66a12ae0","17_C4_CviMVP_PlDNA_5_SG_1074_66a12ae0_Dermo",2,0.690000000000005,"Positive",FALSE,0,0
17,"C11","FAM","Unkn-34",38.06,38.06,0,"Dermo","C5_CviMVP_PlDNA_5_SG_1563_7e234e54","CviMVP_11737","CPR_MS_AL_2022-8-24",21,"C5_CviMVP_PlDNA_5_SG_1563_7e234e54","17_C5_CviMVP_PlDNA_5_SG_1563_7e234e54_Dermo",1,NA,"Inconclusive",TRUE,0,0
17,"C12","FAM","Unkn-34",NA,0,0,"Dermo","C5_CviMVP_PlDNA_5_SG_1563_7e234e54","CviMVP_11737","CPR_MS_AL_2022-8-24",21,"C5_CviMVP_PlDNA_5_SG_1563_7e234e54","17_C5_CviMVP_PlDNA_5_SG_1563_7e234e54_Dermo",2,NA,"Inconclusive",TRUE,0,0
17,"D03","FAM","Unkn-04",22.82,22.83,1e-05,"Dermo","D1_CviMVP_PlDNA_5_SG_1169_fccffcf3","CviMVP_10601","SkR_GA_2022-6-14",22,"D1_CviMVP_PlDNA_5_SG_1169_fccffcf3","17_D1_CviMVP_PlDNA_5_SG_1169_fccffcf3_Dermo",1,0.0199999999999996,"Positive",FALSE,3169.76181818182,2
17,"D04","FAM","Unkn-04",22.84,22.83,1e-05,"Dermo","D1_CviMVP_PlDNA_5_SG_1169_fccffcf3","CviMVP_10601","SkR_GA_2022-6-14",22,"D1_CviMVP_PlDNA_5_SG_1169_fccffcf3","17_D1_CviMVP_PlDNA_5_SG_1169_fccffcf3_Dermo",2,0.0199999999999996,"Positive",FALSE,3169.76181818182,2
17,"D05","FAM","Unkn-12",24.09,24.05,1e-05,"Dermo","E2_CviMVP_PlDNA_5_SG_1616_54b5281b","CviMVP_11888","SawIs_MA_2022-9-5",22,"E2_CviMVP_PlDNA_5_SG_1616_54b5281b","17_E2_CviMVP_PlDNA_5_SG_1616_54b5281b_Dermo",1,0.0899999999999999,"Positive",FALSE,3169.76181818182,2
17,"D06","FAM","Unkn-12",24,24.05,1e-05,"Dermo","E2_CviMVP_PlDNA_5_SG_1616_54b5281b","CviMVP_11888","SawIs_MA_2022-9-5",22,"E2_CviMVP_PlDNA_5_SG_1616_54b5281b","17_E2_CviMVP_PlDNA_5_SG_1616_54b5281b_Dermo",2,0.0899999999999999,"Positive",FALSE,3169.76181818182,2
17,"D07","FAM","Unkn-20",NA,0,0,"Dermo","E3_CviMVP_PlDNA_5_SG_1351_c9f860e1","CviMVP_11121","Nickle_Rf_LA_2022-8-1",19,"E3_CviMVP_PlDNA_5_SG_1351_c9f860e1","17_E3_CviMVP_PlDNA_5_SG_1351_c9f860e1_Dermo",1,NA,"Negative",FALSE,0,0
17,"D08","FAM","Unkn-20",NA,0,0,"Dermo","E3_CviMVP_PlDNA_5_SG_1351_c9f860e1","CviMVP_11121","Nickle_Rf_LA_2022-8-1",19,"E3_CviMVP_PlDNA_5_SG_1351_c9f860e1","17_E3_CviMVP_PlDNA_5_SG_1351_c9f860e1_Dermo",2,NA,"Negative",FALSE,0,0
17,"D09","FAM","Unkn-28",21.77,21.72,2e-05,"Dermo","D4_CviMVP_PlDNA_5_SG.sharedLotterhosPuritz_1726_d7bf8240","CviMVP_12211","WS_CB_VA_2022-10-7",22,"D4_CviMVP_PlDNA_5_SG.sharedLotterhosPuritz_1726_d7bf8240","17_D4_CviMVP_PlDNA_5_SG.sharedLotterhosPuritz_1726_d7bf8240_Dermo",1,0.0999999999999979,"Positive",FALSE,6339.52363636364,2
17,"D10","FAM","Unkn-28",21.67,21.72,2e-05,"Dermo","D4_CviMVP_PlDNA_5_SG.sharedLotterhosPuritz_1726_d7bf8240","CviMVP_12211","WS_CB_VA_2022-10-7",22,"D4_CviMVP_PlDNA_5_SG.sharedLotterhosPuritz_1726_d7bf8240","17_D4_CviMVP_PlDNA_5_SG.sharedLotterhosPuritz_1726_d7bf8240_Dermo",2,0.0999999999999979,"Positive",FALSE,6339.52363636364,2
17,"D11","FAM","Unkn-35",35.69,35.98,0,"Dermo","D5_CviMVP_PlDNA_5_SG.sharedLotterhosPuritz_1502_f43278c7","CviMVP_11555","NR_NB_RI_2022-8-19",21,"D5_CviMVP_PlDNA_5_SG.sharedLotterhosPuritz_1502_f43278c7","17_D5_CviMVP_PlDNA_5_SG.sharedLotterhosPuritz_1502_f43278c7_Dermo",1,0.580000000000005,"Positive",FALSE,0,0
17,"D12","FAM","Unkn-35",36.27,35.98,0,"Dermo","D5_CviMVP_PlDNA_5_SG.sharedLotterhosPuritz_1502_f43278c7","CviMVP_11555","NR_NB_RI_2022-8-19",21,"D5_CviMVP_PlDNA_5_SG.sharedLotterhosPuritz_1502_f43278c7","17_D5_CviMVP_PlDNA_5_SG.sharedLotterhosPuritz_1502_f43278c7_Dermo",2,0.580000000000005,"Positive",FALSE,0,0
17,"E03","FAM","Unkn-05",32.53,32.45,0,"Dermo","E1_CviMVP_PlDNA_5_SG.sharedLotterhosPuritz_3046_33ba00b5","CviMVP_30135","HC_DB_NJ_2022-9-23",19,"E1_CviMVP_PlDNA_5_SG.sharedLotterhosPuritz_3046_33ba00b5","17_E1_CviMVP_PlDNA_5_SG.sharedLotterhosPuritz_3046_33ba00b5_Dermo",1,0.160000000000004,"Positive",FALSE,0,0
17,"E04","FAM","Unkn-05",32.37,32.45,0,"Dermo","E1_CviMVP_PlDNA_5_SG.sharedLotterhosPuritz_3046_33ba00b5","CviMVP_30135","HC_DB_NJ_2022-9-23",19,"E1_CviMVP_PlDNA_5_SG.sharedLotterhosPuritz_3046_33ba00b5","17_E1_CviMVP_PlDNA_5_SG.sharedLotterhosPuritz_3046_33ba00b5_Dermo",2,0.160000000000004,"Positive",FALSE,0,0
17,"E05","FAM","Unkn-13",22.99,22.77,1e-05,"Dermo","F2_CviMVP_PlDNA_5_SG_1041_eed5c808","CviMVP_10277","OL_MI_SC_2022-5-31",22,"F2_CviMVP_PlDNA_5_SG_1041_eed5c808","17_F2_CviMVP_PlDNA_5_SG_1041_eed5c808_Dermo",1,0.439999999999998,"Positive",FALSE,3169.76181818182,2
17,"E06","FAM","Unkn-13",22.55,22.77,1e-05,"Dermo","F2_CviMVP_PlDNA_5_SG_1041_eed5c808","CviMVP_10277","OL_MI_SC_2022-5-31",22,"F2_CviMVP_PlDNA_5_SG_1041_eed5c808","17_F2_CviMVP_PlDNA_5_SG_1041_eed5c808_Dermo",2,0.439999999999998,"Positive",FALSE,3169.76181818182,2
17,"E07","FAM","Unkn-21",32.64,32.48,0,"Dermo","F3_CviMVP_PlDNA_5_SG_1144_70b2aa79","CviMVP_10541","FP_Sav_GA_2022-6-10",21,"F3_CviMVP_PlDNA_5_SG_1144_70b2aa79","17_F3_CviMVP_PlDNA_5_SG_1144_70b2aa79_Dermo",1,0.310000000000002,"Positive",FALSE,0,0
17,"E08","FAM","Unkn-21",32.33,32.48,0,"Dermo","F3_CviMVP_PlDNA_5_SG_1144_70b2aa79","CviMVP_10541","FP_Sav_GA_2022-6-10",21,"F3_CviMVP_PlDNA_5_SG_1144_70b2aa79","17_F3_CviMVP_PlDNA_5_SG_1144_70b2aa79_Dermo",2,0.310000000000002,"Positive",FALSE,0,0
17,"E09","FAM","Unkn-29",38.62,38.62,0,"Dermo","E4_CviMVP_PlDNA_5_SG_1372_d1d73898","CviMVP_11184","Nickle_Rf_LA_2022-8-1",19,"E4_CviMVP_PlDNA_5_SG_1372_d1d73898","17_E4_CviMVP_PlDNA_5_SG_1372_d1d73898_Dermo",1,NA,"Inconclusive",TRUE,0,0
17,"E10","FAM","Unkn-29",NA,0,0,"Dermo","E4_CviMVP_PlDNA_5_SG_1372_d1d73898","CviMVP_11184","Nickle_Rf_LA_2022-8-1",19,"E4_CviMVP_PlDNA_5_SG_1372_d1d73898","17_E4_CviMVP_PlDNA_5_SG_1372_d1d73898_Dermo",2,NA,"Inconclusive",TRUE,0,0
17,"E11","FAM","Unkn-36",NA,0,0,"Dermo","F5_CviMVP_PlDNA_5_SG_1139_567ff899","CviMVP_10529","FP_Sav_GA_2022-6-10",19,"F5_CviMVP_PlDNA_5_SG_1139_567ff899","17_F5_CviMVP_PlDNA_5_SG_1139_567ff899_Dermo",1,NA,"Negative",FALSE,0,0
17,"E12","FAM","Unkn-36",NA,0,0,"Dermo","F5_CviMVP_PlDNA_5_SG_1139_567ff899","CviMVP_10529","FP_Sav_GA_2022-6-10",19,"F5_CviMVP_PlDNA_5_SG_1139_567ff899","17_F5_CviMVP_PlDNA_5_SG_1139_567ff899_Dermo",2,NA,"Negative",FALSE,0,0
17,"F03","FAM","Unkn-06",29.17,28.94,0,"Dermo","F1_CviMVP_PlDNA_5_SG_1210_917a5e66","CviMVP_10716","TP_TX_2022-6-28",22,"F1_CviMVP_PlDNA_5_SG_1210_917a5e66","17_F1_CviMVP_PlDNA_5_SG_1210_917a5e66_Dermo",1,0.470000000000002,"Positive",FALSE,0,0
17,"F04","FAM","Unkn-06",28.7,28.94,0,"Dermo","F1_CviMVP_PlDNA_5_SG_1210_917a5e66","CviMVP_10716","TP_TX_2022-6-28",22,"F1_CviMVP_PlDNA_5_SG_1210_917a5e66","17_F1_CviMVP_PlDNA_5_SG_1210_917a5e66_Dermo",2,0.470000000000002,"Positive",FALSE,0,0
17,"F05","FAM","Unkn-14",25.42,25.32,0,"Dermo","G2_CviMVP_PlDNA_5_SG_1591_7dc1a9e6","CviMVP_11814","KP_FGR_FL_2022-8-23",21,"G2_CviMVP_PlDNA_5_SG_1591_7dc1a9e6","17_G2_CviMVP_PlDNA_5_SG_1591_7dc1a9e6_Dermo",1,0.190000000000001,"Positive",FALSE,0,0
17,"F06","FAM","Unkn-14",25.23,25.32,0,"Dermo","G2_CviMVP_PlDNA_5_SG_1591_7dc1a9e6","CviMVP_11814","KP_FGR_FL_2022-8-23",21,"G2_CviMVP_PlDNA_5_SG_1591_7dc1a9e6","17_G2_CviMVP_PlDNA_5_SG_1591_7dc1a9e6_Dermo",2,0.190000000000001,"Positive",FALSE,0,0
17,"F07","FAM","Unkn-22",38.31,37.1,0,"Dermo","H3_CviMVP_PlDNA_5_SG_1191_cec6ab4c","CviMVP_10661","Culch_Ba_LA_2022-6-21",22,"H3_CviMVP_PlDNA_5_SG_1191_cec6ab4c","17_H3_CviMVP_PlDNA_5_SG_1191_cec6ab4c_Dermo",1,2.41,"Inconclusive",TRUE,0,0
17,"F08","FAM","Unkn-22",35.9,37.1,0,"Dermo","H3_CviMVP_PlDNA_5_SG_1191_cec6ab4c","CviMVP_10661","Culch_Ba_LA_2022-6-21",22,"H3_CviMVP_PlDNA_5_SG_1191_cec6ab4c","17_H3_CviMVP_PlDNA_5_SG_1191_cec6ab4c_Dermo",2,2.41,"Inconclusive",TRUE,0,0
17,"F09","FAM","Unkn-30",23.32,23.27,1e-05,"Dermo","G4_CviMVP_PlDNA_5_SG.sharedLotterhosPuritz_1735_1dc2e73e","CviMVP_12238","WS_CB_VA_2022-10-7",21,"G4_CviMVP_PlDNA_5_SG.sharedLotterhosPuritz_1735_1dc2e73e","17_G4_CviMVP_PlDNA_5_SG.sharedLotterhosPuritz_1735_1dc2e73e_Dermo",1,0.100000000000001,"Positive",FALSE,3320.70285714286,2
17,"F10","FAM","Unkn-30",23.22,23.27,1e-05,"Dermo","G4_CviMVP_PlDNA_5_SG.sharedLotterhosPuritz_1735_1dc2e73e","CviMVP_12238","WS_CB_VA_2022-10-7",21,"G4_CviMVP_PlDNA_5_SG.sharedLotterhosPuritz_1735_1dc2e73e","17_G4_CviMVP_PlDNA_5_SG.sharedLotterhosPuritz_1735_1dc2e73e_Dermo",2,0.100000000000001,"Positive",FALSE,3320.70285714286,2
17,"F11","FAM","Unkn-37",25.87,25.85,0,"Dermo","H5_CviMVP_PlDNA_5_SG_1427_53cbce97","CviMVP_11336","GriceCove_SC_2022-8-10",19,"H5_CviMVP_PlDNA_5_SG_1427_53cbce97","17_H5_CviMVP_PlDNA_5_SG_1427_53cbce97_Dermo",1,0.0400000000000027,"Positive",FALSE,0,0
17,"F12","FAM","Unkn-37",25.83,25.85,0,"Dermo","H5_CviMVP_PlDNA_5_SG_1427_53cbce97","CviMVP_11336","GriceCove_SC_2022-8-10",19,"H5_CviMVP_PlDNA_5_SG_1427_53cbce97","17_H5_CviMVP_PlDNA_5_SG_1427_53cbce97_Dermo",2,0.0400000000000027,"Positive",FALSE,0,0
17,"G03","FAM","Unkn-07",20.19,20.06,6e-05,"Dermo","G1_CviMVP_PlDNA_5_SG.sharedLotterhosPuritz_1485_584ef346","CviMVP_11505","NR_NB_RI_2022-8-19",21,"G1_CviMVP_PlDNA_5_SG.sharedLotterhosPuritz_1485_584ef346","17_G1_CviMVP_PlDNA_5_SG.sharedLotterhosPuritz_1485_584ef346_Dermo",1,0.260000000000002,"Positive",FALSE,19924.2171428571,3
17,"G04","FAM","Unkn-07",19.93,20.06,6e-05,"Dermo","G1_CviMVP_PlDNA_5_SG.sharedLotterhosPuritz_1485_584ef346","CviMVP_11505","NR_NB_RI_2022-8-19",21,"G1_CviMVP_PlDNA_5_SG.sharedLotterhosPuritz_1485_584ef346","17_G1_CviMVP_PlDNA_5_SG.sharedLotterhosPuritz_1485_584ef346_Dermo",2,0.260000000000002,"Positive",FALSE,19924.2171428571,3
17,"G05","FAM","Unkn-15",36.18,35.78,0,"Dermo","A7_CviMVP_PlDNA_5_SG_1346_c3dc3555","CviMVP_11103","Nickle_Rf_LA_2022-8-1",21,"A7_CviMVP_PlDNA_5_SG_1346_c3dc3555","17_A7_CviMVP_PlDNA_5_SG_1346_c3dc3555_Dermo",1,0.799999999999997,"Positive",FALSE,0,0
17,"G06","FAM","Unkn-15",35.38,35.78,0,"Dermo","A7_CviMVP_PlDNA_5_SG_1346_c3dc3555","CviMVP_11103","Nickle_Rf_LA_2022-8-1",21,"A7_CviMVP_PlDNA_5_SG_1346_c3dc3555","17_A7_CviMVP_PlDNA_5_SG_1346_c3dc3555_Dermo",2,0.799999999999997,"Positive",FALSE,0,0
17,"G07","FAM","Unkn-23",32.61,32.4,0,"Dermo","F6_CviMVP_PlDNA_5_SG_1404_4a6042b3","CviMVP_11275","GriceCove_SC_2022-8-10",19,"F6_CviMVP_PlDNA_5_SG_1404_4a6042b3","17_F6_CviMVP_PlDNA_5_SG_1404_4a6042b3_Dermo",1,0.420000000000002,"Positive",FALSE,0,0
17,"G08","FAM","Unkn-23",32.19,32.4,0,"Dermo","F6_CviMVP_PlDNA_5_SG_1404_4a6042b3","CviMVP_11275","GriceCove_SC_2022-8-10",19,"F6_CviMVP_PlDNA_5_SG_1404_4a6042b3","17_F6_CviMVP_PlDNA_5_SG_1404_4a6042b3_Dermo",2,0.420000000000002,"Positive",FALSE,0,0
17,"G09","FAM","Unkn-31",38.31,38.31,0,"Dermo","H4_CviMVP_PlDNA_5_SG.sharedLotterhosPuritz_1866_a98f91ad","CviMVP_12622","LCP_UP_MD_2022-10-20",21,"H4_CviMVP_PlDNA_5_SG.sharedLotterhosPuritz_1866_a98f91ad","17_H4_CviMVP_PlDNA_5_SG.sharedLotterhosPuritz_1866_a98f91ad_Dermo",1,NA,"Inconclusive",TRUE,0,0
17,"G10","FAM","Unkn-31",NA,0,0,"Dermo","H4_CviMVP_PlDNA_5_SG.sharedLotterhosPuritz_1866_a98f91ad","CviMVP_12622","LCP_UP_MD_2022-10-20",21,"H4_CviMVP_PlDNA_5_SG.sharedLotterhosPuritz_1866_a98f91ad","17_H4_CviMVP_PlDNA_5_SG.sharedLotterhosPuritz_1866_a98f91ad_Dermo",2,NA,"Inconclusive",TRUE,0,0
17,"H01","FAM","Unkn-38",26.78,26.39,0,"Dermo","D1_CviMVP_PlDNA_10_SG_2091_372072dd","CviMVP_131331","FC_LIS_CT_2023-10-11",20,"D1_CviMVP_PlDNA_10_SG_2091_372072dd","17_D1_CviMVP_PlDNA_10_SG_2091_372072dd_Dermo",1,0.780000000000001,"Positive",FALSE,0,0
17,"H02","FAM","Unkn-38",26,26.39,0,"Dermo","D1_CviMVP_PlDNA_10_SG_2091_372072dd","CviMVP_131331","FC_LIS_CT_2023-10-11",20,"D1_CviMVP_PlDNA_10_SG_2091_372072dd","17_D1_CviMVP_PlDNA_10_SG_2091_372072dd_Dermo",2,0.780000000000001,"Positive",FALSE,0,0
17,"H03","FAM","Unkn-08",33.33,33.11,0,"Dermo","H1_CviMVP_PlDNA_5_SG_1145_7605b3c0","CviMVP_10544","FP_Sav_GA_2022-6-10",22,"H1_CviMVP_PlDNA_5_SG_1145_7605b3c0","17_H1_CviMVP_PlDNA_5_SG_1145_7605b3c0_Dermo",1,0.449999999999996,"Positive",FALSE,0,0
17,"H04","FAM","Unkn-08",32.88,33.11,0,"Dermo","H1_CviMVP_PlDNA_5_SG_1145_7605b3c0","CviMVP_10544","FP_Sav_GA_2022-6-10",22,"H1_CviMVP_PlDNA_5_SG_1145_7605b3c0","17_H1_CviMVP_PlDNA_5_SG_1145_7605b3c0_Dermo",2,0.449999999999996,"Positive",FALSE,0,0
17,"H05","FAM","Unkn-16",21.18,21.09,3e-05,"Dermo","B7_CviMVP_PlDNA_5_SG_1579_be3981ad","CviMVP_11780","KP_FGR_FL_2022-8-23",18,"B7_CviMVP_PlDNA_5_SG_1579_be3981ad","17_B7_CviMVP_PlDNA_5_SG_1579_be3981ad_Dermo",1,0.18,"Positive",FALSE,11622.46,3
17,"H06","FAM","Unkn-16",21,21.09,3e-05,"Dermo","B7_CviMVP_PlDNA_5_SG_1579_be3981ad","CviMVP_11780","KP_FGR_FL_2022-8-23",18,"B7_CviMVP_PlDNA_5_SG_1579_be3981ad","17_B7_CviMVP_PlDNA_5_SG_1579_be3981ad_Dermo",2,0.18,"Positive",FALSE,11622.46,3
17,"H07","FAM","Unkn-24",34.76,35.75,0,"Dermo","A6_CviMVP_PlDNA_5_SG_1709_6247eadb","CviMVP_12161","SaLa_GA_2022-10-5",21,"A6_CviMVP_PlDNA_5_SG_1709_6247eadb","17_A6_CviMVP_PlDNA_5_SG_1709_6247eadb_Dermo",1,1.98,"Positive",FALSE,0,0
17,"H08","FAM","Unkn-24",36.74,35.75,0,"Dermo","A6_CviMVP_PlDNA_5_SG_1709_6247eadb","CviMVP_12161","SaLa_GA_2022-10-5",21,"A6_CviMVP_PlDNA_5_SG_1709_6247eadb","17_A6_CviMVP_PlDNA_5_SG_1709_6247eadb_Dermo",2,1.98,"Positive",FALSE,0,0
17,"H09","FAM","Unkn-32",33.17,33.09,0,"Dermo","G5_CviMVP_PlDNA_5_SG_1202_19d39fd0","CviMVP_10693","TP_TX_2022-6-28",20,"G5_CviMVP_PlDNA_5_SG_1202_19d39fd0","17_G5_CviMVP_PlDNA_5_SG_1202_19d39fd0_Dermo",1,0.160000000000004,"Positive",FALSE,0,0
17,"H10","FAM","Unkn-32",33.01,33.09,0,"Dermo","G5_CviMVP_PlDNA_5_SG_1202_19d39fd0","CviMVP_10693","TP_TX_2022-6-28",20,"G5_CviMVP_PlDNA_5_SG_1202_19d39fd0","17_G5_CviMVP_PlDNA_5_SG_1202_19d39fd0_Dermo",2,0.160000000000004,"Positive",FALSE,0,0
17,"A03","HEX","Unkn-01",33.32,33.35,0,"MSX","A1_CviMVP_PlDNA_5_SG_1213_8759c16a","CviMVP_10723","TP_TX_2022-6-28",19,"A1_CviMVP_PlDNA_5_SG_1213_8759c16a","17_A1_CviMVP_PlDNA_5_SG_1213_8759c16a_MSX",1,0.0600000000000023,"Positive",FALSE,0,0
17,"A04","HEX","Unkn-01",33.38,33.35,0,"MSX","A1_CviMVP_PlDNA_5_SG_1213_8759c16a","CviMVP_10723","TP_TX_2022-6-28",19,"A1_CviMVP_PlDNA_5_SG_1213_8759c16a","17_A1_CviMVP_PlDNA_5_SG_1213_8759c16a_MSX",2,0.0600000000000023,"Positive",FALSE,0,0
17,"A05","HEX","Unkn-09",17.55,17.42,0.00041,"MSX","A2_CviMVP_PlDNA_5_SG_1147_554b56fe","CviMVP_10550","FP_Sav_GA_2022-6-10",20,"A2_CviMVP_PlDNA_5_SG_1147_554b56fe","17_A2_CviMVP_PlDNA_5_SG_1147_554b56fe_MSX",1,0.25,"Positive",FALSE,160115.947,3
17,"A06","HEX","Unkn-09",17.3,17.42,0.00041,"MSX","A2_CviMVP_PlDNA_5_SG_1147_554b56fe","CviMVP_10550","FP_Sav_GA_2022-6-10",20,"A2_CviMVP_PlDNA_5_SG_1147_554b56fe","17_A2_CviMVP_PlDNA_5_SG_1147_554b56fe_MSX",2,0.25,"Positive",FALSE,160115.947,3
17,"A07","HEX","Unkn-17",34.97,35.8,0,"MSX","A3_CviMVP_PlDNA_5_SG_1337_2df389df","CviMVP_11080","Mer_GA_2022-7-26",18,"A3_CviMVP_PlDNA_5_SG_1337_2df389df","17_A3_CviMVP_PlDNA_5_SG_1337_2df389df_MSX",1,1.67,"Positive",FALSE,0,0
17,"A08","HEX","Unkn-17",36.64,35.8,0,"MSX","A3_CviMVP_PlDNA_5_SG_1337_2df389df","CviMVP_11080","Mer_GA_2022-7-26",18,"A3_CviMVP_PlDNA_5_SG_1337_2df389df","17_A3_CviMVP_PlDNA_5_SG_1337_2df389df_MSX",2,1.67,"Positive",FALSE,0,0
17,"A09","HEX","Unkn-25",NA,0,0,"MSX","A4_CviMVP_PlDNA_5_SG_1086_5112cfbc","CviMVP_10399","GalBay_TX_2022-6-2",21,"A4_CviMVP_PlDNA_5_SG_1086_5112cfbc","17_A4_CviMVP_PlDNA_5_SG_1086_5112cfbc_MSX",1,NA,"Negative",FALSE,0,0
17,"A10","HEX","Unkn-25",NA,0,0,"MSX","A4_CviMVP_PlDNA_5_SG_1086_5112cfbc","CviMVP_10399","GalBay_TX_2022-6-2",21,"A4_CviMVP_PlDNA_5_SG_1086_5112cfbc","17_A4_CviMVP_PlDNA_5_SG_1086_5112cfbc_MSX",2,NA,"Negative",FALSE,0,0
17,"B03","HEX","Unkn-02",39.23,39.05,0,"MSX","B1_CviMVP_PlDNA_5_SG_1034_0e0ac7d6","CviMVP_10093","LakeFortuna_LA_2022-5-11",21,"B1_CviMVP_PlDNA_5_SG_1034_0e0ac7d6","17_B1_CviMVP_PlDNA_5_SG_1034_0e0ac7d6_MSX",1,0.369999999999997,"Positive",FALSE,0,0
17,"B04","HEX","Unkn-02",38.86,39.05,0,"MSX","B1_CviMVP_PlDNA_5_SG_1034_0e0ac7d6","CviMVP_10093","LakeFortuna_LA_2022-5-11",21,"B1_CviMVP_PlDNA_5_SG_1034_0e0ac7d6","17_B1_CviMVP_PlDNA_5_SG_1034_0e0ac7d6_MSX",2,0.369999999999997,"Positive",FALSE,0,0
17,"B05","HEX","Unkn-10",32.44,32.21,0,"MSX","B2_CviMVP_PlDNA_5_SG_1689_736d4e14","CviMVP_12104","SaLa_GA_2022-10-5",22,"B2_CviMVP_PlDNA_5_SG_1689_736d4e14","17_B2_CviMVP_PlDNA_5_SG_1689_736d4e14_MSX",1,0.469999999999999,"Positive",FALSE,0,0
17,"B06","HEX","Unkn-10",31.97,32.21,0,"MSX","B2_CviMVP_PlDNA_5_SG_1689_736d4e14","CviMVP_12104","SaLa_GA_2022-10-5",22,"B2_CviMVP_PlDNA_5_SG_1689_736d4e14","17_B2_CviMVP_PlDNA_5_SG_1689_736d4e14_MSX",2,0.469999999999999,"Positive",FALSE,0,0
17,"B07","HEX","Unkn-18",37.41,37.45,0,"MSX","C3_CviMVP_PlDNA_5_SG_1783_7efed587","CviMVP_12381","NPS_PS_NC_2022-10-12",22,"C3_CviMVP_PlDNA_5_SG_1783_7efed587","17_C3_CviMVP_PlDNA_5_SG_1783_7efed587_MSX",1,0.0700000000000003,"Positive",FALSE,0,0
17,"B08","HEX","Unkn-18",37.48,37.45,0,"MSX","C3_CviMVP_PlDNA_5_SG_1783_7efed587","CviMVP_12381","NPS_PS_NC_2022-10-12",22,"C3_CviMVP_PlDNA_5_SG_1783_7efed587","17_C3_CviMVP_PlDNA_5_SG_1783_7efed587_MSX",2,0.0700000000000003,"Positive",FALSE,0,0
17,"B09","HEX","Unkn-26",37.99,37.86,0,"MSX","B4_CviMVP_PlDNA_5_SG_1196_1127cf33","CviMVP_10676","Culch_Ba_LA_2022-6-21",20,"B4_CviMVP_PlDNA_5_SG_1196_1127cf33","17_B4_CviMVP_PlDNA_5_SG_1196_1127cf33_MSX",1,0.25,"Positive",FALSE,0,0
17,"B10","HEX","Unkn-26",37.74,37.86,0,"MSX","B4_CviMVP_PlDNA_5_SG_1196_1127cf33","CviMVP_10676","Culch_Ba_LA_2022-6-21",20,"B4_CviMVP_PlDNA_5_SG_1196_1127cf33","17_B4_CviMVP_PlDNA_5_SG_1196_1127cf33_MSX",2,0.25,"Positive",FALSE,0,0
17,"B11","HEX","Unkn-33",NA,0,0,"MSX","A5_CviMVP_PlDNA_5_SG.sharedLotterhosPuritz_3057_d418b8c8","CviMVP_30168","HC_DB_NJ_2022-9-23",20,"A5_CviMVP_PlDNA_5_SG.sharedLotterhosPuritz_3057_d418b8c8","17_A5_CviMVP_PlDNA_5_SG.sharedLotterhosPuritz_3057_d418b8c8_MSX",1,NA,"Negative",FALSE,0,0
17,"B12","HEX","Unkn-33",NA,0,0,"MSX","A5_CviMVP_PlDNA_5_SG.sharedLotterhosPuritz_3057_d418b8c8","CviMVP_30168","HC_DB_NJ_2022-9-23",20,"A5_CviMVP_PlDNA_5_SG.sharedLotterhosPuritz_3057_d418b8c8","17_A5_CviMVP_PlDNA_5_SG.sharedLotterhosPuritz_3057_d418b8c8_MSX",2,NA,"Negative",FALSE,0,0
17,"C03","HEX","Unkn-03",36.53,36.84,0,"MSX","C1_CviMVP_PlDNA_5_SG_1165_5f778713","CviMVP_10592","SkR_GA_2022-6-14",19,"C1_CviMVP_PlDNA_5_SG_1165_5f778713","17_C1_CviMVP_PlDNA_5_SG_1165_5f778713_MSX",1,0.619999999999997,"Positive",FALSE,0,0
17,"C04","HEX","Unkn-03",37.15,36.84,0,"MSX","C1_CviMVP_PlDNA_5_SG_1165_5f778713","CviMVP_10592","SkR_GA_2022-6-14",19,"C1_CviMVP_PlDNA_5_SG_1165_5f778713","17_C1_CviMVP_PlDNA_5_SG_1165_5f778713_MSX",2,0.619999999999997,"Positive",FALSE,0,0
17,"C05","HEX","Unkn-11",34.98,34.9,0,"MSX","C2_CviMVP_PlDNA_5_SG.sharedLotterhosPuritz_3031_88811f65","CviMVP_30093","HC_DB_NJ_2022-9-23",22,"C2_CviMVP_PlDNA_5_SG.sharedLotterhosPuritz_3031_88811f65","17_C2_CviMVP_PlDNA_5_SG.sharedLotterhosPuritz_3031_88811f65_MSX",1,0.169999999999995,"Positive",FALSE,0,0
17,"C06","HEX","Unkn-11",34.81,34.9,0,"MSX","C2_CviMVP_PlDNA_5_SG.sharedLotterhosPuritz_3031_88811f65","CviMVP_30093","HC_DB_NJ_2022-9-23",22,"C2_CviMVP_PlDNA_5_SG.sharedLotterhosPuritz_3031_88811f65","17_C2_CviMVP_PlDNA_5_SG.sharedLotterhosPuritz_3031_88811f65_MSX",2,0.169999999999995,"Positive",FALSE,0,0
17,"C07","HEX","Unkn-19",NA,0,0,"MSX","D3_CviMVP_PlDNA_5_SG.sharedLotterhosPuritz_1723_2000ae81","CviMVP_12202","WS_CB_VA_2022-10-7",22,"D3_CviMVP_PlDNA_5_SG.sharedLotterhosPuritz_1723_2000ae81","17_D3_CviMVP_PlDNA_5_SG.sharedLotterhosPuritz_1723_2000ae81_MSX",1,NA,"Negative",FALSE,0,0
17,"C08","HEX","Unkn-19",NA,0,0,"MSX","D3_CviMVP_PlDNA_5_SG.sharedLotterhosPuritz_1723_2000ae81","CviMVP_12202","WS_CB_VA_2022-10-7",22,"D3_CviMVP_PlDNA_5_SG.sharedLotterhosPuritz_1723_2000ae81","17_D3_CviMVP_PlDNA_5_SG.sharedLotterhosPuritz_1723_2000ae81_MSX",2,NA,"Negative",FALSE,0,0
17,"C09","HEX","Unkn-27",NA,0,0,"MSX","C4_CviMVP_PlDNA_5_SG_1074_66a12ae0","CviMVP_10369","GalBay_TX_2022-6-2",18,"C4_CviMVP_PlDNA_5_SG_1074_66a12ae0","17_C4_CviMVP_PlDNA_5_SG_1074_66a12ae0_MSX",1,NA,"Negative",FALSE,0,0
17,"C10","HEX","Unkn-27",NA,0,0,"MSX","C4_CviMVP_PlDNA_5_SG_1074_66a12ae0","CviMVP_10369","GalBay_TX_2022-6-2",18,"C4_CviMVP_PlDNA_5_SG_1074_66a12ae0","17_C4_CviMVP_PlDNA_5_SG_1074_66a12ae0_MSX",2,NA,"Negative",FALSE,0,0
17,"C11","HEX","Unkn-34",NA,0,0,"MSX","C5_CviMVP_PlDNA_5_SG_1563_7e234e54","CviMVP_11737","CPR_MS_AL_2022-8-24",21,"C5_CviMVP_PlDNA_5_SG_1563_7e234e54","17_C5_CviMVP_PlDNA_5_SG_1563_7e234e54_MSX",1,NA,"Negative",FALSE,0,0
17,"C12","HEX","Unkn-34",NA,0,0,"MSX","C5_CviMVP_PlDNA_5_SG_1563_7e234e54","CviMVP_11737","CPR_MS_AL_2022-8-24",21,"C5_CviMVP_PlDNA_5_SG_1563_7e234e54","17_C5_CviMVP_PlDNA_5_SG_1563_7e234e54_MSX",2,NA,"Negative",FALSE,0,0
17,"D03","HEX","Unkn-04",NA,0,0,"MSX","D1_CviMVP_PlDNA_5_SG_1169_fccffcf3","CviMVP_10601","SkR_GA_2022-6-14",22,"D1_CviMVP_PlDNA_5_SG_1169_fccffcf3","17_D1_CviMVP_PlDNA_5_SG_1169_fccffcf3_MSX",1,NA,"Inconclusive",TRUE,0,0
17,"D04","HEX","Unkn-04",38.84,38.84,0,"MSX","D1_CviMVP_PlDNA_5_SG_1169_fccffcf3","CviMVP_10601","SkR_GA_2022-6-14",22,"D1_CviMVP_PlDNA_5_SG_1169_fccffcf3","17_D1_CviMVP_PlDNA_5_SG_1169_fccffcf3_MSX",2,NA,"Inconclusive",TRUE,0,0
17,"D05","HEX","Unkn-12",33.73,33.98,0,"MSX","E2_CviMVP_PlDNA_5_SG_1616_54b5281b","CviMVP_11888","SawIs_MA_2022-9-5",22,"E2_CviMVP_PlDNA_5_SG_1616_54b5281b","17_E2_CviMVP_PlDNA_5_SG_1616_54b5281b_MSX",1,0.5,"Positive",FALSE,0,0
17,"D06","HEX","Unkn-12",34.23,33.98,0,"MSX","E2_CviMVP_PlDNA_5_SG_1616_54b5281b","CviMVP_11888","SawIs_MA_2022-9-5",22,"E2_CviMVP_PlDNA_5_SG_1616_54b5281b","17_E2_CviMVP_PlDNA_5_SG_1616_54b5281b_MSX",2,0.5,"Positive",FALSE,0,0
17,"D07","HEX","Unkn-20",NA,0,0,"MSX","E3_CviMVP_PlDNA_5_SG_1351_c9f860e1","CviMVP_11121","Nickle_Rf_LA_2022-8-1",19,"E3_CviMVP_PlDNA_5_SG_1351_c9f860e1","17_E3_CviMVP_PlDNA_5_SG_1351_c9f860e1_MSX",1,NA,"Inconclusive",TRUE,0,0
17,"D08","HEX","Unkn-20",39.27,39.27,0,"MSX","E3_CviMVP_PlDNA_5_SG_1351_c9f860e1","CviMVP_11121","Nickle_Rf_LA_2022-8-1",19,"E3_CviMVP_PlDNA_5_SG_1351_c9f860e1","17_E3_CviMVP_PlDNA_5_SG_1351_c9f860e1_MSX",2,NA,"Inconclusive",TRUE,0,0
17,"D09","HEX","Unkn-28",39.55,39.55,0,"MSX","D4_CviMVP_PlDNA_5_SG.sharedLotterhosPuritz_1726_d7bf8240","CviMVP_12211","WS_CB_VA_2022-10-7",22,"D4_CviMVP_PlDNA_5_SG.sharedLotterhosPuritz_1726_d7bf8240","17_D4_CviMVP_PlDNA_5_SG.sharedLotterhosPuritz_1726_d7bf8240_MSX",1,NA,"Inconclusive",TRUE,0,0
17,"D10","HEX","Unkn-28",NA,0,0,"MSX","D4_CviMVP_PlDNA_5_SG.sharedLotterhosPuritz_1726_d7bf8240","CviMVP_12211","WS_CB_VA_2022-10-7",22,"D4_CviMVP_PlDNA_5_SG.sharedLotterhosPuritz_1726_d7bf8240","17_D4_CviMVP_PlDNA_5_SG.sharedLotterhosPuritz_1726_d7bf8240_MSX",2,NA,"Inconclusive",TRUE,0,0
17,"D11","HEX","Unkn-35",NA,0,0,"MSX","D5_CviMVP_PlDNA_5_SG.sharedLotterhosPuritz_1502_f43278c7","CviMVP_11555","NR_NB_RI_2022-8-19",21,"D5_CviMVP_PlDNA_5_SG.sharedLotterhosPuritz_1502_f43278c7","17_D5_CviMVP_PlDNA_5_SG.sharedLotterhosPuritz_1502_f43278c7_MSX",1,NA,"Inconclusive",TRUE,0,0
17,"D12","HEX","Unkn-35",37.67,37.67,0,"MSX","D5_CviMVP_PlDNA_5_SG.sharedLotterhosPuritz_1502_f43278c7","CviMVP_11555","NR_NB_RI_2022-8-19",21,"D5_CviMVP_PlDNA_5_SG.sharedLotterhosPuritz_1502_f43278c7","17_D5_CviMVP_PlDNA_5_SG.sharedLotterhosPuritz_1502_f43278c7_MSX",2,NA,"Inconclusive",TRUE,0,0
17,"E03","HEX","Unkn-05",36.23,36.42,0,"MSX","E1_CviMVP_PlDNA_5_SG.sharedLotterhosPuritz_3046_33ba00b5","CviMVP_30135","HC_DB_NJ_2022-9-23",19,"E1_CviMVP_PlDNA_5_SG.sharedLotterhosPuritz_3046_33ba00b5","17_E1_CviMVP_PlDNA_5_SG.sharedLotterhosPuritz_3046_33ba00b5_MSX",1,0.390000000000001,"Positive",FALSE,0,0
17,"E04","HEX","Unkn-05",36.62,36.42,0,"MSX","E1_CviMVP_PlDNA_5_SG.sharedLotterhosPuritz_3046_33ba00b5","CviMVP_30135","HC_DB_NJ_2022-9-23",19,"E1_CviMVP_PlDNA_5_SG.sharedLotterhosPuritz_3046_33ba00b5","17_E1_CviMVP_PlDNA_5_SG.sharedLotterhosPuritz_3046_33ba00b5_MSX",2,0.390000000000001,"Positive",FALSE,0,0
17,"E05","HEX","Unkn-13",37.54,37.62,0,"MSX","F2_CviMVP_PlDNA_5_SG_1041_eed5c808","CviMVP_10277","OL_MI_SC_2022-5-31",22,"F2_CviMVP_PlDNA_5_SG_1041_eed5c808","17_F2_CviMVP_PlDNA_5_SG_1041_eed5c808_MSX",1,0.149999999999999,"Positive",FALSE,0,0
17,"E06","HEX","Unkn-13",37.69,37.62,0,"MSX","F2_CviMVP_PlDNA_5_SG_1041_eed5c808","CviMVP_10277","OL_MI_SC_2022-5-31",22,"F2_CviMVP_PlDNA_5_SG_1041_eed5c808","17_F2_CviMVP_PlDNA_5_SG_1041_eed5c808_MSX",2,0.149999999999999,"Positive",FALSE,0,0
17,"E07","HEX","Unkn-21",24.93,24.87,1e-05,"MSX","F3_CviMVP_PlDNA_5_SG_1144_70b2aa79","CviMVP_10541","FP_Sav_GA_2022-6-10",21,"F3_CviMVP_PlDNA_5_SG_1144_70b2aa79","17_F3_CviMVP_PlDNA_5_SG_1144_70b2aa79_MSX",1,0.120000000000001,"Positive",FALSE,3719.30190476191,2
17,"E08","HEX","Unkn-21",24.81,24.87,1e-05,"MSX","F3_CviMVP_PlDNA_5_SG_1144_70b2aa79","CviMVP_10541","FP_Sav_GA_2022-6-10",21,"F3_CviMVP_PlDNA_5_SG_1144_70b2aa79","17_F3_CviMVP_PlDNA_5_SG_1144_70b2aa79_MSX",2,0.120000000000001,"Positive",FALSE,3719.30190476191,2
17,"E09","HEX","Unkn-29",37.24,37.89,0,"MSX","E4_CviMVP_PlDNA_5_SG_1372_d1d73898","CviMVP_11184","Nickle_Rf_LA_2022-8-1",19,"E4_CviMVP_PlDNA_5_SG_1372_d1d73898","17_E4_CviMVP_PlDNA_5_SG_1372_d1d73898_MSX",1,1.29,"Positive",FALSE,0,0
17,"E10","HEX","Unkn-29",38.53,37.89,0,"MSX","E4_CviMVP_PlDNA_5_SG_1372_d1d73898","CviMVP_11184","Nickle_Rf_LA_2022-8-1",19,"E4_CviMVP_PlDNA_5_SG_1372_d1d73898","17_E4_CviMVP_PlDNA_5_SG_1372_d1d73898_MSX",2,1.29,"Positive",FALSE,0,0
17,"E11","HEX","Unkn-36",27.97,28.01,0,"MSX","F5_CviMVP_PlDNA_5_SG_1139_567ff899","CviMVP_10529","FP_Sav_GA_2022-6-10",19,"F5_CviMVP_PlDNA_5_SG_1139_567ff899","17_F5_CviMVP_PlDNA_5_SG_1139_567ff899_MSX",1,0.0800000000000018,"Positive",FALSE,0,0
17,"E12","HEX","Unkn-36",28.05,28.01,0,"MSX","F5_CviMVP_PlDNA_5_SG_1139_567ff899","CviMVP_10529","FP_Sav_GA_2022-6-10",19,"F5_CviMVP_PlDNA_5_SG_1139_567ff899","17_F5_CviMVP_PlDNA_5_SG_1139_567ff899_MSX",2,0.0800000000000018,"Positive",FALSE,0,0
17,"F03","HEX","Unkn-06",34.52,34.06,0,"MSX","F1_CviMVP_PlDNA_5_SG_1210_917a5e66","CviMVP_10716","TP_TX_2022-6-28",22,"F1_CviMVP_PlDNA_5_SG_1210_917a5e66","17_F1_CviMVP_PlDNA_5_SG_1210_917a5e66_MSX",1,0.920000000000002,"Positive",FALSE,0,0
17,"F04","HEX","Unkn-06",33.6,34.06,0,"MSX","F1_CviMVP_PlDNA_5_SG_1210_917a5e66","CviMVP_10716","TP_TX_2022-6-28",22,"F1_CviMVP_PlDNA_5_SG_1210_917a5e66","17_F1_CviMVP_PlDNA_5_SG_1210_917a5e66_MSX",2,0.920000000000002,"Positive",FALSE,0,0
17,"F05","HEX","Unkn-14",NA,0,0,"MSX","G2_CviMVP_PlDNA_5_SG_1591_7dc1a9e6","CviMVP_11814","KP_FGR_FL_2022-8-23",21,"G2_CviMVP_PlDNA_5_SG_1591_7dc1a9e6","17_G2_CviMVP_PlDNA_5_SG_1591_7dc1a9e6_MSX",1,NA,"Negative",FALSE,0,0
17,"F06","HEX","Unkn-14",NA,0,0,"MSX","G2_CviMVP_PlDNA_5_SG_1591_7dc1a9e6","CviMVP_11814","KP_FGR_FL_2022-8-23",21,"G2_CviMVP_PlDNA_5_SG_1591_7dc1a9e6","17_G2_CviMVP_PlDNA_5_SG_1591_7dc1a9e6_MSX",2,NA,"Negative",FALSE,0,0
17,"F07","HEX","Unkn-22",NA,0,0,"MSX","H3_CviMVP_PlDNA_5_SG_1191_cec6ab4c","CviMVP_10661","Culch_Ba_LA_2022-6-21",22,"H3_CviMVP_PlDNA_5_SG_1191_cec6ab4c","17_H3_CviMVP_PlDNA_5_SG_1191_cec6ab4c_MSX",1,NA,"Negative",FALSE,0,0
17,"F08","HEX","Unkn-22",NA,0,0,"MSX","H3_CviMVP_PlDNA_5_SG_1191_cec6ab4c","CviMVP_10661","Culch_Ba_LA_2022-6-21",22,"H3_CviMVP_PlDNA_5_SG_1191_cec6ab4c","17_H3_CviMVP_PlDNA_5_SG_1191_cec6ab4c_MSX",2,NA,"Negative",FALSE,0,0
17,"F09","HEX","Unkn-30",NA,0,0,"MSX","G4_CviMVP_PlDNA_5_SG.sharedLotterhosPuritz_1735_1dc2e73e","CviMVP_12238","WS_CB_VA_2022-10-7",21,"G4_CviMVP_PlDNA_5_SG.sharedLotterhosPuritz_1735_1dc2e73e","17_G4_CviMVP_PlDNA_5_SG.sharedLotterhosPuritz_1735_1dc2e73e_MSX",1,NA,"Negative",FALSE,0,0
17,"F10","HEX","Unkn-30",NA,0,0,"MSX","G4_CviMVP_PlDNA_5_SG.sharedLotterhosPuritz_1735_1dc2e73e","CviMVP_12238","WS_CB_VA_2022-10-7",21,"G4_CviMVP_PlDNA_5_SG.sharedLotterhosPuritz_1735_1dc2e73e","17_G4_CviMVP_PlDNA_5_SG.sharedLotterhosPuritz_1735_1dc2e73e_MSX",2,NA,"Negative",FALSE,0,0
17,"F11","HEX","Unkn-37",NA,0,0,"MSX","H5_CviMVP_PlDNA_5_SG_1427_53cbce97","CviMVP_11336","GriceCove_SC_2022-8-10",19,"H5_CviMVP_PlDNA_5_SG_1427_53cbce97","17_H5_CviMVP_PlDNA_5_SG_1427_53cbce97_MSX",1,NA,"Negative",FALSE,0,0
17,"F12","HEX","Unkn-37",NA,0,0,"MSX","H5_CviMVP_PlDNA_5_SG_1427_53cbce97","CviMVP_11336","GriceCove_SC_2022-8-10",19,"H5_CviMVP_PlDNA_5_SG_1427_53cbce97","17_H5_CviMVP_PlDNA_5_SG_1427_53cbce97_MSX",2,NA,"Negative",FALSE,0,0
17,"G03","HEX","Unkn-07",33.83,33.78,0,"MSX","G1_CviMVP_PlDNA_5_SG.sharedLotterhosPuritz_1485_584ef346","CviMVP_11505","NR_NB_RI_2022-8-19",21,"G1_CviMVP_PlDNA_5_SG.sharedLotterhosPuritz_1485_584ef346","17_G1_CviMVP_PlDNA_5_SG.sharedLotterhosPuritz_1485_584ef346_MSX",1,0.100000000000001,"Positive",FALSE,0,0
17,"G04","HEX","Unkn-07",33.73,33.78,0,"MSX","G1_CviMVP_PlDNA_5_SG.sharedLotterhosPuritz_1485_584ef346","CviMVP_11505","NR_NB_RI_2022-8-19",21,"G1_CviMVP_PlDNA_5_SG.sharedLotterhosPuritz_1485_584ef346","17_G1_CviMVP_PlDNA_5_SG.sharedLotterhosPuritz_1485_584ef346_MSX",2,0.100000000000001,"Positive",FALSE,0,0
17,"G05","HEX","Unkn-15",36.43,36.43,0,"MSX","A7_CviMVP_PlDNA_5_SG_1346_c3dc3555","CviMVP_11103","Nickle_Rf_LA_2022-8-1",21,"A7_CviMVP_PlDNA_5_SG_1346_c3dc3555","17_A7_CviMVP_PlDNA_5_SG_1346_c3dc3555_MSX",1,NA,"Inconclusive",TRUE,0,0
17,"G06","HEX","Unkn-15",NA,0,0,"MSX","A7_CviMVP_PlDNA_5_SG_1346_c3dc3555","CviMVP_11103","Nickle_Rf_LA_2022-8-1",21,"A7_CviMVP_PlDNA_5_SG_1346_c3dc3555","17_A7_CviMVP_PlDNA_5_SG_1346_c3dc3555_MSX",2,NA,"Inconclusive",TRUE,0,0
17,"G07","HEX","Unkn-23",NA,0,0,"MSX","F6_CviMVP_PlDNA_5_SG_1404_4a6042b3","CviMVP_11275","GriceCove_SC_2022-8-10",19,"F6_CviMVP_PlDNA_5_SG_1404_4a6042b3","17_F6_CviMVP_PlDNA_5_SG_1404_4a6042b3_MSX",1,NA,"Inconclusive",TRUE,0,0
17,"G08","HEX","Unkn-23",39.47,39.47,0,"MSX","F6_CviMVP_PlDNA_5_SG_1404_4a6042b3","CviMVP_11275","GriceCove_SC_2022-8-10",19,"F6_CviMVP_PlDNA_5_SG_1404_4a6042b3","17_F6_CviMVP_PlDNA_5_SG_1404_4a6042b3_MSX",2,NA,"Inconclusive",TRUE,0,0
17,"G09","HEX","Unkn-31",NA,0,0,"MSX","H4_CviMVP_PlDNA_5_SG.sharedLotterhosPuritz_1866_a98f91ad","CviMVP_12622","LCP_UP_MD_2022-10-20",21,"H4_CviMVP_PlDNA_5_SG.sharedLotterhosPuritz_1866_a98f91ad","17_H4_CviMVP_PlDNA_5_SG.sharedLotterhosPuritz_1866_a98f91ad_MSX",1,NA,"Negative",FALSE,0,0
17,"G10","HEX","Unkn-31",NA,0,0,"MSX","H4_CviMVP_PlDNA_5_SG.sharedLotterhosPuritz_1866_a98f91ad","CviMVP_12622","LCP_UP_MD_2022-10-20",21,"H4_CviMVP_PlDNA_5_SG.sharedLotterhosPuritz_1866_a98f91ad","17_H4_CviMVP_PlDNA_5_SG.sharedLotterhosPuritz_1866_a98f91ad_MSX",2,NA,"Negative",FALSE,0,0
17,"H01","HEX","Unkn-38",29.9,29.62,0,"MSX","D1_CviMVP_PlDNA_10_SG_2091_372072dd","CviMVP_131331","FC_LIS_CT_2023-10-11",20,"D1_CviMVP_PlDNA_10_SG_2091_372072dd","17_D1_CviMVP_PlDNA_10_SG_2091_372072dd_MSX",1,0.549999999999997,"Positive",FALSE,0,0
17,"H02","HEX","Unkn-38",29.35,29.62,0,"MSX","D1_CviMVP_PlDNA_10_SG_2091_372072dd","CviMVP_131331","FC_LIS_CT_2023-10-11",20,"D1_CviMVP_PlDNA_10_SG_2091_372072dd","17_D1_CviMVP_PlDNA_10_SG_2091_372072dd_MSX",2,0.549999999999997,"Positive",FALSE,0,0
17,"H03","HEX","Unkn-08",23.74,23.6,1e-05,"MSX","H1_CviMVP_PlDNA_5_SG_1145_7605b3c0","CviMVP_10544","FP_Sav_GA_2022-6-10",22,"H1_CviMVP_PlDNA_5_SG_1145_7605b3c0","17_H1_CviMVP_PlDNA_5_SG_1145_7605b3c0_MSX",1,0.289999999999999,"Positive",FALSE,3550.24272727273,2
17,"H04","HEX","Unkn-08",23.45,23.6,1e-05,"MSX","H1_CviMVP_PlDNA_5_SG_1145_7605b3c0","CviMVP_10544","FP_Sav_GA_2022-6-10",22,"H1_CviMVP_PlDNA_5_SG_1145_7605b3c0","17_H1_CviMVP_PlDNA_5_SG_1145_7605b3c0_MSX",2,0.289999999999999,"Positive",FALSE,3550.24272727273,2
17,"H05","HEX","Unkn-16",35.11,34.76,0,"MSX","B7_CviMVP_PlDNA_5_SG_1579_be3981ad","CviMVP_11780","KP_FGR_FL_2022-8-23",18,"B7_CviMVP_PlDNA_5_SG_1579_be3981ad","17_B7_CviMVP_PlDNA_5_SG_1579_be3981ad_MSX",1,0.700000000000003,"Positive",FALSE,0,0
17,"H06","HEX","Unkn-16",34.41,34.76,0,"MSX","B7_CviMVP_PlDNA_5_SG_1579_be3981ad","CviMVP_11780","KP_FGR_FL_2022-8-23",18,"B7_CviMVP_PlDNA_5_SG_1579_be3981ad","17_B7_CviMVP_PlDNA_5_SG_1579_be3981ad_MSX",2,0.700000000000003,"Positive",FALSE,0,0
17,"H07","HEX","Unkn-24",NA,0,0,"MSX","A6_CviMVP_PlDNA_5_SG_1709_6247eadb","CviMVP_12161","SaLa_GA_2022-10-5",21,"A6_CviMVP_PlDNA_5_SG_1709_6247eadb","17_A6_CviMVP_PlDNA_5_SG_1709_6247eadb_MSX",1,NA,"Negative",FALSE,0,0
17,"H08","HEX","Unkn-24",NA,0,0,"MSX","A6_CviMVP_PlDNA_5_SG_1709_6247eadb","CviMVP_12161","SaLa_GA_2022-10-5",21,"A6_CviMVP_PlDNA_5_SG_1709_6247eadb","17_A6_CviMVP_PlDNA_5_SG_1709_6247eadb_MSX",2,NA,"Negative",FALSE,0,0
17,"H09","HEX","Unkn-32",35.2,34.96,0,"MSX","G5_CviMVP_PlDNA_5_SG_1202_19d39fd0","CviMVP_10693","TP_TX_2022-6-28",20,"G5_CviMVP_PlDNA_5_SG_1202_19d39fd0","17_G5_CviMVP_PlDNA_5_SG_1202_19d39fd0_MSX",1,0.480000000000004,"Positive",FALSE,0,0
17,"H10","HEX","Unkn-32",34.72,34.96,0,"MSX","G5_CviMVP_PlDNA_5_SG_1202_19d39fd0","CviMVP_10693","TP_TX_2022-6-28",20,"G5_CviMVP_PlDNA_5_SG_1202_19d39fd0","17_G5_CviMVP_PlDNA_5_SG_1202_19d39fd0_MSX",2,0.480000000000004,"Positive",FALSE,0,0
18,"A03","FAM","Unkn-01",27.02,26.93,0,"Dermo","A1_CviMVP_PlDNA_9_SG_1781_7f410d51","CviMVP_12375","NPS_PS_NC_2022-10-12",20,"A1_CviMVP_PlDNA_9_SG_1781_7f410d51","18_A1_CviMVP_PlDNA_9_SG_1781_7f410d51_Dermo",1,0.169999999999998,"Positive",FALSE,0,0
18,"A04","FAM","Unkn-01",26.85,26.93,0,"Dermo","A1_CviMVP_PlDNA_9_SG_1781_7f410d51","CviMVP_12375","NPS_PS_NC_2022-10-12",20,"A1_CviMVP_PlDNA_9_SG_1781_7f410d51","18_A1_CviMVP_PlDNA_9_SG_1781_7f410d51_Dermo",2,0.169999999999998,"Positive",FALSE,0,0
18,"A05","FAM","Unkn-09",NA,0,0,"Dermo","A2_CviMVP_PlDNA_9_SG_1360_c5b3f2ee","CviMVP_11148","Nickle_Rf_LA_2022-8-1",19,"A2_CviMVP_PlDNA_9_SG_1360_c5b3f2ee","18_A2_CviMVP_PlDNA_9_SG_1360_c5b3f2ee_Dermo",1,NA,"Negative",FALSE,0,0
18,"A06","FAM","Unkn-09",NA,0,0,"Dermo","A2_CviMVP_PlDNA_9_SG_1360_c5b3f2ee","CviMVP_11148","Nickle_Rf_LA_2022-8-1",19,"A2_CviMVP_PlDNA_9_SG_1360_c5b3f2ee","18_A2_CviMVP_PlDNA_9_SG_1360_c5b3f2ee_Dermo",2,NA,"Negative",FALSE,0,0
18,"A07","FAM","Unkn-17",28.69,28.61,0,"Dermo","A8_CviMVP_PlDNA_9_SG_1178_c91e54a1","CviMVP_10623","Culch_Ba_LA_2022-6-21",18,"A8_CviMVP_PlDNA_9_SG_1178_c91e54a1","18_A8_CviMVP_PlDNA_9_SG_1178_c91e54a1_Dermo",1,0.16,"Positive",FALSE,0,0
18,"A08","FAM","Unkn-17",28.53,28.61,0,"Dermo","A8_CviMVP_PlDNA_9_SG_1178_c91e54a1","CviMVP_10623","Culch_Ba_LA_2022-6-21",18,"A8_CviMVP_PlDNA_9_SG_1178_c91e54a1","18_A8_CviMVP_PlDNA_9_SG_1178_c91e54a1_Dermo",2,0.16,"Positive",FALSE,0,0
18,"A09","FAM","Unkn-25",27.19,26.61,0,"Dermo","A9_CviMVP_PlDNA_9_SG_2033_2d4e3341","CviMVP_15116","IL_ApBay_FL_2023-10-3",21,"A9_CviMVP_PlDNA_9_SG_2033_2d4e3341","18_A9_CviMVP_PlDNA_9_SG_2033_2d4e3341_Dermo",1,1.15,"Positive",FALSE,0,0
18,"A10","FAM","Unkn-25",26.04,26.61,0,"Dermo","A9_CviMVP_PlDNA_9_SG_2033_2d4e3341","CviMVP_15116","IL_ApBay_FL_2023-10-3",21,"A9_CviMVP_PlDNA_9_SG_2033_2d4e3341","18_A9_CviMVP_PlDNA_9_SG_2033_2d4e3341_Dermo",2,1.15,"Positive",FALSE,0,0
18,"B03","FAM","Unkn-02",33.75,33.82,0,"Dermo","B1_CviMVP_PlDNA_9_SG_2064_0d827eb8","CviMVP_130521","IL_ApBay_FL_2023-10-3",20,"B1_CviMVP_PlDNA_9_SG_2064_0d827eb8","18_B1_CviMVP_PlDNA_9_SG_2064_0d827eb8_Dermo",1,0.149999999999999,"Positive",FALSE,0,0
18,"B04","FAM","Unkn-02",33.9,33.82,0,"Dermo","B1_CviMVP_PlDNA_9_SG_2064_0d827eb8","CviMVP_130521","IL_ApBay_FL_2023-10-3",20,"B1_CviMVP_PlDNA_9_SG_2064_0d827eb8","18_B1_CviMVP_PlDNA_9_SG_2064_0d827eb8_Dermo",2,0.149999999999999,"Positive",FALSE,0,0
18,"B05","FAM","Unkn-10",33.04,33.03,0,"Dermo","B2_CviMVP_PlDNA_9_SG_1113_ca8c8025","CviMVP_10471","CB_TX_2022-6-9",22,"B2_CviMVP_PlDNA_9_SG_1113_ca8c8025","18_B2_CviMVP_PlDNA_9_SG_1113_ca8c8025_Dermo",1,0.019999999999996,"Positive",FALSE,0,0
18,"B06","FAM","Unkn-10",33.02,33.03,0,"Dermo","B2_CviMVP_PlDNA_9_SG_1113_ca8c8025","CviMVP_10471","CB_TX_2022-6-9",22,"B2_CviMVP_PlDNA_9_SG_1113_ca8c8025","18_B2_CviMVP_PlDNA_9_SG_1113_ca8c8025_Dermo",2,0.019999999999996,"Positive",FALSE,0,0
18,"B07","FAM","Unkn-18",31.39,31.5,0,"Dermo","B8_CviMVP_PlDNA_9_SG_2092_9107cc79","CviMVP_131361","FC_LIS_CT_2023-10-11",18,"B8_CviMVP_PlDNA_9_SG_2092_9107cc79","18_B8_CviMVP_PlDNA_9_SG_2092_9107cc79_Dermo",1,0.210000000000001,"Positive",FALSE,0,0
18,"B08","FAM","Unkn-18",31.6,31.5,0,"Dermo","B8_CviMVP_PlDNA_9_SG_2092_9107cc79","CviMVP_131361","FC_LIS_CT_2023-10-11",18,"B8_CviMVP_PlDNA_9_SG_2092_9107cc79","18_B8_CviMVP_PlDNA_9_SG_2092_9107cc79_Dermo",2,0.210000000000001,"Positive",FALSE,0,0
18,"B09","FAM","Unkn-26",23.94,23.93,1e-05,"Dermo","B9_CviMVP_PlDNA_9_SG_2087_fcc7e794","CviMVP_131211","FC_LIS_CT_2023-10-11",20,"B9_CviMVP_PlDNA_9_SG_2087_fcc7e794","18_B9_CviMVP_PlDNA_9_SG_2087_fcc7e794_Dermo",1,0.0199999999999996,"Positive",FALSE,3486.738,2
18,"B10","FAM","Unkn-26",23.92,23.93,1e-05,"Dermo","B9_CviMVP_PlDNA_9_SG_2087_fcc7e794","CviMVP_131211","FC_LIS_CT_2023-10-11",20,"B9_CviMVP_PlDNA_9_SG_2087_fcc7e794","18_B9_CviMVP_PlDNA_9_SG_2087_fcc7e794_Dermo",2,0.0199999999999996,"Positive",FALSE,3486.738,2
18,"B11","FAM","Unkn-33",34.01,33.82,0,"Dermo","A10_CviMVP_PlDNA_9_SG_1368_c77fd73e","CviMVP_11172","Nickle_Rf_LA_2022-8-1",18,"A10_CviMVP_PlDNA_9_SG_1368_c77fd73e","18_A10_CviMVP_PlDNA_9_SG_1368_c77fd73e_Dermo",1,0.379999999999995,"Positive",FALSE,0,0
18,"B12","FAM","Unkn-33",33.63,33.82,0,"Dermo","A10_CviMVP_PlDNA_9_SG_1368_c77fd73e","CviMVP_11172","Nickle_Rf_LA_2022-8-1",18,"A10_CviMVP_PlDNA_9_SG_1368_c77fd73e","18_A10_CviMVP_PlDNA_9_SG_1368_c77fd73e_Dermo",2,0.379999999999995,"Positive",FALSE,0,0
18,"C03","FAM","Unkn-03",28.34,28.3,0,"Dermo","C1_CviMVP_PlDNA_9_SG_2101_3afce4c2","CviMVP_131641","FC_LIS_CT_2023-10-11",20,"C1_CviMVP_PlDNA_9_SG_2101_3afce4c2","18_C1_CviMVP_PlDNA_9_SG_2101_3afce4c2_Dermo",1,0.0899999999999999,"Positive",FALSE,0,0
18,"C04","FAM","Unkn-03",28.25,28.3,0,"Dermo","C1_CviMVP_PlDNA_9_SG_2101_3afce4c2","CviMVP_131641","FC_LIS_CT_2023-10-11",20,"C1_CviMVP_PlDNA_9_SG_2101_3afce4c2","18_C1_CviMVP_PlDNA_9_SG_2101_3afce4c2_Dermo",2,0.0899999999999999,"Positive",FALSE,0,0
18,"C05","FAM","Unkn-11",NA,0,0,"Dermo","C2_CviMVP_PlDNA_9_SG_1025_43336380","CviMVP_10057","LakeFortuna_LA_2022-5-11",20,"C2_CviMVP_PlDNA_9_SG_1025_43336380","18_C2_CviMVP_PlDNA_9_SG_1025_43336380_Dermo",1,NA,"Inconclusive",TRUE,0,0
18,"C06","FAM","Unkn-11",39.86,39.86,0,"Dermo","C2_CviMVP_PlDNA_9_SG_1025_43336380","CviMVP_10057","LakeFortuna_LA_2022-5-11",20,"C2_CviMVP_PlDNA_9_SG_1025_43336380","18_C2_CviMVP_PlDNA_9_SG_1025_43336380_Dermo",2,NA,"Inconclusive",TRUE,0,0
18,"C07","FAM","Unkn-19",21.15,20.95,5e-05,"Dermo","C8_CviMVP_PlDNA_9_SG_2090_050351ba","CviMVP_131301","FC_LIS_CT_2023-10-11",21,"C8_CviMVP_PlDNA_9_SG_2090_050351ba","18_C8_CviMVP_PlDNA_9_SG_2090_050351ba_Dermo",1,0.41,"Positive",FALSE,16603.5142857143,3
18,"C08","FAM","Unkn-19",20.74,20.95,5e-05,"Dermo","C8_CviMVP_PlDNA_9_SG_2090_050351ba","CviMVP_131301","FC_LIS_CT_2023-10-11",21,"C8_CviMVP_PlDNA_9_SG_2090_050351ba","18_C8_CviMVP_PlDNA_9_SG_2090_050351ba_Dermo",2,0.41,"Positive",FALSE,16603.5142857143,3
18,"C09","FAM","Unkn-27",34.6,34.53,0,"Dermo","D9_CviMVP_PlDNA_9_SG_1785_fa2d628c","CviMVP_12387","NPS_PS_NC_2022-10-12",19,"D9_CviMVP_PlDNA_9_SG_1785_fa2d628c","18_D9_CviMVP_PlDNA_9_SG_1785_fa2d628c_Dermo",1,0.149999999999999,"Positive",FALSE,0,0
18,"C10","FAM","Unkn-27",34.45,34.53,0,"Dermo","D9_CviMVP_PlDNA_9_SG_1785_fa2d628c","CviMVP_12387","NPS_PS_NC_2022-10-12",19,"D9_CviMVP_PlDNA_9_SG_1785_fa2d628c","18_D9_CviMVP_PlDNA_9_SG_1785_fa2d628c_Dermo",2,0.149999999999999,"Positive",FALSE,0,0
18,"C11","FAM","Unkn-34",35.4,35.22,0,"Dermo","B10_CviMVP_PlDNA_9_SG_1072_ecf788f5","CviMVP_10363","GalBay_TX_2022-6-2",18,"B10_CviMVP_PlDNA_9_SG_1072_ecf788f5","18_B10_CviMVP_PlDNA_9_SG_1072_ecf788f5_Dermo",1,0.359999999999999,"Positive",FALSE,0,0
18,"C12","FAM","Unkn-34",35.04,35.22,0,"Dermo","B10_CviMVP_PlDNA_9_SG_1072_ecf788f5","CviMVP_10363","GalBay_TX_2022-6-2",18,"B10_CviMVP_PlDNA_9_SG_1072_ecf788f5","18_B10_CviMVP_PlDNA_9_SG_1072_ecf788f5_Dermo",2,0.359999999999999,"Positive",FALSE,0,0
18,"D03","FAM","Unkn-04",22.68,22.55,2e-05,"Dermo","D1_CviMVP_PlDNA_9_SG_2040_dc33a58e","CviMVP_15137","EC_ApBay_FL_2023-10-4",22,"D1_CviMVP_PlDNA_9_SG_2040_dc33a58e","18_D1_CviMVP_PlDNA_9_SG_2040_dc33a58e_Dermo",1,0.259999999999998,"Positive",FALSE,6339.52363636364,2
18,"D04","FAM","Unkn-04",22.42,22.55,2e-05,"Dermo","D1_CviMVP_PlDNA_9_SG_2040_dc33a58e","CviMVP_15137","EC_ApBay_FL_2023-10-4",22,"D1_CviMVP_PlDNA_9_SG_2040_dc33a58e","18_D1_CviMVP_PlDNA_9_SG_2040_dc33a58e_Dermo",2,0.259999999999998,"Positive",FALSE,6339.52363636364,2
18,"D05","FAM","Unkn-12",36.88,36.46,0,"Dermo","D2_CviMVP_PlDNA_9_SG_1302_062f683c","CviMVP_10978","Sapelo_Is_GA_2022-7-17",20,"D2_CviMVP_PlDNA_9_SG_1302_062f683c","18_D2_CviMVP_PlDNA_9_SG_1302_062f683c_Dermo",1,0.850000000000001,"Positive",FALSE,0,0
18,"D06","FAM","Unkn-12",36.03,36.46,0,"Dermo","D2_CviMVP_PlDNA_9_SG_1302_062f683c","CviMVP_10978","Sapelo_Is_GA_2022-7-17",20,"D2_CviMVP_PlDNA_9_SG_1302_062f683c","18_D2_CviMVP_PlDNA_9_SG_1302_062f683c_Dermo",2,0.850000000000001,"Positive",FALSE,0,0
18,"D07","FAM","Unkn-20",24.53,24.41,1e-05,"Dermo","D8_CviMVP_PlDNA_9_SG.sharedLotterhosPuritz_1505_87833e2e","CviMVP_11564","NR_NB_RI_2022-8-19",22,"D8_CviMVP_PlDNA_9_SG.sharedLotterhosPuritz_1505_87833e2e","18_D8_CviMVP_PlDNA_9_SG.sharedLotterhosPuritz_1505_87833e2e_Dermo",1,0.23,"Positive",FALSE,3169.76181818182,2
18,"D08","FAM","Unkn-20",24.3,24.41,1e-05,"Dermo","D8_CviMVP_PlDNA_9_SG.sharedLotterhosPuritz_1505_87833e2e","CviMVP_11564","NR_NB_RI_2022-8-19",22,"D8_CviMVP_PlDNA_9_SG.sharedLotterhosPuritz_1505_87833e2e","18_D8_CviMVP_PlDNA_9_SG.sharedLotterhosPuritz_1505_87833e2e_Dermo",2,0.23,"Positive",FALSE,3169.76181818182,2
18,"D09","FAM","Unkn-28",NA,0,0,"Dermo","F9_CviMVP_PlDNA_9_SG_1067_8d996fb4","CviMVP_10349","OL_MI_SC_2022-5-31",20,"F9_CviMVP_PlDNA_9_SG_1067_8d996fb4","18_F9_CviMVP_PlDNA_9_SG_1067_8d996fb4_Dermo",1,NA,"Inconclusive",TRUE,0,0
18,"D10","FAM","Unkn-28",37.31,37.31,0,"Dermo","F9_CviMVP_PlDNA_9_SG_1067_8d996fb4","CviMVP_10349","OL_MI_SC_2022-5-31",20,"F9_CviMVP_PlDNA_9_SG_1067_8d996fb4","18_F9_CviMVP_PlDNA_9_SG_1067_8d996fb4_Dermo",2,NA,"Inconclusive",TRUE,0,0
18,"D11","FAM","Unkn-35",31.81,31.67,0,"Dermo","C10_CviMVP_PlDNA_9_SG_1396_9210bd0b","CviMVP_11255","Sister_Lk_LA_2022-8-9",22,"C10_CviMVP_PlDNA_9_SG_1396_9210bd0b","18_C10_CviMVP_PlDNA_9_SG_1396_9210bd0b_Dermo",1,0.27,"Positive",FALSE,0,0
18,"D12","FAM","Unkn-35",31.54,31.67,0,"Dermo","C10_CviMVP_PlDNA_9_SG_1396_9210bd0b","CviMVP_11255","Sister_Lk_LA_2022-8-9",22,"C10_CviMVP_PlDNA_9_SG_1396_9210bd0b","18_C10_CviMVP_PlDNA_9_SG_1396_9210bd0b_Dermo",2,0.27,"Positive",FALSE,0,0
18,"E03","FAM","Unkn-05",27.2,27.19,0,"Dermo","E1_CviMVP_PlDNA_9_SG_2057_f18670d4","CviMVP_15188","EC_ApBay_FL_2023-10-4",21,"E1_CviMVP_PlDNA_9_SG_2057_f18670d4","18_E1_CviMVP_PlDNA_9_SG_2057_f18670d4_Dermo",1,0.0299999999999976,"Positive",FALSE,0,0
18,"E04","FAM","Unkn-05",27.17,27.19,0,"Dermo","E1_CviMVP_PlDNA_9_SG_2057_f18670d4","CviMVP_15188","EC_ApBay_FL_2023-10-4",21,"E1_CviMVP_PlDNA_9_SG_2057_f18670d4","18_E1_CviMVP_PlDNA_9_SG_2057_f18670d4_Dermo",2,0.0299999999999976,"Positive",FALSE,0,0
18,"E05","FAM","Unkn-13",NA,0,0,"Dermo","E2_CviMVP_PlDNA_9_SG_1648_95efc17e","CviMVP_11984","SaltBay_Canada_2022-9-27",21,"E2_CviMVP_PlDNA_9_SG_1648_95efc17e","18_E2_CviMVP_PlDNA_9_SG_1648_95efc17e_Dermo",1,NA,"Negative",FALSE,0,0
18,"E06","FAM","Unkn-13",NA,0,0,"Dermo","E2_CviMVP_PlDNA_9_SG_1648_95efc17e","CviMVP_11984","SaltBay_Canada_2022-9-27",21,"E2_CviMVP_PlDNA_9_SG_1648_95efc17e","18_E2_CviMVP_PlDNA_9_SG_1648_95efc17e_Dermo",2,NA,"Negative",FALSE,0,0
18,"E07","FAM","Unkn-21",25.45,25.35,0,"Dermo","F8_CviMVP_PlDNA_9_SG_1982_cdc0db57","CviMVP_12965","FFJ_CF_NC_2023-7-19",20,"F8_CviMVP_PlDNA_9_SG_1982_cdc0db57","18_F8_CviMVP_PlDNA_9_SG_1982_cdc0db57_Dermo",1,0.199999999999999,"Positive",FALSE,0,0
18,"E08","FAM","Unkn-21",25.25,25.35,0,"Dermo","F8_CviMVP_PlDNA_9_SG_1982_cdc0db57","CviMVP_12965","FFJ_CF_NC_2023-7-19",20,"F8_CviMVP_PlDNA_9_SG_1982_cdc0db57","18_F8_CviMVP_PlDNA_9_SG_1982_cdc0db57_Dermo",2,0.199999999999999,"Positive",FALSE,0,0
18,"E09","FAM","Unkn-29",22.47,22.52,2e-05,"Dermo","G9_CviMVP_PlDNA_9_SG_2052_f6325207","CviMVP_15173","EC_ApBay_FL_2023-10-4",22,"G9_CviMVP_PlDNA_9_SG_2052_f6325207","18_G9_CviMVP_PlDNA_9_SG_2052_f6325207_Dermo",1,0.0899999999999999,"Positive",FALSE,6339.52363636364,2
18,"E10","FAM","Unkn-29",22.56,22.52,2e-05,"Dermo","G9_CviMVP_PlDNA_9_SG_2052_f6325207","CviMVP_15173","EC_ApBay_FL_2023-10-4",22,"G9_CviMVP_PlDNA_9_SG_2052_f6325207","18_G9_CviMVP_PlDNA_9_SG_2052_f6325207_Dermo",2,0.0899999999999999,"Positive",FALSE,6339.52363636364,2
18,"E11","FAM","Unkn-36",24.27,24.26,1e-05,"Dermo","D10_CviMVP_PlDNA_9_SG_2079_aa2812ca","CviMVP_130971","FC_LIS_CT_2023-10-11",20,"D10_CviMVP_PlDNA_9_SG_2079_aa2812ca","18_D10_CviMVP_PlDNA_9_SG_2079_aa2812ca_Dermo",1,0.0199999999999996,"Positive",FALSE,3486.738,2
18,"E12","FAM","Unkn-36",24.25,24.26,1e-05,"Dermo","D10_CviMVP_PlDNA_9_SG_2079_aa2812ca","CviMVP_130971","FC_LIS_CT_2023-10-11",20,"D10_CviMVP_PlDNA_9_SG_2079_aa2812ca","18_D10_CviMVP_PlDNA_9_SG_2079_aa2812ca_Dermo",2,0.0199999999999996,"Positive",FALSE,3486.738,2
18,"F03","FAM","Unkn-06",36.23,36.23,0,"Dermo","F1_CviMVP_PlDNA_9_SG.sharedLotterhosPuritz_1757_049f813c","CviMVP_12303","DWS_CB_VA_2022-10-7",22,"F1_CviMVP_PlDNA_9_SG.sharedLotterhosPuritz_1757_049f813c","18_F1_CviMVP_PlDNA_9_SG.sharedLotterhosPuritz_1757_049f813c_Dermo",1,NA,"Inconclusive",TRUE,0,0
18,"F04","FAM","Unkn-06",NA,0,0,"Dermo","F1_CviMVP_PlDNA_9_SG.sharedLotterhosPuritz_1757_049f813c","CviMVP_12303","DWS_CB_VA_2022-10-7",22,"F1_CviMVP_PlDNA_9_SG.sharedLotterhosPuritz_1757_049f813c","18_F1_CviMVP_PlDNA_9_SG.sharedLotterhosPuritz_1757_049f813c_Dermo",2,NA,"Inconclusive",TRUE,0,0
18,"F05","FAM","Unkn-14",NA,0,0,"Dermo","F2_CviMVP_PlDNA_9_SG_1905_1d855527","CviMVP_12736","Orrs_Cove_ME_2022-10-31",20,"F2_CviMVP_PlDNA_9_SG_1905_1d855527","18_F2_CviMVP_PlDNA_9_SG_1905_1d855527_Dermo",1,NA,"Negative",FALSE,0,0
18,"F06","FAM","Unkn-14",NA,0,0,"Dermo","F2_CviMVP_PlDNA_9_SG_1905_1d855527","CviMVP_12736","Orrs_Cove_ME_2022-10-31",20,"F2_CviMVP_PlDNA_9_SG_1905_1d855527","18_F2_CviMVP_PlDNA_9_SG_1905_1d855527_Dermo",2,NA,"Negative",FALSE,0,0
18,"F07","FAM","Unkn-22",29.61,29.56,0,"Dermo","G8_CviMVP_PlDNA_9_SG_1387_2f72692a","CviMVP_11228","Sister_Lk_LA_2022-8-9",20,"G8_CviMVP_PlDNA_9_SG_1387_2f72692a","18_G8_CviMVP_PlDNA_9_SG_1387_2f72692a_Dermo",1,0.0999999999999979,"Positive",FALSE,0,0
18,"F08","FAM","Unkn-22",29.51,29.56,0,"Dermo","G8_CviMVP_PlDNA_9_SG_1387_2f72692a","CviMVP_11228","Sister_Lk_LA_2022-8-9",20,"G8_CviMVP_PlDNA_9_SG_1387_2f72692a","18_G8_CviMVP_PlDNA_9_SG_1387_2f72692a_Dermo",2,0.0999999999999979,"Positive",FALSE,0,0
18,"F09","FAM","Unkn-30",31.87,32.03,0,"Dermo","H9_CviMVP_PlDNA_9_SG_1465_fcaf0737","CviMVP_11445","SR_GB_NH_2022-8-12",21,"H9_CviMVP_PlDNA_9_SG_1465_fcaf0737","18_H9_CviMVP_PlDNA_9_SG_1465_fcaf0737_Dermo",1,0.319999999999997,"Positive",FALSE,0,0
18,"F10","FAM","Unkn-30",32.19,32.03,0,"Dermo","H9_CviMVP_PlDNA_9_SG_1465_fcaf0737","CviMVP_11445","SR_GB_NH_2022-8-12",21,"H9_CviMVP_PlDNA_9_SG_1465_fcaf0737","18_H9_CviMVP_PlDNA_9_SG_1465_fcaf0737_Dermo",2,0.319999999999997,"Positive",FALSE,0,0
18,"F11","FAM","Unkn-37",29.78,29.77,0,"Dermo","E10_CviMVP_PlDNA_9_SG_2060_51453c8e","CviMVP_15197","EC_ApBay_FL_2023-10-4",19,"E10_CviMVP_PlDNA_9_SG_2060_51453c8e","18_E10_CviMVP_PlDNA_9_SG_2060_51453c8e_Dermo",1,0.0100000000000016,"Positive",FALSE,0,0
18,"F12","FAM","Unkn-37",29.77,29.77,0,"Dermo","E10_CviMVP_PlDNA_9_SG_2060_51453c8e","CviMVP_15197","EC_ApBay_FL_2023-10-4",19,"E10_CviMVP_PlDNA_9_SG_2060_51453c8e","18_E10_CviMVP_PlDNA_9_SG_2060_51453c8e_Dermo",2,0.0100000000000016,"Positive",FALSE,0,0
18,"G03","FAM","Unkn-07",27.65,27.52,0,"Dermo","G1_CviMVP_PlDNA_9_SG_1470_6cd46626","CviMVP_11460","SR_GB_NH_2022-8-12",21,"G1_CviMVP_PlDNA_9_SG_1470_6cd46626","18_G1_CviMVP_PlDNA_9_SG_1470_6cd46626_Dermo",1,0.27,"Positive",FALSE,0,0
18,"G04","FAM","Unkn-07",27.38,27.52,0,"Dermo","G1_CviMVP_PlDNA_9_SG_1470_6cd46626","CviMVP_11460","SR_GB_NH_2022-8-12",21,"G1_CviMVP_PlDNA_9_SG_1470_6cd46626","18_G1_CviMVP_PlDNA_9_SG_1470_6cd46626_Dermo",2,0.27,"Positive",FALSE,0,0
18,"G05","FAM","Unkn-15",35.24,35.28,0,"Dermo","G2_CviMVP_PlDNA_9_SG_1073_bd1c4a4b","CviMVP_10366","GalBay_TX_2022-6-2",19,"G2_CviMVP_PlDNA_9_SG_1073_bd1c4a4b","18_G2_CviMVP_PlDNA_9_SG_1073_bd1c4a4b_Dermo",1,0.0899999999999963,"Positive",FALSE,0,0
18,"G06","FAM","Unkn-15",35.33,35.28,0,"Dermo","G2_CviMVP_PlDNA_9_SG_1073_bd1c4a4b","CviMVP_10366","GalBay_TX_2022-6-2",19,"G2_CviMVP_PlDNA_9_SG_1073_bd1c4a4b","18_G2_CviMVP_PlDNA_9_SG_1073_bd1c4a4b_Dermo",2,0.0899999999999963,"Positive",FALSE,0,0
18,"G07","FAM","Unkn-23",29.82,29.7,0,"Dermo","H8_CviMVP_PlDNA_9_SG_1443_8b09f1b1","CviMVP_11382","Cal_Lake_LA_2022-8-11",21,"H8_CviMVP_PlDNA_9_SG_1443_8b09f1b1","18_H8_CviMVP_PlDNA_9_SG_1443_8b09f1b1_Dermo",1,0.240000000000002,"Positive",FALSE,0,0
18,"G08","FAM","Unkn-23",29.58,29.7,0,"Dermo","H8_CviMVP_PlDNA_9_SG_1443_8b09f1b1","CviMVP_11382","Cal_Lake_LA_2022-8-11",21,"H8_CviMVP_PlDNA_9_SG_1443_8b09f1b1","18_H8_CviMVP_PlDNA_9_SG_1443_8b09f1b1_Dermo",2,0.240000000000002,"Positive",FALSE,0,0
18,"G09","FAM","Unkn-31",37.76,38.22,0,"Dermo","G10_CviMVP_PlDNA_9_SG.sharedLotterhosPuritz_3037_a3dbbbac","CviMVP_30108","HC_DB_NJ_2022-9-23",19,"G10_CviMVP_PlDNA_9_SG.sharedLotterhosPuritz_3037_a3dbbbac","18_G10_CviMVP_PlDNA_9_SG.sharedLotterhosPuritz_3037_a3dbbbac_Dermo",1,0.910000000000004,"Positive",FALSE,0,0
18,"G10","FAM","Unkn-31",38.67,38.22,0,"Dermo","G10_CviMVP_PlDNA_9_SG.sharedLotterhosPuritz_3037_a3dbbbac","CviMVP_30108","HC_DB_NJ_2022-9-23",19,"G10_CviMVP_PlDNA_9_SG.sharedLotterhosPuritz_3037_a3dbbbac","18_G10_CviMVP_PlDNA_9_SG.sharedLotterhosPuritz_3037_a3dbbbac_Dermo",2,0.910000000000004,"Positive",FALSE,0,0
18,"H01","FAM","Unkn",26.24,26.24,0,"Dermo","G9_CviMVP_PlDNA_10_SG_1464_b7526ee9","CviMVP_11442","SR_GB_NH_2022-8-12",20,"G9_CviMVP_PlDNA_10_SG_1464_b7526ee9","18_G9_CviMVP_PlDNA_10_SG_1464_b7526ee9_Dermo",1,0.539999999999999,"Positive",FALSE,0,0
18,"H02","FAM","Unkn",25.7,25.7,0,"Dermo","G9_CviMVP_PlDNA_10_SG_1464_b7526ee9","CviMVP_11442","SR_GB_NH_2022-8-12",20,"G9_CviMVP_PlDNA_10_SG_1464_b7526ee9","18_G9_CviMVP_PlDNA_10_SG_1464_b7526ee9_Dermo",2,0.539999999999999,"Positive",FALSE,0,0
18,"H03","FAM","Unkn-08",NA,0,0,"Dermo","H1_CviMVP_PlDNA_9_SG_1820_b614e69e","CviMVP_12491","PrEdIs_CN_A_2022-10-18",22,"H1_CviMVP_PlDNA_9_SG_1820_b614e69e","18_H1_CviMVP_PlDNA_9_SG_1820_b614e69e_Dermo",1,NA,"Inconclusive",TRUE,0,0
18,"H04","FAM","Unkn-08",38.52,38.52,0,"Dermo","H1_CviMVP_PlDNA_9_SG_1820_b614e69e","CviMVP_12491","PrEdIs_CN_A_2022-10-18",22,"H1_CviMVP_PlDNA_9_SG_1820_b614e69e","18_H1_CviMVP_PlDNA_9_SG_1820_b614e69e_Dermo",2,NA,"Inconclusive",TRUE,0,0
18,"H05","FAM","Unkn-16",27.96,27.83,0,"Dermo","H2_CviMVP_PlDNA_9_SG_1986_c1f242a3","CviMVP_12977","FFJ_CF_NC_2023-7-19",21,"H2_CviMVP_PlDNA_9_SG_1986_c1f242a3","18_H2_CviMVP_PlDNA_9_SG_1986_c1f242a3_Dermo",1,0.260000000000002,"Positive",FALSE,0,0
18,"H06","FAM","Unkn-16",27.7,27.83,0,"Dermo","H2_CviMVP_PlDNA_9_SG_1986_c1f242a3","CviMVP_12977","FFJ_CF_NC_2023-7-19",21,"H2_CviMVP_PlDNA_9_SG_1986_c1f242a3","18_H2_CviMVP_PlDNA_9_SG_1986_c1f242a3_Dermo",2,0.260000000000002,"Positive",FALSE,0,0
18,"H07","FAM","Unkn-24",38.18,37.33,0,"Dermo","F10_CviMVP_PlDNA_9_SG.sharedLotterhosPuritz_3027_c7057db0","CviMVP_30081","CS_DB_NJ_2022-9-21",21,"F10_CviMVP_PlDNA_9_SG.sharedLotterhosPuritz_3027_c7057db0","18_F10_CviMVP_PlDNA_9_SG.sharedLotterhosPuritz_3027_c7057db0_Dermo",1,1.69,"Positive",FALSE,0,0
18,"H08","FAM","Unkn-24",36.49,37.33,0,"Dermo","F10_CviMVP_PlDNA_9_SG.sharedLotterhosPuritz_3027_c7057db0","CviMVP_30081","CS_DB_NJ_2022-9-21",21,"F10_CviMVP_PlDNA_9_SG.sharedLotterhosPuritz_3027_c7057db0","18_F10_CviMVP_PlDNA_9_SG.sharedLotterhosPuritz_3027_c7057db0_Dermo",2,1.69,"Positive",FALSE,0,0
18,"H09","FAM","Unkn-32",22.52,22.52,2e-05,"Dermo","H10_CviMVP_PlDNA_9_SG_2093_b7ab79f2","CviMVP_131391","FC_LIS_CT_2023-10-11",22,"H10_CviMVP_PlDNA_9_SG_2093_b7ab79f2","18_H10_CviMVP_PlDNA_9_SG_2093_b7ab79f2_Dermo",1,0,"Positive",FALSE,6339.52363636364,2
18,"H10","FAM","Unkn-32",22.52,22.52,2e-05,"Dermo","H10_CviMVP_PlDNA_9_SG_2093_b7ab79f2","CviMVP_131391","FC_LIS_CT_2023-10-11",22,"H10_CviMVP_PlDNA_9_SG_2093_b7ab79f2","18_H10_CviMVP_PlDNA_9_SG_2093_b7ab79f2_Dermo",2,0,"Positive",FALSE,6339.52363636364,2
18,"A03","HEX","Unkn-01",36.03,36.34,0,"MSX","A1_CviMVP_PlDNA_9_SG_1781_7f410d51","CviMVP_12375","NPS_PS_NC_2022-10-12",20,"A1_CviMVP_PlDNA_9_SG_1781_7f410d51","18_A1_CviMVP_PlDNA_9_SG_1781_7f410d51_MSX",1,0.619999999999997,"Positive",FALSE,0,0
18,"A04","HEX","Unkn-01",36.65,36.34,0,"MSX","A1_CviMVP_PlDNA_9_SG_1781_7f410d51","CviMVP_12375","NPS_PS_NC_2022-10-12",20,"A1_CviMVP_PlDNA_9_SG_1781_7f410d51","18_A1_CviMVP_PlDNA_9_SG_1781_7f410d51_MSX",2,0.619999999999997,"Positive",FALSE,0,0
18,"A05","HEX","Unkn-09",38.97,38.97,0,"MSX","A2_CviMVP_PlDNA_9_SG_1360_c5b3f2ee","CviMVP_11148","Nickle_Rf_LA_2022-8-1",19,"A2_CviMVP_PlDNA_9_SG_1360_c5b3f2ee","18_A2_CviMVP_PlDNA_9_SG_1360_c5b3f2ee_MSX",1,NA,"Inconclusive",TRUE,0,0
18,"A06","HEX","Unkn-09",NA,0,0,"MSX","A2_CviMVP_PlDNA_9_SG_1360_c5b3f2ee","CviMVP_11148","Nickle_Rf_LA_2022-8-1",19,"A2_CviMVP_PlDNA_9_SG_1360_c5b3f2ee","18_A2_CviMVP_PlDNA_9_SG_1360_c5b3f2ee_MSX",2,NA,"Inconclusive",TRUE,0,0
18,"A07","HEX","Unkn-17",38.92,38.97,0,"MSX","A8_CviMVP_PlDNA_9_SG_1178_c91e54a1","CviMVP_10623","Culch_Ba_LA_2022-6-21",18,"A8_CviMVP_PlDNA_9_SG_1178_c91e54a1","18_A8_CviMVP_PlDNA_9_SG_1178_c91e54a1_MSX",1,0.0899999999999963,"Positive",FALSE,0,0
18,"A08","HEX","Unkn-17",39.01,38.97,0,"MSX","A8_CviMVP_PlDNA_9_SG_1178_c91e54a1","CviMVP_10623","Culch_Ba_LA_2022-6-21",18,"A8_CviMVP_PlDNA_9_SG_1178_c91e54a1","18_A8_CviMVP_PlDNA_9_SG_1178_c91e54a1_MSX",2,0.0899999999999963,"Positive",FALSE,0,0
18,"A09","HEX","Unkn-25",NA,0,0,"MSX","A9_CviMVP_PlDNA_9_SG_2033_2d4e3341","CviMVP_15116","IL_ApBay_FL_2023-10-3",21,"A9_CviMVP_PlDNA_9_SG_2033_2d4e3341","18_A9_CviMVP_PlDNA_9_SG_2033_2d4e3341_MSX",1,NA,"Negative",FALSE,0,0
18,"A10","HEX","Unkn-25",NA,0,0,"MSX","A9_CviMVP_PlDNA_9_SG_2033_2d4e3341","CviMVP_15116","IL_ApBay_FL_2023-10-3",21,"A9_CviMVP_PlDNA_9_SG_2033_2d4e3341","18_A9_CviMVP_PlDNA_9_SG_2033_2d4e3341_MSX",2,NA,"Negative",FALSE,0,0
18,"B03","HEX","Unkn-02",NA,0,0,"MSX","B1_CviMVP_PlDNA_9_SG_2064_0d827eb8","CviMVP_130521","IL_ApBay_FL_2023-10-3",20,"B1_CviMVP_PlDNA_9_SG_2064_0d827eb8","18_B1_CviMVP_PlDNA_9_SG_2064_0d827eb8_MSX",1,NA,"Negative",FALSE,0,0
18,"B04","HEX","Unkn-02",NA,0,0,"MSX","B1_CviMVP_PlDNA_9_SG_2064_0d827eb8","CviMVP_130521","IL_ApBay_FL_2023-10-3",20,"B1_CviMVP_PlDNA_9_SG_2064_0d827eb8","18_B1_CviMVP_PlDNA_9_SG_2064_0d827eb8_MSX",2,NA,"Negative",FALSE,0,0
18,"B05","HEX","Unkn-10",NA,0,0,"MSX","B2_CviMVP_PlDNA_9_SG_1113_ca8c8025","CviMVP_10471","CB_TX_2022-6-9",22,"B2_CviMVP_PlDNA_9_SG_1113_ca8c8025","18_B2_CviMVP_PlDNA_9_SG_1113_ca8c8025_MSX",1,NA,"Inconclusive",TRUE,0,0
18,"B06","HEX","Unkn-10",37.85,37.85,0,"MSX","B2_CviMVP_PlDNA_9_SG_1113_ca8c8025","CviMVP_10471","CB_TX_2022-6-9",22,"B2_CviMVP_PlDNA_9_SG_1113_ca8c8025","18_B2_CviMVP_PlDNA_9_SG_1113_ca8c8025_MSX",2,NA,"Inconclusive",TRUE,0,0
18,"B07","HEX","Unkn-18",NA,0,0,"MSX","B8_CviMVP_PlDNA_9_SG_2092_9107cc79","CviMVP_131361","FC_LIS_CT_2023-10-11",18,"B8_CviMVP_PlDNA_9_SG_2092_9107cc79","18_B8_CviMVP_PlDNA_9_SG_2092_9107cc79_MSX",1,NA,"Negative",FALSE,0,0
18,"B08","HEX","Unkn-18",NA,0,0,"MSX","B8_CviMVP_PlDNA_9_SG_2092_9107cc79","CviMVP_131361","FC_LIS_CT_2023-10-11",18,"B8_CviMVP_PlDNA_9_SG_2092_9107cc79","18_B8_CviMVP_PlDNA_9_SG_2092_9107cc79_MSX",2,NA,"Negative",FALSE,0,0
18,"B09","HEX","Unkn-26",NA,0,0,"MSX","B9_CviMVP_PlDNA_9_SG_2087_fcc7e794","CviMVP_131211","FC_LIS_CT_2023-10-11",20,"B9_CviMVP_PlDNA_9_SG_2087_fcc7e794","18_B9_CviMVP_PlDNA_9_SG_2087_fcc7e794_MSX",1,NA,"Negative",FALSE,0,0
18,"B10","HEX","Unkn-26",NA,0,0,"MSX","B9_CviMVP_PlDNA_9_SG_2087_fcc7e794","CviMVP_131211","FC_LIS_CT_2023-10-11",20,"B9_CviMVP_PlDNA_9_SG_2087_fcc7e794","18_B9_CviMVP_PlDNA_9_SG_2087_fcc7e794_MSX",2,NA,"Negative",FALSE,0,0
18,"B11","HEX","Unkn-33",NA,0,0,"MSX","A10_CviMVP_PlDNA_9_SG_1368_c77fd73e","CviMVP_11172","Nickle_Rf_LA_2022-8-1",18,"A10_CviMVP_PlDNA_9_SG_1368_c77fd73e","18_A10_CviMVP_PlDNA_9_SG_1368_c77fd73e_MSX",1,NA,"Negative",FALSE,0,0
18,"B12","HEX","Unkn-33",NA,0,0,"MSX","A10_CviMVP_PlDNA_9_SG_1368_c77fd73e","CviMVP_11172","Nickle_Rf_LA_2022-8-1",18,"A10_CviMVP_PlDNA_9_SG_1368_c77fd73e","18_A10_CviMVP_PlDNA_9_SG_1368_c77fd73e_MSX",2,NA,"Negative",FALSE,0,0
18,"C03","HEX","Unkn-03",NA,0,0,"MSX","C1_CviMVP_PlDNA_9_SG_2101_3afce4c2","CviMVP_131641","FC_LIS_CT_2023-10-11",20,"C1_CviMVP_PlDNA_9_SG_2101_3afce4c2","18_C1_CviMVP_PlDNA_9_SG_2101_3afce4c2_MSX",1,NA,"Negative",FALSE,0,0
18,"C04","HEX","Unkn-03",NA,0,0,"MSX","C1_CviMVP_PlDNA_9_SG_2101_3afce4c2","CviMVP_131641","FC_LIS_CT_2023-10-11",20,"C1_CviMVP_PlDNA_9_SG_2101_3afce4c2","18_C1_CviMVP_PlDNA_9_SG_2101_3afce4c2_MSX",2,NA,"Negative",FALSE,0,0
18,"C05","HEX","Unkn-11",38.52,38.38,0,"MSX","C2_CviMVP_PlDNA_9_SG_1025_43336380","CviMVP_10057","LakeFortuna_LA_2022-5-11",20,"C2_CviMVP_PlDNA_9_SG_1025_43336380","18_C2_CviMVP_PlDNA_9_SG_1025_43336380_MSX",1,0.280000000000001,"Positive",FALSE,0,0
18,"C06","HEX","Unkn-11",38.24,38.38,0,"MSX","C2_CviMVP_PlDNA_9_SG_1025_43336380","CviMVP_10057","LakeFortuna_LA_2022-5-11",20,"C2_CviMVP_PlDNA_9_SG_1025_43336380","18_C2_CviMVP_PlDNA_9_SG_1025_43336380_MSX",2,0.280000000000001,"Positive",FALSE,0,0
18,"C07","HEX","Unkn-19",NA,0,0,"MSX","C8_CviMVP_PlDNA_9_SG_2090_050351ba","CviMVP_131301","FC_LIS_CT_2023-10-11",21,"C8_CviMVP_PlDNA_9_SG_2090_050351ba","18_C8_CviMVP_PlDNA_9_SG_2090_050351ba_MSX",1,NA,"Negative",FALSE,0,0
18,"C08","HEX","Unkn-19",NA,0,0,"MSX","C8_CviMVP_PlDNA_9_SG_2090_050351ba","CviMVP_131301","FC_LIS_CT_2023-10-11",21,"C8_CviMVP_PlDNA_9_SG_2090_050351ba","18_C8_CviMVP_PlDNA_9_SG_2090_050351ba_MSX",2,NA,"Negative",FALSE,0,0
18,"C09","HEX","Unkn-27",NA,0,0,"MSX","D9_CviMVP_PlDNA_9_SG_1785_fa2d628c","CviMVP_12387","NPS_PS_NC_2022-10-12",19,"D9_CviMVP_PlDNA_9_SG_1785_fa2d628c","18_D9_CviMVP_PlDNA_9_SG_1785_fa2d628c_MSX",1,NA,"Negative",FALSE,0,0
18,"C10","HEX","Unkn-27",NA,0,0,"MSX","D9_CviMVP_PlDNA_9_SG_1785_fa2d628c","CviMVP_12387","NPS_PS_NC_2022-10-12",19,"D9_CviMVP_PlDNA_9_SG_1785_fa2d628c","18_D9_CviMVP_PlDNA_9_SG_1785_fa2d628c_MSX",2,NA,"Negative",FALSE,0,0
18,"C11","HEX","Unkn-34",NA,0,0,"MSX","B10_CviMVP_PlDNA_9_SG_1072_ecf788f5","CviMVP_10363","GalBay_TX_2022-6-2",18,"B10_CviMVP_PlDNA_9_SG_1072_ecf788f5","18_B10_CviMVP_PlDNA_9_SG_1072_ecf788f5_MSX",1,NA,"Negative",FALSE,0,0
18,"C12","HEX","Unkn-34",NA,0,0,"MSX","B10_CviMVP_PlDNA_9_SG_1072_ecf788f5","CviMVP_10363","GalBay_TX_2022-6-2",18,"B10_CviMVP_PlDNA_9_SG_1072_ecf788f5","18_B10_CviMVP_PlDNA_9_SG_1072_ecf788f5_MSX",2,NA,"Negative",FALSE,0,0
18,"D03","HEX","Unkn-04",NA,0,0,"MSX","D1_CviMVP_PlDNA_9_SG_2040_dc33a58e","CviMVP_15137","EC_ApBay_FL_2023-10-4",22,"D1_CviMVP_PlDNA_9_SG_2040_dc33a58e","18_D1_CviMVP_PlDNA_9_SG_2040_dc33a58e_MSX",1,NA,"Negative",FALSE,0,0
18,"D04","HEX","Unkn-04",NA,0,0,"MSX","D1_CviMVP_PlDNA_9_SG_2040_dc33a58e","CviMVP_15137","EC_ApBay_FL_2023-10-4",22,"D1_CviMVP_PlDNA_9_SG_2040_dc33a58e","18_D1_CviMVP_PlDNA_9_SG_2040_dc33a58e_MSX",2,NA,"Negative",FALSE,0,0
18,"D05","HEX","Unkn-12",31.96,32.02,0,"MSX","D2_CviMVP_PlDNA_9_SG_1302_062f683c","CviMVP_10978","Sapelo_Is_GA_2022-7-17",20,"D2_CviMVP_PlDNA_9_SG_1302_062f683c","18_D2_CviMVP_PlDNA_9_SG_1302_062f683c_MSX",1,0.119999999999997,"Positive",FALSE,0,0
18,"D06","HEX","Unkn-12",32.08,32.02,0,"MSX","D2_CviMVP_PlDNA_9_SG_1302_062f683c","CviMVP_10978","Sapelo_Is_GA_2022-7-17",20,"D2_CviMVP_PlDNA_9_SG_1302_062f683c","18_D2_CviMVP_PlDNA_9_SG_1302_062f683c_MSX",2,0.119999999999997,"Positive",FALSE,0,0
18,"D07","HEX","Unkn-20",NA,0,0,"MSX","D8_CviMVP_PlDNA_9_SG.sharedLotterhosPuritz_1505_87833e2e","CviMVP_11564","NR_NB_RI_2022-8-19",22,"D8_CviMVP_PlDNA_9_SG.sharedLotterhosPuritz_1505_87833e2e","18_D8_CviMVP_PlDNA_9_SG.sharedLotterhosPuritz_1505_87833e2e_MSX",1,NA,"Negative",FALSE,0,0
18,"D08","HEX","Unkn-20",NA,0,0,"MSX","D8_CviMVP_PlDNA_9_SG.sharedLotterhosPuritz_1505_87833e2e","CviMVP_11564","NR_NB_RI_2022-8-19",22,"D8_CviMVP_PlDNA_9_SG.sharedLotterhosPuritz_1505_87833e2e","18_D8_CviMVP_PlDNA_9_SG.sharedLotterhosPuritz_1505_87833e2e_MSX",2,NA,"Negative",FALSE,0,0
18,"D09","HEX","Unkn-28",NA,0,0,"MSX","F9_CviMVP_PlDNA_9_SG_1067_8d996fb4","CviMVP_10349","OL_MI_SC_2022-5-31",20,"F9_CviMVP_PlDNA_9_SG_1067_8d996fb4","18_F9_CviMVP_PlDNA_9_SG_1067_8d996fb4_MSX",1,NA,"Negative",FALSE,0,0
18,"D10","HEX","Unkn-28",NA,0,0,"MSX","F9_CviMVP_PlDNA_9_SG_1067_8d996fb4","CviMVP_10349","OL_MI_SC_2022-5-31",20,"F9_CviMVP_PlDNA_9_SG_1067_8d996fb4","18_F9_CviMVP_PlDNA_9_SG_1067_8d996fb4_MSX",2,NA,"Negative",FALSE,0,0
18,"D11","HEX","Unkn-35",37.32,37.18,0,"MSX","C10_CviMVP_PlDNA_9_SG_1396_9210bd0b","CviMVP_11255","Sister_Lk_LA_2022-8-9",22,"C10_CviMVP_PlDNA_9_SG_1396_9210bd0b","18_C10_CviMVP_PlDNA_9_SG_1396_9210bd0b_MSX",1,0.289999999999999,"Positive",FALSE,0,0
18,"D12","HEX","Unkn-35",37.03,37.18,0,"MSX","C10_CviMVP_PlDNA_9_SG_1396_9210bd0b","CviMVP_11255","Sister_Lk_LA_2022-8-9",22,"C10_CviMVP_PlDNA_9_SG_1396_9210bd0b","18_C10_CviMVP_PlDNA_9_SG_1396_9210bd0b_MSX",2,0.289999999999999,"Positive",FALSE,0,0
18,"E03","HEX","Unkn-05",NA,0,0,"MSX","E1_CviMVP_PlDNA_9_SG_2057_f18670d4","CviMVP_15188","EC_ApBay_FL_2023-10-4",21,"E1_CviMVP_PlDNA_9_SG_2057_f18670d4","18_E1_CviMVP_PlDNA_9_SG_2057_f18670d4_MSX",1,NA,"Negative",FALSE,0,0
18,"E04","HEX","Unkn-05",NA,0,0,"MSX","E1_CviMVP_PlDNA_9_SG_2057_f18670d4","CviMVP_15188","EC_ApBay_FL_2023-10-4",21,"E1_CviMVP_PlDNA_9_SG_2057_f18670d4","18_E1_CviMVP_PlDNA_9_SG_2057_f18670d4_MSX",2,NA,"Negative",FALSE,0,0
18,"E05","HEX","Unkn-13",37.06,36.74,0,"MSX","E2_CviMVP_PlDNA_9_SG_1648_95efc17e","CviMVP_11984","SaltBay_Canada_2022-9-27",21,"E2_CviMVP_PlDNA_9_SG_1648_95efc17e","18_E2_CviMVP_PlDNA_9_SG_1648_95efc17e_MSX",1,0.640000000000001,"Positive",FALSE,0,0
18,"E06","HEX","Unkn-13",36.42,36.74,0,"MSX","E2_CviMVP_PlDNA_9_SG_1648_95efc17e","CviMVP_11984","SaltBay_Canada_2022-9-27",21,"E2_CviMVP_PlDNA_9_SG_1648_95efc17e","18_E2_CviMVP_PlDNA_9_SG_1648_95efc17e_MSX",2,0.640000000000001,"Positive",FALSE,0,0
18,"E07","HEX","Unkn-21",24.6,24.52,2e-05,"MSX","F8_CviMVP_PlDNA_9_SG_1982_cdc0db57","CviMVP_12965","FFJ_CF_NC_2023-7-19",20,"F8_CviMVP_PlDNA_9_SG_1982_cdc0db57","18_F8_CviMVP_PlDNA_9_SG_1982_cdc0db57_MSX",1,0.170000000000002,"Positive",FALSE,7810.534,2
18,"E08","HEX","Unkn-21",24.43,24.52,2e-05,"MSX","F8_CviMVP_PlDNA_9_SG_1982_cdc0db57","CviMVP_12965","FFJ_CF_NC_2023-7-19",20,"F8_CviMVP_PlDNA_9_SG_1982_cdc0db57","18_F8_CviMVP_PlDNA_9_SG_1982_cdc0db57_MSX",2,0.170000000000002,"Positive",FALSE,7810.534,2
18,"E09","HEX","Unkn-29",39.49,39.49,0,"MSX","G9_CviMVP_PlDNA_9_SG_2052_f6325207","CviMVP_15173","EC_ApBay_FL_2023-10-4",22,"G9_CviMVP_PlDNA_9_SG_2052_f6325207","18_G9_CviMVP_PlDNA_9_SG_2052_f6325207_MSX",1,NA,"Inconclusive",TRUE,0,0
18,"E10","HEX","Unkn-29",NA,0,0,"MSX","G9_CviMVP_PlDNA_9_SG_2052_f6325207","CviMVP_15173","EC_ApBay_FL_2023-10-4",22,"G9_CviMVP_PlDNA_9_SG_2052_f6325207","18_G9_CviMVP_PlDNA_9_SG_2052_f6325207_MSX",2,NA,"Inconclusive",TRUE,0,0
18,"E11","HEX","Unkn-36",NA,0,0,"MSX","D10_CviMVP_PlDNA_9_SG_2079_aa2812ca","CviMVP_130971","FC_LIS_CT_2023-10-11",20,"D10_CviMVP_PlDNA_9_SG_2079_aa2812ca","18_D10_CviMVP_PlDNA_9_SG_2079_aa2812ca_MSX",1,NA,"Negative",FALSE,0,0
18,"E12","HEX","Unkn-36",NA,0,0,"MSX","D10_CviMVP_PlDNA_9_SG_2079_aa2812ca","CviMVP_130971","FC_LIS_CT_2023-10-11",20,"D10_CviMVP_PlDNA_9_SG_2079_aa2812ca","18_D10_CviMVP_PlDNA_9_SG_2079_aa2812ca_MSX",2,NA,"Negative",FALSE,0,0
18,"F03","HEX","Unkn-06",33.77,33.67,0,"MSX","F1_CviMVP_PlDNA_9_SG.sharedLotterhosPuritz_1757_049f813c","CviMVP_12303","DWS_CB_VA_2022-10-7",22,"F1_CviMVP_PlDNA_9_SG.sharedLotterhosPuritz_1757_049f813c","18_F1_CviMVP_PlDNA_9_SG.sharedLotterhosPuritz_1757_049f813c_MSX",1,0.190000000000005,"Positive",FALSE,0,0
18,"F04","HEX","Unkn-06",33.58,33.67,0,"MSX","F1_CviMVP_PlDNA_9_SG.sharedLotterhosPuritz_1757_049f813c","CviMVP_12303","DWS_CB_VA_2022-10-7",22,"F1_CviMVP_PlDNA_9_SG.sharedLotterhosPuritz_1757_049f813c","18_F1_CviMVP_PlDNA_9_SG.sharedLotterhosPuritz_1757_049f813c_MSX",2,0.190000000000005,"Positive",FALSE,0,0
18,"F05","HEX","Unkn-14",NA,0,0,"MSX","F2_CviMVP_PlDNA_9_SG_1905_1d855527","CviMVP_12736","Orrs_Cove_ME_2022-10-31",20,"F2_CviMVP_PlDNA_9_SG_1905_1d855527","18_F2_CviMVP_PlDNA_9_SG_1905_1d855527_MSX",1,NA,"Negative",FALSE,0,0
18,"F06","HEX","Unkn-14",NA,0,0,"MSX","F2_CviMVP_PlDNA_9_SG_1905_1d855527","CviMVP_12736","Orrs_Cove_ME_2022-10-31",20,"F2_CviMVP_PlDNA_9_SG_1905_1d855527","18_F2_CviMVP_PlDNA_9_SG_1905_1d855527_MSX",2,NA,"Negative",FALSE,0,0
18,"F07","HEX","Unkn-22",37.36,37.24,0,"MSX","G8_CviMVP_PlDNA_9_SG_1387_2f72692a","CviMVP_11228","Sister_Lk_LA_2022-8-9",20,"G8_CviMVP_PlDNA_9_SG_1387_2f72692a","18_G8_CviMVP_PlDNA_9_SG_1387_2f72692a_MSX",1,0.25,"Positive",FALSE,0,0
18,"F08","HEX","Unkn-22",37.11,37.24,0,"MSX","G8_CviMVP_PlDNA_9_SG_1387_2f72692a","CviMVP_11228","Sister_Lk_LA_2022-8-9",20,"G8_CviMVP_PlDNA_9_SG_1387_2f72692a","18_G8_CviMVP_PlDNA_9_SG_1387_2f72692a_MSX",2,0.25,"Positive",FALSE,0,0
18,"F09","HEX","Unkn-30",NA,0,0,"MSX","H9_CviMVP_PlDNA_9_SG_1465_fcaf0737","CviMVP_11445","SR_GB_NH_2022-8-12",21,"H9_CviMVP_PlDNA_9_SG_1465_fcaf0737","18_H9_CviMVP_PlDNA_9_SG_1465_fcaf0737_MSX",1,NA,"Negative",FALSE,0,0
18,"F10","HEX","Unkn-30",NA,0,0,"MSX","H9_CviMVP_PlDNA_9_SG_1465_fcaf0737","CviMVP_11445","SR_GB_NH_2022-8-12",21,"H9_CviMVP_PlDNA_9_SG_1465_fcaf0737","18_H9_CviMVP_PlDNA_9_SG_1465_fcaf0737_MSX",2,NA,"Negative",FALSE,0,0
18,"F11","HEX","Unkn-37",NA,0,0,"MSX","E10_CviMVP_PlDNA_9_SG_2060_51453c8e","CviMVP_15197","EC_ApBay_FL_2023-10-4",19,"E10_CviMVP_PlDNA_9_SG_2060_51453c8e","18_E10_CviMVP_PlDNA_9_SG_2060_51453c8e_MSX",1,NA,"Negative",FALSE,0,0
18,"F12","HEX","Unkn-37",NA,0,0,"MSX","E10_CviMVP_PlDNA_9_SG_2060_51453c8e","CviMVP_15197","EC_ApBay_FL_2023-10-4",19,"E10_CviMVP_PlDNA_9_SG_2060_51453c8e","18_E10_CviMVP_PlDNA_9_SG_2060_51453c8e_MSX",2,NA,"Negative",FALSE,0,0
18,"G03","HEX","Unkn-07",20.09,20.03,0.00022,"MSX","G1_CviMVP_PlDNA_9_SG_1470_6cd46626","CviMVP_11460","SR_GB_NH_2022-8-12",21,"G1_CviMVP_PlDNA_9_SG_1470_6cd46626","18_G1_CviMVP_PlDNA_9_SG_1470_6cd46626_MSX",1,0.109999999999999,"Positive",FALSE,81824.6419047619,3
18,"G04","HEX","Unkn-07",19.98,20.03,0.00022,"MSX","G1_CviMVP_PlDNA_9_SG_1470_6cd46626","CviMVP_11460","SR_GB_NH_2022-8-12",21,"G1_CviMVP_PlDNA_9_SG_1470_6cd46626","18_G1_CviMVP_PlDNA_9_SG_1470_6cd46626_MSX",2,0.109999999999999,"Positive",FALSE,81824.6419047619,3
18,"G05","HEX","Unkn-15",36.91,36.76,0,"MSX","G2_CviMVP_PlDNA_9_SG_1073_bd1c4a4b","CviMVP_10366","GalBay_TX_2022-6-2",19,"G2_CviMVP_PlDNA_9_SG_1073_bd1c4a4b","18_G2_CviMVP_PlDNA_9_SG_1073_bd1c4a4b_MSX",1,0.299999999999997,"Positive",FALSE,0,0
18,"G06","HEX","Unkn-15",36.61,36.76,0,"MSX","G2_CviMVP_PlDNA_9_SG_1073_bd1c4a4b","CviMVP_10366","GalBay_TX_2022-6-2",19,"G2_CviMVP_PlDNA_9_SG_1073_bd1c4a4b","18_G2_CviMVP_PlDNA_9_SG_1073_bd1c4a4b_MSX",2,0.299999999999997,"Positive",FALSE,0,0
18,"G07","HEX","Unkn-23",NA,0,0,"MSX","H8_CviMVP_PlDNA_9_SG_1443_8b09f1b1","CviMVP_11382","Cal_Lake_LA_2022-8-11",21,"H8_CviMVP_PlDNA_9_SG_1443_8b09f1b1","18_H8_CviMVP_PlDNA_9_SG_1443_8b09f1b1_MSX",1,NA,"Inconclusive",TRUE,0,0
18,"G08","HEX","Unkn-23",39.85,39.85,0,"MSX","H8_CviMVP_PlDNA_9_SG_1443_8b09f1b1","CviMVP_11382","Cal_Lake_LA_2022-8-11",21,"H8_CviMVP_PlDNA_9_SG_1443_8b09f1b1","18_H8_CviMVP_PlDNA_9_SG_1443_8b09f1b1_MSX",2,NA,"Inconclusive",TRUE,0,0
18,"G09","HEX","Unkn-31",NA,0,0,"MSX","G10_CviMVP_PlDNA_9_SG.sharedLotterhosPuritz_3037_a3dbbbac","CviMVP_30108","HC_DB_NJ_2022-9-23",19,"G10_CviMVP_PlDNA_9_SG.sharedLotterhosPuritz_3037_a3dbbbac","18_G10_CviMVP_PlDNA_9_SG.sharedLotterhosPuritz_3037_a3dbbbac_MSX",1,NA,"Negative",FALSE,0,0
18,"G10","HEX","Unkn-31",NA,0,0,"MSX","G10_CviMVP_PlDNA_9_SG.sharedLotterhosPuritz_3037_a3dbbbac","CviMVP_30108","HC_DB_NJ_2022-9-23",19,"G10_CviMVP_PlDNA_9_SG.sharedLotterhosPuritz_3037_a3dbbbac","18_G10_CviMVP_PlDNA_9_SG.sharedLotterhosPuritz_3037_a3dbbbac_MSX",2,NA,"Negative",FALSE,0,0
18,"H01","HEX","Unkn",NA,0,0,"MSX","G9_CviMVP_PlDNA_10_SG_1464_b7526ee9","CviMVP_11442","SR_GB_NH_2022-8-12",20,"G9_CviMVP_PlDNA_10_SG_1464_b7526ee9","18_G9_CviMVP_PlDNA_10_SG_1464_b7526ee9_MSX",1,NA,"Negative",FALSE,0,0
18,"H02","HEX","Unkn",NA,0,0,"MSX","G9_CviMVP_PlDNA_10_SG_1464_b7526ee9","CviMVP_11442","SR_GB_NH_2022-8-12",20,"G9_CviMVP_PlDNA_10_SG_1464_b7526ee9","18_G9_CviMVP_PlDNA_10_SG_1464_b7526ee9_MSX",2,NA,"Negative",FALSE,0,0
18,"H03","HEX","Unkn-08",35.62,35.72,0,"MSX","H1_CviMVP_PlDNA_9_SG_1820_b614e69e","CviMVP_12491","PrEdIs_CN_A_2022-10-18",22,"H1_CviMVP_PlDNA_9_SG_1820_b614e69e","18_H1_CviMVP_PlDNA_9_SG_1820_b614e69e_MSX",1,0.190000000000005,"Positive",FALSE,0,0
18,"H04","HEX","Unkn-08",35.81,35.72,0,"MSX","H1_CviMVP_PlDNA_9_SG_1820_b614e69e","CviMVP_12491","PrEdIs_CN_A_2022-10-18",22,"H1_CviMVP_PlDNA_9_SG_1820_b614e69e","18_H1_CviMVP_PlDNA_9_SG_1820_b614e69e_MSX",2,0.190000000000005,"Positive",FALSE,0,0
18,"H05","HEX","Unkn-16",34.11,34.11,0,"MSX","H2_CviMVP_PlDNA_9_SG_1986_c1f242a3","CviMVP_12977","FFJ_CF_NC_2023-7-19",21,"H2_CviMVP_PlDNA_9_SG_1986_c1f242a3","18_H2_CviMVP_PlDNA_9_SG_1986_c1f242a3_MSX",1,0,"Positive",FALSE,0,0
18,"H06","HEX","Unkn-16",34.11,34.11,0,"MSX","H2_CviMVP_PlDNA_9_SG_1986_c1f242a3","CviMVP_12977","FFJ_CF_NC_2023-7-19",21,"H2_CviMVP_PlDNA_9_SG_1986_c1f242a3","18_H2_CviMVP_PlDNA_9_SG_1986_c1f242a3_MSX",2,0,"Positive",FALSE,0,0
18,"H07","HEX","Unkn-24",39.36,39.36,0,"MSX","F10_CviMVP_PlDNA_9_SG.sharedLotterhosPuritz_3027_c7057db0","CviMVP_30081","CS_DB_NJ_2022-9-21",21,"F10_CviMVP_PlDNA_9_SG.sharedLotterhosPuritz_3027_c7057db0","18_F10_CviMVP_PlDNA_9_SG.sharedLotterhosPuritz_3027_c7057db0_MSX",1,NA,"Inconclusive",TRUE,0,0
18,"H08","HEX","Unkn-24",NA,0,0,"MSX","F10_CviMVP_PlDNA_9_SG.sharedLotterhosPuritz_3027_c7057db0","CviMVP_30081","CS_DB_NJ_2022-9-21",21,"F10_CviMVP_PlDNA_9_SG.sharedLotterhosPuritz_3027_c7057db0","18_F10_CviMVP_PlDNA_9_SG.sharedLotterhosPuritz_3027_c7057db0_MSX",2,NA,"Inconclusive",TRUE,0,0
18,"H09","HEX","Unkn-32",NA,0,0,"MSX","H10_CviMVP_PlDNA_9_SG_2093_b7ab79f2","CviMVP_131391","FC_LIS_CT_2023-10-11",22,"H10_CviMVP_PlDNA_9_SG_2093_b7ab79f2","18_H10_CviMVP_PlDNA_9_SG_2093_b7ab79f2_MSX",1,NA,"Negative",FALSE,0,0
18,"H10","HEX","Unkn-32",NA,0,0,"MSX","H10_CviMVP_PlDNA_9_SG_2093_b7ab79f2","CviMVP_131391","FC_LIS_CT_2023-10-11",22,"H10_CviMVP_PlDNA_9_SG_2093_b7ab79f2","18_H10_CviMVP_PlDNA_9_SG_2093_b7ab79f2_MSX",2,NA,"Negative",FALSE,0,0
19,"A03","FAM","Unkn-01",33.07,32.93,0,"Dermo","A11_CviMVP_PlDNA_9_SG_1232_7ec57c2f","CviMVP_10778","CC_VA_2022-7-11",19,"A11_CviMVP_PlDNA_9_SG_1232_7ec57c2f","19_A11_CviMVP_PlDNA_9_SG_1232_7ec57c2f_Dermo",1,0.270000000000003,"Positive",FALSE,0,0
19,"A04","FAM","Unkn-01",32.8,32.93,0,"Dermo","A11_CviMVP_PlDNA_9_SG_1232_7ec57c2f","CviMVP_10778","CC_VA_2022-7-11",19,"A11_CviMVP_PlDNA_9_SG_1232_7ec57c2f","19_A11_CviMVP_PlDNA_9_SG_1232_7ec57c2f_Dermo",2,0.270000000000003,"Positive",FALSE,0,0
19,"A05","FAM","Unkn-09",NA,0,0,"Dermo","A12_CviMVP_PlDNA_9_SG_1190_99b8c3ee","CviMVP_10658","Culch_Ba_LA_2022-6-21",19,"A12_CviMVP_PlDNA_9_SG_1190_99b8c3ee","19_A12_CviMVP_PlDNA_9_SG_1190_99b8c3ee_Dermo",1,NA,"Inconclusive",TRUE,0,0
19,"A06","FAM","Unkn-09",36.3,36.3,0,"Dermo","A12_CviMVP_PlDNA_9_SG_1190_99b8c3ee","CviMVP_10658","Culch_Ba_LA_2022-6-21",19,"A12_CviMVP_PlDNA_9_SG_1190_99b8c3ee","19_A12_CviMVP_PlDNA_9_SG_1190_99b8c3ee_Dermo",2,NA,"Inconclusive",TRUE,0,0
19,"A07","FAM","Unkn-17",25.71,25.64,1e-05,"Dermo","A1_CviMVP_PlDNA_10_SG_1788_5e94a232","CviMVP_12396","NPS_PS_NC_2022-10-12",20,"A1_CviMVP_PlDNA_10_SG_1788_5e94a232","19_A1_CviMVP_PlDNA_10_SG_1788_5e94a232_Dermo",1,0.140000000000001,"Positive",FALSE,3486.738,2
19,"A08","FAM","Unkn-17",25.57,25.64,1e-05,"Dermo","A1_CviMVP_PlDNA_10_SG_1788_5e94a232","CviMVP_12396","NPS_PS_NC_2022-10-12",20,"A1_CviMVP_PlDNA_10_SG_1788_5e94a232","19_A1_CviMVP_PlDNA_10_SG_1788_5e94a232_Dermo",2,0.140000000000001,"Positive",FALSE,3486.738,2
19,"A09","FAM","Unkn-25",28.35,28.26,0,"Dermo","A2_CviMVP_PlDNA_10_SG_2031_4c9fc050","CviMVP_15110","IL_ApBay_FL_2023-10-3",21,"A2_CviMVP_PlDNA_10_SG_2031_4c9fc050","19_A2_CviMVP_PlDNA_10_SG_2031_4c9fc050_Dermo",1,0.170000000000002,"Positive",FALSE,0,0
19,"A10","FAM","Unkn-25",28.18,28.26,0,"Dermo","A2_CviMVP_PlDNA_10_SG_2031_4c9fc050","CviMVP_15110","IL_ApBay_FL_2023-10-3",21,"A2_CviMVP_PlDNA_10_SG_2031_4c9fc050","19_A2_CviMVP_PlDNA_10_SG_2031_4c9fc050_Dermo",2,0.170000000000002,"Positive",FALSE,0,0
19,"B03","FAM","Unkn-02",26.33,26.27,0,"Dermo","B11_CviMVP_PlDNA_9_SG_2017_21ebaf27","CviMVP_15070","IL_ApBay_FL_2023-10-3",22,"B11_CviMVP_PlDNA_9_SG_2017_21ebaf27","19_B11_CviMVP_PlDNA_9_SG_2017_21ebaf27_Dermo",1,0.119999999999997,"Positive",FALSE,0,0
19,"B04","FAM","Unkn-02",26.21,26.27,0,"Dermo","B11_CviMVP_PlDNA_9_SG_2017_21ebaf27","CviMVP_15070","IL_ApBay_FL_2023-10-3",22,"B11_CviMVP_PlDNA_9_SG_2017_21ebaf27","19_B11_CviMVP_PlDNA_9_SG_2017_21ebaf27_Dermo",2,0.119999999999997,"Positive",FALSE,0,0
19,"B05","FAM","Unkn-10",24.92,24.89,1e-05,"Dermo","B12_CviMVP_PlDNA_9_SG_2083_c9e957d2","CviMVP_131091","FC_LIS_CT_2023-10-11",18,"B12_CviMVP_PlDNA_9_SG_2083_c9e957d2","19_B12_CviMVP_PlDNA_9_SG_2083_c9e957d2_Dermo",1,0.0600000000000023,"Positive",FALSE,3874.15333333333,2
19,"B06","FAM","Unkn-10",24.86,24.89,1e-05,"Dermo","B12_CviMVP_PlDNA_9_SG_2083_c9e957d2","CviMVP_131091","FC_LIS_CT_2023-10-11",18,"B12_CviMVP_PlDNA_9_SG_2083_c9e957d2","19_B12_CviMVP_PlDNA_9_SG_2083_c9e957d2_Dermo",2,0.0600000000000023,"Positive",FALSE,3874.15333333333,2
19,"B07","FAM","Unkn-18",24.22,24.25,1e-05,"Dermo","B1_CviMVP_PlDNA_10_SG_1992_a1957416","CviMVP_12995","AC_LIS_CT_2023-10-3",21,"B1_CviMVP_PlDNA_10_SG_1992_a1957416","19_B1_CviMVP_PlDNA_10_SG_1992_a1957416_Dermo",1,0.0500000000000007,"Positive",FALSE,3320.70285714286,2
19,"B08","FAM","Unkn-18",24.27,24.25,1e-05,"Dermo","B1_CviMVP_PlDNA_10_SG_1992_a1957416","CviMVP_12995","AC_LIS_CT_2023-10-3",21,"B1_CviMVP_PlDNA_10_SG_1992_a1957416","19_B1_CviMVP_PlDNA_10_SG_1992_a1957416_Dermo",2,0.0500000000000007,"Positive",FALSE,3320.70285714286,2
19,"B09","FAM","Unkn-26",37.98,37.92,0,"Dermo","B2_CviMVP_PlDNA_10_SG.sharedLotterhosPuritz_1865_d6963291","CviMVP_12619","LCP_UP_MD_2022-10-20",21,"B2_CviMVP_PlDNA_10_SG.sharedLotterhosPuritz_1865_d6963291","19_B2_CviMVP_PlDNA_10_SG.sharedLotterhosPuritz_1865_d6963291_Dermo",1,0.109999999999999,"Positive",FALSE,0,0
19,"B10","FAM","Unkn-26",37.87,37.92,0,"Dermo","B2_CviMVP_PlDNA_10_SG.sharedLotterhosPuritz_1865_d6963291","CviMVP_12619","LCP_UP_MD_2022-10-20",21,"B2_CviMVP_PlDNA_10_SG.sharedLotterhosPuritz_1865_d6963291","19_B2_CviMVP_PlDNA_10_SG.sharedLotterhosPuritz_1865_d6963291_Dermo",2,0.109999999999999,"Positive",FALSE,0,0
19,"B11","FAM","Unkn-33",27.97,28.01,0,"Dermo","A9_CviMVP_PlDNA_10_SG_1995_80981cf3","CviMVP_130041","AC_LIS_CT_2023-10-3",18,"A9_CviMVP_PlDNA_10_SG_1995_80981cf3","19_A9_CviMVP_PlDNA_10_SG_1995_80981cf3_Dermo",1,0.0800000000000018,"Positive",FALSE,0,0
19,"B12","FAM","Unkn-33",28.05,28.01,0,"Dermo","A9_CviMVP_PlDNA_10_SG_1995_80981cf3","CviMVP_130041","AC_LIS_CT_2023-10-3",18,"A9_CviMVP_PlDNA_10_SG_1995_80981cf3","19_A9_CviMVP_PlDNA_10_SG_1995_80981cf3_Dermo",2,0.0800000000000018,"Positive",FALSE,0,0
19,"C03","FAM","Unkn-03",25.69,25.72,1e-05,"Dermo","C11_CviMVP_PlDNA_9_SG_2035_fe995562","CviMVP_15122","EC_ApBay_FL_2023-10-4",18,"C11_CviMVP_PlDNA_9_SG_2035_fe995562","19_C11_CviMVP_PlDNA_9_SG_2035_fe995562_Dermo",1,0.0599999999999987,"Positive",FALSE,3874.15333333333,2
19,"C04","FAM","Unkn-03",25.75,25.72,1e-05,"Dermo","C11_CviMVP_PlDNA_9_SG_2035_fe995562","CviMVP_15122","EC_ApBay_FL_2023-10-4",18,"C11_CviMVP_PlDNA_9_SG_2035_fe995562","19_C11_CviMVP_PlDNA_9_SG_2035_fe995562_Dermo",2,0.0599999999999987,"Positive",FALSE,3874.15333333333,2
19,"C05","FAM","Unkn-11",23.54,23.52,2e-05,"Dermo","C12_CviMVP_PlDNA_9_SG_2085_9e9d2027","CviMVP_131151","FC_LIS_CT_2023-10-11",20,"C12_CviMVP_PlDNA_9_SG_2085_9e9d2027","19_C12_CviMVP_PlDNA_9_SG_2085_9e9d2027_Dermo",1,0.0399999999999991,"Positive",FALSE,6973.476,2
19,"C06","FAM","Unkn-11",23.5,23.52,2e-05,"Dermo","C12_CviMVP_PlDNA_9_SG_2085_9e9d2027","CviMVP_131151","FC_LIS_CT_2023-10-11",20,"C12_CviMVP_PlDNA_9_SG_2085_9e9d2027","19_C12_CviMVP_PlDNA_9_SG_2085_9e9d2027_Dermo",2,0.0399999999999991,"Positive",FALSE,6973.476,2
19,"C07","FAM","Unkn-19",25.1,25.12,1e-05,"Dermo","C1_CviMVP_PlDNA_10_SG_1405_db366b9b","CviMVP_11277","GriceCove_SC_2022-8-10",21,"C1_CviMVP_PlDNA_10_SG_1405_db366b9b","19_C1_CviMVP_PlDNA_10_SG_1405_db366b9b_Dermo",1,0.0299999999999976,"Positive",FALSE,3320.70285714286,2
19,"C08","FAM","Unkn-19",25.13,25.12,1e-05,"Dermo","C1_CviMVP_PlDNA_10_SG_1405_db366b9b","CviMVP_11277","GriceCove_SC_2022-8-10",21,"C1_CviMVP_PlDNA_10_SG_1405_db366b9b","19_C1_CviMVP_PlDNA_10_SG_1405_db366b9b_Dermo",2,0.0299999999999976,"Positive",FALSE,3320.70285714286,2
19,"C09","FAM","Unkn-27",26.31,26.35,0,"Dermo","F2_CviMVP_PlDNA_10_SG_2038_38049366","CviMVP_15131","EC_ApBay_FL_2023-10-4",21,"F2_CviMVP_PlDNA_10_SG_2038_38049366","19_F2_CviMVP_PlDNA_10_SG_2038_38049366_Dermo",1,0.0899999999999999,"Positive",FALSE,0,0
19,"C10","FAM","Unkn-27",26.4,26.35,0,"Dermo","F2_CviMVP_PlDNA_10_SG_2038_38049366","CviMVP_15131","EC_ApBay_FL_2023-10-4",21,"F2_CviMVP_PlDNA_10_SG_2038_38049366","19_F2_CviMVP_PlDNA_10_SG_2038_38049366_Dermo",2,0.0899999999999999,"Positive",FALSE,0,0
19,"C11","FAM","Unkn-34",20.37,20.4,0.00012,"Dermo","B9_CviMVP_PlDNA_10_SG_1619_c0fd1cbb","CviMVP_11897","SawIs_MA_2022-9-5",18,"B9_CviMVP_PlDNA_10_SG_1619_c0fd1cbb","19_B9_CviMVP_PlDNA_10_SG_1619_c0fd1cbb_Dermo",1,0.0500000000000007,"Positive",FALSE,46489.84,3
19,"C12","FAM","Unkn-34",20.42,20.4,0.00012,"Dermo","B9_CviMVP_PlDNA_10_SG_1619_c0fd1cbb","CviMVP_11897","SawIs_MA_2022-9-5",18,"B9_CviMVP_PlDNA_10_SG_1619_c0fd1cbb","19_B9_CviMVP_PlDNA_10_SG_1619_c0fd1cbb_Dermo",2,0.0500000000000007,"Positive",FALSE,46489.84,3
19,"D03","FAM","Unkn-04",28.25,28.25,0,"Dermo","D11_CviMVP_PlDNA_9_SG_2042_661e376f","CviMVP_15143","EC_ApBay_FL_2023-10-4",22,"D11_CviMVP_PlDNA_9_SG_2042_661e376f","19_D11_CviMVP_PlDNA_9_SG_2042_661e376f_Dermo",1,0,"Positive",FALSE,0,0
19,"D04","FAM","Unkn-04",28.25,28.25,0,"Dermo","D11_CviMVP_PlDNA_9_SG_2042_661e376f","CviMVP_15143","EC_ApBay_FL_2023-10-4",22,"D11_CviMVP_PlDNA_9_SG_2042_661e376f","19_D11_CviMVP_PlDNA_9_SG_2042_661e376f_Dermo",2,0,"Positive",FALSE,0,0
19,"D05","FAM","Unkn-12",39.66,39.66,0,"Dermo","D12_CviMVP_PlDNA_9_SG_1398_5a46f7b5","CviMVP_11261","Sister_Lk_LA_2022-8-9",20,"D12_CviMVP_PlDNA_9_SG_1398_5a46f7b5","19_D12_CviMVP_PlDNA_9_SG_1398_5a46f7b5_Dermo",1,NA,"Inconclusive",TRUE,0,0
19,"D06","FAM","Unkn-12",NA,0,0,"Dermo","D12_CviMVP_PlDNA_9_SG_1398_5a46f7b5","CviMVP_11261","Sister_Lk_LA_2022-8-9",20,"D12_CviMVP_PlDNA_9_SG_1398_5a46f7b5","19_D12_CviMVP_PlDNA_9_SG_1398_5a46f7b5_Dermo",2,NA,"Inconclusive",TRUE,0,0
19,"D07","FAM","Unkn-20",32.05,32.19,0,"Dermo","E1_CviMVP_PlDNA_10_SG.sharedLotterhosPuritz_1513_6c83a6da","CviMVP_11588","DC_NB_RI_2022-8-19",20,"E1_CviMVP_PlDNA_10_SG.sharedLotterhosPuritz_1513_6c83a6da","19_E1_CviMVP_PlDNA_10_SG.sharedLotterhosPuritz_1513_6c83a6da_Dermo",1,0.280000000000001,"Positive",FALSE,0,0
19,"D08","FAM","Unkn-20",32.33,32.19,0,"Dermo","E1_CviMVP_PlDNA_10_SG.sharedLotterhosPuritz_1513_6c83a6da","CviMVP_11588","DC_NB_RI_2022-8-19",20,"E1_CviMVP_PlDNA_10_SG.sharedLotterhosPuritz_1513_6c83a6da","19_E1_CviMVP_PlDNA_10_SG.sharedLotterhosPuritz_1513_6c83a6da_Dermo",2,0.280000000000001,"Positive",FALSE,0,0
19,"D09","FAM","Unkn-28",30,30.11,0,"Dermo","G2_CviMVP_PlDNA_10_SG_1328_6b7a6a27","CviMVP_11053","Mer_GA_2022-7-26",22,"G2_CviMVP_PlDNA_10_SG_1328_6b7a6a27","19_G2_CviMVP_PlDNA_10_SG_1328_6b7a6a27_Dermo",1,0.210000000000001,"Positive",FALSE,0,0
19,"D10","FAM","Unkn-28",30.21,30.11,0,"Dermo","G2_CviMVP_PlDNA_10_SG_1328_6b7a6a27","CviMVP_11053","Mer_GA_2022-7-26",22,"G2_CviMVP_PlDNA_10_SG_1328_6b7a6a27","19_G2_CviMVP_PlDNA_10_SG_1328_6b7a6a27_Dermo",2,0.210000000000001,"Positive",FALSE,0,0
19,"D11","FAM","Unkn-35",33.46,33.41,0,"Dermo","C9_CviMVP_PlDNA_10_SG_1554_87714daf","CviMVP_11710","CPR_MS_AL_2022-8-24",20,"C9_CviMVP_PlDNA_10_SG_1554_87714daf","19_C9_CviMVP_PlDNA_10_SG_1554_87714daf_Dermo",1,0.100000000000001,"Positive",FALSE,0,0
19,"D12","FAM","Unkn-35",33.36,33.41,0,"Dermo","C9_CviMVP_PlDNA_10_SG_1554_87714daf","CviMVP_11710","CPR_MS_AL_2022-8-24",20,"C9_CviMVP_PlDNA_10_SG_1554_87714daf","19_C9_CviMVP_PlDNA_10_SG_1554_87714daf_Dermo",2,0.100000000000001,"Positive",FALSE,0,0
19,"E03","FAM","Unkn-05",25.32,25.28,1e-05,"Dermo","E11_CviMVP_PlDNA_9_SG_2015_5f30e515","CviMVP_15064","IL_ApBay_FL_2023-10-3",19,"E11_CviMVP_PlDNA_9_SG_2015_5f30e515","19_E11_CviMVP_PlDNA_9_SG_2015_5f30e515_Dermo",1,0.0800000000000018,"Positive",FALSE,3670.25052631579,2
19,"E04","FAM","Unkn-05",25.24,25.28,1e-05,"Dermo","E11_CviMVP_PlDNA_9_SG_2015_5f30e515","CviMVP_15064","IL_ApBay_FL_2023-10-3",19,"E11_CviMVP_PlDNA_9_SG_2015_5f30e515","19_E11_CviMVP_PlDNA_9_SG_2015_5f30e515_Dermo",2,0.0800000000000018,"Positive",FALSE,3670.25052631579,2
19,"E05","FAM","Unkn-13",27.47,27.35,0,"Dermo","E12_CviMVP_PlDNA_9_SG_2014_4508c3ac","CviMVP_15061","AC_LIS_CT_2023-10-3",20,"E12_CviMVP_PlDNA_9_SG_2014_4508c3ac","19_E12_CviMVP_PlDNA_9_SG_2014_4508c3ac_Dermo",1,0.23,"Positive",FALSE,0,0
19,"E06","FAM","Unkn-13",27.24,27.35,0,"Dermo","E12_CviMVP_PlDNA_9_SG_2014_4508c3ac","CviMVP_15061","AC_LIS_CT_2023-10-3",20,"E12_CviMVP_PlDNA_9_SG_2014_4508c3ac","19_E12_CviMVP_PlDNA_9_SG_2014_4508c3ac_Dermo",2,0.23,"Positive",FALSE,0,0
19,"E07","FAM","Unkn-21",35.01,35.01,0,"Dermo","F1_CviMVP_PlDNA_10_SG_2041_b9a3bfb4","CviMVP_15140","EC_ApBay_FL_2023-10-4",21,"F1_CviMVP_PlDNA_10_SG_2041_b9a3bfb4","19_F1_CviMVP_PlDNA_10_SG_2041_b9a3bfb4_Dermo",1,0,"Positive",FALSE,0,0
19,"E08","FAM","Unkn-21",35.01,35.01,0,"Dermo","F1_CviMVP_PlDNA_10_SG_2041_b9a3bfb4","CviMVP_15140","EC_ApBay_FL_2023-10-4",21,"F1_CviMVP_PlDNA_10_SG_2041_b9a3bfb4","19_F1_CviMVP_PlDNA_10_SG_2041_b9a3bfb4_Dermo",2,0,"Positive",FALSE,0,0
19,"E09","FAM","Unkn-29",35.12,35.08,0,"Dermo","H2_CviMVP_PlDNA_10_SG_1652_e0c1d32d","CviMVP_11995","SaltBay_Canada_2022-9-27",23,"H2_CviMVP_PlDNA_10_SG_1652_e0c1d32d","19_H2_CviMVP_PlDNA_10_SG_1652_e0c1d32d_Dermo",1,0.0899999999999963,"Positive",FALSE,0,0
19,"E10","FAM","Unkn-29",35.03,35.08,0,"Dermo","H2_CviMVP_PlDNA_10_SG_1652_e0c1d32d","CviMVP_11995","SaltBay_Canada_2022-9-27",23,"H2_CviMVP_PlDNA_10_SG_1652_e0c1d32d","19_H2_CviMVP_PlDNA_10_SG_1652_e0c1d32d_Dermo",2,0.0899999999999963,"Positive",FALSE,0,0
19,"E11","FAM","Unkn-36",31.61,31.56,0,"Dermo","F9_CviMVP_PlDNA_10_SG_2013_3c59ee43","CviMVP_15058","AC_LIS_CT_2023-10-3",22,"F9_CviMVP_PlDNA_10_SG_2013_3c59ee43","19_F9_CviMVP_PlDNA_10_SG_2013_3c59ee43_Dermo",1,0.0999999999999979,"Positive",FALSE,0,0
19,"E12","FAM","Unkn-36",31.51,31.56,0,"Dermo","F9_CviMVP_PlDNA_10_SG_2013_3c59ee43","CviMVP_15058","AC_LIS_CT_2023-10-3",22,"F9_CviMVP_PlDNA_10_SG_2013_3c59ee43","19_F9_CviMVP_PlDNA_10_SG_2013_3c59ee43_Dermo",2,0.0999999999999979,"Positive",FALSE,0,0
19,"F03","FAM","Unkn-06",23.65,23.47,2e-05,"Dermo","F11_CviMVP_PlDNA_9_SG_2004_15538084","CviMVP_130311","AC_LIS_CT_2023-10-3",22,"F11_CviMVP_PlDNA_9_SG_2004_15538084","19_F11_CviMVP_PlDNA_9_SG_2004_15538084_Dermo",1,0.359999999999999,"Positive",FALSE,6339.52363636364,2
19,"F04","FAM","Unkn-06",23.29,23.47,2e-05,"Dermo","F11_CviMVP_PlDNA_9_SG_2004_15538084","CviMVP_130311","AC_LIS_CT_2023-10-3",22,"F11_CviMVP_PlDNA_9_SG_2004_15538084","19_F11_CviMVP_PlDNA_9_SG_2004_15538084_Dermo",2,0.359999999999999,"Positive",FALSE,6339.52363636364,2
19,"F05","FAM","Unkn-14",26.6,26.48,0,"Dermo","F12_CviMVP_PlDNA_9_SG_2043_cb780332","CviMVP_15146","EC_ApBay_FL_2023-10-4",19,"F12_CviMVP_PlDNA_9_SG_2043_cb780332","19_F12_CviMVP_PlDNA_9_SG_2043_cb780332_Dermo",1,0.25,"Positive",FALSE,0,0
19,"F06","FAM","Unkn-14",26.35,26.48,0,"Dermo","F12_CviMVP_PlDNA_9_SG_2043_cb780332","CviMVP_15146","EC_ApBay_FL_2023-10-4",19,"F12_CviMVP_PlDNA_9_SG_2043_cb780332","19_F12_CviMVP_PlDNA_9_SG_2043_cb780332_Dermo",2,0.25,"Positive",FALSE,0,0
19,"F07","FAM","Unkn-22",NA,0,0,"Dermo","G1_CviMVP_PlDNA_10_SG_1892_34807bab","CviMVP_12698","DC_DR_ME_2022-10-25",22,"G1_CviMVP_PlDNA_10_SG_1892_34807bab","19_G1_CviMVP_PlDNA_10_SG_1892_34807bab_Dermo",1,NA,"Negative",FALSE,0,0
19,"F08","FAM","Unkn-22",NA,0,0,"Dermo","G1_CviMVP_PlDNA_10_SG_1892_34807bab","CviMVP_12698","DC_DR_ME_2022-10-25",22,"G1_CviMVP_PlDNA_10_SG_1892_34807bab","19_G1_CviMVP_PlDNA_10_SG_1892_34807bab_Dermo",2,NA,"Negative",FALSE,0,0
19,"F09","FAM","Unkn-30",22.54,22.55,3e-05,"Dermo","H12_CviMVP_PlDNA_10_SG_1691_0e7d321d","CviMVP_12109","SaLa_GA_2022-10-5",22,"H12_CviMVP_PlDNA_10_SG_1691_0e7d321d","19_H12_CviMVP_PlDNA_10_SG_1691_0e7d321d_Dermo",1,0.0300000000000011,"Positive",FALSE,9509.28545454545,2
19,"F10","FAM","Unkn-30",22.57,22.55,3e-05,"Dermo","H12_CviMVP_PlDNA_10_SG_1691_0e7d321d","CviMVP_12109","SaLa_GA_2022-10-5",22,"H12_CviMVP_PlDNA_10_SG_1691_0e7d321d","19_H12_CviMVP_PlDNA_10_SG_1691_0e7d321d_Dermo",2,0.0300000000000011,"Positive",FALSE,9509.28545454545,2
19,"F11","FAM","Unkn-37",35.77,36.17,0,"Dermo","H9_CviMVP_PlDNA_10_SG_1162_ae9f6ba6","CviMVP_10586","SkR_GA_2022-6-14",19,"H9_CviMVP_PlDNA_10_SG_1162_ae9f6ba6","19_H9_CviMVP_PlDNA_10_SG_1162_ae9f6ba6_Dermo",1,0.799999999999997,"Positive",FALSE,0,0
19,"F12","FAM","Unkn-37",36.57,36.17,0,"Dermo","H9_CviMVP_PlDNA_10_SG_1162_ae9f6ba6","CviMVP_10586","SkR_GA_2022-6-14",19,"H9_CviMVP_PlDNA_10_SG_1162_ae9f6ba6","19_H9_CviMVP_PlDNA_10_SG_1162_ae9f6ba6_Dermo",2,0.799999999999997,"Positive",FALSE,0,0
19,"G03","FAM","Unkn-07",30.33,30.21,0,"Dermo","G11_CviMVP_PlDNA_9_SG_2009_c8217fce","CviMVP_15046","AC_LIS_CT_2023-10-3",21,"G11_CviMVP_PlDNA_9_SG_2009_c8217fce","19_G11_CviMVP_PlDNA_9_SG_2009_c8217fce_Dermo",1,0.25,"Positive",FALSE,0,0
19,"G04","FAM","Unkn-07",30.08,30.21,0,"Dermo","G11_CviMVP_PlDNA_9_SG_2009_c8217fce","CviMVP_15046","AC_LIS_CT_2023-10-3",21,"G11_CviMVP_PlDNA_9_SG_2009_c8217fce","19_G11_CviMVP_PlDNA_9_SG_2009_c8217fce_Dermo",2,0.25,"Positive",FALSE,0,0
19,"G05","FAM","Unkn-15",33.34,33.15,0,"Dermo","G12_CviMVP_PlDNA_9_SG_1684_90d17b66","CviMVP_12087","EelLake_Canada_2022-9-27",20,"G12_CviMVP_PlDNA_9_SG_1684_90d17b66","19_G12_CviMVP_PlDNA_9_SG_1684_90d17b66_Dermo",1,0.380000000000003,"Positive",FALSE,0,0
19,"G06","FAM","Unkn-15",32.96,33.15,0,"Dermo","G12_CviMVP_PlDNA_9_SG_1684_90d17b66","CviMVP_12087","EelLake_Canada_2022-9-27",20,"G12_CviMVP_PlDNA_9_SG_1684_90d17b66","19_G12_CviMVP_PlDNA_9_SG_1684_90d17b66_Dermo",2,0.380000000000003,"Positive",FALSE,0,0
19,"G07","FAM","Unkn-23",26.21,26.14,0,"Dermo","H1_CviMVP_PlDNA_10_SG_1980_7a4f292f","CviMVP_12959","FFJ_CF_NC_2023-7-19",21,"H1_CviMVP_PlDNA_10_SG_1980_7a4f292f","19_H1_CviMVP_PlDNA_10_SG_1980_7a4f292f_Dermo",1,0.130000000000003,"Positive",FALSE,0,0
19,"G08","FAM","Unkn-23",26.08,26.14,0,"Dermo","H1_CviMVP_PlDNA_10_SG_1980_7a4f292f","CviMVP_12959","FFJ_CF_NC_2023-7-19",21,"H1_CviMVP_PlDNA_10_SG_1980_7a4f292f","19_H1_CviMVP_PlDNA_10_SG_1980_7a4f292f_Dermo",2,0.130000000000003,"Positive",FALSE,0,0
19,"G09","FAM","Unkn-31",15.2,15.08,0.00281,"Dermo","G7_CviMVP_PlDNA_10_SG_2077_40f6a386","CviMVP_130911","FC_LIS_CT_2023-10-11",22,"G7_CviMVP_PlDNA_10_SG_2077_40f6a386","19_G7_CviMVP_PlDNA_10_SG_2077_40f6a386_Dermo",1,0.239999999999998,"Positive",FALSE,890703.070909091,3
19,"G10","FAM","Unkn-31",14.96,15.08,0.00281,"Dermo","G7_CviMVP_PlDNA_10_SG_2077_40f6a386","CviMVP_130911","FC_LIS_CT_2023-10-11",22,"G7_CviMVP_PlDNA_10_SG_2077_40f6a386","19_G7_CviMVP_PlDNA_10_SG_2077_40f6a386_Dermo",2,0.239999999999998,"Positive",FALSE,890703.070909091,3
19,"H01","FAM","Unkn-38",29,28.6,0,"Dermo","E9_CviMVP_PlDNA_10_SG_2044_7f176d05","CviMVP_15149","EC_ApBay_FL_2023-10-4",20,"E9_CviMVP_PlDNA_10_SG_2044_7f176d05","19_E9_CviMVP_PlDNA_10_SG_2044_7f176d05_Dermo",1,0.800000000000001,"Positive",FALSE,0,0
19,"H02","FAM","Unkn-38",28.2,28.6,0,"Dermo","E9_CviMVP_PlDNA_10_SG_2044_7f176d05","CviMVP_15149","EC_ApBay_FL_2023-10-4",20,"E9_CviMVP_PlDNA_10_SG_2044_7f176d05","19_E9_CviMVP_PlDNA_10_SG_2044_7f176d05_Dermo",2,0.800000000000001,"Positive",FALSE,0,0
19,"H03","FAM","Unkn-08",26.29,26.33,0,"Dermo","H11_CviMVP_PlDNA_9_SG_2048_d143067d","CviMVP_15161","EC_ApBay_FL_2023-10-4",21,"H11_CviMVP_PlDNA_9_SG_2048_d143067d","19_H11_CviMVP_PlDNA_9_SG_2048_d143067d_Dermo",1,0.0899999999999999,"Positive",FALSE,0,0
19,"H04","FAM","Unkn-08",26.38,26.33,0,"Dermo","H11_CviMVP_PlDNA_9_SG_2048_d143067d","CviMVP_15161","EC_ApBay_FL_2023-10-4",21,"H11_CviMVP_PlDNA_9_SG_2048_d143067d","19_H11_CviMVP_PlDNA_9_SG_2048_d143067d_Dermo",2,0.0899999999999999,"Positive",FALSE,0,0
19,"H05","FAM","Unkn-16",23.56,23.45,2e-05,"Dermo","H12_CviMVP_PlDNA_9_SG_1988_a8aedd8e","CviMVP_12983","AC_LIS_CT_2023-10-3",22,"H12_CviMVP_PlDNA_9_SG_1988_a8aedd8e","19_H12_CviMVP_PlDNA_9_SG_1988_a8aedd8e_Dermo",1,0.219999999999999,"Positive",FALSE,6339.52363636364,2
19,"H06","FAM","Unkn-16",23.34,23.45,2e-05,"Dermo","H12_CviMVP_PlDNA_9_SG_1988_a8aedd8e","CviMVP_12983","AC_LIS_CT_2023-10-3",22,"H12_CviMVP_PlDNA_9_SG_1988_a8aedd8e","19_H12_CviMVP_PlDNA_9_SG_1988_a8aedd8e_Dermo",2,0.219999999999999,"Positive",FALSE,6339.52363636364,2
19,"H07","FAM","Unkn-24",33.84,33.82,0,"Dermo","H7_CviMVP_PlDNA_10_SG.sharedLotterhosPuritz_3047_7e0b2539","CviMVP_30138","HC_DB_NJ_2022-9-23",21,"H7_CviMVP_PlDNA_10_SG.sharedLotterhosPuritz_3047_7e0b2539","19_H7_CviMVP_PlDNA_10_SG.sharedLotterhosPuritz_3047_7e0b2539_Dermo",1,5.97,"Inconclusive",TRUE,0,0
19,"H08","FAM","Unkn-24",33.81,33.82,0,"Dermo","H7_CviMVP_PlDNA_10_SG.sharedLotterhosPuritz_3047_7e0b2539","CviMVP_30138","HC_DB_NJ_2022-9-23",21,"H7_CviMVP_PlDNA_10_SG.sharedLotterhosPuritz_3047_7e0b2539","19_H7_CviMVP_PlDNA_10_SG.sharedLotterhosPuritz_3047_7e0b2539_Dermo",2,5.97,"Inconclusive",TRUE,0,0
19,"H09","FAM","Unkn-32",39.39,39.59,0,"Dermo","H7_CviMVP_PlDNA_10_SG.sharedLotterhosPuritz_3047_7e0b2539","CviMVP_30138","HC_DB_NJ_2022-9-23",21,"H7_CviMVP_PlDNA_10_SG.sharedLotterhosPuritz_3047_7e0b2539","19_H7_CviMVP_PlDNA_10_SG.sharedLotterhosPuritz_3047_7e0b2539_Dermo",3,5.97,"Inconclusive",TRUE,0,0
19,"H10","FAM","Unkn-32",39.78,39.59,0,"Dermo","H7_CviMVP_PlDNA_10_SG.sharedLotterhosPuritz_3047_7e0b2539","CviMVP_30138","HC_DB_NJ_2022-9-23",21,"H7_CviMVP_PlDNA_10_SG.sharedLotterhosPuritz_3047_7e0b2539","19_H7_CviMVP_PlDNA_10_SG.sharedLotterhosPuritz_3047_7e0b2539_Dermo",4,5.97,"Inconclusive",TRUE,0,0
19,"A03","HEX","Unkn-01",NA,0,0,"MSX","A11_CviMVP_PlDNA_9_SG_1232_7ec57c2f","CviMVP_10778","CC_VA_2022-7-11",19,"A11_CviMVP_PlDNA_9_SG_1232_7ec57c2f","19_A11_CviMVP_PlDNA_9_SG_1232_7ec57c2f_MSX",1,NA,"Negative",FALSE,0,0
19,"A04","HEX","Unkn-01",NA,0,0,"MSX","A11_CviMVP_PlDNA_9_SG_1232_7ec57c2f","CviMVP_10778","CC_VA_2022-7-11",19,"A11_CviMVP_PlDNA_9_SG_1232_7ec57c2f","19_A11_CviMVP_PlDNA_9_SG_1232_7ec57c2f_MSX",2,NA,"Negative",FALSE,0,0
19,"A05","HEX","Unkn-09",NA,0,0,"MSX","A12_CviMVP_PlDNA_9_SG_1190_99b8c3ee","CviMVP_10658","Culch_Ba_LA_2022-6-21",19,"A12_CviMVP_PlDNA_9_SG_1190_99b8c3ee","19_A12_CviMVP_PlDNA_9_SG_1190_99b8c3ee_MSX",1,NA,"Negative",FALSE,0,0
19,"A06","HEX","Unkn-09",NA,0,0,"MSX","A12_CviMVP_PlDNA_9_SG_1190_99b8c3ee","CviMVP_10658","Culch_Ba_LA_2022-6-21",19,"A12_CviMVP_PlDNA_9_SG_1190_99b8c3ee","19_A12_CviMVP_PlDNA_9_SG_1190_99b8c3ee_MSX",2,NA,"Negative",FALSE,0,0
19,"A07","HEX","Unkn-17",NA,0,0,"MSX","A1_CviMVP_PlDNA_10_SG_1788_5e94a232","CviMVP_12396","NPS_PS_NC_2022-10-12",20,"A1_CviMVP_PlDNA_10_SG_1788_5e94a232","19_A1_CviMVP_PlDNA_10_SG_1788_5e94a232_MSX",1,NA,"Negative",FALSE,0,0
19,"A08","HEX","Unkn-17",NA,0,0,"MSX","A1_CviMVP_PlDNA_10_SG_1788_5e94a232","CviMVP_12396","NPS_PS_NC_2022-10-12",20,"A1_CviMVP_PlDNA_10_SG_1788_5e94a232","19_A1_CviMVP_PlDNA_10_SG_1788_5e94a232_MSX",2,NA,"Negative",FALSE,0,0
19,"A09","HEX","Unkn-25",NA,0,0,"MSX","A2_CviMVP_PlDNA_10_SG_2031_4c9fc050","CviMVP_15110","IL_ApBay_FL_2023-10-3",21,"A2_CviMVP_PlDNA_10_SG_2031_4c9fc050","19_A2_CviMVP_PlDNA_10_SG_2031_4c9fc050_MSX",1,NA,"Negative",FALSE,0,0
19,"A10","HEX","Unkn-25",NA,0,0,"MSX","A2_CviMVP_PlDNA_10_SG_2031_4c9fc050","CviMVP_15110","IL_ApBay_FL_2023-10-3",21,"A2_CviMVP_PlDNA_10_SG_2031_4c9fc050","19_A2_CviMVP_PlDNA_10_SG_2031_4c9fc050_MSX",2,NA,"Negative",FALSE,0,0
19,"B03","HEX","Unkn-02",38.74,38.62,0,"MSX","B11_CviMVP_PlDNA_9_SG_2017_21ebaf27","CviMVP_15070","IL_ApBay_FL_2023-10-3",22,"B11_CviMVP_PlDNA_9_SG_2017_21ebaf27","19_B11_CviMVP_PlDNA_9_SG_2017_21ebaf27_MSX",1,0.230000000000004,"Positive",FALSE,0,0
19,"B04","HEX","Unkn-02",38.51,38.62,0,"MSX","B11_CviMVP_PlDNA_9_SG_2017_21ebaf27","CviMVP_15070","IL_ApBay_FL_2023-10-3",22,"B11_CviMVP_PlDNA_9_SG_2017_21ebaf27","19_B11_CviMVP_PlDNA_9_SG_2017_21ebaf27_MSX",2,0.230000000000004,"Positive",FALSE,0,0
19,"B05","HEX","Unkn-10",NA,0,0,"MSX","B12_CviMVP_PlDNA_9_SG_2083_c9e957d2","CviMVP_131091","FC_LIS_CT_2023-10-11",18,"B12_CviMVP_PlDNA_9_SG_2083_c9e957d2","19_B12_CviMVP_PlDNA_9_SG_2083_c9e957d2_MSX",1,NA,"Negative",FALSE,0,0
19,"B06","HEX","Unkn-10",NA,0,0,"MSX","B12_CviMVP_PlDNA_9_SG_2083_c9e957d2","CviMVP_131091","FC_LIS_CT_2023-10-11",18,"B12_CviMVP_PlDNA_9_SG_2083_c9e957d2","19_B12_CviMVP_PlDNA_9_SG_2083_c9e957d2_MSX",2,NA,"Negative",FALSE,0,0
19,"B07","HEX","Unkn-18",NA,0,0,"MSX","B1_CviMVP_PlDNA_10_SG_1992_a1957416","CviMVP_12995","AC_LIS_CT_2023-10-3",21,"B1_CviMVP_PlDNA_10_SG_1992_a1957416","19_B1_CviMVP_PlDNA_10_SG_1992_a1957416_MSX",1,NA,"Negative",FALSE,0,0
19,"B08","HEX","Unkn-18",NA,0,0,"MSX","B1_CviMVP_PlDNA_10_SG_1992_a1957416","CviMVP_12995","AC_LIS_CT_2023-10-3",21,"B1_CviMVP_PlDNA_10_SG_1992_a1957416","19_B1_CviMVP_PlDNA_10_SG_1992_a1957416_MSX",2,NA,"Negative",FALSE,0,0
19,"B09","HEX","Unkn-26",NA,0,0,"MSX","B2_CviMVP_PlDNA_10_SG.sharedLotterhosPuritz_1865_d6963291","CviMVP_12619","LCP_UP_MD_2022-10-20",21,"B2_CviMVP_PlDNA_10_SG.sharedLotterhosPuritz_1865_d6963291","19_B2_CviMVP_PlDNA_10_SG.sharedLotterhosPuritz_1865_d6963291_MSX",1,NA,"Negative",FALSE,0,0
19,"B10","HEX","Unkn-26",NA,0,0,"MSX","B2_CviMVP_PlDNA_10_SG.sharedLotterhosPuritz_1865_d6963291","CviMVP_12619","LCP_UP_MD_2022-10-20",21,"B2_CviMVP_PlDNA_10_SG.sharedLotterhosPuritz_1865_d6963291","19_B2_CviMVP_PlDNA_10_SG.sharedLotterhosPuritz_1865_d6963291_MSX",2,NA,"Negative",FALSE,0,0
19,"B11","HEX","Unkn-33",NA,0,0,"MSX","A9_CviMVP_PlDNA_10_SG_1995_80981cf3","CviMVP_130041","AC_LIS_CT_2023-10-3",18,"A9_CviMVP_PlDNA_10_SG_1995_80981cf3","19_A9_CviMVP_PlDNA_10_SG_1995_80981cf3_MSX",1,NA,"Negative",FALSE,0,0
19,"B12","HEX","Unkn-33",NA,0,0,"MSX","A9_CviMVP_PlDNA_10_SG_1995_80981cf3","CviMVP_130041","AC_LIS_CT_2023-10-3",18,"A9_CviMVP_PlDNA_10_SG_1995_80981cf3","19_A9_CviMVP_PlDNA_10_SG_1995_80981cf3_MSX",2,NA,"Negative",FALSE,0,0
19,"C03","HEX","Unkn-03",NA,0,0,"MSX","C11_CviMVP_PlDNA_9_SG_2035_fe995562","CviMVP_15122","EC_ApBay_FL_2023-10-4",18,"C11_CviMVP_PlDNA_9_SG_2035_fe995562","19_C11_CviMVP_PlDNA_9_SG_2035_fe995562_MSX",1,NA,"Negative",FALSE,0,0
19,"C04","HEX","Unkn-03",NA,0,0,"MSX","C11_CviMVP_PlDNA_9_SG_2035_fe995562","CviMVP_15122","EC_ApBay_FL_2023-10-4",18,"C11_CviMVP_PlDNA_9_SG_2035_fe995562","19_C11_CviMVP_PlDNA_9_SG_2035_fe995562_MSX",2,NA,"Negative",FALSE,0,0
19,"C05","HEX","Unkn-11",NA,0,0,"MSX","C12_CviMVP_PlDNA_9_SG_2085_9e9d2027","CviMVP_131151","FC_LIS_CT_2023-10-11",20,"C12_CviMVP_PlDNA_9_SG_2085_9e9d2027","19_C12_CviMVP_PlDNA_9_SG_2085_9e9d2027_MSX",1,NA,"Negative",FALSE,0,0
19,"C06","HEX","Unkn-11",NA,0,0,"MSX","C12_CviMVP_PlDNA_9_SG_2085_9e9d2027","CviMVP_131151","FC_LIS_CT_2023-10-11",20,"C12_CviMVP_PlDNA_9_SG_2085_9e9d2027","19_C12_CviMVP_PlDNA_9_SG_2085_9e9d2027_MSX",2,NA,"Negative",FALSE,0,0
19,"C07","HEX","Unkn-19",NA,0,0,"MSX","C1_CviMVP_PlDNA_10_SG_1405_db366b9b","CviMVP_11277","GriceCove_SC_2022-8-10",21,"C1_CviMVP_PlDNA_10_SG_1405_db366b9b","19_C1_CviMVP_PlDNA_10_SG_1405_db366b9b_MSX",1,NA,"Negative",FALSE,0,0
19,"C08","HEX","Unkn-19",NA,0,0,"MSX","C1_CviMVP_PlDNA_10_SG_1405_db366b9b","CviMVP_11277","GriceCove_SC_2022-8-10",21,"C1_CviMVP_PlDNA_10_SG_1405_db366b9b","19_C1_CviMVP_PlDNA_10_SG_1405_db366b9b_MSX",2,NA,"Negative",FALSE,0,0
19,"C09","HEX","Unkn-27",NA,0,0,"MSX","F2_CviMVP_PlDNA_10_SG_2038_38049366","CviMVP_15131","EC_ApBay_FL_2023-10-4",21,"F2_CviMVP_PlDNA_10_SG_2038_38049366","19_F2_CviMVP_PlDNA_10_SG_2038_38049366_MSX",1,NA,"Negative",FALSE,0,0
19,"C10","HEX","Unkn-27",NA,0,0,"MSX","F2_CviMVP_PlDNA_10_SG_2038_38049366","CviMVP_15131","EC_ApBay_FL_2023-10-4",21,"F2_CviMVP_PlDNA_10_SG_2038_38049366","19_F2_CviMVP_PlDNA_10_SG_2038_38049366_MSX",2,NA,"Negative",FALSE,0,0
19,"C11","HEX","Unkn-34",38.88,39,0,"MSX","B9_CviMVP_PlDNA_10_SG_1619_c0fd1cbb","CviMVP_11897","SawIs_MA_2022-9-5",18,"B9_CviMVP_PlDNA_10_SG_1619_c0fd1cbb","19_B9_CviMVP_PlDNA_10_SG_1619_c0fd1cbb_MSX",1,0.25,"Positive",FALSE,0,0
19,"C12","HEX","Unkn-34",39.13,39,0,"MSX","B9_CviMVP_PlDNA_10_SG_1619_c0fd1cbb","CviMVP_11897","SawIs_MA_2022-9-5",18,"B9_CviMVP_PlDNA_10_SG_1619_c0fd1cbb","19_B9_CviMVP_PlDNA_10_SG_1619_c0fd1cbb_MSX",2,0.25,"Positive",FALSE,0,0
19,"D03","HEX","Unkn-04",NA,0,0,"MSX","D11_CviMVP_PlDNA_9_SG_2042_661e376f","CviMVP_15143","EC_ApBay_FL_2023-10-4",22,"D11_CviMVP_PlDNA_9_SG_2042_661e376f","19_D11_CviMVP_PlDNA_9_SG_2042_661e376f_MSX",1,NA,"Negative",FALSE,0,0
19,"D04","HEX","Unkn-04",NA,0,0,"MSX","D11_CviMVP_PlDNA_9_SG_2042_661e376f","CviMVP_15143","EC_ApBay_FL_2023-10-4",22,"D11_CviMVP_PlDNA_9_SG_2042_661e376f","19_D11_CviMVP_PlDNA_9_SG_2042_661e376f_MSX",2,NA,"Negative",FALSE,0,0
19,"D05","HEX","Unkn-12",NA,0,0,"MSX","D12_CviMVP_PlDNA_9_SG_1398_5a46f7b5","CviMVP_11261","Sister_Lk_LA_2022-8-9",20,"D12_CviMVP_PlDNA_9_SG_1398_5a46f7b5","19_D12_CviMVP_PlDNA_9_SG_1398_5a46f7b5_MSX",1,NA,"Negative",FALSE,0,0
19,"D06","HEX","Unkn-12",NA,0,0,"MSX","D12_CviMVP_PlDNA_9_SG_1398_5a46f7b5","CviMVP_11261","Sister_Lk_LA_2022-8-9",20,"D12_CviMVP_PlDNA_9_SG_1398_5a46f7b5","19_D12_CviMVP_PlDNA_9_SG_1398_5a46f7b5_MSX",2,NA,"Negative",FALSE,0,0
19,"D07","HEX","Unkn-20",NA,0,0,"MSX","E1_CviMVP_PlDNA_10_SG.sharedLotterhosPuritz_1513_6c83a6da","CviMVP_11588","DC_NB_RI_2022-8-19",20,"E1_CviMVP_PlDNA_10_SG.sharedLotterhosPuritz_1513_6c83a6da","19_E1_CviMVP_PlDNA_10_SG.sharedLotterhosPuritz_1513_6c83a6da_MSX",1,NA,"Negative",FALSE,0,0
19,"D08","HEX","Unkn-20",NA,0,0,"MSX","E1_CviMVP_PlDNA_10_SG.sharedLotterhosPuritz_1513_6c83a6da","CviMVP_11588","DC_NB_RI_2022-8-19",20,"E1_CviMVP_PlDNA_10_SG.sharedLotterhosPuritz_1513_6c83a6da","19_E1_CviMVP_PlDNA_10_SG.sharedLotterhosPuritz_1513_6c83a6da_MSX",2,NA,"Negative",FALSE,0,0
19,"D09","HEX","Unkn-28",36.23,36.47,0,"MSX","G2_CviMVP_PlDNA_10_SG_1328_6b7a6a27","CviMVP_11053","Mer_GA_2022-7-26",22,"G2_CviMVP_PlDNA_10_SG_1328_6b7a6a27","19_G2_CviMVP_PlDNA_10_SG_1328_6b7a6a27_MSX",1,0.470000000000006,"Positive",FALSE,0,0
19,"D10","HEX","Unkn-28",36.7,36.47,0,"MSX","G2_CviMVP_PlDNA_10_SG_1328_6b7a6a27","CviMVP_11053","Mer_GA_2022-7-26",22,"G2_CviMVP_PlDNA_10_SG_1328_6b7a6a27","19_G2_CviMVP_PlDNA_10_SG_1328_6b7a6a27_MSX",2,0.470000000000006,"Positive",FALSE,0,0
19,"D11","HEX","Unkn-35",NA,0,0,"MSX","C9_CviMVP_PlDNA_10_SG_1554_87714daf","CviMVP_11710","CPR_MS_AL_2022-8-24",20,"C9_CviMVP_PlDNA_10_SG_1554_87714daf","19_C9_CviMVP_PlDNA_10_SG_1554_87714daf_MSX",1,NA,"Negative",FALSE,0,0
19,"D12","HEX","Unkn-35",NA,0,0,"MSX","C9_CviMVP_PlDNA_10_SG_1554_87714daf","CviMVP_11710","CPR_MS_AL_2022-8-24",20,"C9_CviMVP_PlDNA_10_SG_1554_87714daf","19_C9_CviMVP_PlDNA_10_SG_1554_87714daf_MSX",2,NA,"Negative",FALSE,0,0
19,"E03","HEX","Unkn-05",NA,0,0,"MSX","E11_CviMVP_PlDNA_9_SG_2015_5f30e515","CviMVP_15064","IL_ApBay_FL_2023-10-3",19,"E11_CviMVP_PlDNA_9_SG_2015_5f30e515","19_E11_CviMVP_PlDNA_9_SG_2015_5f30e515_MSX",1,NA,"Negative",FALSE,0,0
19,"E04","HEX","Unkn-05",NA,0,0,"MSX","E11_CviMVP_PlDNA_9_SG_2015_5f30e515","CviMVP_15064","IL_ApBay_FL_2023-10-3",19,"E11_CviMVP_PlDNA_9_SG_2015_5f30e515","19_E11_CviMVP_PlDNA_9_SG_2015_5f30e515_MSX",2,NA,"Negative",FALSE,0,0
19,"E05","HEX","Unkn-13",NA,0,0,"MSX","E12_CviMVP_PlDNA_9_SG_2014_4508c3ac","CviMVP_15061","AC_LIS_CT_2023-10-3",20,"E12_CviMVP_PlDNA_9_SG_2014_4508c3ac","19_E12_CviMVP_PlDNA_9_SG_2014_4508c3ac_MSX",1,NA,"Negative",FALSE,0,0
19,"E06","HEX","Unkn-13",NA,0,0,"MSX","E12_CviMVP_PlDNA_9_SG_2014_4508c3ac","CviMVP_15061","AC_LIS_CT_2023-10-3",20,"E12_CviMVP_PlDNA_9_SG_2014_4508c3ac","19_E12_CviMVP_PlDNA_9_SG_2014_4508c3ac_MSX",2,NA,"Negative",FALSE,0,0
19,"E07","HEX","Unkn-21",NA,0,0,"MSX","F1_CviMVP_PlDNA_10_SG_2041_b9a3bfb4","CviMVP_15140","EC_ApBay_FL_2023-10-4",21,"F1_CviMVP_PlDNA_10_SG_2041_b9a3bfb4","19_F1_CviMVP_PlDNA_10_SG_2041_b9a3bfb4_MSX",1,NA,"Negative",FALSE,0,0
19,"E08","HEX","Unkn-21",NA,0,0,"MSX","F1_CviMVP_PlDNA_10_SG_2041_b9a3bfb4","CviMVP_15140","EC_ApBay_FL_2023-10-4",21,"F1_CviMVP_PlDNA_10_SG_2041_b9a3bfb4","19_F1_CviMVP_PlDNA_10_SG_2041_b9a3bfb4_MSX",2,NA,"Negative",FALSE,0,0
19,"E09","HEX","Unkn-29",NA,0,0,"MSX","H2_CviMVP_PlDNA_10_SG_1652_e0c1d32d","CviMVP_11995","SaltBay_Canada_2022-9-27",23,"H2_CviMVP_PlDNA_10_SG_1652_e0c1d32d","19_H2_CviMVP_PlDNA_10_SG_1652_e0c1d32d_MSX",1,NA,"Negative",FALSE,0,0
19,"E10","HEX","Unkn-29",NA,0,0,"MSX","H2_CviMVP_PlDNA_10_SG_1652_e0c1d32d","CviMVP_11995","SaltBay_Canada_2022-9-27",23,"H2_CviMVP_PlDNA_10_SG_1652_e0c1d32d","19_H2_CviMVP_PlDNA_10_SG_1652_e0c1d32d_MSX",2,NA,"Negative",FALSE,0,0
19,"E11","HEX","Unkn-36",36.84,36.98,0,"MSX","F9_CviMVP_PlDNA_10_SG_2013_3c59ee43","CviMVP_15058","AC_LIS_CT_2023-10-3",22,"F9_CviMVP_PlDNA_10_SG_2013_3c59ee43","19_F9_CviMVP_PlDNA_10_SG_2013_3c59ee43_MSX",1,0.279999999999994,"Positive",FALSE,0,0
19,"E12","HEX","Unkn-36",37.12,36.98,0,"MSX","F9_CviMVP_PlDNA_10_SG_2013_3c59ee43","CviMVP_15058","AC_LIS_CT_2023-10-3",22,"F9_CviMVP_PlDNA_10_SG_2013_3c59ee43","19_F9_CviMVP_PlDNA_10_SG_2013_3c59ee43_MSX",2,0.279999999999994,"Positive",FALSE,0,0
19,"F03","HEX","Unkn-06",NA,0,0,"MSX","F11_CviMVP_PlDNA_9_SG_2004_15538084","CviMVP_130311","AC_LIS_CT_2023-10-3",22,"F11_CviMVP_PlDNA_9_SG_2004_15538084","19_F11_CviMVP_PlDNA_9_SG_2004_15538084_MSX",1,NA,"Negative",FALSE,0,0
19,"F04","HEX","Unkn-06",NA,0,0,"MSX","F11_CviMVP_PlDNA_9_SG_2004_15538084","CviMVP_130311","AC_LIS_CT_2023-10-3",22,"F11_CviMVP_PlDNA_9_SG_2004_15538084","19_F11_CviMVP_PlDNA_9_SG_2004_15538084_MSX",2,NA,"Negative",FALSE,0,0
19,"F05","HEX","Unkn-14",NA,0,0,"MSX","F12_CviMVP_PlDNA_9_SG_2043_cb780332","CviMVP_15146","EC_ApBay_FL_2023-10-4",19,"F12_CviMVP_PlDNA_9_SG_2043_cb780332","19_F12_CviMVP_PlDNA_9_SG_2043_cb780332_MSX",1,NA,"Negative",FALSE,0,0
19,"F06","HEX","Unkn-14",NA,0,0,"MSX","F12_CviMVP_PlDNA_9_SG_2043_cb780332","CviMVP_15146","EC_ApBay_FL_2023-10-4",19,"F12_CviMVP_PlDNA_9_SG_2043_cb780332","19_F12_CviMVP_PlDNA_9_SG_2043_cb780332_MSX",2,NA,"Negative",FALSE,0,0
19,"F07","HEX","Unkn-22",NA,0,0,"MSX","G1_CviMVP_PlDNA_10_SG_1892_34807bab","CviMVP_12698","DC_DR_ME_2022-10-25",22,"G1_CviMVP_PlDNA_10_SG_1892_34807bab","19_G1_CviMVP_PlDNA_10_SG_1892_34807bab_MSX",1,NA,"Negative",FALSE,0,0
19,"F08","HEX","Unkn-22",NA,0,0,"MSX","G1_CviMVP_PlDNA_10_SG_1892_34807bab","CviMVP_12698","DC_DR_ME_2022-10-25",22,"G1_CviMVP_PlDNA_10_SG_1892_34807bab","19_G1_CviMVP_PlDNA_10_SG_1892_34807bab_MSX",2,NA,"Negative",FALSE,0,0
19,"F09","HEX","Unkn-30",33.2,33.38,0,"MSX","H12_CviMVP_PlDNA_10_SG_1691_0e7d321d","CviMVP_12109","SaLa_GA_2022-10-5",22,"H12_CviMVP_PlDNA_10_SG_1691_0e7d321d","19_H12_CviMVP_PlDNA_10_SG_1691_0e7d321d_MSX",1,0.359999999999999,"Positive",FALSE,0,0
19,"F10","HEX","Unkn-30",33.56,33.38,0,"MSX","H12_CviMVP_PlDNA_10_SG_1691_0e7d321d","CviMVP_12109","SaLa_GA_2022-10-5",22,"H12_CviMVP_PlDNA_10_SG_1691_0e7d321d","19_H12_CviMVP_PlDNA_10_SG_1691_0e7d321d_MSX",2,0.359999999999999,"Positive",FALSE,0,0
19,"F11","HEX","Unkn-37",NA,0,0,"MSX","H9_CviMVP_PlDNA_10_SG_1162_ae9f6ba6","CviMVP_10586","SkR_GA_2022-6-14",19,"H9_CviMVP_PlDNA_10_SG_1162_ae9f6ba6","19_H9_CviMVP_PlDNA_10_SG_1162_ae9f6ba6_MSX",1,NA,"Inconclusive",TRUE,0,0
19,"F12","HEX","Unkn-37",39.11,39.11,0,"MSX","H9_CviMVP_PlDNA_10_SG_1162_ae9f6ba6","CviMVP_10586","SkR_GA_2022-6-14",19,"H9_CviMVP_PlDNA_10_SG_1162_ae9f6ba6","19_H9_CviMVP_PlDNA_10_SG_1162_ae9f6ba6_MSX",2,NA,"Inconclusive",TRUE,0,0
19,"G03","HEX","Unkn-07",NA,0,0,"MSX","G11_CviMVP_PlDNA_9_SG_2009_c8217fce","CviMVP_15046","AC_LIS_CT_2023-10-3",21,"G11_CviMVP_PlDNA_9_SG_2009_c8217fce","19_G11_CviMVP_PlDNA_9_SG_2009_c8217fce_MSX",1,NA,"Negative",FALSE,0,0
19,"G04","HEX","Unkn-07",NA,0,0,"MSX","G11_CviMVP_PlDNA_9_SG_2009_c8217fce","CviMVP_15046","AC_LIS_CT_2023-10-3",21,"G11_CviMVP_PlDNA_9_SG_2009_c8217fce","19_G11_CviMVP_PlDNA_9_SG_2009_c8217fce_MSX",2,NA,"Negative",FALSE,0,0
19,"G05","HEX","Unkn-15",NA,0,0,"MSX","G12_CviMVP_PlDNA_9_SG_1684_90d17b66","CviMVP_12087","EelLake_Canada_2022-9-27",20,"G12_CviMVP_PlDNA_9_SG_1684_90d17b66","19_G12_CviMVP_PlDNA_9_SG_1684_90d17b66_MSX",1,NA,"Negative",FALSE,0,0
19,"G06","HEX","Unkn-15",NA,0,0,"MSX","G12_CviMVP_PlDNA_9_SG_1684_90d17b66","CviMVP_12087","EelLake_Canada_2022-9-27",20,"G12_CviMVP_PlDNA_9_SG_1684_90d17b66","19_G12_CviMVP_PlDNA_9_SG_1684_90d17b66_MSX",2,NA,"Negative",FALSE,0,0
19,"G07","HEX","Unkn-23",NA,0,0,"MSX","H1_CviMVP_PlDNA_10_SG_1980_7a4f292f","CviMVP_12959","FFJ_CF_NC_2023-7-19",21,"H1_CviMVP_PlDNA_10_SG_1980_7a4f292f","19_H1_CviMVP_PlDNA_10_SG_1980_7a4f292f_MSX",1,NA,"Negative",FALSE,0,0
19,"G08","HEX","Unkn-23",NA,0,0,"MSX","H1_CviMVP_PlDNA_10_SG_1980_7a4f292f","CviMVP_12959","FFJ_CF_NC_2023-7-19",21,"H1_CviMVP_PlDNA_10_SG_1980_7a4f292f","19_H1_CviMVP_PlDNA_10_SG_1980_7a4f292f_MSX",2,NA,"Negative",FALSE,0,0
19,"G09","HEX","Unkn-31",22.82,22.7,6e-05,"MSX","G7_CviMVP_PlDNA_10_SG_2077_40f6a386","CviMVP_130911","FC_LIS_CT_2023-10-11",22,"G7_CviMVP_PlDNA_10_SG_2077_40f6a386","19_G7_CviMVP_PlDNA_10_SG_2077_40f6a386_MSX",1,0.240000000000002,"Positive",FALSE,21301.4563636364,3
19,"G10","HEX","Unkn-31",22.58,22.7,6e-05,"MSX","G7_CviMVP_PlDNA_10_SG_2077_40f6a386","CviMVP_130911","FC_LIS_CT_2023-10-11",22,"G7_CviMVP_PlDNA_10_SG_2077_40f6a386","19_G7_CviMVP_PlDNA_10_SG_2077_40f6a386_MSX",2,0.240000000000002,"Positive",FALSE,21301.4563636364,3
19,"H01","HEX","Unkn-38",NA,0,0,"MSX","E9_CviMVP_PlDNA_10_SG_2044_7f176d05","CviMVP_15149","EC_ApBay_FL_2023-10-4",20,"E9_CviMVP_PlDNA_10_SG_2044_7f176d05","19_E9_CviMVP_PlDNA_10_SG_2044_7f176d05_MSX",1,NA,"Negative",FALSE,0,0
19,"H02","HEX","Unkn-38",NA,0,0,"MSX","E9_CviMVP_PlDNA_10_SG_2044_7f176d05","CviMVP_15149","EC_ApBay_FL_2023-10-4",20,"E9_CviMVP_PlDNA_10_SG_2044_7f176d05","19_E9_CviMVP_PlDNA_10_SG_2044_7f176d05_MSX",2,NA,"Negative",FALSE,0,0
19,"H03","HEX","Unkn-08",NA,0,0,"MSX","H11_CviMVP_PlDNA_9_SG_2048_d143067d","CviMVP_15161","EC_ApBay_FL_2023-10-4",21,"H11_CviMVP_PlDNA_9_SG_2048_d143067d","19_H11_CviMVP_PlDNA_9_SG_2048_d143067d_MSX",1,NA,"Negative",FALSE,0,0
19,"H04","HEX","Unkn-08",NA,0,0,"MSX","H11_CviMVP_PlDNA_9_SG_2048_d143067d","CviMVP_15161","EC_ApBay_FL_2023-10-4",21,"H11_CviMVP_PlDNA_9_SG_2048_d143067d","19_H11_CviMVP_PlDNA_9_SG_2048_d143067d_MSX",2,NA,"Negative",FALSE,0,0
19,"H05","HEX","Unkn-16",NA,0,0,"MSX","H12_CviMVP_PlDNA_9_SG_1988_a8aedd8e","CviMVP_12983","AC_LIS_CT_2023-10-3",22,"H12_CviMVP_PlDNA_9_SG_1988_a8aedd8e","19_H12_CviMVP_PlDNA_9_SG_1988_a8aedd8e_MSX",1,NA,"Negative",FALSE,0,0
19,"H06","HEX","Unkn-16",NA,0,0,"MSX","H12_CviMVP_PlDNA_9_SG_1988_a8aedd8e","CviMVP_12983","AC_LIS_CT_2023-10-3",22,"H12_CviMVP_PlDNA_9_SG_1988_a8aedd8e","19_H12_CviMVP_PlDNA_9_SG_1988_a8aedd8e_MSX",2,NA,"Negative",FALSE,0,0
19,"H07","HEX","Unkn-24",NA,0,0,"MSX","H7_CviMVP_PlDNA_10_SG.sharedLotterhosPuritz_3047_7e0b2539","CviMVP_30138","HC_DB_NJ_2022-9-23",21,"H7_CviMVP_PlDNA_10_SG.sharedLotterhosPuritz_3047_7e0b2539","19_H7_CviMVP_PlDNA_10_SG.sharedLotterhosPuritz_3047_7e0b2539_MSX",1,NA,"Negative",FALSE,0,0
19,"H08","HEX","Unkn-24",NA,0,0,"MSX","H7_CviMVP_PlDNA_10_SG.sharedLotterhosPuritz_3047_7e0b2539","CviMVP_30138","HC_DB_NJ_2022-9-23",21,"H7_CviMVP_PlDNA_10_SG.sharedLotterhosPuritz_3047_7e0b2539","19_H7_CviMVP_PlDNA_10_SG.sharedLotterhosPuritz_3047_7e0b2539_MSX",2,NA,"Negative",FALSE,0,0
19,"H09","HEX","Unkn-32",NA,0,0,"MSX","H7_CviMVP_PlDNA_10_SG.sharedLotterhosPuritz_3047_7e0b2539","CviMVP_30138","HC_DB_NJ_2022-9-23",21,"H7_CviMVP_PlDNA_10_SG.sharedLotterhosPuritz_3047_7e0b2539","19_H7_CviMVP_PlDNA_10_SG.sharedLotterhosPuritz_3047_7e0b2539_MSX",3,NA,"Negative",FALSE,0,0
19,"H10","HEX","Unkn-32",NA,0,0,"MSX","H7_CviMVP_PlDNA_10_SG.sharedLotterhosPuritz_3047_7e0b2539","CviMVP_30138","HC_DB_NJ_2022-9-23",21,"H7_CviMVP_PlDNA_10_SG.sharedLotterhosPuritz_3047_7e0b2539","19_H7_CviMVP_PlDNA_10_SG.sharedLotterhosPuritz_3047_7e0b2539_MSX",4,NA,"Negative",FALSE,0,0
20,"A03","FAM","Unkn-01",34.38,35.72,0,"Dermo","B9_CviMVP_PlDNA_5_SG_1160_aff920b0","CviMVP_10581","SkR_GA_2022-6-14",18,"B9_CviMVP_PlDNA_5_SG_1160_aff920b0","20_B9_CviMVP_PlDNA_5_SG_1160_aff920b0_Dermo",1,2.66999999999999,"Inconclusive",TRUE,0,0
20,"A04","FAM","Unkn-01",37.05,35.72,0,"Dermo","B9_CviMVP_PlDNA_5_SG_1160_aff920b0","CviMVP_10581","SkR_GA_2022-6-14",18,"B9_CviMVP_PlDNA_5_SG_1160_aff920b0","20_B9_CviMVP_PlDNA_5_SG_1160_aff920b0_Dermo",2,2.66999999999999,"Inconclusive",TRUE,0,0
20,"A05","FAM","Unkn-09",27.3,27.18,0,"Dermo","C1_CviMVP_PlDNA_6_SG.sharedLotterhosPuritz_1499_50f125eb","CviMVP_11546","NR_NB_RI_2022-8-19",20,"C1_CviMVP_PlDNA_6_SG.sharedLotterhosPuritz_1499_50f125eb","20_C1_CviMVP_PlDNA_6_SG.sharedLotterhosPuritz_1499_50f125eb_Dermo",1,0.240000000000002,"Positive",FALSE,0,0
20,"A06","FAM","Unkn-09",27.06,27.18,0,"Dermo","C1_CviMVP_PlDNA_6_SG.sharedLotterhosPuritz_1499_50f125eb","CviMVP_11546","NR_NB_RI_2022-8-19",20,"C1_CviMVP_PlDNA_6_SG.sharedLotterhosPuritz_1499_50f125eb","20_C1_CviMVP_PlDNA_6_SG.sharedLotterhosPuritz_1499_50f125eb_Dermo",2,0.240000000000002,"Positive",FALSE,0,0
20,"A07","FAM","Unkn-17",27.11,27.15,0,"Dermo","C8_CviMVP_PlDNA_6_SG_1584_44720c93","CviMVP_11794","KP_FGR_FL_2022-8-23",21,"C8_CviMVP_PlDNA_6_SG_1584_44720c93","20_C8_CviMVP_PlDNA_6_SG_1584_44720c93_Dermo",1,0.0800000000000018,"Positive",FALSE,0,0
20,"A08","FAM","Unkn-17",27.19,27.15,0,"Dermo","C8_CviMVP_PlDNA_6_SG_1584_44720c93","CviMVP_11794","KP_FGR_FL_2022-8-23",21,"C8_CviMVP_PlDNA_6_SG_1584_44720c93","20_C8_CviMVP_PlDNA_6_SG_1584_44720c93_Dermo",2,0.0800000000000018,"Positive",FALSE,0,0
20,"A09","FAM","Unkn-25",NA,0,0,"Dermo","F12_CviMVP_PlDNA_5_SG_1564_9305f148","CviMVP_11740","CPR_MS_AL_2022-8-24",20,"F12_CviMVP_PlDNA_5_SG_1564_9305f148","20_F12_CviMVP_PlDNA_5_SG_1564_9305f148_Dermo",1,NA,"Negative",FALSE,0,0
20,"A10","FAM","Unkn-25",NA,0,0,"Dermo","F12_CviMVP_PlDNA_5_SG_1564_9305f148","CviMVP_11740","CPR_MS_AL_2022-8-24",20,"F12_CviMVP_PlDNA_5_SG_1564_9305f148","20_F12_CviMVP_PlDNA_5_SG_1564_9305f148_Dermo",2,NA,"Negative",FALSE,0,0
20,"B03","FAM","Unkn-02",24.85,24.84,1e-05,"Dermo","C9_CviMVP_PlDNA_5_SG_1161_bee23f77","CviMVP_10584","SkR_GA_2022-6-14",20,"C9_CviMVP_PlDNA_5_SG_1161_bee23f77","20_C9_CviMVP_PlDNA_5_SG_1161_bee23f77_Dermo",1,0.0200000000000031,"Positive",FALSE,3486.738,2
20,"B04","FAM","Unkn-02",24.83,24.84,1e-05,"Dermo","C9_CviMVP_PlDNA_5_SG_1161_bee23f77","CviMVP_10584","SkR_GA_2022-6-14",20,"C9_CviMVP_PlDNA_5_SG_1161_bee23f77","20_C9_CviMVP_PlDNA_5_SG_1161_bee23f77_Dermo",2,0.0200000000000031,"Positive",FALSE,3486.738,2
20,"B05","FAM","Unkn-10",20,20,1e-04,"Dermo","D2_CviMVP_PlDNA_10_SG_1695_0eae69c4","CviMVP_12121","SaLa_GA_2022-10-5",20,"D2_CviMVP_PlDNA_10_SG_1695_0eae69c4","20_D2_CviMVP_PlDNA_10_SG_1695_0eae69c4_Dermo",1,0.0100000000000016,"Positive",FALSE,34867.38,3
20,"B06","FAM","Unkn-10",20.01,20,1e-04,"Dermo","D2_CviMVP_PlDNA_10_SG_1695_0eae69c4","CviMVP_12121","SaLa_GA_2022-10-5",20,"D2_CviMVP_PlDNA_10_SG_1695_0eae69c4","20_D2_CviMVP_PlDNA_10_SG_1695_0eae69c4_Dermo",2,0.0100000000000016,"Positive",FALSE,34867.38,3
20,"B07","FAM","Unkn-18",25.84,25.65,0,"Dermo","D8_CviMVP_PlDNA_6_SG_1052_c46c4085","CviMVP_10305","OL_MI_SC_2022-5-31",18,"D8_CviMVP_PlDNA_6_SG_1052_c46c4085","20_D8_CviMVP_PlDNA_6_SG_1052_c46c4085_Dermo",1,0.370000000000001,"Positive",FALSE,0,0
20,"B08","FAM","Unkn-18",25.47,25.65,0,"Dermo","D8_CviMVP_PlDNA_6_SG_1052_c46c4085","CviMVP_10305","OL_MI_SC_2022-5-31",18,"D8_CviMVP_PlDNA_6_SG_1052_c46c4085","20_D8_CviMVP_PlDNA_6_SG_1052_c46c4085_Dermo",2,0.370000000000001,"Positive",FALSE,0,0
20,"B09","FAM","Unkn-26",38.11,38.48,0,"Dermo","G8_CviMVP_PlDNA_5_SG_1347_6fd02556","CviMVP_11109","Nickle_Rf_LA_2022-8-1",20,"G8_CviMVP_PlDNA_5_SG_1347_6fd02556","20_G8_CviMVP_PlDNA_5_SG_1347_6fd02556_Dermo",1,0.740000000000002,"Positive",FALSE,0,0
20,"B10","FAM","Unkn-26",38.85,38.48,0,"Dermo","G8_CviMVP_PlDNA_5_SG_1347_6fd02556","CviMVP_11109","Nickle_Rf_LA_2022-8-1",20,"G8_CviMVP_PlDNA_5_SG_1347_6fd02556","20_G8_CviMVP_PlDNA_5_SG_1347_6fd02556_Dermo",2,0.740000000000002,"Positive",FALSE,0,0
20,"B11","FAM","Unkn-33",39.12,39.12,0,"Dermo","A11_CviMVP_PlDNA_5_SG.sharedLotterhosPuritz_3026_80be4f10","CviMVP_30078","CS_DB_NJ_2022-9-21",22,"A11_CviMVP_PlDNA_5_SG.sharedLotterhosPuritz_3026_80be4f10","20_A11_CviMVP_PlDNA_5_SG.sharedLotterhosPuritz_3026_80be4f10_Dermo",1,NA,"Inconclusive",TRUE,0,0
20,"B12","FAM","Unkn-33",NA,0,0,"Dermo","A11_CviMVP_PlDNA_5_SG.sharedLotterhosPuritz_3026_80be4f10","CviMVP_30078","CS_DB_NJ_2022-9-21",22,"A11_CviMVP_PlDNA_5_SG.sharedLotterhosPuritz_3026_80be4f10","20_A11_CviMVP_PlDNA_5_SG.sharedLotterhosPuritz_3026_80be4f10_Dermo",2,NA,"Inconclusive",TRUE,0,0
20,"C03","FAM","Unkn-03",31.04,31.05,0,"Dermo","D9_CviMVP_PlDNA_5_SG_1157_3a105b17","CviMVP_10575","SkR_GA_2022-6-14",21,"D9_CviMVP_PlDNA_5_SG_1157_3a105b17","20_D9_CviMVP_PlDNA_5_SG_1157_3a105b17_Dermo",1,0.0199999999999996,"Positive",FALSE,0,0
20,"C04","FAM","Unkn-03",31.06,31.05,0,"Dermo","D9_CviMVP_PlDNA_5_SG_1157_3a105b17","CviMVP_10575","SkR_GA_2022-6-14",21,"D9_CviMVP_PlDNA_5_SG_1157_3a105b17","20_D9_CviMVP_PlDNA_5_SG_1157_3a105b17_Dermo",2,0.0199999999999996,"Positive",FALSE,0,0
20,"C05","FAM","Unkn-11",23.41,23.37,1e-05,"Dermo","E2_CviMVP_PlDNA_10_SG_2000_f05c5a6e","CviMVP_130191","AC_LIS_CT_2023-10-3",20,"E2_CviMVP_PlDNA_10_SG_2000_f05c5a6e","20_E2_CviMVP_PlDNA_10_SG_2000_f05c5a6e_Dermo",1,0.0800000000000018,"Positive",FALSE,3486.738,2
20,"C06","FAM","Unkn-11",23.33,23.37,1e-05,"Dermo","E2_CviMVP_PlDNA_10_SG_2000_f05c5a6e","CviMVP_130191","AC_LIS_CT_2023-10-3",20,"E2_CviMVP_PlDNA_10_SG_2000_f05c5a6e","20_E2_CviMVP_PlDNA_10_SG_2000_f05c5a6e_Dermo",2,0.0800000000000018,"Positive",FALSE,3486.738,2
20,"C07","FAM","Unkn-19",26.94,26.8,0,"Dermo","A10_CviMVP_PlDNA_6_SG_1440_e79e5351","CviMVP_11373","Cal_Lake_LA_2022-8-11",20,"A10_CviMVP_PlDNA_6_SG_1440_e79e5351","20_A10_CviMVP_PlDNA_6_SG_1440_e79e5351_Dermo",1,0.27,"Positive",FALSE,0,0
20,"C08","FAM","Unkn-19",26.67,26.8,0,"Dermo","A10_CviMVP_PlDNA_6_SG_1440_e79e5351","CviMVP_11373","Cal_Lake_LA_2022-8-11",20,"A10_CviMVP_PlDNA_6_SG_1440_e79e5351","20_A10_CviMVP_PlDNA_6_SG_1440_e79e5351_Dermo",2,0.27,"Positive",FALSE,0,0
20,"C09","FAM","Unkn-27",NA,0,0,"Dermo","G10_CviMVP_PlDNA_5_SG_1680_659f75bd","CviMVP_12078","EelLake_Canada_2022-9-27",19,"G10_CviMVP_PlDNA_5_SG_1680_659f75bd","20_G10_CviMVP_PlDNA_5_SG_1680_659f75bd_Dermo",1,NA,"Negative",FALSE,0,0
20,"C10","FAM","Unkn-27",NA,0,0,"Dermo","G10_CviMVP_PlDNA_5_SG_1680_659f75bd","CviMVP_12078","EelLake_Canada_2022-9-27",19,"G10_CviMVP_PlDNA_5_SG_1680_659f75bd","20_G10_CviMVP_PlDNA_5_SG_1680_659f75bd_Dermo",2,NA,"Negative",FALSE,0,0
20,"C11","FAM","Unkn-34",37.65,37.29,0,"Dermo","C11_CviMVP_PlDNA_5_SG.sharedLotterhosPuritz_1853_a4196b8b","CviMVP_12583","LCP_UP_MD_2022-10-20",21,"C11_CviMVP_PlDNA_5_SG.sharedLotterhosPuritz_1853_a4196b8b","20_C11_CviMVP_PlDNA_5_SG.sharedLotterhosPuritz_1853_a4196b8b_Dermo",1,0.710000000000001,"Positive",FALSE,0,0
20,"C12","FAM","Unkn-34",36.94,37.29,0,"Dermo","C11_CviMVP_PlDNA_5_SG.sharedLotterhosPuritz_1853_a4196b8b","CviMVP_12583","LCP_UP_MD_2022-10-20",21,"C11_CviMVP_PlDNA_5_SG.sharedLotterhosPuritz_1853_a4196b8b","20_C11_CviMVP_PlDNA_5_SG.sharedLotterhosPuritz_1853_a4196b8b_Dermo",2,0.710000000000001,"Positive",FALSE,0,0
20,"D03","FAM","Unkn-04",35.15,35.75,0,"Dermo","E9_CviMVP_PlDNA_5_SG_1208_b3818e2e","CviMVP_10711","TP_TX_2022-6-28",20,"E9_CviMVP_PlDNA_5_SG_1208_b3818e2e","20_E9_CviMVP_PlDNA_5_SG_1208_b3818e2e_Dermo",1,1.2,"Positive",FALSE,0,0
20,"D04","FAM","Unkn-04",36.35,35.75,0,"Dermo","E9_CviMVP_PlDNA_5_SG_1208_b3818e2e","CviMVP_10711","TP_TX_2022-6-28",20,"E9_CviMVP_PlDNA_5_SG_1208_b3818e2e","20_E9_CviMVP_PlDNA_5_SG_1208_b3818e2e_Dermo",2,1.2,"Positive",FALSE,0,0
20,"D05","FAM","Unkn-12",29.49,29.58,0,"Dermo","C4_CviMVP_PlDNA_6_SG_1587_9635577d","CviMVP_11802","KP_FGR_FL_2022-8-23",19,"C4_CviMVP_PlDNA_6_SG_1587_9635577d","20_C4_CviMVP_PlDNA_6_SG_1587_9635577d_Dermo",1,0.180000000000003,"Positive",FALSE,0,0
20,"D06","FAM","Unkn-12",29.67,29.58,0,"Dermo","C4_CviMVP_PlDNA_6_SG_1587_9635577d","CviMVP_11802","KP_FGR_FL_2022-8-23",19,"C4_CviMVP_PlDNA_6_SG_1587_9635577d","20_C4_CviMVP_PlDNA_6_SG_1587_9635577d_Dermo",2,0.180000000000003,"Positive",FALSE,0,0
20,"D07","FAM","Unkn-20",NA,0,0,"Dermo","C12_CviMVP_PlDNA_6_SG.sharedLotterhosPuritz_1752_f1fb4734","CviMVP_12288","DWS_CB_VA_2022-10-7",20,"C12_CviMVP_PlDNA_6_SG.sharedLotterhosPuritz_1752_f1fb4734","20_C12_CviMVP_PlDNA_6_SG.sharedLotterhosPuritz_1752_f1fb4734_Dermo",1,NA,"Negative",FALSE,0,0
20,"D08","FAM","Unkn-20",NA,0,0,"Dermo","C12_CviMVP_PlDNA_6_SG.sharedLotterhosPuritz_1752_f1fb4734","CviMVP_12288","DWS_CB_VA_2022-10-7",20,"C12_CviMVP_PlDNA_6_SG.sharedLotterhosPuritz_1752_f1fb4734","20_C12_CviMVP_PlDNA_6_SG.sharedLotterhosPuritz_1752_f1fb4734_Dermo",2,NA,"Negative",FALSE,0,0
20,"D09","FAM","Unkn-28",NA,0,0,"Dermo","B1_CviMVP_PlDNA_5_SG_1034_0e0ac7d6","CviMVP_10093","LakeFortuna_LA_2022-5-11",21,"B1_CviMVP_PlDNA_5_SG_1034_0e0ac7d6","20_B1_CviMVP_PlDNA_5_SG_1034_0e0ac7d6_Dermo",1,NA,"Negative",FALSE,0,0
20,"D10","FAM","Unkn-28",NA,0,0,"Dermo","B1_CviMVP_PlDNA_5_SG_1034_0e0ac7d6","CviMVP_10093","LakeFortuna_LA_2022-5-11",21,"B1_CviMVP_PlDNA_5_SG_1034_0e0ac7d6","20_B1_CviMVP_PlDNA_5_SG_1034_0e0ac7d6_Dermo",2,NA,"Negative",FALSE,0,0
20,"D11","FAM","Unkn-35",NA,0,0,"Dermo","E11_CviMVP_PlDNA_5_SG_1084_5795889f","CviMVP_10414","GalBay_TX_2022-6-2",23,"E11_CviMVP_PlDNA_5_SG_1084_5795889f","20_E11_CviMVP_PlDNA_5_SG_1084_5795889f_Dermo",1,NA,"Negative",FALSE,0,0
20,"D12","FAM","Unkn-35",NA,0,0,"Dermo","E11_CviMVP_PlDNA_5_SG_1084_5795889f","CviMVP_10414","GalBay_TX_2022-6-2",23,"E11_CviMVP_PlDNA_5_SG_1084_5795889f","20_E11_CviMVP_PlDNA_5_SG_1084_5795889f_Dermo",2,NA,"Negative",FALSE,0,0
20,"E03","FAM","Unkn-05",NA,0,0,"Dermo","F9_CviMVP_PlDNA_5_SG_1030_ea0d7b30","CviMVP_10076","LakeFortuna_LA_2022-5-11",22,"F9_CviMVP_PlDNA_5_SG_1030_ea0d7b30","20_F9_CviMVP_PlDNA_5_SG_1030_ea0d7b30_Dermo",1,NA,"Negative",FALSE,0,0
20,"E04","FAM","Unkn-05",NA,0,0,"Dermo","F9_CviMVP_PlDNA_5_SG_1030_ea0d7b30","CviMVP_10076","LakeFortuna_LA_2022-5-11",22,"F9_CviMVP_PlDNA_5_SG_1030_ea0d7b30","20_F9_CviMVP_PlDNA_5_SG_1030_ea0d7b30_Dermo",2,NA,"Negative",FALSE,0,0
20,"E05","FAM","Unkn-13",35.97,35.57,0,"Dermo","B6_CviMVP_PlDNA_6_SG_1919_1b8435de","CviMVP_12776","Orrs_Cove_ME_2022-10-31",20,"B6_CviMVP_PlDNA_6_SG_1919_1b8435de","20_B6_CviMVP_PlDNA_6_SG_1919_1b8435de_Dermo",1,0.789999999999999,"Positive",FALSE,0,0
20,"E06","FAM","Unkn-13",35.18,35.57,0,"Dermo","B6_CviMVP_PlDNA_6_SG_1919_1b8435de","CviMVP_12776","Orrs_Cove_ME_2022-10-31",20,"B6_CviMVP_PlDNA_6_SG_1919_1b8435de","20_B6_CviMVP_PlDNA_6_SG_1919_1b8435de_Dermo",2,0.789999999999999,"Positive",FALSE,0,0
20,"E07","FAM","Unkn-21",22.21,22.22,3e-05,"Dermo","G12_CviMVP_PlDNA_6_SG_1700_decb34ab","CviMVP_12136","SaLa_GA_2022-10-5",20,"G12_CviMVP_PlDNA_6_SG_1700_decb34ab","20_G12_CviMVP_PlDNA_6_SG_1700_decb34ab_Dermo",1,0.00999999999999801,"Positive",FALSE,10460.214,3
20,"E08","FAM","Unkn-21",22.22,22.22,3e-05,"Dermo","G12_CviMVP_PlDNA_6_SG_1700_decb34ab","CviMVP_12136","SaLa_GA_2022-10-5",20,"G12_CviMVP_PlDNA_6_SG_1700_decb34ab","20_G12_CviMVP_PlDNA_6_SG_1700_decb34ab_Dermo",2,0.00999999999999801,"Positive",FALSE,10460.214,3
20,"E09","FAM","Unkn-29",35.72,35.63,0,"Dermo","E2_CviMVP_PlDNA_6_SG.sharedLotterhosPuritz_3059_85a6ff3b","CviMVP_30174","HC_DB_NJ_2022-9-23",19,"E2_CviMVP_PlDNA_6_SG.sharedLotterhosPuritz_3059_85a6ff3b","20_E2_CviMVP_PlDNA_6_SG.sharedLotterhosPuritz_3059_85a6ff3b_Dermo",1,0.18,"Positive",FALSE,0,0
20,"E10","FAM","Unkn-29",35.54,35.63,0,"Dermo","E2_CviMVP_PlDNA_6_SG.sharedLotterhosPuritz_3059_85a6ff3b","CviMVP_30174","HC_DB_NJ_2022-9-23",19,"E2_CviMVP_PlDNA_6_SG.sharedLotterhosPuritz_3059_85a6ff3b","20_E2_CviMVP_PlDNA_6_SG.sharedLotterhosPuritz_3059_85a6ff3b_Dermo",2,0.18,"Positive",FALSE,0,0
20,"E11","FAM","Unkn-36",NA,0,0,"Dermo","H11_CviMVP_PlDNA_5_SG_1288_67942cfd","CviMVP_10937","Sapelo_Is_GA_2022-7-17",21,"H11_CviMVP_PlDNA_5_SG_1288_67942cfd","20_H11_CviMVP_PlDNA_5_SG_1288_67942cfd_Dermo",1,NA,"Inconclusive",TRUE,0,0
20,"E12","FAM","Unkn-36",37.3,37.3,0,"Dermo","H11_CviMVP_PlDNA_5_SG_1288_67942cfd","CviMVP_10937","Sapelo_Is_GA_2022-7-17",21,"H11_CviMVP_PlDNA_5_SG_1288_67942cfd","20_H11_CviMVP_PlDNA_5_SG_1288_67942cfd_Dermo",2,NA,"Inconclusive",TRUE,0,0
20,"F03","FAM","Unkn-06",24.09,24.11,1e-05,"Dermo","G9_CviMVP_PlDNA_5_SG_1705_f9a5bc2b","CviMVP_12150","SaLa_GA_2022-10-5",20,"G9_CviMVP_PlDNA_5_SG_1705_f9a5bc2b","20_G9_CviMVP_PlDNA_5_SG_1705_f9a5bc2b_Dermo",1,0.0399999999999991,"Positive",FALSE,3486.738,2
20,"F04","FAM","Unkn-06",24.13,24.11,1e-05,"Dermo","G9_CviMVP_PlDNA_5_SG_1705_f9a5bc2b","CviMVP_12150","SaLa_GA_2022-10-5",20,"G9_CviMVP_PlDNA_5_SG_1705_f9a5bc2b","20_G9_CviMVP_PlDNA_5_SG_1705_f9a5bc2b_Dermo",2,0.0399999999999991,"Positive",FALSE,3486.738,2
20,"F05","FAM","Unkn-14",NA,0,0,"Dermo","D6_CviMVP_PlDNA_6_SG_1071_6e238e9e","CviMVP_10360","GalBay_TX_2022-6-2",18,"D6_CviMVP_PlDNA_6_SG_1071_6e238e9e","20_D6_CviMVP_PlDNA_6_SG_1071_6e238e9e_Dermo",1,NA,"Negative",FALSE,0,0
20,"F06","FAM","Unkn-14",NA,0,0,"Dermo","D6_CviMVP_PlDNA_6_SG_1071_6e238e9e","CviMVP_10360","GalBay_TX_2022-6-2",18,"D6_CviMVP_PlDNA_6_SG_1071_6e238e9e","20_D6_CviMVP_PlDNA_6_SG_1071_6e238e9e_Dermo",2,NA,"Negative",FALSE,0,0
20,"F07","FAM","Unkn-22",36.15,35.84,0,"Dermo","G8_CviMVP_PlDNA_10_SG_2020_de490c97","CviMVP_15079","IL_ApBay_FL_2023-10-3",20,"G8_CviMVP_PlDNA_10_SG_2020_de490c97","20_G8_CviMVP_PlDNA_10_SG_2020_de490c97_Dermo",1,0.609999999999999,"Positive",FALSE,0,0
20,"F08","FAM","Unkn-22",35.54,35.84,0,"Dermo","G8_CviMVP_PlDNA_10_SG_2020_de490c97","CviMVP_15079","IL_ApBay_FL_2023-10-3",20,"G8_CviMVP_PlDNA_10_SG_2020_de490c97","20_G8_CviMVP_PlDNA_10_SG_2020_de490c97_Dermo",2,0.609999999999999,"Positive",FALSE,0,0
20,"F09","FAM","Unkn-30",24.34,24.32,1e-05,"Dermo","B3_CviMVP_PlDNA_6_SG_1627_913d6d02","CviMVP_11921","SawIs_MA_2022-9-5",20,"B3_CviMVP_PlDNA_6_SG_1627_913d6d02","20_B3_CviMVP_PlDNA_6_SG_1627_913d6d02_Dermo",1,0.0300000000000011,"Positive",FALSE,3486.738,2
20,"F10","FAM","Unkn-30",24.31,24.32,1e-05,"Dermo","B3_CviMVP_PlDNA_6_SG_1627_913d6d02","CviMVP_11921","SawIs_MA_2022-9-5",20,"B3_CviMVP_PlDNA_6_SG_1627_913d6d02","20_B3_CviMVP_PlDNA_6_SG_1627_913d6d02_Dermo",2,0.0300000000000011,"Positive",FALSE,3486.738,2
20,"F11","FAM","Unkn-37",26.61,26.62,0,"Dermo","G11_CviMVP_PlDNA_5_SG_1803_645f7974","CviMVP_12440","NPS_PS_NC_2022-10-12",20,"G11_CviMVP_PlDNA_5_SG_1803_645f7974","20_G11_CviMVP_PlDNA_5_SG_1803_645f7974_Dermo",1,0.0199999999999996,"Positive",FALSE,0,0
20,"F12","FAM","Unkn-37",26.63,26.62,0,"Dermo","G11_CviMVP_PlDNA_5_SG_1803_645f7974","CviMVP_12440","NPS_PS_NC_2022-10-12",20,"G11_CviMVP_PlDNA_5_SG_1803_645f7974","20_G11_CviMVP_PlDNA_5_SG_1803_645f7974_Dermo",2,0.0199999999999996,"Positive",FALSE,0,0
20,"G03","FAM","Unkn-07",32.95,33.09,0,"Dermo","H9_CviMVP_PlDNA_5_SG_1631_9c37eb1c","CviMVP_11933","SaltBay_Canada_2022-9-27",20,"H9_CviMVP_PlDNA_5_SG_1631_9c37eb1c","20_H9_CviMVP_PlDNA_5_SG_1631_9c37eb1c_Dermo",1,0.269999999999996,"Positive",FALSE,0,0
20,"G04","FAM","Unkn-07",33.22,33.09,0,"Dermo","H9_CviMVP_PlDNA_5_SG_1631_9c37eb1c","CviMVP_11933","SaltBay_Canada_2022-9-27",20,"H9_CviMVP_PlDNA_5_SG_1631_9c37eb1c","20_H9_CviMVP_PlDNA_5_SG_1631_9c37eb1c_Dermo",2,0.269999999999996,"Positive",FALSE,0,0
20,"G05","FAM","Unkn-15",27.37,27.36,0,"Dermo","C7_CviMVP_PlDNA_6_SG.sharedLotterhosPuritz_1532_2fee5644","CviMVP_11644","DC_NB_RI_2022-8-19",21,"C7_CviMVP_PlDNA_6_SG.sharedLotterhosPuritz_1532_2fee5644","20_C7_CviMVP_PlDNA_6_SG.sharedLotterhosPuritz_1532_2fee5644_Dermo",1,0.0100000000000016,"Positive",FALSE,0,0
20,"G06","FAM","Unkn-15",27.36,27.36,0,"Dermo","C7_CviMVP_PlDNA_6_SG.sharedLotterhosPuritz_1532_2fee5644","CviMVP_11644","DC_NB_RI_2022-8-19",21,"C7_CviMVP_PlDNA_6_SG.sharedLotterhosPuritz_1532_2fee5644","20_C7_CviMVP_PlDNA_6_SG.sharedLotterhosPuritz_1532_2fee5644_Dermo",2,0.0100000000000016,"Positive",FALSE,0,0
20,"G07","FAM","Unkn-23",28.54,28.58,0,"Dermo","B11_CviMVP_PlDNA_10_SG_2002_0754d098","CviMVP_130251","AC_LIS_CT_2023-10-3",20,"B11_CviMVP_PlDNA_10_SG_2002_0754d098","20_B11_CviMVP_PlDNA_10_SG_2002_0754d098_Dermo",1,0.0899999999999999,"Positive",FALSE,0,0
20,"G08","FAM","Unkn-23",28.63,28.58,0,"Dermo","B11_CviMVP_PlDNA_10_SG_2002_0754d098","CviMVP_130251","AC_LIS_CT_2023-10-3",20,"B11_CviMVP_PlDNA_10_SG_2002_0754d098","20_B11_CviMVP_PlDNA_10_SG_2002_0754d098_Dermo",2,0.0899999999999999,"Positive",FALSE,0,0
20,"G09","FAM","Unkn-31",39.2,39.2,0,"Dermo","C12_CviMVP_PlDNA_5_SG_1348_b189398c","CviMVP_11112","Nickle_Rf_LA_2022-8-1",22,"C12_CviMVP_PlDNA_5_SG_1348_b189398c","20_C12_CviMVP_PlDNA_5_SG_1348_b189398c_Dermo",1,NA,"Inconclusive",TRUE,0,0
20,"G10","FAM","Unkn-31",NA,0,0,"Dermo","C12_CviMVP_PlDNA_5_SG_1348_b189398c","CviMVP_11112","Nickle_Rf_LA_2022-8-1",22,"C12_CviMVP_PlDNA_5_SG_1348_b189398c","20_C12_CviMVP_PlDNA_5_SG_1348_b189398c_Dermo",2,NA,"Inconclusive",TRUE,0,0
20,"H01","FAM","Unkn-38",39.92,39.92,0,"Dermo","F7_CviMVP_PlDNA_5_SG_1354_541bb3b2","CviMVP_11130","Nickle_Rf_LA_2022-8-1",22,"F7_CviMVP_PlDNA_5_SG_1354_541bb3b2","20_F7_CviMVP_PlDNA_5_SG_1354_541bb3b2_Dermo",1,NA,"Inconclusive",TRUE,0,0
20,"H02","FAM","Unkn-38",NA,0,0,"Dermo","F7_CviMVP_PlDNA_5_SG_1354_541bb3b2","CviMVP_11130","Nickle_Rf_LA_2022-8-1",22,"F7_CviMVP_PlDNA_5_SG_1354_541bb3b2","20_F7_CviMVP_PlDNA_5_SG_1354_541bb3b2_Dermo",2,NA,"Inconclusive",TRUE,0,0
20,"H03","FAM","Unkn-08",30.02,30.1,0,"Dermo","B12_CviMVP_PlDNA_5_SG_1322_2335500b","CviMVP_11036","Mer_GA_2022-7-26",19,"B12_CviMVP_PlDNA_5_SG_1322_2335500b","20_B12_CviMVP_PlDNA_5_SG_1322_2335500b_Dermo",1,0.150000000000002,"Positive",FALSE,0,0
20,"H04","FAM","Unkn-08",30.17,30.1,0,"Dermo","B12_CviMVP_PlDNA_5_SG_1322_2335500b","CviMVP_11036","Mer_GA_2022-7-26",19,"B12_CviMVP_PlDNA_5_SG_1322_2335500b","20_B12_CviMVP_PlDNA_5_SG_1322_2335500b_Dermo",2,0.150000000000002,"Positive",FALSE,0,0
20,"H05","FAM","Unkn-16",30.36,30.46,0,"Dermo","E7_CviMVP_PlDNA_6_SG.sharedLotterhosPuritz_3004_6049f6a9","CviMVP_30012","CS_DB_NJ_2022-9-21",22,"E7_CviMVP_PlDNA_6_SG.sharedLotterhosPuritz_3004_6049f6a9","20_E7_CviMVP_PlDNA_6_SG.sharedLotterhosPuritz_3004_6049f6a9_Dermo",1,0.199999999999999,"Positive",FALSE,0,0
20,"H06","FAM","Unkn-16",30.56,30.46,0,"Dermo","E7_CviMVP_PlDNA_6_SG.sharedLotterhosPuritz_3004_6049f6a9","CviMVP_30012","CS_DB_NJ_2022-9-21",22,"E7_CviMVP_PlDNA_6_SG.sharedLotterhosPuritz_3004_6049f6a9","20_E7_CviMVP_PlDNA_6_SG.sharedLotterhosPuritz_3004_6049f6a9_Dermo",2,0.199999999999999,"Positive",FALSE,0,0
20,"H07","FAM","Unkn-24",NA,0,0,"Dermo","C5_CviMVP_PlDNA_5_SG_1563_7e234e54","CviMVP_11737","CPR_MS_AL_2022-8-24",21,"C5_CviMVP_PlDNA_5_SG_1563_7e234e54","20_C5_CviMVP_PlDNA_5_SG_1563_7e234e54_Dermo",1,NA,"Negative",FALSE,0,0
20,"H08","FAM","Unkn-24",NA,0,0,"Dermo","C5_CviMVP_PlDNA_5_SG_1563_7e234e54","CviMVP_11737","CPR_MS_AL_2022-8-24",21,"C5_CviMVP_PlDNA_5_SG_1563_7e234e54","20_C5_CviMVP_PlDNA_5_SG_1563_7e234e54_Dermo",2,NA,"Negative",FALSE,0,0
20,"H09","FAM","Unkn-32",26.18,26.17,0,"Dermo","D12_CviMVP_PlDNA_5_SG.sharedLotterhosPuritz_1856_c5dc6416","CviMVP_12592","LCP_UP_MD_2022-10-20",22,"D12_CviMVP_PlDNA_5_SG.sharedLotterhosPuritz_1856_c5dc6416","20_D12_CviMVP_PlDNA_5_SG.sharedLotterhosPuritz_1856_c5dc6416_Dermo",1,0.0199999999999996,"Positive",FALSE,0,0
20,"H10","FAM","Unkn-32",26.16,26.17,0,"Dermo","D12_CviMVP_PlDNA_5_SG.sharedLotterhosPuritz_1856_c5dc6416","CviMVP_12592","LCP_UP_MD_2022-10-20",22,"D12_CviMVP_PlDNA_5_SG.sharedLotterhosPuritz_1856_c5dc6416","20_D12_CviMVP_PlDNA_5_SG.sharedLotterhosPuritz_1856_c5dc6416_Dermo",2,0.0199999999999996,"Positive",FALSE,0,0
20,"A03","HEX","Unkn-01",37.3,36.98,0,"MSX","B9_CviMVP_PlDNA_5_SG_1160_aff920b0","CviMVP_10581","SkR_GA_2022-6-14",18,"B9_CviMVP_PlDNA_5_SG_1160_aff920b0","20_B9_CviMVP_PlDNA_5_SG_1160_aff920b0_MSX",1,0.640000000000001,"Positive",FALSE,0,0
20,"A04","HEX","Unkn-01",36.66,36.98,0,"MSX","B9_CviMVP_PlDNA_5_SG_1160_aff920b0","CviMVP_10581","SkR_GA_2022-6-14",18,"B9_CviMVP_PlDNA_5_SG_1160_aff920b0","20_B9_CviMVP_PlDNA_5_SG_1160_aff920b0_MSX",2,0.640000000000001,"Positive",FALSE,0,0
20,"A05","HEX","Unkn-09",39.03,39.03,0,"MSX","C1_CviMVP_PlDNA_6_SG.sharedLotterhosPuritz_1499_50f125eb","CviMVP_11546","NR_NB_RI_2022-8-19",20,"C1_CviMVP_PlDNA_6_SG.sharedLotterhosPuritz_1499_50f125eb","20_C1_CviMVP_PlDNA_6_SG.sharedLotterhosPuritz_1499_50f125eb_MSX",1,NA,"Inconclusive",TRUE,0,0
20,"A06","HEX","Unkn-09",NA,0,0,"MSX","C1_CviMVP_PlDNA_6_SG.sharedLotterhosPuritz_1499_50f125eb","CviMVP_11546","NR_NB_RI_2022-8-19",20,"C1_CviMVP_PlDNA_6_SG.sharedLotterhosPuritz_1499_50f125eb","20_C1_CviMVP_PlDNA_6_SG.sharedLotterhosPuritz_1499_50f125eb_MSX",2,NA,"Inconclusive",TRUE,0,0
20,"A07","HEX","Unkn-17",35.01,35.04,0,"MSX","C8_CviMVP_PlDNA_6_SG_1584_44720c93","CviMVP_11794","KP_FGR_FL_2022-8-23",21,"C8_CviMVP_PlDNA_6_SG_1584_44720c93","20_C8_CviMVP_PlDNA_6_SG_1584_44720c93_MSX",1,0.0500000000000043,"Positive",FALSE,0,0
20,"A08","HEX","Unkn-17",35.06,35.04,0,"MSX","C8_CviMVP_PlDNA_6_SG_1584_44720c93","CviMVP_11794","KP_FGR_FL_2022-8-23",21,"C8_CviMVP_PlDNA_6_SG_1584_44720c93","20_C8_CviMVP_PlDNA_6_SG_1584_44720c93_MSX",2,0.0500000000000043,"Positive",FALSE,0,0
20,"A09","HEX","Unkn-25",NA,0,0,"MSX","F12_CviMVP_PlDNA_5_SG_1564_9305f148","CviMVP_11740","CPR_MS_AL_2022-8-24",20,"F12_CviMVP_PlDNA_5_SG_1564_9305f148","20_F12_CviMVP_PlDNA_5_SG_1564_9305f148_MSX",1,NA,"Negative",FALSE,0,0
20,"A10","HEX","Unkn-25",NA,0,0,"MSX","F12_CviMVP_PlDNA_5_SG_1564_9305f148","CviMVP_11740","CPR_MS_AL_2022-8-24",20,"F12_CviMVP_PlDNA_5_SG_1564_9305f148","20_F12_CviMVP_PlDNA_5_SG_1564_9305f148_MSX",2,NA,"Negative",FALSE,0,0
20,"B03","HEX","Unkn-02",32.35,32.44,0,"MSX","C9_CviMVP_PlDNA_5_SG_1161_bee23f77","CviMVP_10584","SkR_GA_2022-6-14",20,"C9_CviMVP_PlDNA_5_SG_1161_bee23f77","20_C9_CviMVP_PlDNA_5_SG_1161_bee23f77_MSX",1,0.18,"Positive",FALSE,0,0
20,"B04","HEX","Unkn-02",32.53,32.44,0,"MSX","C9_CviMVP_PlDNA_5_SG_1161_bee23f77","CviMVP_10584","SkR_GA_2022-6-14",20,"C9_CviMVP_PlDNA_5_SG_1161_bee23f77","20_C9_CviMVP_PlDNA_5_SG_1161_bee23f77_MSX",2,0.18,"Positive",FALSE,0,0
20,"B05","HEX","Unkn-10",NA,0,0,"MSX","D2_CviMVP_PlDNA_10_SG_1695_0eae69c4","CviMVP_12121","SaLa_GA_2022-10-5",20,"D2_CviMVP_PlDNA_10_SG_1695_0eae69c4","20_D2_CviMVP_PlDNA_10_SG_1695_0eae69c4_MSX",1,NA,"Negative",FALSE,0,0
20,"B06","HEX","Unkn-10",NA,0,0,"MSX","D2_CviMVP_PlDNA_10_SG_1695_0eae69c4","CviMVP_12121","SaLa_GA_2022-10-5",20,"D2_CviMVP_PlDNA_10_SG_1695_0eae69c4","20_D2_CviMVP_PlDNA_10_SG_1695_0eae69c4_MSX",2,NA,"Negative",FALSE,0,0
20,"B07","HEX","Unkn-18",NA,0,0,"MSX","D8_CviMVP_PlDNA_6_SG_1052_c46c4085","CviMVP_10305","OL_MI_SC_2022-5-31",18,"D8_CviMVP_PlDNA_6_SG_1052_c46c4085","20_D8_CviMVP_PlDNA_6_SG_1052_c46c4085_MSX",1,NA,"Negative",FALSE,0,0
20,"B08","HEX","Unkn-18",NA,0,0,"MSX","D8_CviMVP_PlDNA_6_SG_1052_c46c4085","CviMVP_10305","OL_MI_SC_2022-5-31",18,"D8_CviMVP_PlDNA_6_SG_1052_c46c4085","20_D8_CviMVP_PlDNA_6_SG_1052_c46c4085_MSX",2,NA,"Negative",FALSE,0,0
20,"B09","HEX","Unkn-26",NA,0,0,"MSX","G8_CviMVP_PlDNA_5_SG_1347_6fd02556","CviMVP_11109","Nickle_Rf_LA_2022-8-1",20,"G8_CviMVP_PlDNA_5_SG_1347_6fd02556","20_G8_CviMVP_PlDNA_5_SG_1347_6fd02556_MSX",1,NA,"Negative",FALSE,0,0
20,"B10","HEX","Unkn-26",NA,0,0,"MSX","G8_CviMVP_PlDNA_5_SG_1347_6fd02556","CviMVP_11109","Nickle_Rf_LA_2022-8-1",20,"G8_CviMVP_PlDNA_5_SG_1347_6fd02556","20_G8_CviMVP_PlDNA_5_SG_1347_6fd02556_MSX",2,NA,"Negative",FALSE,0,0
20,"B11","HEX","Unkn-33",NA,0,0,"MSX","A11_CviMVP_PlDNA_5_SG.sharedLotterhosPuritz_3026_80be4f10","CviMVP_30078","CS_DB_NJ_2022-9-21",22,"A11_CviMVP_PlDNA_5_SG.sharedLotterhosPuritz_3026_80be4f10","20_A11_CviMVP_PlDNA_5_SG.sharedLotterhosPuritz_3026_80be4f10_MSX",1,NA,"Negative",FALSE,0,0
20,"B12","HEX","Unkn-33",NA,0,0,"MSX","A11_CviMVP_PlDNA_5_SG.sharedLotterhosPuritz_3026_80be4f10","CviMVP_30078","CS_DB_NJ_2022-9-21",22,"A11_CviMVP_PlDNA_5_SG.sharedLotterhosPuritz_3026_80be4f10","20_A11_CviMVP_PlDNA_5_SG.sharedLotterhosPuritz_3026_80be4f10_MSX",2,NA,"Negative",FALSE,0,0
20,"C03","HEX","Unkn-03",30.66,30.63,0,"MSX","D9_CviMVP_PlDNA_5_SG_1157_3a105b17","CviMVP_10575","SkR_GA_2022-6-14",21,"D9_CviMVP_PlDNA_5_SG_1157_3a105b17","20_D9_CviMVP_PlDNA_5_SG_1157_3a105b17_MSX",1,0.0599999999999987,"Positive",FALSE,0,0
20,"C04","HEX","Unkn-03",30.6,30.63,0,"MSX","D9_CviMVP_PlDNA_5_SG_1157_3a105b17","CviMVP_10575","SkR_GA_2022-6-14",21,"D9_CviMVP_PlDNA_5_SG_1157_3a105b17","20_D9_CviMVP_PlDNA_5_SG_1157_3a105b17_MSX",2,0.0599999999999987,"Positive",FALSE,0,0
20,"C05","HEX","Unkn-11",NA,0,0,"MSX","E2_CviMVP_PlDNA_10_SG_2000_f05c5a6e","CviMVP_130191","AC_LIS_CT_2023-10-3",20,"E2_CviMVP_PlDNA_10_SG_2000_f05c5a6e","20_E2_CviMVP_PlDNA_10_SG_2000_f05c5a6e_MSX",1,NA,"Inconclusive",TRUE,0,0
20,"C06","HEX","Unkn-11",38.37,38.37,0,"MSX","E2_CviMVP_PlDNA_10_SG_2000_f05c5a6e","CviMVP_130191","AC_LIS_CT_2023-10-3",20,"E2_CviMVP_PlDNA_10_SG_2000_f05c5a6e","20_E2_CviMVP_PlDNA_10_SG_2000_f05c5a6e_MSX",2,NA,"Inconclusive",TRUE,0,0
20,"C07","HEX","Unkn-19",NA,0,0,"MSX","A10_CviMVP_PlDNA_6_SG_1440_e79e5351","CviMVP_11373","Cal_Lake_LA_2022-8-11",20,"A10_CviMVP_PlDNA_6_SG_1440_e79e5351","20_A10_CviMVP_PlDNA_6_SG_1440_e79e5351_MSX",1,NA,"Negative",FALSE,0,0
20,"C08","HEX","Unkn-19",NA,0,0,"MSX","A10_CviMVP_PlDNA_6_SG_1440_e79e5351","CviMVP_11373","Cal_Lake_LA_2022-8-11",20,"A10_CviMVP_PlDNA_6_SG_1440_e79e5351","20_A10_CviMVP_PlDNA_6_SG_1440_e79e5351_MSX",2,NA,"Negative",FALSE,0,0
20,"C09","HEX","Unkn-27",NA,0,0,"MSX","G10_CviMVP_PlDNA_5_SG_1680_659f75bd","CviMVP_12078","EelLake_Canada_2022-9-27",19,"G10_CviMVP_PlDNA_5_SG_1680_659f75bd","20_G10_CviMVP_PlDNA_5_SG_1680_659f75bd_MSX",1,NA,"Negative",FALSE,0,0
20,"C10","HEX","Unkn-27",NA,0,0,"MSX","G10_CviMVP_PlDNA_5_SG_1680_659f75bd","CviMVP_12078","EelLake_Canada_2022-9-27",19,"G10_CviMVP_PlDNA_5_SG_1680_659f75bd","20_G10_CviMVP_PlDNA_5_SG_1680_659f75bd_MSX",2,NA,"Negative",FALSE,0,0
20,"C11","HEX","Unkn-34",NA,0,0,"MSX","C11_CviMVP_PlDNA_5_SG.sharedLotterhosPuritz_1853_a4196b8b","CviMVP_12583","LCP_UP_MD_2022-10-20",21,"C11_CviMVP_PlDNA_5_SG.sharedLotterhosPuritz_1853_a4196b8b","20_C11_CviMVP_PlDNA_5_SG.sharedLotterhosPuritz_1853_a4196b8b_MSX",1,NA,"Negative",FALSE,0,0
20,"C12","HEX","Unkn-34",NA,0,0,"MSX","C11_CviMVP_PlDNA_5_SG.sharedLotterhosPuritz_1853_a4196b8b","CviMVP_12583","LCP_UP_MD_2022-10-20",21,"C11_CviMVP_PlDNA_5_SG.sharedLotterhosPuritz_1853_a4196b8b","20_C11_CviMVP_PlDNA_5_SG.sharedLotterhosPuritz_1853_a4196b8b_MSX",2,NA,"Negative",FALSE,0,0
20,"D03","HEX","Unkn-04",NA,0,0,"MSX","E9_CviMVP_PlDNA_5_SG_1208_b3818e2e","CviMVP_10711","TP_TX_2022-6-28",20,"E9_CviMVP_PlDNA_5_SG_1208_b3818e2e","20_E9_CviMVP_PlDNA_5_SG_1208_b3818e2e_MSX",1,NA,"Negative",FALSE,0,0
20,"D04","HEX","Unkn-04",NA,0,0,"MSX","E9_CviMVP_PlDNA_5_SG_1208_b3818e2e","CviMVP_10711","TP_TX_2022-6-28",20,"E9_CviMVP_PlDNA_5_SG_1208_b3818e2e","20_E9_CviMVP_PlDNA_5_SG_1208_b3818e2e_MSX",2,NA,"Negative",FALSE,0,0
20,"D05","HEX","Unkn-12",35.31,35.36,0,"MSX","C4_CviMVP_PlDNA_6_SG_1587_9635577d","CviMVP_11802","KP_FGR_FL_2022-8-23",19,"C4_CviMVP_PlDNA_6_SG_1587_9635577d","20_C4_CviMVP_PlDNA_6_SG_1587_9635577d_MSX",1,0.0999999999999943,"Positive",FALSE,0,0
20,"D06","HEX","Unkn-12",35.41,35.36,0,"MSX","C4_CviMVP_PlDNA_6_SG_1587_9635577d","CviMVP_11802","KP_FGR_FL_2022-8-23",19,"C4_CviMVP_PlDNA_6_SG_1587_9635577d","20_C4_CviMVP_PlDNA_6_SG_1587_9635577d_MSX",2,0.0999999999999943,"Positive",FALSE,0,0
20,"D07","HEX","Unkn-20",NA,0,0,"MSX","C12_CviMVP_PlDNA_6_SG.sharedLotterhosPuritz_1752_f1fb4734","CviMVP_12288","DWS_CB_VA_2022-10-7",20,"C12_CviMVP_PlDNA_6_SG.sharedLotterhosPuritz_1752_f1fb4734","20_C12_CviMVP_PlDNA_6_SG.sharedLotterhosPuritz_1752_f1fb4734_MSX",1,NA,"Negative",FALSE,0,0
20,"D08","HEX","Unkn-20",NA,0,0,"MSX","C12_CviMVP_PlDNA_6_SG.sharedLotterhosPuritz_1752_f1fb4734","CviMVP_12288","DWS_CB_VA_2022-10-7",20,"C12_CviMVP_PlDNA_6_SG.sharedLotterhosPuritz_1752_f1fb4734","20_C12_CviMVP_PlDNA_6_SG.sharedLotterhosPuritz_1752_f1fb4734_MSX",2,NA,"Negative",FALSE,0,0
20,"D09","HEX","Unkn-28",NA,0,0,"MSX","B1_CviMVP_PlDNA_5_SG_1034_0e0ac7d6","CviMVP_10093","LakeFortuna_LA_2022-5-11",21,"B1_CviMVP_PlDNA_5_SG_1034_0e0ac7d6","20_B1_CviMVP_PlDNA_5_SG_1034_0e0ac7d6_MSX",1,NA,"Negative",FALSE,0,0
20,"D10","HEX","Unkn-28",NA,0,0,"MSX","B1_CviMVP_PlDNA_5_SG_1034_0e0ac7d6","CviMVP_10093","LakeFortuna_LA_2022-5-11",21,"B1_CviMVP_PlDNA_5_SG_1034_0e0ac7d6","20_B1_CviMVP_PlDNA_5_SG_1034_0e0ac7d6_MSX",2,NA,"Negative",FALSE,0,0
20,"D11","HEX","Unkn-35",NA,0,0,"MSX","E11_CviMVP_PlDNA_5_SG_1084_5795889f","CviMVP_10414","GalBay_TX_2022-6-2",23,"E11_CviMVP_PlDNA_5_SG_1084_5795889f","20_E11_CviMVP_PlDNA_5_SG_1084_5795889f_MSX",1,NA,"Negative",FALSE,0,0
20,"D12","HEX","Unkn-35",NA,0,0,"MSX","E11_CviMVP_PlDNA_5_SG_1084_5795889f","CviMVP_10414","GalBay_TX_2022-6-2",23,"E11_CviMVP_PlDNA_5_SG_1084_5795889f","20_E11_CviMVP_PlDNA_5_SG_1084_5795889f_MSX",2,NA,"Negative",FALSE,0,0
20,"E03","HEX","Unkn-05",NA,0,0,"MSX","F9_CviMVP_PlDNA_5_SG_1030_ea0d7b30","CviMVP_10076","LakeFortuna_LA_2022-5-11",22,"F9_CviMVP_PlDNA_5_SG_1030_ea0d7b30","20_F9_CviMVP_PlDNA_5_SG_1030_ea0d7b30_MSX",1,NA,"Negative",FALSE,0,0
20,"E04","HEX","Unkn-05",NA,0,0,"MSX","F9_CviMVP_PlDNA_5_SG_1030_ea0d7b30","CviMVP_10076","LakeFortuna_LA_2022-5-11",22,"F9_CviMVP_PlDNA_5_SG_1030_ea0d7b30","20_F9_CviMVP_PlDNA_5_SG_1030_ea0d7b30_MSX",2,NA,"Negative",FALSE,0,0
20,"E05","HEX","Unkn-13",34.02,33.99,0,"MSX","B6_CviMVP_PlDNA_6_SG_1919_1b8435de","CviMVP_12776","Orrs_Cove_ME_2022-10-31",20,"B6_CviMVP_PlDNA_6_SG_1919_1b8435de","20_B6_CviMVP_PlDNA_6_SG_1919_1b8435de_MSX",1,0.0600000000000023,"Positive",FALSE,0,0
20,"E06","HEX","Unkn-13",33.96,33.99,0,"MSX","B6_CviMVP_PlDNA_6_SG_1919_1b8435de","CviMVP_12776","Orrs_Cove_ME_2022-10-31",20,"B6_CviMVP_PlDNA_6_SG_1919_1b8435de","20_B6_CviMVP_PlDNA_6_SG_1919_1b8435de_MSX",2,0.0600000000000023,"Positive",FALSE,0,0
20,"E07","HEX","Unkn-21",28.78,28.74,0,"MSX","G12_CviMVP_PlDNA_6_SG_1700_decb34ab","CviMVP_12136","SaLa_GA_2022-10-5",20,"G12_CviMVP_PlDNA_6_SG_1700_decb34ab","20_G12_CviMVP_PlDNA_6_SG_1700_decb34ab_MSX",1,0.0800000000000018,"Positive",FALSE,0,0
20,"E08","HEX","Unkn-21",28.7,28.74,0,"MSX","G12_CviMVP_PlDNA_6_SG_1700_decb34ab","CviMVP_12136","SaLa_GA_2022-10-5",20,"G12_CviMVP_PlDNA_6_SG_1700_decb34ab","20_G12_CviMVP_PlDNA_6_SG_1700_decb34ab_MSX",2,0.0800000000000018,"Positive",FALSE,0,0
20,"E09","HEX","Unkn-29",NA,0,0,"MSX","E2_CviMVP_PlDNA_6_SG.sharedLotterhosPuritz_3059_85a6ff3b","CviMVP_30174","HC_DB_NJ_2022-9-23",19,"E2_CviMVP_PlDNA_6_SG.sharedLotterhosPuritz_3059_85a6ff3b","20_E2_CviMVP_PlDNA_6_SG.sharedLotterhosPuritz_3059_85a6ff3b_MSX",1,NA,"Negative",FALSE,0,0
20,"E10","HEX","Unkn-29",NA,0,0,"MSX","E2_CviMVP_PlDNA_6_SG.sharedLotterhosPuritz_3059_85a6ff3b","CviMVP_30174","HC_DB_NJ_2022-9-23",19,"E2_CviMVP_PlDNA_6_SG.sharedLotterhosPuritz_3059_85a6ff3b","20_E2_CviMVP_PlDNA_6_SG.sharedLotterhosPuritz_3059_85a6ff3b_MSX",2,NA,"Negative",FALSE,0,0
20,"E11","HEX","Unkn-36",36.3,36.2,0,"MSX","H11_CviMVP_PlDNA_5_SG_1288_67942cfd","CviMVP_10937","Sapelo_Is_GA_2022-7-17",21,"H11_CviMVP_PlDNA_5_SG_1288_67942cfd","20_H11_CviMVP_PlDNA_5_SG_1288_67942cfd_MSX",1,0.199999999999996,"Positive",FALSE,0,0
20,"E12","HEX","Unkn-36",36.1,36.2,0,"MSX","H11_CviMVP_PlDNA_5_SG_1288_67942cfd","CviMVP_10937","Sapelo_Is_GA_2022-7-17",21,"H11_CviMVP_PlDNA_5_SG_1288_67942cfd","20_H11_CviMVP_PlDNA_5_SG_1288_67942cfd_MSX",2,0.199999999999996,"Positive",FALSE,0,0
20,"F03","HEX","Unkn-06",NA,0,0,"MSX","G9_CviMVP_PlDNA_5_SG_1705_f9a5bc2b","CviMVP_12150","SaLa_GA_2022-10-5",20,"G9_CviMVP_PlDNA_5_SG_1705_f9a5bc2b","20_G9_CviMVP_PlDNA_5_SG_1705_f9a5bc2b_MSX",1,NA,"Negative",FALSE,0,0
20,"F04","HEX","Unkn-06",NA,0,0,"MSX","G9_CviMVP_PlDNA_5_SG_1705_f9a5bc2b","CviMVP_12150","SaLa_GA_2022-10-5",20,"G9_CviMVP_PlDNA_5_SG_1705_f9a5bc2b","20_G9_CviMVP_PlDNA_5_SG_1705_f9a5bc2b_MSX",2,NA,"Negative",FALSE,0,0
20,"F05","HEX","Unkn-14",NA,0,0,"MSX","D6_CviMVP_PlDNA_6_SG_1071_6e238e9e","CviMVP_10360","GalBay_TX_2022-6-2",18,"D6_CviMVP_PlDNA_6_SG_1071_6e238e9e","20_D6_CviMVP_PlDNA_6_SG_1071_6e238e9e_MSX",1,NA,"Negative",FALSE,0,0
20,"F06","HEX","Unkn-14",NA,0,0,"MSX","D6_CviMVP_PlDNA_6_SG_1071_6e238e9e","CviMVP_10360","GalBay_TX_2022-6-2",18,"D6_CviMVP_PlDNA_6_SG_1071_6e238e9e","20_D6_CviMVP_PlDNA_6_SG_1071_6e238e9e_MSX",2,NA,"Negative",FALSE,0,0
20,"F07","HEX","Unkn-22",NA,0,0,"MSX","G8_CviMVP_PlDNA_10_SG_2020_de490c97","CviMVP_15079","IL_ApBay_FL_2023-10-3",20,"G8_CviMVP_PlDNA_10_SG_2020_de490c97","20_G8_CviMVP_PlDNA_10_SG_2020_de490c97_MSX",1,NA,"Negative",FALSE,0,0
20,"F08","HEX","Unkn-22",NA,0,0,"MSX","G8_CviMVP_PlDNA_10_SG_2020_de490c97","CviMVP_15079","IL_ApBay_FL_2023-10-3",20,"G8_CviMVP_PlDNA_10_SG_2020_de490c97","20_G8_CviMVP_PlDNA_10_SG_2020_de490c97_MSX",2,NA,"Negative",FALSE,0,0
20,"F09","HEX","Unkn-30",25.45,25.5,1e-05,"MSX","B3_CviMVP_PlDNA_6_SG_1627_913d6d02","CviMVP_11921","SawIs_MA_2022-9-5",20,"B3_CviMVP_PlDNA_6_SG_1627_913d6d02","20_B3_CviMVP_PlDNA_6_SG_1627_913d6d02_MSX",1,0.0899999999999999,"Positive",FALSE,3905.267,2
20,"F10","HEX","Unkn-30",25.54,25.5,1e-05,"MSX","B3_CviMVP_PlDNA_6_SG_1627_913d6d02","CviMVP_11921","SawIs_MA_2022-9-5",20,"B3_CviMVP_PlDNA_6_SG_1627_913d6d02","20_B3_CviMVP_PlDNA_6_SG_1627_913d6d02_MSX",2,0.0899999999999999,"Positive",FALSE,3905.267,2
20,"F11","HEX","Unkn-37",NA,0,0,"MSX","G11_CviMVP_PlDNA_5_SG_1803_645f7974","CviMVP_12440","NPS_PS_NC_2022-10-12",20,"G11_CviMVP_PlDNA_5_SG_1803_645f7974","20_G11_CviMVP_PlDNA_5_SG_1803_645f7974_MSX",1,NA,"Negative",FALSE,0,0
20,"F12","HEX","Unkn-37",NA,0,0,"MSX","G11_CviMVP_PlDNA_5_SG_1803_645f7974","CviMVP_12440","NPS_PS_NC_2022-10-12",20,"G11_CviMVP_PlDNA_5_SG_1803_645f7974","20_G11_CviMVP_PlDNA_5_SG_1803_645f7974_MSX",2,NA,"Negative",FALSE,0,0
20,"G03","HEX","Unkn-07",NA,0,0,"MSX","H9_CviMVP_PlDNA_5_SG_1631_9c37eb1c","CviMVP_11933","SaltBay_Canada_2022-9-27",20,"H9_CviMVP_PlDNA_5_SG_1631_9c37eb1c","20_H9_CviMVP_PlDNA_5_SG_1631_9c37eb1c_MSX",1,NA,"Negative",FALSE,0,0
20,"G04","HEX","Unkn-07",NA,0,0,"MSX","H9_CviMVP_PlDNA_5_SG_1631_9c37eb1c","CviMVP_11933","SaltBay_Canada_2022-9-27",20,"H9_CviMVP_PlDNA_5_SG_1631_9c37eb1c","20_H9_CviMVP_PlDNA_5_SG_1631_9c37eb1c_MSX",2,NA,"Negative",FALSE,0,0
20,"G05","HEX","Unkn-15",39.77,38.52,0,"MSX","C7_CviMVP_PlDNA_6_SG.sharedLotterhosPuritz_1532_2fee5644","CviMVP_11644","DC_NB_RI_2022-8-19",21,"C7_CviMVP_PlDNA_6_SG.sharedLotterhosPuritz_1532_2fee5644","20_C7_CviMVP_PlDNA_6_SG.sharedLotterhosPuritz_1532_2fee5644_MSX",1,2.5,"Inconclusive",TRUE,0,0
20,"G06","HEX","Unkn-15",37.27,38.52,0,"MSX","C7_CviMVP_PlDNA_6_SG.sharedLotterhosPuritz_1532_2fee5644","CviMVP_11644","DC_NB_RI_2022-8-19",21,"C7_CviMVP_PlDNA_6_SG.sharedLotterhosPuritz_1532_2fee5644","20_C7_CviMVP_PlDNA_6_SG.sharedLotterhosPuritz_1532_2fee5644_MSX",2,2.5,"Inconclusive",TRUE,0,0
20,"G07","HEX","Unkn-23",38.23,38.56,0,"MSX","B11_CviMVP_PlDNA_10_SG_2002_0754d098","CviMVP_130251","AC_LIS_CT_2023-10-3",20,"B11_CviMVP_PlDNA_10_SG_2002_0754d098","20_B11_CviMVP_PlDNA_10_SG_2002_0754d098_MSX",1,0.650000000000006,"Positive",FALSE,0,0
20,"G08","HEX","Unkn-23",38.88,38.56,0,"MSX","B11_CviMVP_PlDNA_10_SG_2002_0754d098","CviMVP_130251","AC_LIS_CT_2023-10-3",20,"B11_CviMVP_PlDNA_10_SG_2002_0754d098","20_B11_CviMVP_PlDNA_10_SG_2002_0754d098_MSX",2,0.650000000000006,"Positive",FALSE,0,0
20,"G09","HEX","Unkn-31",NA,0,0,"MSX","C12_CviMVP_PlDNA_5_SG_1348_b189398c","CviMVP_11112","Nickle_Rf_LA_2022-8-1",22,"C12_CviMVP_PlDNA_5_SG_1348_b189398c","20_C12_CviMVP_PlDNA_5_SG_1348_b189398c_MSX",1,NA,"Negative",FALSE,0,0
20,"G10","HEX","Unkn-31",NA,0,0,"MSX","C12_CviMVP_PlDNA_5_SG_1348_b189398c","CviMVP_11112","Nickle_Rf_LA_2022-8-1",22,"C12_CviMVP_PlDNA_5_SG_1348_b189398c","20_C12_CviMVP_PlDNA_5_SG_1348_b189398c_MSX",2,NA,"Negative",FALSE,0,0
20,"H01","HEX","Unkn-38",NA,0,0,"MSX","F7_CviMVP_PlDNA_5_SG_1354_541bb3b2","CviMVP_11130","Nickle_Rf_LA_2022-8-1",22,"F7_CviMVP_PlDNA_5_SG_1354_541bb3b2","20_F7_CviMVP_PlDNA_5_SG_1354_541bb3b2_MSX",1,NA,"Negative",FALSE,0,0
20,"H02","HEX","Unkn-38",NA,0,0,"MSX","F7_CviMVP_PlDNA_5_SG_1354_541bb3b2","CviMVP_11130","Nickle_Rf_LA_2022-8-1",22,"F7_CviMVP_PlDNA_5_SG_1354_541bb3b2","20_F7_CviMVP_PlDNA_5_SG_1354_541bb3b2_MSX",2,NA,"Negative",FALSE,0,0
20,"H03","HEX","Unkn-08",25.97,26.08,1e-05,"MSX","B12_CviMVP_PlDNA_5_SG_1322_2335500b","CviMVP_11036","Mer_GA_2022-7-26",19,"B12_CviMVP_PlDNA_5_SG_1322_2335500b","20_B12_CviMVP_PlDNA_5_SG_1322_2335500b_MSX",1,0.210000000000001,"Positive",FALSE,4110.80736842105,2
20,"H04","HEX","Unkn-08",26.18,26.08,1e-05,"MSX","B12_CviMVP_PlDNA_5_SG_1322_2335500b","CviMVP_11036","Mer_GA_2022-7-26",19,"B12_CviMVP_PlDNA_5_SG_1322_2335500b","20_B12_CviMVP_PlDNA_5_SG_1322_2335500b_MSX",2,0.210000000000001,"Positive",FALSE,4110.80736842105,2
20,"H05","HEX","Unkn-16",NA,0,0,"MSX","E7_CviMVP_PlDNA_6_SG.sharedLotterhosPuritz_3004_6049f6a9","CviMVP_30012","CS_DB_NJ_2022-9-21",22,"E7_CviMVP_PlDNA_6_SG.sharedLotterhosPuritz_3004_6049f6a9","20_E7_CviMVP_PlDNA_6_SG.sharedLotterhosPuritz_3004_6049f6a9_MSX",1,NA,"Negative",FALSE,0,0
20,"H06","HEX","Unkn-16",NA,0,0,"MSX","E7_CviMVP_PlDNA_6_SG.sharedLotterhosPuritz_3004_6049f6a9","CviMVP_30012","CS_DB_NJ_2022-9-21",22,"E7_CviMVP_PlDNA_6_SG.sharedLotterhosPuritz_3004_6049f6a9","20_E7_CviMVP_PlDNA_6_SG.sharedLotterhosPuritz_3004_6049f6a9_MSX",2,NA,"Negative",FALSE,0,0
20,"H07","HEX","Unkn-24",NA,0,0,"MSX","C5_CviMVP_PlDNA_5_SG_1563_7e234e54","CviMVP_11737","CPR_MS_AL_2022-8-24",21,"C5_CviMVP_PlDNA_5_SG_1563_7e234e54","20_C5_CviMVP_PlDNA_5_SG_1563_7e234e54_MSX",1,NA,"Negative",FALSE,0,0
20,"H08","HEX","Unkn-24",NA,0,0,"MSX","C5_CviMVP_PlDNA_5_SG_1563_7e234e54","CviMVP_11737","CPR_MS_AL_2022-8-24",21,"C5_CviMVP_PlDNA_5_SG_1563_7e234e54","20_C5_CviMVP_PlDNA_5_SG_1563_7e234e54_MSX",2,NA,"Negative",FALSE,0,0
20,"H09","HEX","Unkn-32",NA,0,0,"MSX","D12_CviMVP_PlDNA_5_SG.sharedLotterhosPuritz_1856_c5dc6416","CviMVP_12592","LCP_UP_MD_2022-10-20",22,"D12_CviMVP_PlDNA_5_SG.sharedLotterhosPuritz_1856_c5dc6416","20_D12_CviMVP_PlDNA_5_SG.sharedLotterhosPuritz_1856_c5dc6416_MSX",1,NA,"Negative",FALSE,0,0
20,"H10","HEX","Unkn-32",NA,0,0,"MSX","D12_CviMVP_PlDNA_5_SG.sharedLotterhosPuritz_1856_c5dc6416","CviMVP_12592","LCP_UP_MD_2022-10-20",22,"D12_CviMVP_PlDNA_5_SG.sharedLotterhosPuritz_1856_c5dc6416","20_D12_CviMVP_PlDNA_5_SG.sharedLotterhosPuritz_1856_c5dc6416_MSX",2,NA,"Negative",FALSE,0,0
21,"A03","FAM","Unkn-01",27.45,27.23,0,"Dermo","A8_CviMVP_PlDNA_10_SG.sharedLotterhosPuritz_3019_f0dc9509","CviMVP_30057","CS_DB_NJ_2022-9-21",22,"A8_CviMVP_PlDNA_10_SG.sharedLotterhosPuritz_3019_f0dc9509","21_A8_CviMVP_PlDNA_10_SG.sharedLotterhosPuritz_3019_f0dc9509_Dermo",1,0.439999999999998,"Positive",FALSE,0,0
21,"A04","FAM","Unkn-01",27.01,27.23,0,"Dermo","A8_CviMVP_PlDNA_10_SG.sharedLotterhosPuritz_3019_f0dc9509","CviMVP_30057","CS_DB_NJ_2022-9-21",22,"A8_CviMVP_PlDNA_10_SG.sharedLotterhosPuritz_3019_f0dc9509","21_A8_CviMVP_PlDNA_10_SG.sharedLotterhosPuritz_3019_f0dc9509_Dermo",2,0.439999999999998,"Positive",FALSE,0,0
21,"A05","FAM","Unkn-09",38.53,38.53,0,"Dermo","G12_CviMVP_PlDNA_8_SG.sharedLotterhosPuritz_1858_c4b9118b","CviMVP_12598","LCP_UP_MD_2022-10-20",20,"G12_CviMVP_PlDNA_8_SG.sharedLotterhosPuritz_1858_c4b9118b","21_G12_CviMVP_PlDNA_8_SG.sharedLotterhosPuritz_1858_c4b9118b_Dermo",1,NA,"Inconclusive",TRUE,0,0
21,"A06","FAM","Unkn-09",NA,0,0,"Dermo","G12_CviMVP_PlDNA_8_SG.sharedLotterhosPuritz_1858_c4b9118b","CviMVP_12598","LCP_UP_MD_2022-10-20",20,"G12_CviMVP_PlDNA_8_SG.sharedLotterhosPuritz_1858_c4b9118b","21_G12_CviMVP_PlDNA_8_SG.sharedLotterhosPuritz_1858_c4b9118b_Dermo",2,NA,"Inconclusive",TRUE,0,0
21,"A07","FAM","Unkn-17",39.96,39.09,0,"Dermo","A10_CviMVP_PlDNA_10_SG.sharedLotterhosPuritz_1753_559d4ace","CviMVP_12291","DWS_CB_VA_2022-10-7",22,"A10_CviMVP_PlDNA_10_SG.sharedLotterhosPuritz_1753_559d4ace","21_A10_CviMVP_PlDNA_10_SG.sharedLotterhosPuritz_1753_559d4ace_Dermo",1,1.73,"Positive",FALSE,0,0
21,"A08","FAM","Unkn-17",38.23,39.09,0,"Dermo","A10_CviMVP_PlDNA_10_SG.sharedLotterhosPuritz_1753_559d4ace","CviMVP_12291","DWS_CB_VA_2022-10-7",22,"A10_CviMVP_PlDNA_10_SG.sharedLotterhosPuritz_1753_559d4ace","21_A10_CviMVP_PlDNA_10_SG.sharedLotterhosPuritz_1753_559d4ace_Dermo",2,1.73,"Positive",FALSE,0,0
21,"A09","FAM","Unkn-25",22.18,22.09,4e-05,"Dermo","A11_CviMVP_PlDNA_10_SG_2001_3e0f0f64","CviMVP_130221","AC_LIS_CT_2023-10-3",18,"A11_CviMVP_PlDNA_10_SG_2001_3e0f0f64","21_A11_CviMVP_PlDNA_10_SG_2001_3e0f0f64_Dermo",1,0.190000000000001,"Positive",FALSE,15496.6133333333,3
21,"A10","FAM","Unkn-25",21.99,22.09,4e-05,"Dermo","A11_CviMVP_PlDNA_10_SG_2001_3e0f0f64","CviMVP_130221","AC_LIS_CT_2023-10-3",18,"A11_CviMVP_PlDNA_10_SG_2001_3e0f0f64","21_A11_CviMVP_PlDNA_10_SG_2001_3e0f0f64_Dermo",2,0.190000000000001,"Positive",FALSE,15496.6133333333,3
21,"B03","FAM","Unkn-02",22.82,22.71,3e-05,"Dermo","B8_CviMVP_PlDNA_10_SG_1561_29fb6cb6","CviMVP_11731","CPR_MS_AL_2022-8-24",20,"B8_CviMVP_PlDNA_10_SG_1561_29fb6cb6","21_B8_CviMVP_PlDNA_10_SG_1561_29fb6cb6_Dermo",1,0.210000000000001,"Positive",FALSE,10460.214,3
21,"B04","FAM","Unkn-02",22.61,22.71,3e-05,"Dermo","B8_CviMVP_PlDNA_10_SG_1561_29fb6cb6","CviMVP_11731","CPR_MS_AL_2022-8-24",20,"B8_CviMVP_PlDNA_10_SG_1561_29fb6cb6","21_B8_CviMVP_PlDNA_10_SG_1561_29fb6cb6_Dermo",2,0.210000000000001,"Positive",FALSE,10460.214,3
21,"B05","FAM","Unkn-10",38.12,38.12,0,"Dermo","H12_CviMVP_PlDNA_8_SG.sharedLotterhosPuritz_1755_01e5dbdc","CviMVP_12297","DWS_CB_VA_2022-10-7",18,"H12_CviMVP_PlDNA_8_SG.sharedLotterhosPuritz_1755_01e5dbdc","21_H12_CviMVP_PlDNA_8_SG.sharedLotterhosPuritz_1755_01e5dbdc_Dermo",1,NA,"Inconclusive",TRUE,0,0
21,"B06","FAM","Unkn-10",NA,0,0,"Dermo","H12_CviMVP_PlDNA_8_SG.sharedLotterhosPuritz_1755_01e5dbdc","CviMVP_12297","DWS_CB_VA_2022-10-7",18,"H12_CviMVP_PlDNA_8_SG.sharedLotterhosPuritz_1755_01e5dbdc","21_H12_CviMVP_PlDNA_8_SG.sharedLotterhosPuritz_1755_01e5dbdc_Dermo",2,NA,"Inconclusive",TRUE,0,0
21,"B07","FAM","Unkn-18",20.96,20.92,9e-05,"Dermo","B10_CviMVP_PlDNA_10_SG_1143_ca81df15","CviMVP_10539","FP_Sav_GA_2022-6-10",20,"B10_CviMVP_PlDNA_10_SG_1143_ca81df15","21_B10_CviMVP_PlDNA_10_SG_1143_ca81df15_Dermo",1,0.0899999999999999,"Positive",FALSE,31380.642,3
21,"B08","FAM","Unkn-18",20.87,20.92,9e-05,"Dermo","B10_CviMVP_PlDNA_10_SG_1143_ca81df15","CviMVP_10539","FP_Sav_GA_2022-6-10",20,"B10_CviMVP_PlDNA_10_SG_1143_ca81df15","21_B10_CviMVP_PlDNA_10_SG_1143_ca81df15_Dermo",2,0.0899999999999999,"Positive",FALSE,31380.642,3
21,"B09","FAM","Unkn-26",19.61,19.59,0.00018,"Dermo","C11_CviMVP_PlDNA_10_SG_1999_1fd75d06","CviMVP_130161","AC_LIS_CT_2023-10-3",19,"C11_CviMVP_PlDNA_10_SG_1999_1fd75d06","21_C11_CviMVP_PlDNA_10_SG_1999_1fd75d06_Dermo",1,0.0399999999999991,"Positive",FALSE,66064.5094736842,3
21,"B10","FAM","Unkn-26",19.57,19.59,0.00018,"Dermo","C11_CviMVP_PlDNA_10_SG_1999_1fd75d06","CviMVP_130161","AC_LIS_CT_2023-10-3",19,"C11_CviMVP_PlDNA_10_SG_1999_1fd75d06","21_C11_CviMVP_PlDNA_10_SG_1999_1fd75d06_Dermo",2,0.0399999999999991,"Positive",FALSE,66064.5094736842,3
21,"B11","FAM","Unkn-33",27.75,27.79,0,"Dermo","A12_CviMVP_PlDNA_10_SG_1711_103eead9","CviMVP_12166","SaLa_GA_2022-10-5",20,"A12_CviMVP_PlDNA_10_SG_1711_103eead9","21_A12_CviMVP_PlDNA_10_SG_1711_103eead9_Dermo",1,0.0700000000000003,"Positive",FALSE,0,0
21,"B12","FAM","Unkn-33",27.82,27.79,0,"Dermo","A12_CviMVP_PlDNA_10_SG_1711_103eead9","CviMVP_12166","SaLa_GA_2022-10-5",20,"A12_CviMVP_PlDNA_10_SG_1711_103eead9","21_A12_CviMVP_PlDNA_10_SG_1711_103eead9_Dermo",2,0.0700000000000003,"Positive",FALSE,0,0
21,"C03","FAM","Unkn-03",36.16,37.14,0,"Dermo","C8_CviMVP_PlDNA_10_SG_1828_01304bbf","CviMVP_12513","PrEdIs_CN_A_2022-10-18",19,"C8_CviMVP_PlDNA_10_SG_1828_01304bbf","21_C8_CviMVP_PlDNA_10_SG_1828_01304bbf_Dermo",1,1.97000000000001,"Positive",FALSE,0,0
21,"C04","FAM","Unkn-03",38.13,37.14,0,"Dermo","C8_CviMVP_PlDNA_10_SG_1828_01304bbf","CviMVP_12513","PrEdIs_CN_A_2022-10-18",19,"C8_CviMVP_PlDNA_10_SG_1828_01304bbf","21_C8_CviMVP_PlDNA_10_SG_1828_01304bbf_Dermo",2,1.97000000000001,"Positive",FALSE,0,0
21,"C05","FAM","Unkn-11",21.63,21.61,6e-05,"Dermo","F12_CviMVP_PlDNA_10_SG_1129_2a1edb19","CviMVP_10504","FP_Sav_GA_2022-6-10",20,"F12_CviMVP_PlDNA_10_SG_1129_2a1edb19","21_F12_CviMVP_PlDNA_10_SG_1129_2a1edb19_Dermo",1,0.0500000000000007,"Positive",FALSE,20920.428,3
21,"C06","FAM","Unkn-11",21.58,21.61,6e-05,"Dermo","F12_CviMVP_PlDNA_10_SG_1129_2a1edb19","CviMVP_10504","FP_Sav_GA_2022-6-10",20,"F12_CviMVP_PlDNA_10_SG_1129_2a1edb19","21_F12_CviMVP_PlDNA_10_SG_1129_2a1edb19_Dermo",2,0.0500000000000007,"Positive",FALSE,20920.428,3
21,"C07","FAM","Unkn-19",23.35,23.24,2e-05,"Dermo","C10_CviMVP_PlDNA_10_SG.sharedLotterhosPuritz_1522_412fe23d","CviMVP_11615","DC_NB_RI_2022-8-19",21,"C10_CviMVP_PlDNA_10_SG.sharedLotterhosPuritz_1522_412fe23d","21_C10_CviMVP_PlDNA_10_SG.sharedLotterhosPuritz_1522_412fe23d_Dermo",1,0.23,"Positive",FALSE,6641.40571428572,2
21,"C08","FAM","Unkn-19",23.12,23.24,2e-05,"Dermo","C10_CviMVP_PlDNA_10_SG.sharedLotterhosPuritz_1522_412fe23d","CviMVP_11615","DC_NB_RI_2022-8-19",21,"C10_CviMVP_PlDNA_10_SG.sharedLotterhosPuritz_1522_412fe23d","21_C10_CviMVP_PlDNA_10_SG.sharedLotterhosPuritz_1522_412fe23d_Dermo",2,0.23,"Positive",FALSE,6641.40571428572,2
21,"C09","FAM","Unkn-27",36.31,36.37,0,"Dermo","D11_CviMVP_PlDNA_10_SG_1014_8102b940","CviMVP_10015","LakeFortuna_LA_2022-5-11",20,"D11_CviMVP_PlDNA_10_SG_1014_8102b940","21_D11_CviMVP_PlDNA_10_SG_1014_8102b940_Dermo",1,0.109999999999999,"Positive",FALSE,0,0
21,"C10","FAM","Unkn-27",36.42,36.37,0,"Dermo","D11_CviMVP_PlDNA_10_SG_1014_8102b940","CviMVP_10015","LakeFortuna_LA_2022-5-11",20,"D11_CviMVP_PlDNA_10_SG_1014_8102b940","21_D11_CviMVP_PlDNA_10_SG_1014_8102b940_Dermo",2,0.109999999999999,"Positive",FALSE,0,0
21,"C11","FAM","Unkn-34",24.04,23.99,2e-05,"Dermo","B12_CviMVP_PlDNA_10_SG_2023_c0c00370","CviMVP_15088","IL_ApBay_FL_2023-10-3",22,"B12_CviMVP_PlDNA_10_SG_2023_c0c00370","21_B12_CviMVP_PlDNA_10_SG_2023_c0c00370_Dermo",1,0.0899999999999999,"Positive",FALSE,6339.52363636364,2
21,"C12","FAM","Unkn-34",23.95,23.99,2e-05,"Dermo","B12_CviMVP_PlDNA_10_SG_2023_c0c00370","CviMVP_15088","IL_ApBay_FL_2023-10-3",22,"B12_CviMVP_PlDNA_10_SG_2023_c0c00370","21_B12_CviMVP_PlDNA_10_SG_2023_c0c00370_Dermo",2,0.0899999999999999,"Positive",FALSE,6339.52363636364,2
21,"D03","FAM","Unkn-04",27.07,26.91,0,"Dermo","D8_CviMVP_PlDNA_10_SG_1952_3d31a3db","CviMVP_12875","UNCW_MS_NC_2023-7-17",22,"D8_CviMVP_PlDNA_10_SG_1952_3d31a3db","21_D8_CviMVP_PlDNA_10_SG_1952_3d31a3db_Dermo",1,0.32,"Positive",FALSE,0,0
21,"D04","FAM","Unkn-04",26.75,26.91,0,"Dermo","D8_CviMVP_PlDNA_10_SG_1952_3d31a3db","CviMVP_12875","UNCW_MS_NC_2023-7-17",22,"D8_CviMVP_PlDNA_10_SG_1952_3d31a3db","21_D8_CviMVP_PlDNA_10_SG_1952_3d31a3db_Dermo",2,0.32,"Positive",FALSE,0,0
21,"D05","FAM","Unkn-12",31.47,31.47,0,"Dermo","G12_CviMVP_PlDNA_10_SG_2049_a5d31ffb","CviMVP_15164","EC_ApBay_FL_2023-10-4",20,"G12_CviMVP_PlDNA_10_SG_2049_a5d31ffb","21_G12_CviMVP_PlDNA_10_SG_2049_a5d31ffb_Dermo",1,0.0100000000000016,"Positive",FALSE,0,0
21,"D06","FAM","Unkn-12",31.48,31.47,0,"Dermo","G12_CviMVP_PlDNA_10_SG_2049_a5d31ffb","CviMVP_15164","EC_ApBay_FL_2023-10-4",20,"G12_CviMVP_PlDNA_10_SG_2049_a5d31ffb","21_G12_CviMVP_PlDNA_10_SG_2049_a5d31ffb_Dermo",2,0.0100000000000016,"Positive",FALSE,0,0
21,"D07","FAM","Unkn-20",34.41,34.59,0,"Dermo","D10_CviMVP_PlDNA_10_SG_1099_8fcbb868","CviMVP_10442","CB_TX_2022-6-9",19,"D10_CviMVP_PlDNA_10_SG_1099_8fcbb868","21_D10_CviMVP_PlDNA_10_SG_1099_8fcbb868_Dermo",1,0.360000000000007,"Positive",FALSE,0,0
21,"D08","FAM","Unkn-20",34.77,34.59,0,"Dermo","D10_CviMVP_PlDNA_10_SG_1099_8fcbb868","CviMVP_10442","CB_TX_2022-6-9",19,"D10_CviMVP_PlDNA_10_SG_1099_8fcbb868","21_D10_CviMVP_PlDNA_10_SG_1099_8fcbb868_Dermo",2,0.360000000000007,"Positive",FALSE,0,0
21,"D09","FAM","Unkn-28",19.34,19.36,0.00021,"Dermo","E11_CviMVP_PlDNA_10_SG_2029_759a8bec","CviMVP_15105","IL_ApBay_FL_2023-10-3",18,"E11_CviMVP_PlDNA_10_SG_2029_759a8bec","21_E11_CviMVP_PlDNA_10_SG_2029_759a8bec_Dermo",1,0.0500000000000007,"Positive",FALSE,81357.22,3
21,"D10","FAM","Unkn-28",19.39,19.36,0.00021,"Dermo","E11_CviMVP_PlDNA_10_SG_2029_759a8bec","CviMVP_15105","IL_ApBay_FL_2023-10-3",18,"E11_CviMVP_PlDNA_10_SG_2029_759a8bec","21_E11_CviMVP_PlDNA_10_SG_2029_759a8bec_Dermo",2,0.0500000000000007,"Positive",FALSE,81357.22,3
21,"D11","FAM","Unkn-35",35.79,35.67,0,"Dermo","C12_CviMVP_PlDNA_10_SG_1819_4c9efbeb","CviMVP_12488","PrEdIs_CN_A_2022-10-18",21,"C12_CviMVP_PlDNA_10_SG_1819_4c9efbeb","21_C12_CviMVP_PlDNA_10_SG_1819_4c9efbeb_Dermo",1,0.240000000000002,"Positive",FALSE,0,0
21,"D12","FAM","Unkn-35",35.55,35.67,0,"Dermo","C12_CviMVP_PlDNA_10_SG_1819_4c9efbeb","CviMVP_12488","PrEdIs_CN_A_2022-10-18",21,"C12_CviMVP_PlDNA_10_SG_1819_4c9efbeb","21_C12_CviMVP_PlDNA_10_SG_1819_4c9efbeb_Dermo",2,0.240000000000002,"Positive",FALSE,0,0
21,"E03","FAM","Unkn-05",39.52,37.77,0,"Dermo","E8_CviMVP_PlDNA_10_SG_1220_48a201e9","CviMVP_10744","TP_TX_2022-6-28",19,"E8_CviMVP_PlDNA_10_SG_1220_48a201e9","21_E8_CviMVP_PlDNA_10_SG_1220_48a201e9_Dermo",1,3.49,"Inconclusive",TRUE,0,0
21,"E04","FAM","Unkn-05",36.03,37.77,0,"Dermo","E8_CviMVP_PlDNA_10_SG_1220_48a201e9","CviMVP_10744","TP_TX_2022-6-28",19,"E8_CviMVP_PlDNA_10_SG_1220_48a201e9","21_E8_CviMVP_PlDNA_10_SG_1220_48a201e9_Dermo",2,3.49,"Inconclusive",TRUE,0,0
21,"E05","FAM","Unkn-13",33.82,34.06,0,"Dermo","A5_CviMVP_PlDNA_10_SG_2053_a99d49c4","CviMVP_15176","EC_ApBay_FL_2023-10-4",18,"A5_CviMVP_PlDNA_10_SG_2053_a99d49c4","21_A5_CviMVP_PlDNA_10_SG_2053_a99d49c4_Dermo",1,0.479999999999997,"Positive",FALSE,0,0
21,"E06","FAM","Unkn-13",34.3,34.06,0,"Dermo","A5_CviMVP_PlDNA_10_SG_2053_a99d49c4","CviMVP_15176","EC_ApBay_FL_2023-10-4",18,"A5_CviMVP_PlDNA_10_SG_2053_a99d49c4","21_A5_CviMVP_PlDNA_10_SG_2053_a99d49c4_Dermo",2,0.479999999999997,"Positive",FALSE,0,0
21,"E07","FAM","Unkn-21",28.64,28.76,0,"Dermo","E10_CviMVP_PlDNA_10_SG_1991_176b15fe","CviMVP_12992","AC_LIS_CT_2023-10-3",18,"E10_CviMVP_PlDNA_10_SG_1991_176b15fe","21_E10_CviMVP_PlDNA_10_SG_1991_176b15fe_Dermo",1,0.25,"Positive",FALSE,0,0
21,"E08","FAM","Unkn-21",28.89,28.76,0,"Dermo","E10_CviMVP_PlDNA_10_SG_1991_176b15fe","CviMVP_12992","AC_LIS_CT_2023-10-3",18,"E10_CviMVP_PlDNA_10_SG_1991_176b15fe","21_E10_CviMVP_PlDNA_10_SG_1991_176b15fe_Dermo",2,0.25,"Positive",FALSE,0,0
21,"E09","FAM","Unkn-29",14.89,14.86,0.0027,"Dermo","F11_CviMVP_PlDNA_10_SG_1254_76d18d2d","CviMVP_10841","CC_VA_2022-7-11",22,"F11_CviMVP_PlDNA_10_SG_1254_76d18d2d","21_F11_CviMVP_PlDNA_10_SG_1254_76d18d2d_Dermo",1,0.0700000000000003,"Positive",FALSE,855835.690909091,3
21,"E10","FAM","Unkn-29",14.82,14.86,0.0027,"Dermo","F11_CviMVP_PlDNA_10_SG_1254_76d18d2d","CviMVP_10841","CC_VA_2022-7-11",22,"F11_CviMVP_PlDNA_10_SG_1254_76d18d2d","21_F11_CviMVP_PlDNA_10_SG_1254_76d18d2d_Dermo",2,0.0700000000000003,"Positive",FALSE,855835.690909091,3
21,"E11","FAM","Unkn-36",29.06,29.13,0,"Dermo","D12_CviMVP_PlDNA_10_SG_2008_b9f810d0","CviMVP_15043","AC_LIS_CT_2023-10-3",23,"D12_CviMVP_PlDNA_10_SG_2008_b9f810d0","21_D12_CviMVP_PlDNA_10_SG_2008_b9f810d0_Dermo",1,0.140000000000001,"Positive",FALSE,0,0
21,"E12","FAM","Unkn-36",29.2,29.13,0,"Dermo","D12_CviMVP_PlDNA_10_SG_2008_b9f810d0","CviMVP_15043","AC_LIS_CT_2023-10-3",23,"D12_CviMVP_PlDNA_10_SG_2008_b9f810d0","21_D12_CviMVP_PlDNA_10_SG_2008_b9f810d0_Dermo",2,0.140000000000001,"Positive",FALSE,0,0
21,"F03","FAM","Unkn-06",23.12,23.01,3e-05,"Dermo","F8_CviMVP_PlDNA_10_SG.sharedLotterhosPuritz_1497_165d898b","CviMVP_11540","NR_NB_RI_2022-8-19",22,"F8_CviMVP_PlDNA_10_SG.sharedLotterhosPuritz_1497_165d898b","21_F8_CviMVP_PlDNA_10_SG.sharedLotterhosPuritz_1497_165d898b_Dermo",1,0.210000000000001,"Positive",FALSE,9509.28545454545,2
21,"F04","FAM","Unkn-06",22.91,23.01,3e-05,"Dermo","F8_CviMVP_PlDNA_10_SG.sharedLotterhosPuritz_1497_165d898b","CviMVP_11540","NR_NB_RI_2022-8-19",22,"F8_CviMVP_PlDNA_10_SG.sharedLotterhosPuritz_1497_165d898b","21_F8_CviMVP_PlDNA_10_SG.sharedLotterhosPuritz_1497_165d898b_Dermo",2,0.210000000000001,"Positive",FALSE,9509.28545454545,2
21,"F05","FAM","Unkn-14",35,35.15,0,"Dermo","D5_CviMVP_PlDNA_10_SG_2025_5bd16ce4","CviMVP_15094","IL_ApBay_FL_2023-10-3",22,"D5_CviMVP_PlDNA_10_SG_2025_5bd16ce4","21_D5_CviMVP_PlDNA_10_SG_2025_5bd16ce4_Dermo",1,0.299999999999997,"Positive",FALSE,0,0
21,"F06","FAM","Unkn-14",35.3,35.15,0,"Dermo","D5_CviMVP_PlDNA_10_SG_2025_5bd16ce4","CviMVP_15094","IL_ApBay_FL_2023-10-3",22,"D5_CviMVP_PlDNA_10_SG_2025_5bd16ce4","21_D5_CviMVP_PlDNA_10_SG_2025_5bd16ce4_Dermo",2,0.299999999999997,"Positive",FALSE,0,0
21,"F07","FAM","Unkn-22",20.67,20.72,1e-04,"Dermo","G10_CviMVP_PlDNA_10_SG_2088_6672fa31","CviMVP_131241","FC_LIS_CT_2023-10-11",21,"G10_CviMVP_PlDNA_10_SG_2088_6672fa31","21_G10_CviMVP_PlDNA_10_SG_2088_6672fa31_Dermo",1,0.0899999999999999,"Positive",FALSE,33207.0285714286,3
21,"F08","FAM","Unkn-22",20.76,20.72,1e-04,"Dermo","G10_CviMVP_PlDNA_10_SG_2088_6672fa31","CviMVP_131241","FC_LIS_CT_2023-10-11",21,"G10_CviMVP_PlDNA_10_SG_2088_6672fa31","21_G10_CviMVP_PlDNA_10_SG_2088_6672fa31_Dermo",2,0.0899999999999999,"Positive",FALSE,33207.0285714286,3
21,"F09","FAM","Unkn-30",32.1,32.01,0,"Dermo","G11_CviMVP_PlDNA_10_SG_1954_5a1ba8fc","CviMVP_12881","UNCW_MS_NC_2023-7-17",23,"G11_CviMVP_PlDNA_10_SG_1954_5a1ba8fc","21_G11_CviMVP_PlDNA_10_SG_1954_5a1ba8fc_Dermo",1,0.18,"Positive",FALSE,0,0
21,"F10","FAM","Unkn-30",31.92,32.01,0,"Dermo","G11_CviMVP_PlDNA_10_SG_1954_5a1ba8fc","CviMVP_12881","UNCW_MS_NC_2023-7-17",23,"G11_CviMVP_PlDNA_10_SG_1954_5a1ba8fc","21_G11_CviMVP_PlDNA_10_SG_1954_5a1ba8fc_Dermo",2,0.18,"Positive",FALSE,0,0
21,"F11","FAM","Unkn-37",36.9,36.97,0,"Dermo","E12_CviMVP_PlDNA_10_SG_1654_ff1aabfe","CviMVP_12001","SaltBay_Canada_2022-9-27",20,"E12_CviMVP_PlDNA_10_SG_1654_ff1aabfe","21_E12_CviMVP_PlDNA_10_SG_1654_ff1aabfe_Dermo",1,0.140000000000001,"Positive",FALSE,0,0
21,"F12","FAM","Unkn-37",37.04,36.97,0,"Dermo","E12_CviMVP_PlDNA_10_SG_1654_ff1aabfe","CviMVP_12001","SaltBay_Canada_2022-9-27",20,"E12_CviMVP_PlDNA_10_SG_1654_ff1aabfe","21_E12_CviMVP_PlDNA_10_SG_1654_ff1aabfe_Dermo",2,0.140000000000001,"Positive",FALSE,0,0
21,"G03","FAM","Unkn-07",27.13,27.02,0,"Dermo","H8_CviMVP_PlDNA_10_SG_2037_0941fca6","CviMVP_15128","EC_ApBay_FL_2023-10-4",19,"H8_CviMVP_PlDNA_10_SG_2037_0941fca6","21_H8_CviMVP_PlDNA_10_SG_2037_0941fca6_Dermo",1,0.209999999999997,"Positive",FALSE,0,0
21,"G04","FAM","Unkn-07",26.92,27.02,0,"Dermo","H8_CviMVP_PlDNA_10_SG_2037_0941fca6","CviMVP_15128","EC_ApBay_FL_2023-10-4",19,"H8_CviMVP_PlDNA_10_SG_2037_0941fca6","21_H8_CviMVP_PlDNA_10_SG_2037_0941fca6_Dermo",2,0.209999999999997,"Positive",FALSE,0,0
21,"G05","FAM","Unkn-15",24.36,24.31,1e-05,"Dermo","H5_CviMVP_PlDNA_10_SG_2078_b8a33fcd","CviMVP_130941","FC_LIS_CT_2023-10-11",23,"H5_CviMVP_PlDNA_10_SG_2078_b8a33fcd","21_H5_CviMVP_PlDNA_10_SG_2078_b8a33fcd_Dermo",1,0.0999999999999979,"Positive",FALSE,3031.94608695652,2
21,"G06","FAM","Unkn-15",24.26,24.31,1e-05,"Dermo","H5_CviMVP_PlDNA_10_SG_2078_b8a33fcd","CviMVP_130941","FC_LIS_CT_2023-10-11",23,"H5_CviMVP_PlDNA_10_SG_2078_b8a33fcd","21_H5_CviMVP_PlDNA_10_SG_2078_b8a33fcd_Dermo",2,0.0999999999999979,"Positive",FALSE,3031.94608695652,2
21,"G07","FAM","Unkn-23",22.95,22.92,3e-05,"Dermo","H10_CviMVP_PlDNA_10_SG_1802_bf1fa7f4","CviMVP_12437","NPS_PS_NC_2022-10-12",20,"H10_CviMVP_PlDNA_10_SG_1802_bf1fa7f4","21_H10_CviMVP_PlDNA_10_SG_1802_bf1fa7f4_Dermo",1,0.0599999999999987,"Positive",FALSE,10460.214,3
21,"G08","FAM","Unkn-23",22.89,22.92,3e-05,"Dermo","H10_CviMVP_PlDNA_10_SG_1802_bf1fa7f4","CviMVP_12437","NPS_PS_NC_2022-10-12",20,"H10_CviMVP_PlDNA_10_SG_1802_bf1fa7f4","21_H10_CviMVP_PlDNA_10_SG_1802_bf1fa7f4_Dermo",2,0.0599999999999987,"Positive",FALSE,10460.214,3
21,"G09","FAM","Unkn-31",27.57,27.58,0,"Dermo","H11_CviMVP_PlDNA_10_SG_1937_4b32fd1f","CviMVP_12830","UNCW_MS_NC_2023-7-17",18,"H11_CviMVP_PlDNA_10_SG_1937_4b32fd1f","21_H11_CviMVP_PlDNA_10_SG_1937_4b32fd1f_Dermo",1,0.0300000000000011,"Positive",FALSE,0,0
21,"G10","FAM","Unkn-31",27.6,27.58,0,"Dermo","H11_CviMVP_PlDNA_10_SG_1937_4b32fd1f","CviMVP_12830","UNCW_MS_NC_2023-7-17",18,"H11_CviMVP_PlDNA_10_SG_1937_4b32fd1f","21_H11_CviMVP_PlDNA_10_SG_1937_4b32fd1f_Dermo",2,0.0300000000000011,"Positive",FALSE,0,0
21,"H01","FAM","Unkn-38",37.93,37.41,0,"Dermo","A4_CviMVP_PlDNA_10_SG_1556_e491b857","CviMVP_11716","CPR_MS_AL_2022-8-24",22,"A4_CviMVP_PlDNA_10_SG_1556_e491b857","21_A4_CviMVP_PlDNA_10_SG_1556_e491b857_Dermo",1,1.04,"Positive",FALSE,0,0
21,"H02","FAM","Unkn-38",36.89,37.41,0,"Dermo","A4_CviMVP_PlDNA_10_SG_1556_e491b857","CviMVP_11716","CPR_MS_AL_2022-8-24",22,"A4_CviMVP_PlDNA_10_SG_1556_e491b857","21_A4_CviMVP_PlDNA_10_SG_1556_e491b857_Dermo",2,1.04,"Positive",FALSE,0,0
21,"H03","FAM","Unkn-08",37.61,37.26,0,"Dermo","B4_CviMVP_PlDNA_10_SG.sharedLotterhosPuritz_3054_b35976e5","CviMVP_30159","HC_DB_NJ_2022-9-23",21,"B4_CviMVP_PlDNA_10_SG.sharedLotterhosPuritz_3054_b35976e5","21_B4_CviMVP_PlDNA_10_SG.sharedLotterhosPuritz_3054_b35976e5_Dermo",1,0.700000000000003,"Positive",FALSE,0,0
21,"H04","FAM","Unkn-08",36.91,37.26,0,"Dermo","B4_CviMVP_PlDNA_10_SG.sharedLotterhosPuritz_3054_b35976e5","CviMVP_30159","HC_DB_NJ_2022-9-23",21,"B4_CviMVP_PlDNA_10_SG.sharedLotterhosPuritz_3054_b35976e5","21_B4_CviMVP_PlDNA_10_SG.sharedLotterhosPuritz_3054_b35976e5_Dermo",2,0.700000000000003,"Positive",FALSE,0,0
21,"H05","FAM","Unkn-16",36.2,37.17,0,"Dermo","B6_CviMVP_PlDNA_10_SG_1834_e5dca67e","CviMVP_12528","PrEdIs_CN_A_2022-10-18",22,"B6_CviMVP_PlDNA_10_SG_1834_e5dca67e","21_B6_CviMVP_PlDNA_10_SG_1834_e5dca67e_Dermo",1,1.94,"Positive",FALSE,0,0
21,"H06","FAM","Unkn-16",38.14,37.17,0,"Dermo","B6_CviMVP_PlDNA_10_SG_1834_e5dca67e","CviMVP_12528","PrEdIs_CN_A_2022-10-18",22,"B6_CviMVP_PlDNA_10_SG_1834_e5dca67e","21_B6_CviMVP_PlDNA_10_SG_1834_e5dca67e_Dermo",2,1.94,"Positive",FALSE,0,0
21,"H07","FAM","Unkn-24",NA,0,0,"Dermo","G6_CviMVP_PlDNA_10_SG_1042_f25060f5","CviMVP_10279","OL_MI_SC_2022-5-31",20,"G6_CviMVP_PlDNA_10_SG_1042_f25060f5","21_G6_CviMVP_PlDNA_10_SG_1042_f25060f5_Dermo",1,NA,"Negative",FALSE,0,0
21,"H08","FAM","Unkn-24",NA,0,0,"Dermo","G6_CviMVP_PlDNA_10_SG_1042_f25060f5","CviMVP_10279","OL_MI_SC_2022-5-31",20,"G6_CviMVP_PlDNA_10_SG_1042_f25060f5","21_G6_CviMVP_PlDNA_10_SG_1042_f25060f5_Dermo",2,NA,"Negative",FALSE,0,0
21,"H09","FAM","Unkn-32",28.29,28.32,0,"Dermo","F6_CviMVP_PlDNA_10_SG_2047_b1ff69b8","CviMVP_15158","EC_ApBay_FL_2023-10-4",22,"F6_CviMVP_PlDNA_10_SG_2047_b1ff69b8","21_F6_CviMVP_PlDNA_10_SG_2047_b1ff69b8_Dermo",1,0.0600000000000023,"Positive",FALSE,0,0
21,"H10","FAM","Unkn-32",28.35,28.32,0,"Dermo","F6_CviMVP_PlDNA_10_SG_2047_b1ff69b8","CviMVP_15158","EC_ApBay_FL_2023-10-4",22,"F6_CviMVP_PlDNA_10_SG_2047_b1ff69b8","21_F6_CviMVP_PlDNA_10_SG_2047_b1ff69b8_Dermo",2,0.0600000000000023,"Positive",FALSE,0,0
21,"A03","HEX","Unkn-01",20.43,20.16,0.00017,"MSX","A8_CviMVP_PlDNA_10_SG.sharedLotterhosPuritz_3019_f0dc9509","CviMVP_30057","CS_DB_NJ_2022-9-21",22,"A8_CviMVP_PlDNA_10_SG.sharedLotterhosPuritz_3019_f0dc9509","21_A8_CviMVP_PlDNA_10_SG.sharedLotterhosPuritz_3019_f0dc9509_MSX",1,0.539999999999999,"Positive",FALSE,60354.1263636364,3
21,"A04","HEX","Unkn-01",19.89,20.16,0.00017,"MSX","A8_CviMVP_PlDNA_10_SG.sharedLotterhosPuritz_3019_f0dc9509","CviMVP_30057","CS_DB_NJ_2022-9-21",22,"A8_CviMVP_PlDNA_10_SG.sharedLotterhosPuritz_3019_f0dc9509","21_A8_CviMVP_PlDNA_10_SG.sharedLotterhosPuritz_3019_f0dc9509_MSX",2,0.539999999999999,"Positive",FALSE,60354.1263636364,3
21,"A05","HEX","Unkn-09",36.91,37.22,0,"MSX","G12_CviMVP_PlDNA_8_SG.sharedLotterhosPuritz_1858_c4b9118b","CviMVP_12598","LCP_UP_MD_2022-10-20",20,"G12_CviMVP_PlDNA_8_SG.sharedLotterhosPuritz_1858_c4b9118b","21_G12_CviMVP_PlDNA_8_SG.sharedLotterhosPuritz_1858_c4b9118b_MSX",1,0.620000000000005,"Positive",FALSE,0,0
21,"A06","HEX","Unkn-09",37.53,37.22,0,"MSX","G12_CviMVP_PlDNA_8_SG.sharedLotterhosPuritz_1858_c4b9118b","CviMVP_12598","LCP_UP_MD_2022-10-20",20,"G12_CviMVP_PlDNA_8_SG.sharedLotterhosPuritz_1858_c4b9118b","21_G12_CviMVP_PlDNA_8_SG.sharedLotterhosPuritz_1858_c4b9118b_MSX",2,0.620000000000005,"Positive",FALSE,0,0
21,"A07","HEX","Unkn-17",NA,0,0,"MSX","A10_CviMVP_PlDNA_10_SG.sharedLotterhosPuritz_1753_559d4ace","CviMVP_12291","DWS_CB_VA_2022-10-7",22,"A10_CviMVP_PlDNA_10_SG.sharedLotterhosPuritz_1753_559d4ace","21_A10_CviMVP_PlDNA_10_SG.sharedLotterhosPuritz_1753_559d4ace_MSX",1,NA,"Inconclusive",TRUE,0,0
21,"A08","HEX","Unkn-17",38.01,38.01,0,"MSX","A10_CviMVP_PlDNA_10_SG.sharedLotterhosPuritz_1753_559d4ace","CviMVP_12291","DWS_CB_VA_2022-10-7",22,"A10_CviMVP_PlDNA_10_SG.sharedLotterhosPuritz_1753_559d4ace","21_A10_CviMVP_PlDNA_10_SG.sharedLotterhosPuritz_1753_559d4ace_MSX",2,NA,"Inconclusive",TRUE,0,0
21,"A09","HEX","Unkn-25",31.21,31.1,0,"MSX","A11_CviMVP_PlDNA_10_SG_2001_3e0f0f64","CviMVP_130221","AC_LIS_CT_2023-10-3",18,"A11_CviMVP_PlDNA_10_SG_2001_3e0f0f64","21_A11_CviMVP_PlDNA_10_SG_2001_3e0f0f64_MSX",1,0.210000000000001,"Positive",FALSE,0,0
21,"A10","HEX","Unkn-25",31,31.1,0,"MSX","A11_CviMVP_PlDNA_10_SG_2001_3e0f0f64","CviMVP_130221","AC_LIS_CT_2023-10-3",18,"A11_CviMVP_PlDNA_10_SG_2001_3e0f0f64","21_A11_CviMVP_PlDNA_10_SG_2001_3e0f0f64_MSX",2,0.210000000000001,"Positive",FALSE,0,0
21,"B03","HEX","Unkn-02",NA,0,0,"MSX","B8_CviMVP_PlDNA_10_SG_1561_29fb6cb6","CviMVP_11731","CPR_MS_AL_2022-8-24",20,"B8_CviMVP_PlDNA_10_SG_1561_29fb6cb6","21_B8_CviMVP_PlDNA_10_SG_1561_29fb6cb6_MSX",1,NA,"Inconclusive",TRUE,0,0
21,"B04","HEX","Unkn-02",38.82,38.82,0,"MSX","B8_CviMVP_PlDNA_10_SG_1561_29fb6cb6","CviMVP_11731","CPR_MS_AL_2022-8-24",20,"B8_CviMVP_PlDNA_10_SG_1561_29fb6cb6","21_B8_CviMVP_PlDNA_10_SG_1561_29fb6cb6_MSX",2,NA,"Inconclusive",TRUE,0,0
21,"B05","HEX","Unkn-10",33.95,34.09,0,"MSX","H12_CviMVP_PlDNA_8_SG.sharedLotterhosPuritz_1755_01e5dbdc","CviMVP_12297","DWS_CB_VA_2022-10-7",18,"H12_CviMVP_PlDNA_8_SG.sharedLotterhosPuritz_1755_01e5dbdc","21_H12_CviMVP_PlDNA_8_SG.sharedLotterhosPuritz_1755_01e5dbdc_MSX",1,0.279999999999994,"Positive",FALSE,0,0
21,"B06","HEX","Unkn-10",34.23,34.09,0,"MSX","H12_CviMVP_PlDNA_8_SG.sharedLotterhosPuritz_1755_01e5dbdc","CviMVP_12297","DWS_CB_VA_2022-10-7",18,"H12_CviMVP_PlDNA_8_SG.sharedLotterhosPuritz_1755_01e5dbdc","21_H12_CviMVP_PlDNA_8_SG.sharedLotterhosPuritz_1755_01e5dbdc_MSX",2,0.279999999999994,"Positive",FALSE,0,0
21,"B07","HEX","Unkn-18",15.86,15.82,0.00199,"MSX","B10_CviMVP_PlDNA_10_SG_1143_ca81df15","CviMVP_10539","FP_Sav_GA_2022-6-10",20,"B10_CviMVP_PlDNA_10_SG_1143_ca81df15","21_B10_CviMVP_PlDNA_10_SG_1143_ca81df15_MSX",1,0.0800000000000001,"Positive",FALSE,777148.133,3
21,"B08","HEX","Unkn-18",15.78,15.82,0.00199,"MSX","B10_CviMVP_PlDNA_10_SG_1143_ca81df15","CviMVP_10539","FP_Sav_GA_2022-6-10",20,"B10_CviMVP_PlDNA_10_SG_1143_ca81df15","21_B10_CviMVP_PlDNA_10_SG_1143_ca81df15_MSX",2,0.0800000000000001,"Positive",FALSE,777148.133,3
21,"B09","HEX","Unkn-26",30.13,30.12,0,"MSX","C11_CviMVP_PlDNA_10_SG_1999_1fd75d06","CviMVP_130161","AC_LIS_CT_2023-10-3",19,"C11_CviMVP_PlDNA_10_SG_1999_1fd75d06","21_C11_CviMVP_PlDNA_10_SG_1999_1fd75d06_MSX",1,0.0199999999999996,"Positive",FALSE,0,0
21,"B10","HEX","Unkn-26",30.11,30.12,0,"MSX","C11_CviMVP_PlDNA_10_SG_1999_1fd75d06","CviMVP_130161","AC_LIS_CT_2023-10-3",19,"C11_CviMVP_PlDNA_10_SG_1999_1fd75d06","21_C11_CviMVP_PlDNA_10_SG_1999_1fd75d06_MSX",2,0.0199999999999996,"Positive",FALSE,0,0
21,"B11","HEX","Unkn-33",35.54,35.37,0,"MSX","A12_CviMVP_PlDNA_10_SG_1711_103eead9","CviMVP_12166","SaLa_GA_2022-10-5",20,"A12_CviMVP_PlDNA_10_SG_1711_103eead9","21_A12_CviMVP_PlDNA_10_SG_1711_103eead9_MSX",1,0.339999999999996,"Positive",FALSE,0,0
21,"B12","HEX","Unkn-33",35.2,35.37,0,"MSX","A12_CviMVP_PlDNA_10_SG_1711_103eead9","CviMVP_12166","SaLa_GA_2022-10-5",20,"A12_CviMVP_PlDNA_10_SG_1711_103eead9","21_A12_CviMVP_PlDNA_10_SG_1711_103eead9_MSX",2,0.339999999999996,"Positive",FALSE,0,0
21,"C03","HEX","Unkn-03",32.74,32.84,0,"MSX","C8_CviMVP_PlDNA_10_SG_1828_01304bbf","CviMVP_12513","PrEdIs_CN_A_2022-10-18",19,"C8_CviMVP_PlDNA_10_SG_1828_01304bbf","21_C8_CviMVP_PlDNA_10_SG_1828_01304bbf_MSX",1,0.199999999999996,"Positive",FALSE,0,0
21,"C04","HEX","Unkn-03",32.94,32.84,0,"MSX","C8_CviMVP_PlDNA_10_SG_1828_01304bbf","CviMVP_12513","PrEdIs_CN_A_2022-10-18",19,"C8_CviMVP_PlDNA_10_SG_1828_01304bbf","21_C8_CviMVP_PlDNA_10_SG_1828_01304bbf_MSX",2,0.199999999999996,"Positive",FALSE,0,0
21,"C05","HEX","Unkn-11",35.26,34.97,0,"MSX","F12_CviMVP_PlDNA_10_SG_1129_2a1edb19","CviMVP_10504","FP_Sav_GA_2022-6-10",20,"F12_CviMVP_PlDNA_10_SG_1129_2a1edb19","21_F12_CviMVP_PlDNA_10_SG_1129_2a1edb19_MSX",1,0.579999999999998,"Positive",FALSE,0,0
21,"C06","HEX","Unkn-11",34.68,34.97,0,"MSX","F12_CviMVP_PlDNA_10_SG_1129_2a1edb19","CviMVP_10504","FP_Sav_GA_2022-6-10",20,"F12_CviMVP_PlDNA_10_SG_1129_2a1edb19","21_F12_CviMVP_PlDNA_10_SG_1129_2a1edb19_MSX",2,0.579999999999998,"Positive",FALSE,0,0
21,"C07","HEX","Unkn-19",27.18,27.06,0,"MSX","C10_CviMVP_PlDNA_10_SG.sharedLotterhosPuritz_1522_412fe23d","CviMVP_11615","DC_NB_RI_2022-8-19",21,"C10_CviMVP_PlDNA_10_SG.sharedLotterhosPuritz_1522_412fe23d","21_C10_CviMVP_PlDNA_10_SG.sharedLotterhosPuritz_1522_412fe23d_MSX",1,0.239999999999998,"Positive",FALSE,0,0
21,"C08","HEX","Unkn-19",26.94,27.06,0,"MSX","C10_CviMVP_PlDNA_10_SG.sharedLotterhosPuritz_1522_412fe23d","CviMVP_11615","DC_NB_RI_2022-8-19",21,"C10_CviMVP_PlDNA_10_SG.sharedLotterhosPuritz_1522_412fe23d","21_C10_CviMVP_PlDNA_10_SG.sharedLotterhosPuritz_1522_412fe23d_MSX",2,0.239999999999998,"Positive",FALSE,0,0
21,"C09","HEX","Unkn-27",35.06,35.06,0,"MSX","D11_CviMVP_PlDNA_10_SG_1014_8102b940","CviMVP_10015","LakeFortuna_LA_2022-5-11",20,"D11_CviMVP_PlDNA_10_SG_1014_8102b940","21_D11_CviMVP_PlDNA_10_SG_1014_8102b940_MSX",1,0.0100000000000051,"Positive",FALSE,0,0
21,"C10","HEX","Unkn-27",35.05,35.06,0,"MSX","D11_CviMVP_PlDNA_10_SG_1014_8102b940","CviMVP_10015","LakeFortuna_LA_2022-5-11",20,"D11_CviMVP_PlDNA_10_SG_1014_8102b940","21_D11_CviMVP_PlDNA_10_SG_1014_8102b940_MSX",2,0.0100000000000051,"Positive",FALSE,0,0
21,"C11","HEX","Unkn-34",33.27,33.34,0,"MSX","B12_CviMVP_PlDNA_10_SG_2023_c0c00370","CviMVP_15088","IL_ApBay_FL_2023-10-3",22,"B12_CviMVP_PlDNA_10_SG_2023_c0c00370","21_B12_CviMVP_PlDNA_10_SG_2023_c0c00370_MSX",1,0.139999999999993,"Positive",FALSE,0,0
21,"C12","HEX","Unkn-34",33.41,33.34,0,"MSX","B12_CviMVP_PlDNA_10_SG_2023_c0c00370","CviMVP_15088","IL_ApBay_FL_2023-10-3",22,"B12_CviMVP_PlDNA_10_SG_2023_c0c00370","21_B12_CviMVP_PlDNA_10_SG_2023_c0c00370_MSX",2,0.139999999999993,"Positive",FALSE,0,0
21,"D03","HEX","Unkn-04",33.39,33.34,0,"MSX","D8_CviMVP_PlDNA_10_SG_1952_3d31a3db","CviMVP_12875","UNCW_MS_NC_2023-7-17",22,"D8_CviMVP_PlDNA_10_SG_1952_3d31a3db","21_D8_CviMVP_PlDNA_10_SG_1952_3d31a3db_MSX",1,0.109999999999999,"Positive",FALSE,0,0
21,"D04","HEX","Unkn-04",33.28,33.34,0,"MSX","D8_CviMVP_PlDNA_10_SG_1952_3d31a3db","CviMVP_12875","UNCW_MS_NC_2023-7-17",22,"D8_CviMVP_PlDNA_10_SG_1952_3d31a3db","21_D8_CviMVP_PlDNA_10_SG_1952_3d31a3db_MSX",2,0.109999999999999,"Positive",FALSE,0,0
21,"D05","HEX","Unkn-12",35.66,35.46,0,"MSX","G12_CviMVP_PlDNA_10_SG_2049_a5d31ffb","CviMVP_15164","EC_ApBay_FL_2023-10-4",20,"G12_CviMVP_PlDNA_10_SG_2049_a5d31ffb","21_G12_CviMVP_PlDNA_10_SG_2049_a5d31ffb_MSX",1,0.389999999999993,"Positive",FALSE,0,0
21,"D06","HEX","Unkn-12",35.27,35.46,0,"MSX","G12_CviMVP_PlDNA_10_SG_2049_a5d31ffb","CviMVP_15164","EC_ApBay_FL_2023-10-4",20,"G12_CviMVP_PlDNA_10_SG_2049_a5d31ffb","21_G12_CviMVP_PlDNA_10_SG_2049_a5d31ffb_MSX",2,0.389999999999993,"Positive",FALSE,0,0
21,"D07","HEX","Unkn-20",29.05,29.16,0,"MSX","D10_CviMVP_PlDNA_10_SG_1099_8fcbb868","CviMVP_10442","CB_TX_2022-6-9",19,"D10_CviMVP_PlDNA_10_SG_1099_8fcbb868","21_D10_CviMVP_PlDNA_10_SG_1099_8fcbb868_MSX",1,0.23,"Positive",FALSE,0,0
21,"D08","HEX","Unkn-20",29.28,29.16,0,"MSX","D10_CviMVP_PlDNA_10_SG_1099_8fcbb868","CviMVP_10442","CB_TX_2022-6-9",19,"D10_CviMVP_PlDNA_10_SG_1099_8fcbb868","21_D10_CviMVP_PlDNA_10_SG_1099_8fcbb868_MSX",2,0.23,"Positive",FALSE,0,0
21,"D09","HEX","Unkn-28",27.71,27.85,0,"MSX","E11_CviMVP_PlDNA_10_SG_2029_759a8bec","CviMVP_15105","IL_ApBay_FL_2023-10-3",18,"E11_CviMVP_PlDNA_10_SG_2029_759a8bec","21_E11_CviMVP_PlDNA_10_SG_2029_759a8bec_MSX",1,0.289999999999999,"Positive",FALSE,0,0
21,"D10","HEX","Unkn-28",28,27.85,0,"MSX","E11_CviMVP_PlDNA_10_SG_2029_759a8bec","CviMVP_15105","IL_ApBay_FL_2023-10-3",18,"E11_CviMVP_PlDNA_10_SG_2029_759a8bec","21_E11_CviMVP_PlDNA_10_SG_2029_759a8bec_MSX",2,0.289999999999999,"Positive",FALSE,0,0
21,"D11","HEX","Unkn-35",35.43,35.41,0,"MSX","C12_CviMVP_PlDNA_10_SG_1819_4c9efbeb","CviMVP_12488","PrEdIs_CN_A_2022-10-18",21,"C12_CviMVP_PlDNA_10_SG_1819_4c9efbeb","21_C12_CviMVP_PlDNA_10_SG_1819_4c9efbeb_MSX",1,0.0300000000000011,"Positive",FALSE,0,0
21,"D12","HEX","Unkn-35",35.4,35.41,0,"MSX","C12_CviMVP_PlDNA_10_SG_1819_4c9efbeb","CviMVP_12488","PrEdIs_CN_A_2022-10-18",21,"C12_CviMVP_PlDNA_10_SG_1819_4c9efbeb","21_C12_CviMVP_PlDNA_10_SG_1819_4c9efbeb_MSX",2,0.0300000000000011,"Positive",FALSE,0,0
21,"E03","HEX","Unkn-05",NA,0,0,"MSX","E8_CviMVP_PlDNA_10_SG_1220_48a201e9","CviMVP_10744","TP_TX_2022-6-28",19,"E8_CviMVP_PlDNA_10_SG_1220_48a201e9","21_E8_CviMVP_PlDNA_10_SG_1220_48a201e9_MSX",1,NA,"Inconclusive",TRUE,0,0
21,"E04","HEX","Unkn-05",38.58,38.58,0,"MSX","E8_CviMVP_PlDNA_10_SG_1220_48a201e9","CviMVP_10744","TP_TX_2022-6-28",19,"E8_CviMVP_PlDNA_10_SG_1220_48a201e9","21_E8_CviMVP_PlDNA_10_SG_1220_48a201e9_MSX",2,NA,"Inconclusive",TRUE,0,0
21,"E05","HEX","Unkn-13",NA,0,0,"MSX","A5_CviMVP_PlDNA_10_SG_2053_a99d49c4","CviMVP_15176","EC_ApBay_FL_2023-10-4",18,"A5_CviMVP_PlDNA_10_SG_2053_a99d49c4","21_A5_CviMVP_PlDNA_10_SG_2053_a99d49c4_MSX",1,NA,"Negative",FALSE,0,0
21,"E06","HEX","Unkn-13",NA,0,0,"MSX","A5_CviMVP_PlDNA_10_SG_2053_a99d49c4","CviMVP_15176","EC_ApBay_FL_2023-10-4",18,"A5_CviMVP_PlDNA_10_SG_2053_a99d49c4","21_A5_CviMVP_PlDNA_10_SG_2053_a99d49c4_MSX",2,NA,"Negative",FALSE,0,0
21,"E07","HEX","Unkn-21",32.66,32.84,0,"MSX","E10_CviMVP_PlDNA_10_SG_1991_176b15fe","CviMVP_12992","AC_LIS_CT_2023-10-3",18,"E10_CviMVP_PlDNA_10_SG_1991_176b15fe","21_E10_CviMVP_PlDNA_10_SG_1991_176b15fe_MSX",1,0.360000000000007,"Positive",FALSE,0,0
21,"E08","HEX","Unkn-21",33.02,32.84,0,"MSX","E10_CviMVP_PlDNA_10_SG_1991_176b15fe","CviMVP_12992","AC_LIS_CT_2023-10-3",18,"E10_CviMVP_PlDNA_10_SG_1991_176b15fe","21_E10_CviMVP_PlDNA_10_SG_1991_176b15fe_MSX",2,0.360000000000007,"Positive",FALSE,0,0
21,"E09","HEX","Unkn-29",35.92,35.68,0,"MSX","F11_CviMVP_PlDNA_10_SG_1254_76d18d2d","CviMVP_10841","CC_VA_2022-7-11",22,"F11_CviMVP_PlDNA_10_SG_1254_76d18d2d","21_F11_CviMVP_PlDNA_10_SG_1254_76d18d2d_MSX",1,0.490000000000002,"Positive",FALSE,0,0
21,"E10","HEX","Unkn-29",35.43,35.68,0,"MSX","F11_CviMVP_PlDNA_10_SG_1254_76d18d2d","CviMVP_10841","CC_VA_2022-7-11",22,"F11_CviMVP_PlDNA_10_SG_1254_76d18d2d","21_F11_CviMVP_PlDNA_10_SG_1254_76d18d2d_MSX",2,0.490000000000002,"Positive",FALSE,0,0
21,"E11","HEX","Unkn-36",30.7,30.79,0,"MSX","D12_CviMVP_PlDNA_10_SG_2008_b9f810d0","CviMVP_15043","AC_LIS_CT_2023-10-3",23,"D12_CviMVP_PlDNA_10_SG_2008_b9f810d0","21_D12_CviMVP_PlDNA_10_SG_2008_b9f810d0_MSX",1,0.18,"Positive",FALSE,0,0
21,"E12","HEX","Unkn-36",30.88,30.79,0,"MSX","D12_CviMVP_PlDNA_10_SG_2008_b9f810d0","CviMVP_15043","AC_LIS_CT_2023-10-3",23,"D12_CviMVP_PlDNA_10_SG_2008_b9f810d0","21_D12_CviMVP_PlDNA_10_SG_2008_b9f810d0_MSX",2,0.18,"Positive",FALSE,0,0
21,"F03","HEX","Unkn-06",33.76,33.48,0,"MSX","F8_CviMVP_PlDNA_10_SG.sharedLotterhosPuritz_1497_165d898b","CviMVP_11540","NR_NB_RI_2022-8-19",22,"F8_CviMVP_PlDNA_10_SG.sharedLotterhosPuritz_1497_165d898b","21_F8_CviMVP_PlDNA_10_SG.sharedLotterhosPuritz_1497_165d898b_MSX",1,0.57,"Positive",FALSE,0,0
21,"F04","HEX","Unkn-06",33.19,33.48,0,"MSX","F8_CviMVP_PlDNA_10_SG.sharedLotterhosPuritz_1497_165d898b","CviMVP_11540","NR_NB_RI_2022-8-19",22,"F8_CviMVP_PlDNA_10_SG.sharedLotterhosPuritz_1497_165d898b","21_F8_CviMVP_PlDNA_10_SG.sharedLotterhosPuritz_1497_165d898b_MSX",2,0.57,"Positive",FALSE,0,0
21,"F05","HEX","Unkn-14",39.1,39.1,0,"MSX","D5_CviMVP_PlDNA_10_SG_2025_5bd16ce4","CviMVP_15094","IL_ApBay_FL_2023-10-3",22,"D5_CviMVP_PlDNA_10_SG_2025_5bd16ce4","21_D5_CviMVP_PlDNA_10_SG_2025_5bd16ce4_MSX",1,NA,"Inconclusive",TRUE,0,0
21,"F06","HEX","Unkn-14",NA,0,0,"MSX","D5_CviMVP_PlDNA_10_SG_2025_5bd16ce4","CviMVP_15094","IL_ApBay_FL_2023-10-3",22,"D5_CviMVP_PlDNA_10_SG_2025_5bd16ce4","21_D5_CviMVP_PlDNA_10_SG_2025_5bd16ce4_MSX",2,NA,"Inconclusive",TRUE,0,0
21,"F07","HEX","Unkn-22",32.64,32.43,0,"MSX","G10_CviMVP_PlDNA_10_SG_2088_6672fa31","CviMVP_131241","FC_LIS_CT_2023-10-11",21,"G10_CviMVP_PlDNA_10_SG_2088_6672fa31","21_G10_CviMVP_PlDNA_10_SG_2088_6672fa31_MSX",1,0.43,"Positive",FALSE,0,0
21,"F08","HEX","Unkn-22",32.21,32.43,0,"MSX","G10_CviMVP_PlDNA_10_SG_2088_6672fa31","CviMVP_131241","FC_LIS_CT_2023-10-11",21,"G10_CviMVP_PlDNA_10_SG_2088_6672fa31","21_G10_CviMVP_PlDNA_10_SG_2088_6672fa31_MSX",2,0.43,"Positive",FALSE,0,0
21,"F09","HEX","Unkn-30",24.23,24.41,1e-05,"MSX","G11_CviMVP_PlDNA_10_SG_1954_5a1ba8fc","CviMVP_12881","UNCW_MS_NC_2023-7-17",23,"G11_CviMVP_PlDNA_10_SG_1954_5a1ba8fc","21_G11_CviMVP_PlDNA_10_SG_1954_5a1ba8fc_MSX",1,0.349999999999998,"Positive",FALSE,3395.88434782609,2
21,"F10","HEX","Unkn-30",24.58,24.41,1e-05,"MSX","G11_CviMVP_PlDNA_10_SG_1954_5a1ba8fc","CviMVP_12881","UNCW_MS_NC_2023-7-17",23,"G11_CviMVP_PlDNA_10_SG_1954_5a1ba8fc","21_G11_CviMVP_PlDNA_10_SG_1954_5a1ba8fc_MSX",2,0.349999999999998,"Positive",FALSE,3395.88434782609,2
21,"F11","HEX","Unkn-37",37.62,37.32,0,"MSX","E12_CviMVP_PlDNA_10_SG_1654_ff1aabfe","CviMVP_12001","SaltBay_Canada_2022-9-27",20,"E12_CviMVP_PlDNA_10_SG_1654_ff1aabfe","21_E12_CviMVP_PlDNA_10_SG_1654_ff1aabfe_MSX",1,0.599999999999994,"Positive",FALSE,0,0
21,"F12","HEX","Unkn-37",37.02,37.32,0,"MSX","E12_CviMVP_PlDNA_10_SG_1654_ff1aabfe","CviMVP_12001","SaltBay_Canada_2022-9-27",20,"E12_CviMVP_PlDNA_10_SG_1654_ff1aabfe","21_E12_CviMVP_PlDNA_10_SG_1654_ff1aabfe_MSX",2,0.599999999999994,"Positive",FALSE,0,0
21,"G03","HEX","Unkn-07",NA,0,0,"MSX","H8_CviMVP_PlDNA_10_SG_2037_0941fca6","CviMVP_15128","EC_ApBay_FL_2023-10-4",19,"H8_CviMVP_PlDNA_10_SG_2037_0941fca6","21_H8_CviMVP_PlDNA_10_SG_2037_0941fca6_MSX",1,NA,"Negative",FALSE,0,0
21,"G04","HEX","Unkn-07",NA,0,0,"MSX","H8_CviMVP_PlDNA_10_SG_2037_0941fca6","CviMVP_15128","EC_ApBay_FL_2023-10-4",19,"H8_CviMVP_PlDNA_10_SG_2037_0941fca6","21_H8_CviMVP_PlDNA_10_SG_2037_0941fca6_MSX",2,NA,"Negative",FALSE,0,0
21,"G05","HEX","Unkn-15",36.22,35.93,0,"MSX","H5_CviMVP_PlDNA_10_SG_2078_b8a33fcd","CviMVP_130941","FC_LIS_CT_2023-10-11",23,"H5_CviMVP_PlDNA_10_SG_2078_b8a33fcd","21_H5_CviMVP_PlDNA_10_SG_2078_b8a33fcd_MSX",1,0.579999999999998,"Positive",FALSE,0,0
21,"G06","HEX","Unkn-15",35.64,35.93,0,"MSX","H5_CviMVP_PlDNA_10_SG_2078_b8a33fcd","CviMVP_130941","FC_LIS_CT_2023-10-11",23,"H5_CviMVP_PlDNA_10_SG_2078_b8a33fcd","21_H5_CviMVP_PlDNA_10_SG_2078_b8a33fcd_MSX",2,0.579999999999998,"Positive",FALSE,0,0
21,"G07","HEX","Unkn-23",32.91,32.98,0,"MSX","H10_CviMVP_PlDNA_10_SG_1802_bf1fa7f4","CviMVP_12437","NPS_PS_NC_2022-10-12",20,"H10_CviMVP_PlDNA_10_SG_1802_bf1fa7f4","21_H10_CviMVP_PlDNA_10_SG_1802_bf1fa7f4_MSX",1,0.140000000000001,"Positive",FALSE,0,0
21,"G08","HEX","Unkn-23",33.05,32.98,0,"MSX","H10_CviMVP_PlDNA_10_SG_1802_bf1fa7f4","CviMVP_12437","NPS_PS_NC_2022-10-12",20,"H10_CviMVP_PlDNA_10_SG_1802_bf1fa7f4","21_H10_CviMVP_PlDNA_10_SG_1802_bf1fa7f4_MSX",2,0.140000000000001,"Positive",FALSE,0,0
21,"G09","HEX","Unkn-31",22.07,22.14,5e-05,"MSX","H11_CviMVP_PlDNA_10_SG_1937_4b32fd1f","CviMVP_12830","UNCW_MS_NC_2023-7-17",18,"H11_CviMVP_PlDNA_10_SG_1937_4b32fd1f","21_H11_CviMVP_PlDNA_10_SG_1937_4b32fd1f_MSX",1,0.149999999999999,"Positive",FALSE,21695.9277777778,3
21,"G10","HEX","Unkn-31",22.22,22.14,5e-05,"MSX","H11_CviMVP_PlDNA_10_SG_1937_4b32fd1f","CviMVP_12830","UNCW_MS_NC_2023-7-17",18,"H11_CviMVP_PlDNA_10_SG_1937_4b32fd1f","21_H11_CviMVP_PlDNA_10_SG_1937_4b32fd1f_MSX",2,0.149999999999999,"Positive",FALSE,21695.9277777778,3
21,"H01","HEX","Unkn-38",NA,0,0,"MSX","A4_CviMVP_PlDNA_10_SG_1556_e491b857","CviMVP_11716","CPR_MS_AL_2022-8-24",22,"A4_CviMVP_PlDNA_10_SG_1556_e491b857","21_A4_CviMVP_PlDNA_10_SG_1556_e491b857_MSX",1,NA,"Negative",FALSE,0,0
21,"H02","HEX","Unkn-38",NA,0,0,"MSX","A4_CviMVP_PlDNA_10_SG_1556_e491b857","CviMVP_11716","CPR_MS_AL_2022-8-24",22,"A4_CviMVP_PlDNA_10_SG_1556_e491b857","21_A4_CviMVP_PlDNA_10_SG_1556_e491b857_MSX",2,NA,"Negative",FALSE,0,0
21,"H03","HEX","Unkn-08",26.92,26.94,0,"MSX","B4_CviMVP_PlDNA_10_SG.sharedLotterhosPuritz_3054_b35976e5","CviMVP_30159","HC_DB_NJ_2022-9-23",21,"B4_CviMVP_PlDNA_10_SG.sharedLotterhosPuritz_3054_b35976e5","21_B4_CviMVP_PlDNA_10_SG.sharedLotterhosPuritz_3054_b35976e5_MSX",1,0.0499999999999972,"Positive",FALSE,0,0
21,"H04","HEX","Unkn-08",26.97,26.94,0,"MSX","B4_CviMVP_PlDNA_10_SG.sharedLotterhosPuritz_3054_b35976e5","CviMVP_30159","HC_DB_NJ_2022-9-23",21,"B4_CviMVP_PlDNA_10_SG.sharedLotterhosPuritz_3054_b35976e5","21_B4_CviMVP_PlDNA_10_SG.sharedLotterhosPuritz_3054_b35976e5_MSX",2,0.0499999999999972,"Positive",FALSE,0,0
21,"H05","HEX","Unkn-16",36.09,36.69,0,"MSX","B6_CviMVP_PlDNA_10_SG_1834_e5dca67e","CviMVP_12528","PrEdIs_CN_A_2022-10-18",22,"B6_CviMVP_PlDNA_10_SG_1834_e5dca67e","21_B6_CviMVP_PlDNA_10_SG_1834_e5dca67e_MSX",1,1.19,"Positive",FALSE,0,0
21,"H06","HEX","Unkn-16",37.28,36.69,0,"MSX","B6_CviMVP_PlDNA_10_SG_1834_e5dca67e","CviMVP_12528","PrEdIs_CN_A_2022-10-18",22,"B6_CviMVP_PlDNA_10_SG_1834_e5dca67e","21_B6_CviMVP_PlDNA_10_SG_1834_e5dca67e_MSX",2,1.19,"Positive",FALSE,0,0
21,"H07","HEX","Unkn-24",NA,0,0,"MSX","G6_CviMVP_PlDNA_10_SG_1042_f25060f5","CviMVP_10279","OL_MI_SC_2022-5-31",20,"G6_CviMVP_PlDNA_10_SG_1042_f25060f5","21_G6_CviMVP_PlDNA_10_SG_1042_f25060f5_MSX",1,NA,"Negative",FALSE,0,0
21,"H08","HEX","Unkn-24",NA,0,0,"MSX","G6_CviMVP_PlDNA_10_SG_1042_f25060f5","CviMVP_10279","OL_MI_SC_2022-5-31",20,"G6_CviMVP_PlDNA_10_SG_1042_f25060f5","21_G6_CviMVP_PlDNA_10_SG_1042_f25060f5_MSX",2,NA,"Negative",FALSE,0,0
21,"H09","HEX","Unkn-32",NA,0,0,"MSX","F6_CviMVP_PlDNA_10_SG_2047_b1ff69b8","CviMVP_15158","EC_ApBay_FL_2023-10-4",22,"F6_CviMVP_PlDNA_10_SG_2047_b1ff69b8","21_F6_CviMVP_PlDNA_10_SG_2047_b1ff69b8_MSX",1,NA,"Negative",FALSE,0,0
21,"H10","HEX","Unkn-32",NA,0,0,"MSX","F6_CviMVP_PlDNA_10_SG_2047_b1ff69b8","CviMVP_15158","EC_ApBay_FL_2023-10-4",22,"F6_CviMVP_PlDNA_10_SG_2047_b1ff69b8","21_F6_CviMVP_PlDNA_10_SG_2047_b1ff69b8_MSX",2,NA,"Negative",FALSE,0,0
