"","Vial_Label","ID_SiteDate","clean_ID","mg_tissue","qPCR_plate","short_label","cq_well_position"
"1","CviMVP_10015","LakeFortuna_LA_2022-5-11","D11_CviMVP_PlDNA_10_SG_1014_8102b940",20,"qpcr_pl21","D11_PIDNA10","C09"
"2","CviMVP_10015","LakeFortuna_LA_2022-5-11","D11_CviMVP_PlDNA_10_SG_1014_8102b940",20,"qpcr_pl21","D11_PIDNA10","C10"
"3","CviMVP_10018","LakeFortuna_LA_2022-5-11","A10_CviMVP_PlDNA_3_SG_1015_9b0b22ae",20,"qpcr_pl12","A10_PIDNA3","B11"
"4","CviMVP_10018","LakeFortuna_LA_2022-5-11","A10_CviMVP_PlDNA_3_SG_1015_9b0b22ae",20,"qpcr_pl12","A10_PIDNA3","B12"
"5","CviMVP_10033","LakeFortuna_LA_2022-5-11","G12_CviMVP_PlDNA_7_SG_1016_32ac523d",20,"qpcr_pl14","G12_PIDNA7","C05"
"6","CviMVP_10033","LakeFortuna_LA_2022-5-11","G12_CviMVP_PlDNA_7_SG_1016_32ac523d",20,"qpcr_pl14","G12_PIDNA7","C06"
"7","CviMVP_10036","LakeFortuna_LA_2022-5-11","A5_CviMVP_PlDNA_4_SG_1017_8d7c2653",20,"qpcr_pl15","A5_PIDNA4","A05"
"8","CviMVP_10036","LakeFortuna_LA_2022-5-11","A5_CviMVP_PlDNA_4_SG_1017_8d7c2653",20,"qpcr_pl15","A5_PIDNA4","A06"
"9","CviMVP_10040","LakeFortuna_LA_2022-5-11","A4_CviMVP_PlDNA_8_SG_1018_d1b93996",20,"qpcr_pl4","A4_PlDNA8","A09"
"10","CviMVP_10040","LakeFortuna_LA_2022-5-11","A4_CviMVP_PlDNA_8_SG_1018_d1b93996",20,"qpcr_pl4","A4_PlDNA8","A10"
"11","CviMVP_10040","LakeFortuna_LA_2022-5-11","A4_CviMVP_PlDNA_8_SG_1018_d1b93996",20,"qpcr_pl22","A4_PlDNA8","E09"
"12","CviMVP_10040","LakeFortuna_LA_2022-5-11","A4_CviMVP_PlDNA_8_SG_1018_d1b93996",20,"qpcr_pl22","A4_PlDNA8","E10"
"13","CviMVP_10057","LakeFortuna_LA_2022-5-11","C2_CviMVP_PlDNA_9_SG_1025_43336380",20,"qpcr_pl18","C2_PIDNA9","C05"
"14","CviMVP_10057","LakeFortuna_LA_2022-5-11","C2_CviMVP_PlDNA_9_SG_1025_43336380",20,"qpcr_pl18","C2_PIDNA9","C06"
"15","CviMVP_10057","LakeFortuna_LA_2022-5-11","C2_CviMVP_PlDNA_9_SG_1025_43336380",20,"qpcr_pl22","C2_PlDNA9","C03"
"16","CviMVP_10057","LakeFortuna_LA_2022-5-11","C2_CviMVP_PlDNA_9_SG_1025_43336380",20,"qpcr_pl22","C2_PlDNA9","C04"
"17","CviMVP_10060","LakeFortuna_LA_2022-5-11","E9_CviMVP_PlDNA_3_SG_1026_d9b276d4",20,"qpcr_pl12","E9_PIDNA3","E09"
"18","CviMVP_10060","LakeFortuna_LA_2022-5-11","E9_CviMVP_PlDNA_3_SG_1026_d9b276d4",20,"qpcr_pl12","E9_PIDNA3","E10"
"19","CviMVP_10064","LakeFortuna_LA_2022-5-11","G5_CviMVP_PlDNA_2_SG_1027_8151ca73",18,"qpcr_pl9","G5_PlDNA2","G05"
"20","CviMVP_10064","LakeFortuna_LA_2022-5-11","G5_CviMVP_PlDNA_2_SG_1027_8151ca73",18,"qpcr_pl9","G5_PlDNA2","G06"
"21","CviMVP_10068","LakeFortuna_LA_2022-5-11","A9_CviMVP_PlDNA_4_SG_1028_4e0fd7b2",20,"qpcr_pl16","A9_PIDNA4","A03"
"22","CviMVP_10068","LakeFortuna_LA_2022-5-11","A9_CviMVP_PlDNA_4_SG_1028_4e0fd7b2",20,"qpcr_pl16","A9_PIDNA4","A04"
"23","CviMVP_10072","LakeFortuna_LA_2022-5-11","F7_CviMVP_PlDNA_2_SG_1029_1709b6fc",20,"qpcr_pl9","F7_PlDNA2","E09"
"24","CviMVP_10072","LakeFortuna_LA_2022-5-11","F7_CviMVP_PlDNA_2_SG_1029_1709b6fc",20,"qpcr_pl9","F7_PlDNA2","E10"
"25","CviMVP_10076","LakeFortuna_LA_2022-5-11","F9_CviMVP_PlDNA_5_SG_1030_ea0d7b30",22,"qpcr_pl20","F9_PIDNA5","E03"
"26","CviMVP_10076","LakeFortuna_LA_2022-5-11","F9_CviMVP_PlDNA_5_SG_1030_ea0d7b30",22,"qpcr_pl20","F9_PIDNA5","E04"
"27","CviMVP_10080","LakeFortuna_LA_2022-5-11","E1_CviMVP_PlDNA_3_SG_1031_1b3cca54",20,"qpcr_pl11","E1_PlDNA3","E03"
"28","CviMVP_10080","LakeFortuna_LA_2022-5-11","E1_CviMVP_PlDNA_3_SG_1031_1b3cca54",20,"qpcr_pl11","E1_PlDNA3","E04"
"29","CviMVP_10084","LakeFortuna_LA_2022-5-11","C9_CviMVP_PlDNA_2_SG_1032_6655cc76",21,"qpcr_pl10","C9_PlDNA2","C03"
"30","CviMVP_10084","LakeFortuna_LA_2022-5-11","C9_CviMVP_PlDNA_2_SG_1032_6655cc76",21,"qpcr_pl10","C9_PlDNA2","C04"
"31","CviMVP_10093","LakeFortuna_LA_2022-5-11","B1_CviMVP_PlDNA_5_SG_1034_0e0ac7d6",21,"qpcr_pl17","B1_PIDNA5","B03"
"32","CviMVP_10093","LakeFortuna_LA_2022-5-11","B1_CviMVP_PlDNA_5_SG_1034_0e0ac7d6",21,"qpcr_pl17","B1_PIDNA5","B04"
"33","CviMVP_10093","LakeFortuna_LA_2022-5-11","B1_CviMVP_PlDNA_5_SG_1034_0e0ac7d6",21,"qpcr_pl20","B1_PlDNA5","D09"
"34","CviMVP_10093","LakeFortuna_LA_2022-5-11","B1_CviMVP_PlDNA_5_SG_1034_0e0ac7d6",21,"qpcr_pl20","B1_PlDNA5","D10"
"35","CviMVP_10100","LakeFortuna_LA_2022-5-11","B12_CviMVP_PlDNA_8_SG_1036_906d5a68",20,"qpcr_pl14","B12_PIDNA8","E11"
"36","CviMVP_10100","LakeFortuna_LA_2022-5-11","B12_CviMVP_PlDNA_8_SG_1036_906d5a68",20,"qpcr_pl14","B12_PIDNA8","E12"
"37","CviMVP_10104","LakeFortuna_LA_2022-5-11","B10_CviMVP_PlDNA_5_SG_1037_baf65a49",20,"qpcr_pl3","B10_PlDNA5","B05"
"38","CviMVP_10104","LakeFortuna_LA_2022-5-11","B10_CviMVP_PlDNA_5_SG_1037_baf65a49",20,"qpcr_pl3","B10_PlDNA5","B06"
"39","CviMVP_10108","LakeFortuna_LA_2022-5-11","C10_CviMVP_PlDNA_3_SG_1038_a10f506e",22,"qpcr_pl12","C10_PIDNA3","D11"
"40","CviMVP_10108","LakeFortuna_LA_2022-5-11","C10_CviMVP_PlDNA_3_SG_1038_a10f506e",22,"qpcr_pl12","C10_PIDNA3","D12"
"41","CviMVP_10112","LakeFortuna_LA_2022-5-11","D1_CviMVP_PlDNA_3_SG_1039_1b561850",22,"qpcr_pl11","D1_PlDNA3","D03"
"42","CviMVP_10112","LakeFortuna_LA_2022-5-11","D1_CviMVP_PlDNA_3_SG_1039_1b561850",22,"qpcr_pl11","D1_PlDNA3","D04"
"43","CviMVP_10277","OL_MI_SC_2022-5-31","F2_CviMVP_PlDNA_5_SG_1041_eed5c808",22,"qpcr_pl17","F2_PIDNA5","E05"
"44","CviMVP_10277","OL_MI_SC_2022-5-31","F2_CviMVP_PlDNA_5_SG_1041_eed5c808",22,"qpcr_pl17","F2_PIDNA5","E06"
"45","CviMVP_10279","OL_MI_SC_2022-5-31","G6_CviMVP_PlDNA_10_SG_1042_f25060f5",20,"qpcr_pl2","G6_PlDNA10","G09"
"46","CviMVP_10279","OL_MI_SC_2022-5-31","G6_CviMVP_PlDNA_10_SG_1042_f25060f5",20,"qpcr_pl2","G6_PlDNA10","G10"
"47","CviMVP_10279","OL_MI_SC_2022-5-31","G6_CviMVP_PlDNA_10_SG_1042_f25060f5",20,"qpcr_pl21","G6_PlDNA10","H07"
"48","CviMVP_10279","OL_MI_SC_2022-5-31","G6_CviMVP_PlDNA_10_SG_1042_f25060f5",20,"qpcr_pl21","G6_PlDNA10","H08"
"49","CviMVP_10282","OL_MI_SC_2022-5-31","B9_CviMVP_PlDNA_3_SG_1043_a6bf86da",20,"qpcr_pl12","B9_PIDNA3","B09"
"50","CviMVP_10282","OL_MI_SC_2022-5-31","B9_CviMVP_PlDNA_3_SG_1043_a6bf86da",20,"qpcr_pl12","B9_PIDNA3","B10"
"51","CviMVP_10285","OL_MI_SC_2022-5-31","G10_CviMVP_PlDNA_8_SG_1044_2065a9df",19,"qpcr_pl14","G10_PIDNA8","D09"
"52","CviMVP_10285","OL_MI_SC_2022-5-31","G10_CviMVP_PlDNA_8_SG_1044_2065a9df",19,"qpcr_pl14","G10_PIDNA8","D10"
"53","CviMVP_10290","OL_MI_SC_2022-5-31","D6_CviMVP_PlDNA_4_SG_1046_dd6103a0",22,"qpcr_pl15","D6_PIDNA4","D07"
"54","CviMVP_10290","OL_MI_SC_2022-5-31","D6_CviMVP_PlDNA_4_SG_1046_dd6103a0",22,"qpcr_pl15","D6_PIDNA4","D08"
"55","CviMVP_10295","OL_MI_SC_2022-5-31","C1_CviMVP_PlDNA_2_SG_1048_9831ca6e",22,"qpcr_pl8","C1_PlDNA2","F07"
"56","CviMVP_10295","OL_MI_SC_2022-5-31","C1_CviMVP_PlDNA_2_SG_1048_9831ca6e",22,"qpcr_pl8","C1_PlDNA2","F08"
"57","CviMVP_10298","OL_MI_SC_2022-5-31","G1_CviMVP_PlDNA_2_SG_1049_2c29990f",20,"qpcr_pl8","G1_PlDNA2","B07"
"58","CviMVP_10298","OL_MI_SC_2022-5-31","G1_CviMVP_PlDNA_2_SG_1049_2c29990f",20,"qpcr_pl8","G1_PlDNA2","B08"
"59","CviMVP_10300","OL_MI_SC_2022-5-31","A5_CviMVP_PlDNA_2_SG_1050_f357cf40",20,"qpcr_pl9","A5_PlDNA2","A05"
"60","CviMVP_10300","OL_MI_SC_2022-5-31","A5_CviMVP_PlDNA_2_SG_1050_f357cf40",20,"qpcr_pl9","A5_PlDNA2","A06"
"61","CviMVP_10300","OL_MI_SC_2022-5-31","A5_CviMVP_PlDNA_2_SG_1050_f357cf40",20,"qpcr_pl10","A5_PlDNA2","F11"
"62","CviMVP_10300","OL_MI_SC_2022-5-31","A5_CviMVP_PlDNA_2_SG_1050_f357cf40",20,"qpcr_pl10","A5_PlDNA2","F12"
"63","CviMVP_10303","OL_MI_SC_2022-5-31","C2_CviMVP_PlDNA_3_SG_1051_b2f89cc5",18,"qpcr_pl11","C2_PlDNA3","B05"
"64","CviMVP_10303","OL_MI_SC_2022-5-31","C2_CviMVP_PlDNA_3_SG_1051_b2f89cc5",18,"qpcr_pl11","C2_PlDNA3","B06"
"65","CviMVP_10305","OL_MI_SC_2022-5-31","D8_CviMVP_PlDNA_6_SG_1052_c46c4085",18,"qpcr_pl20","D8_PIDNA6","B07"
"66","CviMVP_10305","OL_MI_SC_2022-5-31","D8_CviMVP_PlDNA_6_SG_1052_c46c4085",18,"qpcr_pl20","D8_PIDNA6","B08"
"67","CviMVP_10308","OL_MI_SC_2022-5-31","F12_CviMVP_PlDNA_8_SG_1053_950c6b7a",20,"qpcr_pl14","F12_PIDNA8","F11"
"68","CviMVP_10308","OL_MI_SC_2022-5-31","F12_CviMVP_PlDNA_8_SG_1053_950c6b7a",20,"qpcr_pl14","F12_PIDNA8","F12"
"69","CviMVP_10311","OL_MI_SC_2022-5-31","H5_CviMVP_PlDNA_2_SG_1054_bb651ac2",22,"qpcr_pl9","H5_PlDNA2","H05"
"70","CviMVP_10311","OL_MI_SC_2022-5-31","H5_CviMVP_PlDNA_2_SG_1054_bb651ac2",22,"qpcr_pl9","H5_PlDNA2","H06"
"71","CviMVP_10311","OL_MI_SC_2022-5-31","H5_CviMVP_PlDNA_2_SG_1054_bb651ac2",22,"qpcr_pl10","H5_PlDNA2","E11"
"72","CviMVP_10311","OL_MI_SC_2022-5-31","H5_CviMVP_PlDNA_2_SG_1054_bb651ac2",22,"qpcr_pl10","H5_PlDNA2","E12"
"73","CviMVP_10319","OL_MI_SC_2022-5-31","B1_CviMVP_PlDNA_4_SG_1057_08412b0c",20,"qpcr_pl13","B1_PIDNA4","B07"
"74","CviMVP_10319","OL_MI_SC_2022-5-31","B1_CviMVP_PlDNA_4_SG_1057_08412b0c",20,"qpcr_pl13","B1_PIDNA4","B08"
"75","CviMVP_10332","OL_MI_SC_2022-5-31","A6_CviMVP_PlDNA_2_SG_1061_0b870f2b",20,"qpcr_pl9","A6_PlDNA2","A07"
"76","CviMVP_10332","OL_MI_SC_2022-5-31","A6_CviMVP_PlDNA_2_SG_1061_0b870f2b",20,"qpcr_pl9","A6_PlDNA2","A08"
"77","CviMVP_10338","OL_MI_SC_2022-5-31","H3_CviMVP_PlDNA_4_SG_1063_18b59709",20,"qpcr_pl16","H3_PIDNA4","H07"
"78","CviMVP_10338","OL_MI_SC_2022-5-31","H3_CviMVP_PlDNA_4_SG_1063_18b59709",20,"qpcr_pl16","H3_PIDNA4","H08"
"79","CviMVP_10341","OL_MI_SC_2022-5-31","F7_CviMVP_PlDNA_4_SG_1064_8a94aafd",20,"qpcr_pl15","F7_PIDNA4","E09"
"80","CviMVP_10341","OL_MI_SC_2022-5-31","F7_CviMVP_PlDNA_4_SG_1064_8a94aafd",20,"qpcr_pl15","F7_PIDNA4","E10"
"81","CviMVP_10347","OL_MI_SC_2022-5-31","D9_CviMVP_PlDNA_4_SG_1066_01e3c4d8",22,"qpcr_pl16","D9_PIDNA4","D03"
"82","CviMVP_10347","OL_MI_SC_2022-5-31","D9_CviMVP_PlDNA_4_SG_1066_01e3c4d8",22,"qpcr_pl16","D9_PIDNA4","D04"
"83","CviMVP_10349","OL_MI_SC_2022-5-31","F9_CviMVP_PlDNA_9_SG_1067_8d996fb4",20,"qpcr_pl18","F9_PIDNA9","D09"
"84","CviMVP_10349","OL_MI_SC_2022-5-31","F9_CviMVP_PlDNA_9_SG_1067_8d996fb4",20,"qpcr_pl18","F9_PIDNA9","D10"
"85","CviMVP_10349","OL_MI_SC_2022-5-31","F9_CviMVP_PlDNA_9_SG_1067_8d996fb4",20,"qpcr_pl22","F9_PlDNA9","G03"
"86","CviMVP_10349","OL_MI_SC_2022-5-31","F9_CviMVP_PlDNA_9_SG_1067_8d996fb4",20,"qpcr_pl22","F9_PlDNA9","G04"
"87","CviMVP_10349","OL_MI_SC_2022-5-31","G3_CviMVP_PlDNA_10_SG_1067_8d996fb4",20,"qpcr_pl2","G3_PlDNA10","G03"
"88","CviMVP_10349","OL_MI_SC_2022-5-31","G3_CviMVP_PlDNA_10_SG_1067_8d996fb4",20,"qpcr_pl2","G3_PlDNA10","G04"
"89","CviMVP_10360","GalBay_TX_2022-6-2","D6_CviMVP_PlDNA_6_SG_1071_6e238e9e",18,"qpcr_pl20","D6_PIDNA6","F05"
"90","CviMVP_10360","GalBay_TX_2022-6-2","D6_CviMVP_PlDNA_6_SG_1071_6e238e9e",18,"qpcr_pl20","D6_PIDNA6","F06"
"91","CviMVP_10363","GalBay_TX_2022-6-2","B10_CviMVP_PlDNA_9_SG_1072_ecf788f5",18,"qpcr_pl18","B10_PIDNA9","C11"
"92","CviMVP_10363","GalBay_TX_2022-6-2","B10_CviMVP_PlDNA_9_SG_1072_ecf788f5",18,"qpcr_pl18","B10_PIDNA9","C12"
"93","CviMVP_10366","GalBay_TX_2022-6-2","G2_CviMVP_PlDNA_9_SG_1073_bd1c4a4b",19,"qpcr_pl18","G2_PIDNA9","G05"
"94","CviMVP_10366","GalBay_TX_2022-6-2","G2_CviMVP_PlDNA_9_SG_1073_bd1c4a4b",19,"qpcr_pl18","G2_PIDNA9","G06"
"95","CviMVP_10369","GalBay_TX_2022-6-2","C4_CviMVP_PlDNA_5_SG_1074_66a12ae0",18,"qpcr_pl17","C4_PIDNA5","C09"
"96","CviMVP_10369","GalBay_TX_2022-6-2","C4_CviMVP_PlDNA_5_SG_1074_66a12ae0",18,"qpcr_pl17","C4_PIDNA5","C10"
"97","CviMVP_10376","GalBay_TX_2022-6-2","E12_CviMVP_PlDNA_4_SG_1076_abb1ae0b",20,"qpcr_pl16","E12_PIDNA4","E09"
"98","CviMVP_10376","GalBay_TX_2022-6-2","E12_CviMVP_PlDNA_4_SG_1076_abb1ae0b",20,"qpcr_pl16","E12_PIDNA4","E10"
"99","CviMVP_10385","GalBay_TX_2022-6-2","E8_CviMVP_PlDNA_4_SG_1079_865600c1",19,"qpcr_pl15","E8_PIDNA4","F11"
"100","CviMVP_10385","GalBay_TX_2022-6-2","E8_CviMVP_PlDNA_4_SG_1079_865600c1",19,"qpcr_pl15","E8_PIDNA4","F12"
"101","CviMVP_10414","GalBay_TX_2022-6-2","E11_CviMVP_PlDNA_5_SG_1084_5795889f",23,"qpcr_pl3","E11_PlDNA5","E07"
"102","CviMVP_10414","GalBay_TX_2022-6-2","E11_CviMVP_PlDNA_5_SG_1084_5795889f",23,"qpcr_pl3","E11_PlDNA5","E08"
"103","CviMVP_10414","GalBay_TX_2022-6-2","E11_CviMVP_PlDNA_5_SG_1084_5795889f",23,"qpcr_pl20","E11_PlDNA5","D11"
"104","CviMVP_10414","GalBay_TX_2022-6-2","E11_CviMVP_PlDNA_5_SG_1084_5795889f",23,"qpcr_pl20","E11_PlDNA5","D12"
"105","CviMVP_10420","GalBay_TX_2022-6-2","A4_CviMVP_PlDNA_2_SG_1085_b7bb9f04",22,"qpcr_pl9","A4_PlDNA2","A03"
"106","CviMVP_10420","GalBay_TX_2022-6-2","A4_CviMVP_PlDNA_2_SG_1085_b7bb9f04",22,"qpcr_pl9","A4_PlDNA2","A04"
"107","CviMVP_10399","GalBay_TX_2022-6-2","A4_CviMVP_PlDNA_5_SG_1086_5112cfbc",21,"qpcr_pl17","A4_PIDNA5","A09"
"108","CviMVP_10399","GalBay_TX_2022-6-2","A4_CviMVP_PlDNA_5_SG_1086_5112cfbc",21,"qpcr_pl17","A4_PIDNA5","A10"
"109","CviMVP_10397","GalBay_TX_2022-6-2","D8_CviMVP_PlDNA_4_SG_1087_52775fe9",22,"qpcr_pl15","D8_PIDNA4","E11"
"110","CviMVP_10397","GalBay_TX_2022-6-2","D8_CviMVP_PlDNA_4_SG_1087_52775fe9",22,"qpcr_pl15","D8_PIDNA4","E12"
"111","CviMVP_10411","GalBay_TX_2022-6-2","C7_CviMVP_PlDNA_3_SG_1089_171c56fe",22,"qpcr_pl12","C7_PlDNA3","C05"
"112","CviMVP_10411","GalBay_TX_2022-6-2","C7_CviMVP_PlDNA_3_SG_1089_171c56fe",22,"qpcr_pl12","C7_PlDNA3","C06"
"113","CviMVP_10408","GalBay_TX_2022-6-2","C6_CviMVP_PlDNA_3_SG_1091_f69ab709",22,"qpcr_pl12","C6_PlDNA3","C03"
"114","CviMVP_10408","GalBay_TX_2022-6-2","C6_CviMVP_PlDNA_3_SG_1091_f69ab709",22,"qpcr_pl12","C6_PlDNA3","C04"
"115","CviMVP_10417","GalBay_TX_2022-6-2","B7_CviMVP_PlDNA_3_SG_1092_7cb45c20",22,"qpcr_pl12","B7_PlDNA3","B05"
"116","CviMVP_10417","GalBay_TX_2022-6-2","B7_CviMVP_PlDNA_3_SG_1092_7cb45c20",22,"qpcr_pl12","B7_PlDNA3","B06"
"117","CviMVP_10426","GalBay_TX_2022-6-2","D1_CviMVP_PlDNA_8_SG_1094_dbbaa94b",22,"qpcr_pl4","D1_PlDNA8","D03"
"118","CviMVP_10426","GalBay_TX_2022-6-2","D1_CviMVP_PlDNA_8_SG_1094_dbbaa94b",22,"qpcr_pl4","D1_PlDNA8","D04"
"119","CviMVP_10432","GalBay_TX_2022-6-2","C5_CviMVP_PlDNA_3_SG_1095_64467e6a",20,"qpcr_pl11","C5_PlDNA3","D11"
"120","CviMVP_10432","GalBay_TX_2022-6-2","C5_CviMVP_PlDNA_3_SG_1095_64467e6a",20,"qpcr_pl11","C5_PlDNA3","D12"
"121","CviMVP_10435","GalBay_TX_2022-6-2","G11_CviMVP_PlDNA_8_SG_1096_6f8b4b94",21,"qpcr_pl14","G11_PIDNA8","E07"
"122","CviMVP_10435","GalBay_TX_2022-6-2","G11_CviMVP_PlDNA_8_SG_1096_6f8b4b94",21,"qpcr_pl14","G11_PIDNA8","E08"
"123","CviMVP_10438","GalBay_TX_2022-6-2","G11_CviMVP_PlDNA_3_SG_1097_01d67bb5",18,"qpcr_pl13","G11_PIDNA3","F03"
"124","CviMVP_10438","GalBay_TX_2022-6-2","G11_CviMVP_PlDNA_3_SG_1097_01d67bb5",18,"qpcr_pl13","G11_PIDNA3","F04"
"125","CviMVP_10442","CB_TX_2022-6-9","D10_CviMVP_PlDNA_10_SG_1099_8fcbb868",19,"qpcr_pl21","D10_PIDNA10","D07"
"126","CviMVP_10442","CB_TX_2022-6-9","D10_CviMVP_PlDNA_10_SG_1099_8fcbb868",19,"qpcr_pl21","D10_PIDNA10","D08"
"127","CviMVP_10448","CB_TX_2022-6-9","B12_CviMVP_PlDNA_3_SG_1102_48c637c3",19,"qpcr_pl13","B12_PIDNA3","B05"
"128","CviMVP_10448","CB_TX_2022-6-9","B12_CviMVP_PlDNA_3_SG_1102_48c637c3",19,"qpcr_pl13","B12_PIDNA3","B06"
"129","CviMVP_10450","CB_TX_2022-6-9","A3_CviMVP_PlDNA_1_SG_1103_107ab9bb",18,"qpcr_pl6","A3_PIDNA1","A07"
"130","CviMVP_10450","CB_TX_2022-6-9","A3_CviMVP_PlDNA_1_SG_1103_107ab9bb",18,"qpcr_pl6","A3_PIDNA1","A08"
"131","CviMVP_10452","CB_TX_2022-6-9","H9_CviMVP_PlDNA_1_SG_1104_589c9460",21,"qpcr_pl7","H9_PlDNA1","H09"
"132","CviMVP_10452","CB_TX_2022-6-9","H9_CviMVP_PlDNA_1_SG_1104_589c9460",21,"qpcr_pl7","H9_PlDNA1","H10"
"133","CviMVP_10454","CB_TX_2022-6-9","D7_CviMVP_PlDNA_2_SG_1105_cf668f83",21,"qpcr_pl9","D7_PlDNA2","C09"
"134","CviMVP_10454","CB_TX_2022-6-9","D7_CviMVP_PlDNA_2_SG_1105_cf668f83",21,"qpcr_pl9","D7_PlDNA2","C10"
"135","CviMVP_10463","CB_TX_2022-6-9","D11_CviMVP_PlDNA_3_SG_1109_d2a7f6ab",22,"qpcr_pl13","D11_PIDNA3","D03"
"136","CviMVP_10463","CB_TX_2022-6-9","D11_CviMVP_PlDNA_3_SG_1109_d2a7f6ab",22,"qpcr_pl13","D11_PIDNA3","D04"
"137","CviMVP_10465","CB_TX_2022-6-9","E4_CviMVP_PlDNA_8_SG_1110_fa506746",20,"qpcr_pl4","E4_PlDNA8","E09"
"138","CviMVP_10465","CB_TX_2022-6-9","E4_CviMVP_PlDNA_8_SG_1110_fa506746",20,"qpcr_pl4","E4_PlDNA8","E10"
"139","CviMVP_10467","CB_TX_2022-6-9","F7_CviMVP_PlDNA_1_SG_1111_79a19714",18,"qpcr_pl7","F7_PlDNA1","F05"
"140","CviMVP_10467","CB_TX_2022-6-9","F7_CviMVP_PlDNA_1_SG_1111_79a19714",18,"qpcr_pl7","F7_PlDNA1","F06"
"141","CviMVP_10471","CB_TX_2022-6-9","B2_CviMVP_PlDNA_9_SG_1113_ca8c8025",22,"qpcr_pl18","B2_PIDNA9","B05"
"142","CviMVP_10471","CB_TX_2022-6-9","B2_CviMVP_PlDNA_9_SG_1113_ca8c8025",22,"qpcr_pl18","B2_PIDNA9","B06"
"143","CviMVP_10471","CB_TX_2022-6-9","B2_CviMVP_PlDNA_9_SG_1113_ca8c8025",22,"qpcr_pl22","B2_PlDNA9","B03"
"144","CviMVP_10471","CB_TX_2022-6-9","B2_CviMVP_PlDNA_9_SG_1113_ca8c8025",22,"qpcr_pl22","B2_PlDNA9","B04"
"145","CviMVP_10475","CB_TX_2022-6-9","G10_CviMVP_PlDNA_1_SG_1115_167ef2dd",20,"qpcr_pl8","G10_PlDNA1","C11"
"146","CviMVP_10475","CB_TX_2022-6-9","G10_CviMVP_PlDNA_1_SG_1115_167ef2dd",20,"qpcr_pl8","G10_PlDNA1","C12"
"147","CviMVP_10479","CB_TX_2022-6-9","D3_CviMVP_PlDNA_10_SG_1117_78a75902",22,"qpcr_pl2","D3_PlDNA10","D03"
"148","CviMVP_10479","CB_TX_2022-6-9","D3_CviMVP_PlDNA_10_SG_1117_78a75902",22,"qpcr_pl2","D3_PlDNA10","D04"
"149","CviMVP_10483","CB_TX_2022-6-9","B10_CviMVP_PlDNA_1_SG_1119_34ade408",18,"qpcr_pl7","B10_PlDNA1","C11"
"150","CviMVP_10483","CB_TX_2022-6-9","B10_CviMVP_PlDNA_1_SG_1119_34ade408",18,"qpcr_pl7","B10_PlDNA1","C12"
"151","CviMVP_10486","CB_TX_2022-6-9","C1_CviMVP_PlDNA_1_SG_1120_814ca307",22,"qpcr_pl6","C1_PIDNA1","C03"
"152","CviMVP_10486","CB_TX_2022-6-9","C1_CviMVP_PlDNA_1_SG_1120_814ca307",22,"qpcr_pl6","C1_PIDNA1","C04"
"153","CviMVP_10488","CB_TX_2022-6-9","G5_CviMVP_PlDNA_1_SG_1121_e44e1e24",18,"qpcr_pl6","G5_PlDNA1","H09"
"154","CviMVP_10488","CB_TX_2022-6-9","G5_CviMVP_PlDNA_1_SG_1121_e44e1e24",18,"qpcr_pl6","G5_PlDNA1","H10"
"155","CviMVP_10491","CB_TX_2022-6-9","C12_CviMVP_PlDNA_8_SG_1122_c4a094b0",22,"qpcr_pl14","C12_PIDNA8","G09"
"156","CviMVP_10491","CB_TX_2022-6-9","C12_CviMVP_PlDNA_8_SG_1122_c4a094b0",22,"qpcr_pl14","C12_PIDNA8","G10"
"157","CviMVP_10492","CB_TX_2022-6-9","F2_CviMVP_PlDNA_4_SG_1123_53aae46e",20,"qpcr_pl13","F2_PIDNA4","E09"
"158","CviMVP_10492","CB_TX_2022-6-9","F2_CviMVP_PlDNA_4_SG_1123_53aae46e",20,"qpcr_pl13","F2_PIDNA4","E10"
"159","CviMVP_10498","CB_TX_2022-6-9","E4_CviMVP_PlDNA_1_SG_1126_c5ba762d",19,"qpcr_pl6","E4_PlDNA1","D09"
"160","CviMVP_10498","CB_TX_2022-6-9","E4_CviMVP_PlDNA_1_SG_1126_c5ba762d",19,"qpcr_pl6","E4_PlDNA1","D10"
"161","CviMVP_10500","CB_TX_2022-6-9","A10_CviMVP_PlDNA_1_SG_1127_5d911985",19,"qpcr_pl7","A10_PlDNA1","B11"
"162","CviMVP_10500","CB_TX_2022-6-9","A10_CviMVP_PlDNA_1_SG_1127_5d911985",19,"qpcr_pl7","A10_PlDNA1","B12"
"163","CviMVP_10502","FP_Sav_GA_2022-6-10","G6_CviMVP_PlDNA_3_SG_1128_2985a17f",19,"qpcr_pl12","G6_PlDNA3","F03"
"164","CviMVP_10502","FP_Sav_GA_2022-6-10","G6_CviMVP_PlDNA_3_SG_1128_2985a17f",19,"qpcr_pl12","G6_PlDNA3","F04"
"165","CviMVP_10504","FP_Sav_GA_2022-6-10","F12_CviMVP_PlDNA_10_SG_1129_2a1edb19",20,"qpcr_pl21","F12_PIDNA10","C05"
"166","CviMVP_10504","FP_Sav_GA_2022-6-10","F12_CviMVP_PlDNA_10_SG_1129_2a1edb19",20,"qpcr_pl21","F12_PIDNA10","C06"
"167","CviMVP_10506","FP_Sav_GA_2022-6-10","H11_CviMVP_PlDNA_3_SG_1130_d4280f98",21,"qpcr_pl13","H11_PIDNA3","G03"
"168","CviMVP_10506","FP_Sav_GA_2022-6-10","H11_CviMVP_PlDNA_3_SG_1130_d4280f98",21,"qpcr_pl13","H11_PIDNA3","G04"
"169","CviMVP_10508","FP_Sav_GA_2022-6-10","D10_CviMVP_PlDNA_4_SG_1131_ece13837",21,"qpcr_pl16","D10_PIDNA4","C05"
"170","CviMVP_10508","FP_Sav_GA_2022-6-10","D10_CviMVP_PlDNA_4_SG_1131_ece13837",21,"qpcr_pl16","D10_PIDNA4","C06"
"171","CviMVP_10510","FP_Sav_GA_2022-6-10","F8_CviMVP_PlDNA_8_SG_1132_c78437b2",22,"qpcr_pl5","F8_PlDNA8","F07"
"172","CviMVP_10510","FP_Sav_GA_2022-6-10","F8_CviMVP_PlDNA_8_SG_1132_c78437b2",22,"qpcr_pl5","F8_PlDNA8","F08"
"173","CviMVP_10512","FP_Sav_GA_2022-6-10","G10_CviMVP_PlDNA_2_SG_1133_44703552",19,"qpcr_pl10","G10_PlDNA2","G05"
"174","CviMVP_10512","FP_Sav_GA_2022-6-10","G10_CviMVP_PlDNA_2_SG_1133_44703552",19,"qpcr_pl10","G10_PlDNA2","G06"
"175","CviMVP_10514","FP_Sav_GA_2022-6-10","G1_CviMVP_PlDNA_7_SG_1134_4679beda",20,"qpcr_pl14","G1_PIDNA7","D03"
"176","CviMVP_10514","FP_Sav_GA_2022-6-10","G1_CviMVP_PlDNA_7_SG_1134_4679beda",20,"qpcr_pl14","G1_PIDNA7","D04"
"177","CviMVP_10526","FP_Sav_GA_2022-6-10","G6_CviMVP_PlDNA_2_SG_1138_2a7224fb",21,"qpcr_pl9","G6_PlDNA2","F07"
"178","CviMVP_10526","FP_Sav_GA_2022-6-10","G6_CviMVP_PlDNA_2_SG_1138_2a7224fb",21,"qpcr_pl9","G6_PlDNA2","F08"
"179","CviMVP_10529","FP_Sav_GA_2022-6-10","F5_CviMVP_PlDNA_5_SG_1139_567ff899",19,"qpcr_pl17","F5_PIDNA5","E11"
"180","CviMVP_10529","FP_Sav_GA_2022-6-10","F5_CviMVP_PlDNA_5_SG_1139_567ff899",19,"qpcr_pl17","F5_PIDNA5","E12"
"181","CviMVP_10531","FP_Sav_GA_2022-6-10","F10_CviMVP_PlDNA_5_SG_1140_2d92ccfe",19,"qpcr_pl3","F10_PlDNA5","F05"
"182","CviMVP_10531","FP_Sav_GA_2022-6-10","F10_CviMVP_PlDNA_5_SG_1140_2d92ccfe",19,"qpcr_pl3","F10_PlDNA5","F06"
"183","CviMVP_10534","FP_Sav_GA_2022-6-10","E3_CviMVP_PlDNA_3_SG_1141_da432123",21,"qpcr_pl11","E3_PlDNA3","E07"
"184","CviMVP_10534","FP_Sav_GA_2022-6-10","E3_CviMVP_PlDNA_3_SG_1141_da432123",21,"qpcr_pl11","E3_PlDNA3","E08"
"185","CviMVP_10539","FP_Sav_GA_2022-6-10","B10_CviMVP_PlDNA_10_SG_1143_ca81df15",20,"qpcr_pl21","B10_PIDNA10","B07"
"186","CviMVP_10539","FP_Sav_GA_2022-6-10","B10_CviMVP_PlDNA_10_SG_1143_ca81df15",20,"qpcr_pl21","B10_PIDNA10","B08"
"187","CviMVP_10541","FP_Sav_GA_2022-6-10","F3_CviMVP_PlDNA_5_SG_1144_70b2aa79",21,"qpcr_pl17","F3_PIDNA5","E07"
"188","CviMVP_10541","FP_Sav_GA_2022-6-10","F3_CviMVP_PlDNA_5_SG_1144_70b2aa79",21,"qpcr_pl17","F3_PIDNA5","E08"
"189","CviMVP_10544","FP_Sav_GA_2022-6-10","H1_CviMVP_PlDNA_5_SG_1145_7605b3c0",22,"qpcr_pl17","H1_PIDNA5","H03"
"190","CviMVP_10544","FP_Sav_GA_2022-6-10","H1_CviMVP_PlDNA_5_SG_1145_7605b3c0",22,"qpcr_pl17","H1_PIDNA5","H04"
"191","CviMVP_10547","FP_Sav_GA_2022-6-10","D10_CviMVP_PlDNA_2_SG_1146_b3a78220",20,"qpcr_pl10","D10_PlDNA2","D05"
"192","CviMVP_10547","FP_Sav_GA_2022-6-10","D10_CviMVP_PlDNA_2_SG_1146_b3a78220",20,"qpcr_pl10","D10_PlDNA2","D06"
"193","CviMVP_10550","FP_Sav_GA_2022-6-10","A2_CviMVP_PlDNA_5_SG_1147_554b56fe",20,"qpcr_pl17","A2_PIDNA5","A05"
"194","CviMVP_10550","FP_Sav_GA_2022-6-10","A2_CviMVP_PlDNA_5_SG_1147_554b56fe",20,"qpcr_pl17","A2_PIDNA5","A06"
"195","CviMVP_10552","FP_Sav_GA_2022-6-10","C3_CviMVP_PlDNA_4_SG_1148_e01548b2",22,"qpcr_pl13","C3_PIDNA4","D11"
"196","CviMVP_10552","FP_Sav_GA_2022-6-10","C3_CviMVP_PlDNA_4_SG_1148_e01548b2",22,"qpcr_pl13","C3_PIDNA4","D12"
"197","CviMVP_10554","FP_Sav_GA_2022-6-10","C4_CviMVP_PlDNA_9_SG_1149_75628f53",20,"qpcr_pl1","C4_PlDNA9","C05"
"198","CviMVP_10554","FP_Sav_GA_2022-6-10","C4_CviMVP_PlDNA_9_SG_1149_75628f53",20,"qpcr_pl1","C4_PlDNA9","C06"
"199","CviMVP_10557","FP_Sav_GA_2022-6-10","D2_CviMVP_PlDNA_8_SG_1150_d9d44bea",21,"qpcr_pl4","D2_PlDNA8","D05"
"200","CviMVP_10557","FP_Sav_GA_2022-6-10","D2_CviMVP_PlDNA_8_SG_1150_d9d44bea",21,"qpcr_pl4","D2_PlDNA8","D06"
"201","CviMVP_10560","FP_Sav_GA_2022-6-10","F10_CviMVP_PlDNA_2_SG_1151_2a064c70",20,"qpcr_pl10","F10_PlDNA2","F05"
"202","CviMVP_10560","FP_Sav_GA_2022-6-10","F10_CviMVP_PlDNA_2_SG_1151_2a064c70",20,"qpcr_pl10","F10_PlDNA2","F06"
"203","CviMVP_10563","SkR_GA_2022-6-14","G1_CviMVP_PlDNA_3_SG_1152_e87ad87c",22,"qpcr_pl11","G1_PlDNA3","G03"
"204","CviMVP_10563","SkR_GA_2022-6-14","G1_CviMVP_PlDNA_3_SG_1152_e87ad87c",22,"qpcr_pl11","G1_PlDNA3","G04"
"205","CviMVP_10565","SkR_GA_2022-6-14","E10_CviMVP_PlDNA_4_SG_1153_b81d2c2e",19,"qpcr_pl16","E10_PIDNA4","D05"
"206","CviMVP_10565","SkR_GA_2022-6-14","E10_CviMVP_PlDNA_4_SG_1153_b81d2c2e",19,"qpcr_pl16","E10_PIDNA4","D06"
"207","CviMVP_10568","SkR_GA_2022-6-14","A12_CviMVP_PlDNA_8_SG_1154_0a8fa4a5",18,"qpcr_pl14","A12_PIDNA8","F09"
"208","CviMVP_10568","SkR_GA_2022-6-14","A12_CviMVP_PlDNA_8_SG_1154_0a8fa4a5",18,"qpcr_pl14","A12_PIDNA8","F10"
"209","CviMVP_10572","SkR_GA_2022-6-14","D6_CviMVP_PlDNA_3_SG_1156_42f64b98",22,"qpcr_pl12","D6_PlDNA3","D03"
"210","CviMVP_10572","SkR_GA_2022-6-14","D6_CviMVP_PlDNA_3_SG_1156_42f64b98",22,"qpcr_pl12","D6_PlDNA3","D04"
"211","CviMVP_10575","SkR_GA_2022-6-14","D9_CviMVP_PlDNA_5_SG_1157_3a105b17",21,"qpcr_pl20","D9_PIDNA5","C03"
"212","CviMVP_10575","SkR_GA_2022-6-14","D9_CviMVP_PlDNA_5_SG_1157_3a105b17",21,"qpcr_pl20","D9_PIDNA5","C04"
"213","CviMVP_10577","SkR_GA_2022-6-14","B5_CviMVP_PlDNA_10_SG_1158_3bbb4b81",19,"qpcr_pl2","B5_PlDNA10","B07"
"214","CviMVP_10577","SkR_GA_2022-6-14","B5_CviMVP_PlDNA_10_SG_1158_3bbb4b81",19,"qpcr_pl2","B5_PlDNA10","B08"
"215","CviMVP_10579","SkR_GA_2022-6-14","A9_CviMVP_PlDNA_3_SG_1159_a3a06726",20,"qpcr_pl12","A9_PIDNA3","A09"
"216","CviMVP_10579","SkR_GA_2022-6-14","A9_CviMVP_PlDNA_3_SG_1159_a3a06726",20,"qpcr_pl12","A9_PIDNA3","A10"
"217","CviMVP_10581","SkR_GA_2022-6-14","B9_CviMVP_PlDNA_5_SG_1160_aff920b0",18,"qpcr_pl20","B9_PIDNA5","A03"
"218","CviMVP_10581","SkR_GA_2022-6-14","B9_CviMVP_PlDNA_5_SG_1160_aff920b0",18,"qpcr_pl20","B9_PIDNA5","A04"
"219","CviMVP_10584","SkR_GA_2022-6-14","C9_CviMVP_PlDNA_5_SG_1161_bee23f77",20,"qpcr_pl20","C9_PIDNA5","B03"
"220","CviMVP_10584","SkR_GA_2022-6-14","C9_CviMVP_PlDNA_5_SG_1161_bee23f77",20,"qpcr_pl20","C9_PIDNA5","B04"
"221","CviMVP_10586","SkR_GA_2022-6-14","H9_CviMVP_PlDNA_10_SG_1162_ae9f6ba6",19,"qpcr_pl19","H9_PIDNA10","F11"
"222","CviMVP_10586","SkR_GA_2022-6-14","H9_CviMVP_PlDNA_10_SG_1162_ae9f6ba6",19,"qpcr_pl19","H9_PIDNA10","F12"
"223","CviMVP_10589","SkR_GA_2022-6-14","C5_CviMVP_PlDNA_4_SG_1164_98eed981",18,"qpcr_pl15","C5_PIDNA4","C05"
"224","CviMVP_10589","SkR_GA_2022-6-14","C5_CviMVP_PlDNA_4_SG_1164_98eed981",18,"qpcr_pl15","C5_PIDNA4","C06"
"225","CviMVP_10592","SkR_GA_2022-6-14","C1_CviMVP_PlDNA_5_SG_1165_5f778713",19,"qpcr_pl17","C1_PIDNA5","C03"
"226","CviMVP_10592","SkR_GA_2022-6-14","C1_CviMVP_PlDNA_5_SG_1165_5f778713",19,"qpcr_pl17","C1_PIDNA5","C04"
"227","CviMVP_10596","SkR_GA_2022-6-14","E10_CviMVP_PlDNA_7_SG_1167_666608b2",21,"qpcr_pl14","E10_PIDNA7","D05"
"228","CviMVP_10596","SkR_GA_2022-6-14","E10_CviMVP_PlDNA_7_SG_1167_666608b2",21,"qpcr_pl14","E10_PIDNA7","D06"
"229","CviMVP_10599","SkR_GA_2022-6-14","E9_CviMVP_PlDNA_4_SG_1168_5cf34250",20,"qpcr_pl16","E9_PIDNA4","E03"
"230","CviMVP_10599","SkR_GA_2022-6-14","E9_CviMVP_PlDNA_4_SG_1168_5cf34250",20,"qpcr_pl16","E9_PIDNA4","E04"
"231","CviMVP_10601","SkR_GA_2022-6-14","D1_CviMVP_PlDNA_5_SG_1169_fccffcf3",22,"qpcr_pl17","D1_PIDNA5","D03"
"232","CviMVP_10601","SkR_GA_2022-6-14","D1_CviMVP_PlDNA_5_SG_1169_fccffcf3",22,"qpcr_pl17","D1_PIDNA5","D04"
"233","CviMVP_10604","SkR_GA_2022-6-14","A10_CviMVP_PlDNA_2_SG_1170_5ceaf20a",19,"qpcr_pl10","A10_PlDNA2","A05"
"234","CviMVP_10604","SkR_GA_2022-6-14","A10_CviMVP_PlDNA_2_SG_1170_5ceaf20a",19,"qpcr_pl10","A10_PlDNA2","A06"
"235","CviMVP_10606","SkR_GA_2022-6-14","F6_CviMVP_PlDNA_4_SG_1171_ec4b4908",22,"qpcr_pl15","F6_PIDNA4","E07"
"236","CviMVP_10606","SkR_GA_2022-6-14","F6_CviMVP_PlDNA_4_SG_1171_ec4b4908",22,"qpcr_pl15","F6_PIDNA4","E08"
"237","CviMVP_10613","SkR_GA_2022-6-14","D6_CviMVP_PlDNA_9_SG_1174_ee66e4d4",18,"qpcr_pl1","D6_PlDNA9","D09"
"238","CviMVP_10613","SkR_GA_2022-6-14","D6_CviMVP_PlDNA_9_SG_1174_ee66e4d4",18,"qpcr_pl1","D6_PlDNA9","D10"
"239","CviMVP_10615","Culch_Ba_LA_2022-6-21","E12_CviMVP_PlDNA_3_SG_1175_7417dc30",18,"qpcr_pl13","E12_PIDNA3","E05"
"240","CviMVP_10615","Culch_Ba_LA_2022-6-21","E12_CviMVP_PlDNA_3_SG_1175_7417dc30",18,"qpcr_pl13","E12_PIDNA3","E06"
"241","CviMVP_10617","Culch_Ba_LA_2022-6-21","F11_CviMVP_PlDNA_4_SG_1176_f3387444",20,"qpcr_pl16","F11_PIDNA4","E07"
"242","CviMVP_10617","Culch_Ba_LA_2022-6-21","F11_CviMVP_PlDNA_4_SG_1176_f3387444",20,"qpcr_pl16","F11_PIDNA4","E08"
"243","CviMVP_10620","Culch_Ba_LA_2022-6-21","C8_CviMVP_PlDNA_5_SG_1177_84b10c5a",19,"qpcr_pl3","C8_PlDNA5","C03"
"244","CviMVP_10620","Culch_Ba_LA_2022-6-21","C8_CviMVP_PlDNA_5_SG_1177_84b10c5a",19,"qpcr_pl3","C8_PlDNA5","C04"
"245","CviMVP_10623","Culch_Ba_LA_2022-6-21","A8_CviMVP_PlDNA_9_SG_1178_c91e54a1",18,"qpcr_pl18","A8_PIDNA9","A07"
"246","CviMVP_10623","Culch_Ba_LA_2022-6-21","A8_CviMVP_PlDNA_9_SG_1178_c91e54a1",18,"qpcr_pl18","A8_PIDNA9","A08"
"247","CviMVP_10629","Culch_Ba_LA_2022-6-21","D4_CviMVP_PlDNA_4_SG_1180_8429742a",20,"qpcr_pl15","D4_PIDNA4","C03"
"248","CviMVP_10629","Culch_Ba_LA_2022-6-21","D4_CviMVP_PlDNA_4_SG_1180_8429742a",20,"qpcr_pl15","D4_PIDNA4","C04"
"249","CviMVP_10635","Culch_Ba_LA_2022-6-21","E4_CviMVP_PlDNA_2_SG_1182_badaacbd",21,"qpcr_pl9","E4_PlDNA2","E03"
"250","CviMVP_10635","Culch_Ba_LA_2022-6-21","E4_CviMVP_PlDNA_2_SG_1182_badaacbd",21,"qpcr_pl9","E4_PlDNA2","E04"
"251","CviMVP_10638","Culch_Ba_LA_2022-6-21","D4_CviMVP_PlDNA_3_SG_1183_5414cc84",22,"qpcr_pl11","D4_PlDNA3","D09"
"252","CviMVP_10638","Culch_Ba_LA_2022-6-21","D4_CviMVP_PlDNA_3_SG_1183_5414cc84",22,"qpcr_pl11","D4_PlDNA3","D10"
"253","CviMVP_10641","Culch_Ba_LA_2022-6-21","G4_CviMVP_PlDNA_2_SG_1184_7c2aa22d",18,"qpcr_pl9","G4_PlDNA2","G03"
"254","CviMVP_10641","Culch_Ba_LA_2022-6-21","G4_CviMVP_PlDNA_2_SG_1184_7c2aa22d",18,"qpcr_pl9","G4_PlDNA2","G04"
"255","CviMVP_10643","Culch_Ba_LA_2022-6-21","E12_CviMVP_PlDNA_5_SG_1185_aba5efd7",20,"qpcr_pl3","E12_PlDNA5","E09"
"256","CviMVP_10643","Culch_Ba_LA_2022-6-21","E12_CviMVP_PlDNA_5_SG_1185_aba5efd7",20,"qpcr_pl3","E12_PlDNA5","E10"
"257","CviMVP_10646","Culch_Ba_LA_2022-6-21","F4_CviMVP_PlDNA_2_SG_1186_8c0d3239",19,"qpcr_pl9","F4_PlDNA2","F03"
"258","CviMVP_10646","Culch_Ba_LA_2022-6-21","F4_CviMVP_PlDNA_2_SG_1186_8c0d3239",19,"qpcr_pl9","F4_PlDNA2","F04"
"259","CviMVP_10649","Culch_Ba_LA_2022-6-21","D8_CviMVP_PlDNA_3_SG_1187_d1d068e1",20,"qpcr_pl12","D8_PlDNA3","D07"
"260","CviMVP_10649","Culch_Ba_LA_2022-6-21","D8_CviMVP_PlDNA_3_SG_1187_d1d068e1",20,"qpcr_pl12","D8_PlDNA3","D08"
"261","CviMVP_10652","Culch_Ba_LA_2022-6-21","C6_CviMVP_PlDNA_10_SG_1188_d3bbc7d3",20,"qpcr_pl2","C6_PlDNA10","C09"
"262","CviMVP_10652","Culch_Ba_LA_2022-6-21","C6_CviMVP_PlDNA_10_SG_1188_d3bbc7d3",20,"qpcr_pl2","C6_PlDNA10","C10"
"263","CviMVP_10658","Culch_Ba_LA_2022-6-21","A12_CviMVP_PlDNA_9_SG_1190_99b8c3ee",19,"qpcr_pl19","A12_PIDNA9","A05"
"264","CviMVP_10658","Culch_Ba_LA_2022-6-21","A12_CviMVP_PlDNA_9_SG_1190_99b8c3ee",19,"qpcr_pl19","A12_PIDNA9","A06"
"265","CviMVP_10658","Culch_Ba_LA_2022-6-21","A12_CviMVP_PlDNA_9_SG_1190_99b8c3ee",19,"qpcr_pl22","A12_PlDNA9","A07"
"266","CviMVP_10658","Culch_Ba_LA_2022-6-21","A12_CviMVP_PlDNA_9_SG_1190_99b8c3ee",19,"qpcr_pl22","A12_PlDNA9","A08"
"267","CviMVP_10661","Culch_Ba_LA_2022-6-21","H3_CviMVP_PlDNA_5_SG_1191_cec6ab4c",22,"qpcr_pl17","H3_PIDNA5","F07"
"268","CviMVP_10661","Culch_Ba_LA_2022-6-21","H3_CviMVP_PlDNA_5_SG_1191_cec6ab4c",22,"qpcr_pl17","H3_PIDNA5","F08"
"269","CviMVP_10664","Culch_Ba_LA_2022-6-21","C7_CviMVP_PlDNA_8_SG_1192_0fe6e60e",21,"qpcr_pl5","C7_PlDNA8","C05"
"270","CviMVP_10664","Culch_Ba_LA_2022-6-21","C7_CviMVP_PlDNA_8_SG_1192_0fe6e60e",21,"qpcr_pl5","C7_PlDNA8","C06"
"271","CviMVP_10664","Culch_Ba_LA_2022-6-21","C7_CviMVP_PlDNA_8_SG_1192_0fe6e60e",21,"qpcr_pl22","C7_PlDNA8","B11"
"272","CviMVP_10664","Culch_Ba_LA_2022-6-21","C7_CviMVP_PlDNA_8_SG_1192_0fe6e60e",21,"qpcr_pl22","C7_PlDNA8","B12"
"273","CviMVP_10667","Culch_Ba_LA_2022-6-21","A5_CviMVP_PlDNA_8_SG_1193_ce1081da",22,"qpcr_pl4","A5_PlDNA8","B11"
"274","CviMVP_10667","Culch_Ba_LA_2022-6-21","A5_CviMVP_PlDNA_8_SG_1193_ce1081da",22,"qpcr_pl4","A5_PlDNA8","B12"
"275","CviMVP_10670","Culch_Ba_LA_2022-6-21","G12_CviMVP_PlDNA_3_SG_1194_879483b0",22,"qpcr_pl13","G12_PIDNA3","G05"
"276","CviMVP_10670","Culch_Ba_LA_2022-6-21","G12_CviMVP_PlDNA_3_SG_1194_879483b0",22,"qpcr_pl13","G12_PIDNA3","G06"
"277","CviMVP_10676","Culch_Ba_LA_2022-6-21","B4_CviMVP_PlDNA_5_SG_1196_1127cf33",20,"qpcr_pl17","B4_PIDNA5","B09"
"278","CviMVP_10676","Culch_Ba_LA_2022-6-21","B4_CviMVP_PlDNA_5_SG_1196_1127cf33",20,"qpcr_pl17","B4_PIDNA5","B10"
"279","CviMVP_10682","Culch_Ba_LA_2022-6-21","G4_CviMVP_PlDNA_4_SG_1198_980f6fe8",20,"qpcr_pl15","G4_PIDNA4","F03"
"280","CviMVP_10682","Culch_Ba_LA_2022-6-21","G4_CviMVP_PlDNA_4_SG_1198_980f6fe8",20,"qpcr_pl15","G4_PIDNA4","F04"
"281","CviMVP_10690","TP_TX_2022-6-28","D10_CviMVP_PlDNA_3_SG_1201_90dd9abc",22,"qpcr_pl12","D10_PIDNA3","E11"
"282","CviMVP_10690","TP_TX_2022-6-28","D10_CviMVP_PlDNA_3_SG_1201_90dd9abc",22,"qpcr_pl12","D10_PIDNA3","E12"
"283","CviMVP_10693","TP_TX_2022-6-28","G5_CviMVP_PlDNA_5_SG_1202_19d39fd0",20,"qpcr_pl17","G5_PIDNA5","H09"
"284","CviMVP_10693","TP_TX_2022-6-28","G5_CviMVP_PlDNA_5_SG_1202_19d39fd0",20,"qpcr_pl17","G5_PIDNA5","H10"
"285","CviMVP_10696","TP_TX_2022-6-28","D5_CviMVP_PlDNA_3_SG_1203_5ff51565",18,"qpcr_pl11","D5_PlDNA3","E11"
"286","CviMVP_10696","TP_TX_2022-6-28","D5_CviMVP_PlDNA_3_SG_1203_5ff51565",18,"qpcr_pl11","D5_PlDNA3","E12"
"287","CviMVP_10699","TP_TX_2022-6-28","G5_CviMVP_PlDNA_3_SG_1204_0821edd3",22,"qpcr_pl13","G5_PIDNA3","G07"
"288","CviMVP_10699","TP_TX_2022-6-28","G5_CviMVP_PlDNA_3_SG_1204_0821edd3",22,"qpcr_pl13","G5_PIDNA3","G08"
"289","CviMVP_10702","TP_TX_2022-6-28","C1_CviMVP_PlDNA_4_SG_1205_ae001ab4",21,"qpcr_pl13","C1_PIDNA4","C07"
"290","CviMVP_10702","TP_TX_2022-6-28","C1_CviMVP_PlDNA_4_SG_1205_ae001ab4",21,"qpcr_pl13","C1_PIDNA4","C08"
"291","CviMVP_10708","TP_TX_2022-6-28","E5_CviMVP_PlDNA_5_SG_1207_e09a88dc",20,NA,NA,NA
"292","CviMVP_10711","TP_TX_2022-6-28","E9_CviMVP_PlDNA_5_SG_1208_b3818e2e",20,"qpcr_pl20","E9_PIDNA5","D03"
"293","CviMVP_10711","TP_TX_2022-6-28","E9_CviMVP_PlDNA_5_SG_1208_b3818e2e",20,"qpcr_pl20","E9_PIDNA5","D04"
"294","CviMVP_10716","TP_TX_2022-6-28","F1_CviMVP_PlDNA_5_SG_1210_917a5e66",22,"qpcr_pl17","F1_PIDNA5","F03"
"295","CviMVP_10716","TP_TX_2022-6-28","F1_CviMVP_PlDNA_5_SG_1210_917a5e66",22,"qpcr_pl17","F1_PIDNA5","F04"
"296","CviMVP_10723","TP_TX_2022-6-28","A1_CviMVP_PlDNA_5_SG_1213_8759c16a",19,"qpcr_pl17","A1_PIDNA5","A03"
"297","CviMVP_10723","TP_TX_2022-6-28","A1_CviMVP_PlDNA_5_SG_1213_8759c16a",19,"qpcr_pl17","A1_PIDNA5","A04"
"298","CviMVP_10730","TP_TX_2022-6-28","D1_CviMVP_PlDNA_2_SG_1215_3fb7a765",20,"qpcr_pl8","D1_PlDNA2","E07"
"299","CviMVP_10730","TP_TX_2022-6-28","D1_CviMVP_PlDNA_2_SG_1215_3fb7a765",20,"qpcr_pl8","D1_PlDNA2","E08"
"300","CviMVP_10732","TP_TX_2022-6-28","C2_CviMVP_PlDNA_8_SG_1216_f035d672",22,"qpcr_pl4","C2_PlDNA8","C05"
"301","CviMVP_10732","TP_TX_2022-6-28","C2_CviMVP_PlDNA_8_SG_1216_f035d672",22,"qpcr_pl4","C2_PlDNA8","C06"
"302","CviMVP_10735","TP_TX_2022-6-28","H7_CviMVP_PlDNA_9_SG_1217_1140f0e6",19,NA,NA,NA
"303","CviMVP_10738","TP_TX_2022-6-28","E5_CviMVP_PlDNA_2_SG_1218_72ed5589",19,"qpcr_pl9","E5_PlDNA2","E05"
"304","CviMVP_10738","TP_TX_2022-6-28","E5_CviMVP_PlDNA_2_SG_1218_72ed5589",19,"qpcr_pl9","E5_PlDNA2","E06"
"305","CviMVP_10741","TP_TX_2022-6-28","D2_CviMVP_PlDNA_2_SG_1219_418ed3df",20,"qpcr_pl8","D2_PlDNA2","C09"
"306","CviMVP_10741","TP_TX_2022-6-28","D2_CviMVP_PlDNA_2_SG_1219_418ed3df",20,"qpcr_pl8","D2_PlDNA2","C10"
"307","CviMVP_10744","TP_TX_2022-6-28","E8_CviMVP_PlDNA_10_SG_1220_48a201e9",19,"qpcr_pl21","E8_PIDNA10","E03"
"308","CviMVP_10744","TP_TX_2022-6-28","E8_CviMVP_PlDNA_10_SG_1220_48a201e9",19,"qpcr_pl21","E8_PIDNA10","E04"
"309","CviMVP_10752","TP_TX_2022-6-28","E8_CviMVP_PlDNA_7_SG_1223_70f8e33b",21,"qpcr_pl14","E8_PIDNA7","H05"
"310","CviMVP_10752","TP_TX_2022-6-28","E8_CviMVP_PlDNA_7_SG_1223_70f8e33b",21,"qpcr_pl14","E8_PIDNA7","H06"
"311","CviMVP_10755","TP_TX_2022-6-28","D10_CviMVP_PlDNA_8_SG_1224_1f808b18",20,NA,NA,NA
"312","CviMVP_10758","TP_TX_2022-6-28","A5_CviMVP_PlDNA_3_SG_1225_19942566",20,"qpcr_pl11","A5_PlDNA3","B11"
"313","CviMVP_10758","TP_TX_2022-6-28","A5_CviMVP_PlDNA_3_SG_1225_19942566",20,"qpcr_pl11","A5_PlDNA3","B12"
"314","CviMVP_10766","TP_TX_2022-6-28","A4_CviMVP_PlDNA_9_SG_1228_f84802b3",21,"qpcr_pl1","A4_PlDNA9","A05"
"315","CviMVP_10766","TP_TX_2022-6-28","A4_CviMVP_PlDNA_9_SG_1228_f84802b3",21,"qpcr_pl1","A4_PlDNA9","A06"
"316","CviMVP_10769","CC_VA_2022-7-11","D11_CviMVP_PlDNA_1_SG_1229_59b34b24",21,"qpcr_pl8","D11_PlDNA1","D03"
"317","CviMVP_10769","CC_VA_2022-7-11","D11_CviMVP_PlDNA_1_SG_1229_59b34b24",21,"qpcr_pl8","D11_PlDNA1","D04"
"318","CviMVP_10772","CC_VA_2022-7-11","D3_CviMVP_PlDNA_9_SG_1230_2ae16b20",22,"qpcr_pl1","D3_PlDNA9","D03"
"319","CviMVP_10772","CC_VA_2022-7-11","D3_CviMVP_PlDNA_9_SG_1230_2ae16b20",22,"qpcr_pl1","D3_PlDNA9","D04"
"320","CviMVP_10772","CC_VA_2022-7-11","D3_CviMVP_PlDNA_9_SG_1230_2ae16b20",22,"qpcr_pl22","D3_PlDNA9","E03"
"321","CviMVP_10772","CC_VA_2022-7-11","D3_CviMVP_PlDNA_9_SG_1230_2ae16b20",22,"qpcr_pl22","D3_PlDNA9","E04"
"322","CviMVP_10775","CC_VA_2022-7-11","B3_CviMVP_PlDNA_1_SG_1231_b33de568",21,"qpcr_pl6","B3_PIDNA1","B07"
"323","CviMVP_10775","CC_VA_2022-7-11","B3_CviMVP_PlDNA_1_SG_1231_b33de568",21,"qpcr_pl6","B3_PIDNA1","B08"
"324","CviMVP_10778","CC_VA_2022-7-11","A11_CviMVP_PlDNA_9_SG_1232_7ec57c2f",19,"qpcr_pl19","A11_PIDNA9","A03"
"325","CviMVP_10778","CC_VA_2022-7-11","A11_CviMVP_PlDNA_9_SG_1232_7ec57c2f",19,"qpcr_pl19","A11_PIDNA9","A04"
"326","CviMVP_10784","CC_VA_2022-7-11","A8_CviMVP_PlDNA_3_SG_1234_3dfd6aa1",20,"qpcr_pl12","A8_PlDNA3","A07"
"327","CviMVP_10784","CC_VA_2022-7-11","A8_CviMVP_PlDNA_3_SG_1234_3dfd6aa1",20,"qpcr_pl12","A8_PlDNA3","A08"
"328","CviMVP_10790","CC_VA_2022-7-11","F8_CviMVP_PlDNA_5_SG_1236_d423013f",19,"qpcr_pl3","F8_PlDNA5","F03"
"329","CviMVP_10790","CC_VA_2022-7-11","F8_CviMVP_PlDNA_5_SG_1236_d423013f",19,"qpcr_pl3","F8_PlDNA5","F04"
"330","CviMVP_10796","CC_VA_2022-7-11","B9_CviMVP_PlDNA_1_SG_1238_3f7ed135",18,"qpcr_pl7","B9_PlDNA1","B09"
"331","CviMVP_10796","CC_VA_2022-7-11","B9_CviMVP_PlDNA_1_SG_1238_3f7ed135",18,"qpcr_pl7","B9_PlDNA1","B10"
"332","CviMVP_10802","CC_VA_2022-7-11","A8_CviMVP_PlDNA_5_SG_1240_5c86242a",22,"qpcr_pl3","A8_PlDNA5","A03"
"333","CviMVP_10802","CC_VA_2022-7-11","A8_CviMVP_PlDNA_5_SG_1240_5c86242a",22,"qpcr_pl3","A8_PlDNA5","A04"
"334","CviMVP_10804","CC_VA_2022-7-11","C4_CviMVP_PlDNA_1_SG_1241_ec5d53a6",19,"qpcr_pl6","C4_PlDNA1","B09"
"335","CviMVP_10804","CC_VA_2022-7-11","C4_CviMVP_PlDNA_1_SG_1241_ec5d53a6",19,"qpcr_pl6","C4_PlDNA1","B10"
"336","CviMVP_10813","CC_VA_2022-7-11","A3_CviMVP_PlDNA_8_SG_1244_e32d6f62",20,"qpcr_pl4","A3_PlDNA8","A07"
"337","CviMVP_10813","CC_VA_2022-7-11","A3_CviMVP_PlDNA_8_SG_1244_e32d6f62",20,"qpcr_pl4","A3_PlDNA8","A08"
"338","CviMVP_10816","CC_VA_2022-7-11","F9_CviMVP_PlDNA_1_SG_1245_5b85a925",21,"qpcr_pl7","F9_PlDNA1","F09"
"339","CviMVP_10816","CC_VA_2022-7-11","F9_CviMVP_PlDNA_1_SG_1245_5b85a925",21,"qpcr_pl7","F9_PlDNA1","F10"
"340","CviMVP_10828","CC_VA_2022-7-11","C8_CviMVP_PlDNA_1_SG_1249_ea2bc1d7",18,"qpcr_pl7","C8_PlDNA1","C07"
"341","CviMVP_10828","CC_VA_2022-7-11","C8_CviMVP_PlDNA_1_SG_1249_ea2bc1d7",18,"qpcr_pl7","C8_PlDNA1","C08"
"342","CviMVP_10833","CC_VA_2022-7-11","E7_CviMVP_PlDNA_8_SG_1251_5c726cbb",20,"qpcr_pl5","E7_PlDNA8","E05"
"343","CviMVP_10833","CC_VA_2022-7-11","E7_CviMVP_PlDNA_8_SG_1251_5c726cbb",20,"qpcr_pl5","E7_PlDNA8","E06"
"344","CviMVP_10833","CC_VA_2022-7-11","E7_CviMVP_PlDNA_8_SG_1251_5c726cbb",20,"qpcr_pl22","E7_PlDNA8","D11"
"345","CviMVP_10833","CC_VA_2022-7-11","E7_CviMVP_PlDNA_8_SG_1251_5c726cbb",20,"qpcr_pl22","E7_PlDNA8","D12"
"346","CviMVP_10836","CC_VA_2022-7-11","A2_CviMVP_PlDNA_1_SG_1252_dcaed37c",21,"qpcr_pl6","A2_PIDNA1","A05"
"347","CviMVP_10836","CC_VA_2022-7-11","A2_CviMVP_PlDNA_1_SG_1252_dcaed37c",21,"qpcr_pl6","A2_PIDNA1","A06"
"348","CviMVP_10839","CC_VA_2022-7-11","H2_CviMVP_PlDNA_1_SG_1253_50c2953b",22,"qpcr_pl6","H2_PIDNA1","H05"
"349","CviMVP_10839","CC_VA_2022-7-11","H2_CviMVP_PlDNA_1_SG_1253_50c2953b",22,"qpcr_pl6","H2_PIDNA1","H06"
"350","CviMVP_10841","CC_VA_2022-7-11","F11_CviMVP_PlDNA_10_SG_1254_76d18d2d",22,"qpcr_pl21","F11_PIDNA10","E09"
"351","CviMVP_10841","CC_VA_2022-7-11","F11_CviMVP_PlDNA_10_SG_1254_76d18d2d",22,"qpcr_pl21","F11_PIDNA10","E10"
"352","CviMVP_10843","CC_VA_2022-7-11","D7_CviMVP_PlDNA_1_SG_1255_9a84394e",18,"qpcr_pl7","D7_PlDNA1","D05"
"353","CviMVP_10843","CC_VA_2022-7-11","D7_CviMVP_PlDNA_1_SG_1255_9a84394e",18,"qpcr_pl7","D7_PlDNA1","D06"
"354","CviMVP_10849","CC_VA_2022-7-11","C8_CviMVP_PlDNA_3_SG_1257_2d61b6c8",18,"qpcr_pl12","C8_PlDNA3","C07"
"355","CviMVP_10849","CC_VA_2022-7-11","C8_CviMVP_PlDNA_3_SG_1257_2d61b6c8",18,"qpcr_pl12","C8_PlDNA3","C08"
"356","CviMVP_10851","CC_VA_2022-7-11","A12_CviMVP_PlDNA_1_SG_1258_b240dd80",20,"qpcr_pl8","A12_PlDNA1","A05"
"357","CviMVP_10851","CC_VA_2022-7-11","A12_CviMVP_PlDNA_1_SG_1258_b240dd80",20,"qpcr_pl8","A12_PlDNA1","A06"
"358","CviMVP_10906","LM_TX_2022-7-10","A2_CviMVP_PlDNA_7_SG_1277_56f3e487",20,"qpcr_pl14","A2_PIDNA7","E03"
"359","CviMVP_10906","LM_TX_2022-7-10","A2_CviMVP_PlDNA_7_SG_1277_56f3e487",20,"qpcr_pl14","A2_PIDNA7","E04"
"360","CviMVP_10931","Sapelo_Is_GA_2022-7-17","D3_CviMVP_PlDNA_3_SG_1286_59268f67",19,"qpcr_pl11","D3_PlDNA3","D07"
"361","CviMVP_10931","Sapelo_Is_GA_2022-7-17","D3_CviMVP_PlDNA_3_SG_1286_59268f67",19,"qpcr_pl11","D3_PlDNA3","D08"
"362","CviMVP_10937","Sapelo_Is_GA_2022-7-17","H11_CviMVP_PlDNA_5_SG_1288_67942cfd",21,"qpcr_pl3","H11_PlDNA5","H07"
"363","CviMVP_10937","Sapelo_Is_GA_2022-7-17","H11_CviMVP_PlDNA_5_SG_1288_67942cfd",21,"qpcr_pl3","H11_PlDNA5","H08"
"364","CviMVP_10937","Sapelo_Is_GA_2022-7-17","H11_CviMVP_PlDNA_5_SG_1288_67942cfd",21,"qpcr_pl20","H11_PlDNA5","E11"
"365","CviMVP_10937","Sapelo_Is_GA_2022-7-17","H11_CviMVP_PlDNA_5_SG_1288_67942cfd",21,"qpcr_pl20","H11_PlDNA5","E12"
"366","CviMVP_10940","Sapelo_Is_GA_2022-7-17","G3_CviMVP_PlDNA_3_SG_1289_ce6a63ea",19,"qpcr_pl11","G3_PlDNA3","G07"
"367","CviMVP_10940","Sapelo_Is_GA_2022-7-17","G3_CviMVP_PlDNA_3_SG_1289_ce6a63ea",19,"qpcr_pl11","G3_PlDNA3","G08"
"368","CviMVP_10943","Sapelo_Is_GA_2022-7-17","E9_CviMVP_PlDNA_8_SG_1290_0146de7c",19,"qpcr_pl5","E9_PlDNA8","E09"
"369","CviMVP_10943","Sapelo_Is_GA_2022-7-17","E9_CviMVP_PlDNA_8_SG_1290_0146de7c",19,"qpcr_pl5","E9_PlDNA8","E10"
"370","CviMVP_10949","Sapelo_Is_GA_2022-7-17","A12_CviMVP_PlDNA_4_SG_1292_2cab46d3",22,"qpcr_pl16","A12_PIDNA4","A09"
"371","CviMVP_10949","Sapelo_Is_GA_2022-7-17","A12_CviMVP_PlDNA_4_SG_1292_2cab46d3",22,"qpcr_pl16","A12_PIDNA4","A10"
"372","CviMVP_10954","Sapelo_Is_GA_2022-7-17","F7_CviMVP_PlDNA_10_SG_1293_c99dadb2",22,NA,NA,NA
"373","CviMVP_10952","Sapelo_Is_GA_2022-7-17","H5_CviMVP_PlDNA_4_SG_1294_d8ad56d2",21,"qpcr_pl13","H5_PIDNA4","H03"
"374","CviMVP_10952","Sapelo_Is_GA_2022-7-17","H5_CviMVP_PlDNA_4_SG_1294_d8ad56d2",21,"qpcr_pl13","H5_PIDNA4","H04"
"375","CviMVP_10952","Sapelo_Is_GA_2022-7-17","H5_CviMVP_PlDNA_4_SG_1294_d8ad56d2",21,"qpcr_pl15","H5_PIDNA4","H05"
"376","CviMVP_10952","Sapelo_Is_GA_2022-7-17","H5_CviMVP_PlDNA_4_SG_1294_d8ad56d2",21,"qpcr_pl15","H5_PIDNA4","H06"
"377","CviMVP_10957","Sapelo_Is_GA_2022-7-17","B1_CviMVP_PlDNA_7_SG_1295_57606ad7",20,"qpcr_pl14","B1_PIDNA7","A03"
"378","CviMVP_10957","Sapelo_Is_GA_2022-7-17","B1_CviMVP_PlDNA_7_SG_1295_57606ad7",20,"qpcr_pl14","B1_PIDNA7","A04"
"379","CviMVP_10960","Sapelo_Is_GA_2022-7-17","F4_CviMVP_PlDNA_3_SG_1296_1006c251",20,"qpcr_pl11","F4_PlDNA3","F09"
"380","CviMVP_10960","Sapelo_Is_GA_2022-7-17","F4_CviMVP_PlDNA_3_SG_1296_1006c251",20,"qpcr_pl11","F4_PlDNA3","F10"
"381","CviMVP_10963","Sapelo_Is_GA_2022-7-17","B12_CviMVP_PlDNA_4_SG_1297_a38f9ec9",18,"qpcr_pl16","B12_PIDNA4","B09"
"382","CviMVP_10963","Sapelo_Is_GA_2022-7-17","B12_CviMVP_PlDNA_4_SG_1297_a38f9ec9",18,"qpcr_pl16","B12_PIDNA4","B10"
"383","CviMVP_10966","Sapelo_Is_GA_2022-7-17","G3_CviMVP_PlDNA_4_SG_1298_22f5fb03",20,"qpcr_pl16","G3_PIDNA4","H05"
"384","CviMVP_10966","Sapelo_Is_GA_2022-7-17","G3_CviMVP_PlDNA_4_SG_1298_22f5fb03",20,"qpcr_pl16","G3_PIDNA4","H06"
"385","CviMVP_10966","Sapelo_Is_GA_2022-7-17","G3_CviMVP_PlDNA_4_SG_1298_22f5fb03",20,"qpcr_pl16","G3_PIDNA5","C11"
"386","CviMVP_10966","Sapelo_Is_GA_2022-7-17","G3_CviMVP_PlDNA_4_SG_1298_22f5fb03",20,"qpcr_pl16","G3_PIDNA5","C12"
"387","CviMVP_10969","Sapelo_Is_GA_2022-7-17","G7_CviMVP_PlDNA_2_SG_1299_b1a66ac8",21,"qpcr_pl9","G7_PlDNA2","F09"
"388","CviMVP_10969","Sapelo_Is_GA_2022-7-17","G7_CviMVP_PlDNA_2_SG_1299_b1a66ac8",21,"qpcr_pl9","G7_PlDNA2","F10"
"389","CviMVP_10972","Sapelo_Is_GA_2022-7-17","B6_CviMVP_PlDNA_8_SG_1300_44ce9ee3",21,"qpcr_pl5","B6_PlDNA8","B03"
"390","CviMVP_10972","Sapelo_Is_GA_2022-7-17","B6_CviMVP_PlDNA_8_SG_1300_44ce9ee3",21,"qpcr_pl5","B6_PlDNA8","B04"
"391","CviMVP_10978","Sapelo_Is_GA_2022-7-17","D2_CviMVP_PlDNA_9_SG_1302_062f683c",20,"qpcr_pl18","D2_PIDNA9","D05"
"392","CviMVP_10978","Sapelo_Is_GA_2022-7-17","D2_CviMVP_PlDNA_9_SG_1302_062f683c",20,"qpcr_pl18","D2_PIDNA9","D06"
"393","CviMVP_10981","Sapelo_Is_GA_2022-7-17","H4_CviMVP_PlDNA_2_SG_1303_bb38f6e1",18,"qpcr_pl9","H4_PlDNA2","H03"
"394","CviMVP_10981","Sapelo_Is_GA_2022-7-17","H4_CviMVP_PlDNA_2_SG_1303_bb38f6e1",18,"qpcr_pl9","H4_PlDNA2","H04"
"395","CviMVP_10992","Sapelo_Is_GA_2022-7-17","D12_CviMVP_PlDNA_2_SG_1307_bc92137d",20,NA,NA,NA
"396","CviMVP_10997","Sapelo_Is_GA_2022-7-17","A7_CviMVP_PlDNA_4_SG_1309_dcb4787a",20,"qpcr_pl15","A7_PIDNA4","A09"
"397","CviMVP_10997","Sapelo_Is_GA_2022-7-17","A7_CviMVP_PlDNA_4_SG_1309_dcb4787a",20,"qpcr_pl15","A7_PIDNA4","A10"
"398","CviMVP_11003","Sapelo_Is_GA_2022-7-17","D3_CviMVP_PlDNA_4_SG_1311_59f9dad6",19,"qpcr_pl13","D3_PIDNA4","E11"
"399","CviMVP_11003","Sapelo_Is_GA_2022-7-17","D3_CviMVP_PlDNA_4_SG_1311_59f9dad6",19,"qpcr_pl13","D3_PIDNA4","E12"
"400","CviMVP_11015","Mer_GA_2022-7-26","B5_CviMVP_PlDNA_9_SG_1315_bbdc8fb5",21,"qpcr_pl1","B5_PlDNA9","B07"
"401","CviMVP_11015","Mer_GA_2022-7-26","B5_CviMVP_PlDNA_9_SG_1315_bbdc8fb5",21,"qpcr_pl1","B5_PlDNA9","B08"
"402","CviMVP_11027","Mer_GA_2022-7-26","E11_CviMVP_PlDNA_3_SG_1319_f6abf4f5",20,"qpcr_pl12","E11_PIDNA3","H03"
"403","CviMVP_11027","Mer_GA_2022-7-26","E11_CviMVP_PlDNA_3_SG_1319_f6abf4f5",20,"qpcr_pl12","E11_PIDNA3","H04"
"404","CviMVP_11036","Mer_GA_2022-7-26","B12_CviMVP_PlDNA_5_SG_1322_2335500b",19,"qpcr_pl20","B12_PIDNA5","H03"
"405","CviMVP_11036","Mer_GA_2022-7-26","B12_CviMVP_PlDNA_5_SG_1322_2335500b",19,"qpcr_pl20","B12_PIDNA5","H04"
"406","CviMVP_11039","Mer_GA_2022-7-26","C5_CviMVP_PlDNA_9_SG_1323_be0b8284",19,"qpcr_pl1","C5_PlDNA9","C07"
"407","CviMVP_11039","Mer_GA_2022-7-26","C5_CviMVP_PlDNA_9_SG_1323_be0b8284",19,"qpcr_pl1","C5_PlDNA9","C08"
"408","CviMVP_11042","Mer_GA_2022-7-26","G10_CviMVP_PlDNA_3_SG_1324_0c891359",20,"qpcr_pl13","G10_PIDNA3","G09"
"409","CviMVP_11042","Mer_GA_2022-7-26","G10_CviMVP_PlDNA_3_SG_1324_0c891359",20,"qpcr_pl13","G10_PIDNA3","G10"
"410","CviMVP_11046","Mer_GA_2022-7-26","D12_CviMVP_PlDNA_4_SG_1325_2b5ae8c2",18,"qpcr_pl16","D12_PIDNA4","D09"
"411","CviMVP_11046","Mer_GA_2022-7-26","D12_CviMVP_PlDNA_4_SG_1325_2b5ae8c2",18,"qpcr_pl16","D12_PIDNA4","D10"
"412","CviMVP_11050","Mer_GA_2022-7-26","G9_CviMVP_PlDNA_8_SG_1327_ed207175",20,"qpcr_pl5","G9_PlDNA8","G09"
"413","CviMVP_11050","Mer_GA_2022-7-26","G9_CviMVP_PlDNA_8_SG_1327_ed207175",20,"qpcr_pl5","G9_PlDNA8","G10"
"414","CviMVP_11053","Mer_GA_2022-7-26","G2_CviMVP_PlDNA_10_SG_1328_6b7a6a27",22,"qpcr_pl19","G2_PIDNA10","D09"
"415","CviMVP_11053","Mer_GA_2022-7-26","G2_CviMVP_PlDNA_10_SG_1328_6b7a6a27",22,"qpcr_pl19","G2_PIDNA10","D10"
"416","CviMVP_11056","Mer_GA_2022-7-26","H11_CviMVP_PlDNA_8_SG_1329_10b5f219",22,"qpcr_pl14","H11_PIDNA8","F07"
"417","CviMVP_11056","Mer_GA_2022-7-26","H11_CviMVP_PlDNA_8_SG_1329_10b5f219",22,"qpcr_pl14","H11_PIDNA8","F08"
"418","CviMVP_11059","Mer_GA_2022-7-26","C11_CviMVP_PlDNA_3_SG_1330_1af8467d",21,"qpcr_pl13","C11_PIDNA3","C03"
"419","CviMVP_11059","Mer_GA_2022-7-26","C11_CviMVP_PlDNA_3_SG_1330_1af8467d",21,"qpcr_pl13","C11_PIDNA3","C04"
"420","CviMVP_11062","Mer_GA_2022-7-26","F10_CviMVP_PlDNA_4_SG_1331_5afac444",22,"qpcr_pl16","F10_PIDNA4","E05"
"421","CviMVP_11062","Mer_GA_2022-7-26","F10_CviMVP_PlDNA_4_SG_1331_5afac444",22,"qpcr_pl16","F10_PIDNA4","E06"
"422","CviMVP_11068","Mer_GA_2022-7-26","G4_CviMVP_PlDNA_10_SG_1333_3ba1aeca",22,"qpcr_pl2","G4_PlDNA10","G05"
"423","CviMVP_11068","Mer_GA_2022-7-26","G4_CviMVP_PlDNA_10_SG_1333_3ba1aeca",22,"qpcr_pl2","G4_PlDNA10","G06"
"424","CviMVP_11071","Mer_GA_2022-7-26","C2_CviMVP_PlDNA_2_SG_1334_394cabff",18,"qpcr_pl8","C2_PlDNA2","B09"
"425","CviMVP_11071","Mer_GA_2022-7-26","C2_CviMVP_PlDNA_2_SG_1334_394cabff",18,"qpcr_pl8","C2_PlDNA2","B10"
"426","CviMVP_11077","Mer_GA_2022-7-26","F1_CviMVP_PlDNA_4_SG_1336_9bdae747",18,"qpcr_pl13","F1_PIDNA4","F07"
"427","CviMVP_11077","Mer_GA_2022-7-26","F1_CviMVP_PlDNA_4_SG_1336_9bdae747",18,"qpcr_pl13","F1_PIDNA4","F08"
"428","CviMVP_11080","Mer_GA_2022-7-26","A3_CviMVP_PlDNA_5_SG_1337_2df389df",18,"qpcr_pl17","A3_PIDNA5","A07"
"429","CviMVP_11080","Mer_GA_2022-7-26","A3_CviMVP_PlDNA_5_SG_1337_2df389df",18,"qpcr_pl17","A3_PIDNA5","A08"
"430","CviMVP_11083","Mer_GA_2022-7-26","A12_CviMVP_PlDNA_3_SG_1338_95293c8f",22,"qpcr_pl13","A12_PIDNA3","A05"
"431","CviMVP_11083","Mer_GA_2022-7-26","A12_CviMVP_PlDNA_3_SG_1338_95293c8f",22,"qpcr_pl13","A12_PIDNA3","A06"
"432","CviMVP_11086","Mer_GA_2022-7-26","E10_CviMVP_PlDNA_5_SG_1339_2f706811",21,"qpcr_pl3","E10_PlDNA5","E05"
"433","CviMVP_11086","Mer_GA_2022-7-26","E10_CviMVP_PlDNA_5_SG_1339_2f706811",21,"qpcr_pl3","E10_PlDNA5","E06"
"434","CviMVP_11092","Mer_GA_2022-7-26","F9_CviMVP_PlDNA_4_SG_1341_f60fb583",22,"qpcr_pl16","F9_PIDNA4","F03"
"435","CviMVP_11092","Mer_GA_2022-7-26","F9_CviMVP_PlDNA_4_SG_1341_f60fb583",22,"qpcr_pl16","F9_PIDNA4","F04"
"436","CviMVP_11104","Mer_GA_2022-7-26","A2_CviMVP_PlDNA_4_SG_1342_d2854e5c",19,"qpcr_pl13","A2_PIDNA4","A09"
"437","CviMVP_11104","Mer_GA_2022-7-26","A2_CviMVP_PlDNA_4_SG_1342_d2854e5c",19,"qpcr_pl13","A2_PIDNA4","A10"
"438","CviMVP_11098","Mer_GA_2022-7-26","B6_CviMVP_PlDNA_4_SG_1344_f85703a0",20,"qpcr_pl15","B6_PIDNA4","B07"
"439","CviMVP_11098","Mer_GA_2022-7-26","B6_CviMVP_PlDNA_4_SG_1344_f85703a0",20,"qpcr_pl15","B6_PIDNA4","B08"
"440","CviMVP_11098","Mer_GA_2022-7-26","B6_CviMVP_PlDNA_4_SG_1344_f85703a0",20,"qpcr_pl16","B6_PIDNA5","F11"
"441","CviMVP_11098","Mer_GA_2022-7-26","B6_CviMVP_PlDNA_4_SG_1344_f85703a0",20,"qpcr_pl16","B6_PIDNA5","F12"
"442","CviMVP_11103","Nickle_Rf_LA_2022-8-1","A7_CviMVP_PlDNA_5_SG_1346_c3dc3555",21,"qpcr_pl17","A7_PIDNA5","G05"
"443","CviMVP_11103","Nickle_Rf_LA_2022-8-1","A7_CviMVP_PlDNA_5_SG_1346_c3dc3555",21,"qpcr_pl17","A7_PIDNA5","G06"
"444","CviMVP_11109","Nickle_Rf_LA_2022-8-1","G8_CviMVP_PlDNA_5_SG_1347_6fd02556",20,"qpcr_pl3","G8_PlDNA5","G03"
"445","CviMVP_11109","Nickle_Rf_LA_2022-8-1","G8_CviMVP_PlDNA_5_SG_1347_6fd02556",20,"qpcr_pl3","G8_PlDNA5","G04"
"446","CviMVP_11109","Nickle_Rf_LA_2022-8-1","G8_CviMVP_PlDNA_5_SG_1347_6fd02556",20,"qpcr_pl20","G8_PlDNA5","B09"
"447","CviMVP_11109","Nickle_Rf_LA_2022-8-1","G8_CviMVP_PlDNA_5_SG_1347_6fd02556",20,"qpcr_pl20","G8_PlDNA5","B10"
"448","CviMVP_11112","Nickle_Rf_LA_2022-8-1","C12_CviMVP_PlDNA_5_SG_1348_b189398c",22,"qpcr_pl3","C12_PlDNA5","C09"
"449","CviMVP_11112","Nickle_Rf_LA_2022-8-1","C12_CviMVP_PlDNA_5_SG_1348_b189398c",22,"qpcr_pl3","C12_PlDNA5","C10"
"450","CviMVP_11112","Nickle_Rf_LA_2022-8-1","C12_CviMVP_PlDNA_5_SG_1348_b189398c",22,"qpcr_pl20","C12_PlDNA5","G09"
"451","CviMVP_11112","Nickle_Rf_LA_2022-8-1","C12_CviMVP_PlDNA_5_SG_1348_b189398c",22,"qpcr_pl20","C12_PlDNA5","G10"
"452","CviMVP_11115","Nickle_Rf_LA_2022-8-1","D8_CviMVP_PlDNA_8_SG_1349_2d6f6e87",20,"qpcr_pl5","D8_PlDNA8","D07"
"453","CviMVP_11115","Nickle_Rf_LA_2022-8-1","D8_CviMVP_PlDNA_8_SG_1349_2d6f6e87",20,"qpcr_pl5","D8_PlDNA8","D08"
"454","CviMVP_11121","Nickle_Rf_LA_2022-8-1","E3_CviMVP_PlDNA_5_SG_1351_c9f860e1",19,"qpcr_pl17","E3_PIDNA5","D07"
"455","CviMVP_11121","Nickle_Rf_LA_2022-8-1","E3_CviMVP_PlDNA_5_SG_1351_c9f860e1",19,"qpcr_pl17","E3_PIDNA5","D08"
"456","CviMVP_11127","Nickle_Rf_LA_2022-8-1","F7_CviMVP_PlDNA_3_SG_1353_99c23436",21,"qpcr_pl12","F7_PlDNA3","F05"
"457","CviMVP_11127","Nickle_Rf_LA_2022-8-1","F7_CviMVP_PlDNA_3_SG_1353_99c23436",21,"qpcr_pl12","F7_PlDNA3","F06"
"458","CviMVP_11130","Nickle_Rf_LA_2022-8-1","F7_CviMVP_PlDNA_5_SG_1354_541bb3b2",22,"qpcr_pl3","F7_PlDNA5","D11"
"459","CviMVP_11130","Nickle_Rf_LA_2022-8-1","F7_CviMVP_PlDNA_5_SG_1354_541bb3b2",22,"qpcr_pl3","F7_PlDNA5","D12"
"460","CviMVP_11130","Nickle_Rf_LA_2022-8-1","F7_CviMVP_PlDNA_5_SG_1354_541bb3b2",22,"qpcr_pl20","F7_PlDNA5","H01"
"461","CviMVP_11130","Nickle_Rf_LA_2022-8-1","F7_CviMVP_PlDNA_5_SG_1354_541bb3b2",22,"qpcr_pl20","F7_PlDNA5","H02"
"462","CviMVP_11136","Nickle_Rf_LA_2022-8-1","E8_CviMVP_PlDNA_2_SG_1356_4295d929",20,"qpcr_pl9","E8_PlDNA2","F11"
"463","CviMVP_11136","Nickle_Rf_LA_2022-8-1","E8_CviMVP_PlDNA_2_SG_1356_4295d929",20,"qpcr_pl9","E8_PlDNA2","F12"
"464","CviMVP_11148","Nickle_Rf_LA_2022-8-1","A2_CviMVP_PlDNA_9_SG_1360_c5b3f2ee",19,"qpcr_pl18","A2_PIDNA9","A05"
"465","CviMVP_11148","Nickle_Rf_LA_2022-8-1","A2_CviMVP_PlDNA_9_SG_1360_c5b3f2ee",19,"qpcr_pl18","A2_PIDNA9","A06"
"466","CviMVP_11148","Nickle_Rf_LA_2022-8-1","A2_CviMVP_PlDNA_9_SG_1360_c5b3f2ee",19,"qpcr_pl22","A2_PlDNA9","A03"
"467","CviMVP_11148","Nickle_Rf_LA_2022-8-1","A2_CviMVP_PlDNA_9_SG_1360_c5b3f2ee",19,"qpcr_pl22","A2_PlDNA9","A04"
"468","CviMVP_11151","Nickle_Rf_LA_2022-8-1","C12_CviMVP_PlDNA_3_SG_1361_9b1f4445",21,"qpcr_pl13","C12_PIDNA3","C05"
"469","CviMVP_11151","Nickle_Rf_LA_2022-8-1","C12_CviMVP_PlDNA_3_SG_1361_9b1f4445",21,"qpcr_pl13","C12_PIDNA3","C06"
"470","CviMVP_11154","Nickle_Rf_LA_2022-8-1","F8_CviMVP_PlDNA_3_SG_1362_e986275b",22,"qpcr_pl12","F8_PlDNA3","F07"
"471","CviMVP_11154","Nickle_Rf_LA_2022-8-1","F8_CviMVP_PlDNA_3_SG_1362_e986275b",22,"qpcr_pl12","F8_PlDNA3","F08"
"472","CviMVP_11157","Nickle_Rf_LA_2022-8-1","A8_CviMVP_PlDNA_4_SG_1363_34d018e7",22,"qpcr_pl15","A8_PIDNA4","B11"
"473","CviMVP_11157","Nickle_Rf_LA_2022-8-1","A8_CviMVP_PlDNA_4_SG_1363_34d018e7",22,"qpcr_pl15","A8_PIDNA4","B12"
"474","CviMVP_11160","Nickle_Rf_LA_2022-8-1","D9_CviMVP_PlDNA_8_SG_1364_c3cc12f7",19,"qpcr_pl5","D9_PlDNA8","D09"
"475","CviMVP_11160","Nickle_Rf_LA_2022-8-1","D9_CviMVP_PlDNA_8_SG_1364_c3cc12f7",19,"qpcr_pl5","D9_PlDNA8","D10"
"476","CviMVP_11163","Nickle_Rf_LA_2022-8-1","D4_CviMVP_PlDNA_2_SG_1365_862540eb",20,"qpcr_pl9","D4_PlDNA2","D03"
"477","CviMVP_11163","Nickle_Rf_LA_2022-8-1","D4_CviMVP_PlDNA_2_SG_1365_862540eb",20,"qpcr_pl9","D4_PlDNA2","D04"
"478","CviMVP_11169","Nickle_Rf_LA_2022-8-1","E3_CviMVP_PlDNA_10_SG_1367_848f0492",22,"qpcr_pl2","E3_PlDNA10","E03"
"479","CviMVP_11169","Nickle_Rf_LA_2022-8-1","E3_CviMVP_PlDNA_10_SG_1367_848f0492",22,"qpcr_pl2","E3_PlDNA10","E04"
"480","CviMVP_11172","Nickle_Rf_LA_2022-8-1","A10_CviMVP_PlDNA_9_SG_1368_c77fd73e",18,"qpcr_pl18","A10_PIDNA9","B11"
"481","CviMVP_11172","Nickle_Rf_LA_2022-8-1","A10_CviMVP_PlDNA_9_SG_1368_c77fd73e",18,"qpcr_pl18","A10_PIDNA9","B12"
"482","CviMVP_11178","Nickle_Rf_LA_2022-8-1","H12_CviMVP_PlDNA_5_SG_1370_ad268e37",22,"qpcr_pl3","H12_PlDNA5","H09"
"483","CviMVP_11178","Nickle_Rf_LA_2022-8-1","H12_CviMVP_PlDNA_5_SG_1370_ad268e37",22,"qpcr_pl3","H12_PlDNA5","H10"
"484","CviMVP_11181","Nickle_Rf_LA_2022-8-1","H12_CviMVP_PlDNA_2_SG_1371_c50dbc1e",22,"qpcr_pl10","H12_PlDNA2","H09"
"485","CviMVP_11181","Nickle_Rf_LA_2022-8-1","H12_CviMVP_PlDNA_2_SG_1371_c50dbc1e",22,"qpcr_pl10","H12_PlDNA2","H10"
"486","CviMVP_11184","Nickle_Rf_LA_2022-8-1","E4_CviMVP_PlDNA_5_SG_1372_d1d73898",19,"qpcr_pl17","E4_PIDNA5","E09"
"487","CviMVP_11184","Nickle_Rf_LA_2022-8-1","E4_CviMVP_PlDNA_5_SG_1372_d1d73898",19,"qpcr_pl17","E4_PIDNA5","E10"
"488","CviMVP_11196","Sister_Lk_LA_2022-8-9","E8_CviMVP_PlDNA_1_SG_1376_66a62dfd",19,"qpcr_pl7","E8_PlDNA1","E07"
"489","CviMVP_11196","Sister_Lk_LA_2022-8-9","E8_CviMVP_PlDNA_1_SG_1376_66a62dfd",19,"qpcr_pl7","E8_PlDNA1","E08"
"490","CviMVP_11202","Sister_Lk_LA_2022-8-9","F4_CviMVP_PlDNA_1_SG_1378_32091231",20,"qpcr_pl6","F4_PlDNA1","E09"
"491","CviMVP_11202","Sister_Lk_LA_2022-8-9","F4_CviMVP_PlDNA_1_SG_1378_32091231",20,"qpcr_pl6","F4_PlDNA1","E10"
"492","CviMVP_11211","Sister_Lk_LA_2022-8-9","F5_CviMVP_PlDNA_1_SG_1381_205acadd",21,"qpcr_pl6","F5_PIDNA1","H07"
"493","CviMVP_11211","Sister_Lk_LA_2022-8-9","F5_CviMVP_PlDNA_1_SG_1381_205acadd",21,"qpcr_pl6","F5_PIDNA1","H08"
"494","CviMVP_11214","Sister_Lk_LA_2022-8-9","D7_CviMVP_PlDNA_10_SG_1382_c71a858c",19,"qpcr_pl2","D7_PlDNA10","E11"
"495","CviMVP_11214","Sister_Lk_LA_2022-8-9","D7_CviMVP_PlDNA_10_SG_1382_c71a858c",19,"qpcr_pl2","D7_PlDNA10","E12"
"496","CviMVP_11216","Sister_Lk_LA_2022-8-9","H12_CviMVP_PlDNA_1_SG_1383_ef032876",20,"qpcr_pl8","H12_PlDNA1","H05"
"497","CviMVP_11216","Sister_Lk_LA_2022-8-9","H12_CviMVP_PlDNA_1_SG_1383_ef032876",20,"qpcr_pl8","H12_PlDNA1","H06"
"498","CviMVP_11219","Sister_Lk_LA_2022-8-9","C8_CviMVP_PlDNA_2_SG_1384_24b58700",21,"qpcr_pl9","C8_PlDNA2","D11"
"499","CviMVP_11219","Sister_Lk_LA_2022-8-9","C8_CviMVP_PlDNA_2_SG_1384_24b58700",21,"qpcr_pl9","C8_PlDNA2","D12"
"500","CviMVP_11225","Sister_Lk_LA_2022-8-9","C10_CviMVP_PlDNA_1_SG_1386_3505dd4f",20,"qpcr_pl7","C10_PlDNA1","D11"
"501","CviMVP_11225","Sister_Lk_LA_2022-8-9","C10_CviMVP_PlDNA_1_SG_1386_3505dd4f",20,"qpcr_pl7","C10_PlDNA1","D12"
"502","CviMVP_11228","Sister_Lk_LA_2022-8-9","G8_CviMVP_PlDNA_9_SG_1387_2f72692a",20,"qpcr_pl18","G8_PIDNA9","F07"
"503","CviMVP_11228","Sister_Lk_LA_2022-8-9","G8_CviMVP_PlDNA_9_SG_1387_2f72692a",20,"qpcr_pl18","G8_PIDNA9","F08"
"504","CviMVP_11231","Sister_Lk_LA_2022-8-9","C9_CviMVP_PlDNA_8_SG_1388_408449ca",20,"qpcr_pl5","C9_PlDNA8","C09"
"505","CviMVP_11231","Sister_Lk_LA_2022-8-9","C9_CviMVP_PlDNA_8_SG_1388_408449ca",20,"qpcr_pl5","C9_PlDNA8","C10"
"506","CviMVP_11234","Sister_Lk_LA_2022-8-9","B4_CviMVP_PlDNA_3_SG_1389_08911bbf",22,"qpcr_pl11","B4_PlDNA3","B09"
"507","CviMVP_11234","Sister_Lk_LA_2022-8-9","B4_CviMVP_PlDNA_3_SG_1389_08911bbf",22,"qpcr_pl11","B4_PlDNA3","B10"
"508","CviMVP_11237","Sister_Lk_LA_2022-8-9","A6_CviMVP_PlDNA_1_SG_1390_c6755537",20,"qpcr_pl7","A6_PlDNA1","A03"
"509","CviMVP_11237","Sister_Lk_LA_2022-8-9","A6_CviMVP_PlDNA_1_SG_1390_c6755537",20,"qpcr_pl7","A6_PlDNA1","A04"
"510","CviMVP_11243","Sister_Lk_LA_2022-8-9","E6_CviMVP_PlDNA_1_SG_1392_6133f015",22,"qpcr_pl7","E6_PlDNA1","E03"
"511","CviMVP_11243","Sister_Lk_LA_2022-8-9","E6_CviMVP_PlDNA_1_SG_1392_6133f015",22,"qpcr_pl7","E6_PlDNA1","E04"
"512","CviMVP_11246","Sister_Lk_LA_2022-8-9","D2_CviMVP_PlDNA_1_SG_1393_6e3e8ad0",20,"qpcr_pl6","D2_PIDNA1","D05"
"513","CviMVP_11246","Sister_Lk_LA_2022-8-9","D2_CviMVP_PlDNA_1_SG_1393_6e3e8ad0",20,"qpcr_pl6","D2_PIDNA1","D06"
"514","CviMVP_11249","Sister_Lk_LA_2022-8-9","F2_CviMVP_PlDNA_1_SG_1394_cd8aba4f",20,"qpcr_pl6","F2_PIDNA1","F05"
"515","CviMVP_11249","Sister_Lk_LA_2022-8-9","F2_CviMVP_PlDNA_1_SG_1394_cd8aba4f",20,"qpcr_pl6","F2_PIDNA1","F06"
"516","CviMVP_11252","Sister_Lk_LA_2022-8-9","A4_CviMVP_PlDNA_1_SG_1395_7c3f2e88",20,"qpcr_pl6","A4_PlDNA1","A09"
"517","CviMVP_11252","Sister_Lk_LA_2022-8-9","A4_CviMVP_PlDNA_1_SG_1395_7c3f2e88",20,"qpcr_pl6","A4_PlDNA1","A10"
"518","CviMVP_11255","Sister_Lk_LA_2022-8-9","C10_CviMVP_PlDNA_9_SG_1396_9210bd0b",22,"qpcr_pl18","C10_PIDNA9","D11"
"519","CviMVP_11255","Sister_Lk_LA_2022-8-9","C10_CviMVP_PlDNA_9_SG_1396_9210bd0b",22,"qpcr_pl18","C10_PIDNA9","D12"
"520","CviMVP_11258","Sister_Lk_LA_2022-8-9","C3_CviMVP_PlDNA_1_SG_1397_c67e0a12",19,"qpcr_pl6","C3_PIDNA1","C07"
"521","CviMVP_11258","Sister_Lk_LA_2022-8-9","C3_CviMVP_PlDNA_1_SG_1397_c67e0a12",19,"qpcr_pl6","C3_PIDNA1","C08"
"522","CviMVP_11261","Sister_Lk_LA_2022-8-9","D12_CviMVP_PlDNA_9_SG_1398_5a46f7b5",20,"qpcr_pl19","D12_PIDNA9","D05"
"523","CviMVP_11261","Sister_Lk_LA_2022-8-9","D12_CviMVP_PlDNA_9_SG_1398_5a46f7b5",20,"qpcr_pl19","D12_PIDNA9","D06"
"524","CviMVP_11261","Sister_Lk_LA_2022-8-9","D12_CviMVP_PlDNA_9_SG_1398_5a46f7b5",20,"qpcr_pl22","D12_PlDNA9","B07"
"525","CviMVP_11261","Sister_Lk_LA_2022-8-9","D12_CviMVP_PlDNA_9_SG_1398_5a46f7b5",20,"qpcr_pl22","D12_PlDNA9","B08"
"526","CviMVP_11264","Sister_Lk_LA_2022-8-9","H6_CviMVP_PlDNA_8_SG_1399_2a0af914",22,"qpcr_pl5","H6_PlDNA8","H03"
"527","CviMVP_11264","Sister_Lk_LA_2022-8-9","H6_CviMVP_PlDNA_8_SG_1399_2a0af914",22,"qpcr_pl5","H6_PlDNA8","H04"
"528","CviMVP_11264","Sister_Lk_LA_2022-8-9","H6_CviMVP_PlDNA_8_SG_1399_2a0af914",22,"qpcr_pl22","H6_PlDNA8","H07"
"529","CviMVP_11264","Sister_Lk_LA_2022-8-9","H6_CviMVP_PlDNA_8_SG_1399_2a0af914",22,"qpcr_pl22","H6_PlDNA8","H08"
"530","CviMVP_11271","GriceCove_SC_2022-8-10","B5_CviMVP_PlDNA_5_SG_1402_70b1442c",22,"qpcr_pl16","B5_PIDNA5","H03"
"531","CviMVP_11271","GriceCove_SC_2022-8-10","B5_CviMVP_PlDNA_5_SG_1402_70b1442c",22,"qpcr_pl16","B5_PIDNA5","H04"
"532","CviMVP_11273","GriceCove_SC_2022-8-10","E10_CviMVP_PlDNA_2_SG_1403_28de4b21",19,"qpcr_pl10","E10_PlDNA2","E05"
"533","CviMVP_11273","GriceCove_SC_2022-8-10","E10_CviMVP_PlDNA_2_SG_1403_28de4b21",19,"qpcr_pl10","E10_PlDNA2","E06"
"534","CviMVP_11275","GriceCove_SC_2022-8-10","F6_CviMVP_PlDNA_5_SG_1404_4a6042b3",19,"qpcr_pl17","F6_PIDNA5","G07"
"535","CviMVP_11275","GriceCove_SC_2022-8-10","F6_CviMVP_PlDNA_5_SG_1404_4a6042b3",19,"qpcr_pl17","F6_PIDNA5","G08"
"536","CviMVP_11277","GriceCove_SC_2022-8-10","C1_CviMVP_PlDNA_10_SG_1405_db366b9b",21,"qpcr_pl19","C1_PIDNA10","C07"
"537","CviMVP_11277","GriceCove_SC_2022-8-10","C1_CviMVP_PlDNA_10_SG_1405_db366b9b",21,"qpcr_pl19","C1_PIDNA10","C08"
"538","CviMVP_11281","GriceCove_SC_2022-8-10","F4_CviMVP_PlDNA_7_SG_1407_9b09aa13",18,"qpcr_pl14","F4_PIDNA7","H03"
"539","CviMVP_11281","GriceCove_SC_2022-8-10","F4_CviMVP_PlDNA_7_SG_1407_9b09aa13",18,"qpcr_pl14","F4_PIDNA7","H04"
"540","CviMVP_11285","GriceCove_SC_2022-8-10","B5_CviMVP_PlDNA_2_SG_1409_e556ee36",20,"qpcr_pl9","B5_PlDNA2","B05"
"541","CviMVP_11285","GriceCove_SC_2022-8-10","B5_CviMVP_PlDNA_2_SG_1409_e556ee36",20,"qpcr_pl9","B5_PlDNA2","B06"
"542","CviMVP_11288","GriceCove_SC_2022-8-10","B10_CviMVP_PlDNA_3_SG_1410_f5b0a7bd",20,"qpcr_pl12","B10_PIDNA3","C11"
"543","CviMVP_11288","GriceCove_SC_2022-8-10","B10_CviMVP_PlDNA_3_SG_1410_f5b0a7bd",20,"qpcr_pl12","B10_PIDNA3","C12"
"544","CviMVP_11293","GriceCove_SC_2022-8-10","A9_CviMVP_PlDNA_8_SG_1412_25359cc5",20,"qpcr_pl5","A9_PlDNA8","A09"
"545","CviMVP_11293","GriceCove_SC_2022-8-10","A9_CviMVP_PlDNA_8_SG_1412_25359cc5",20,"qpcr_pl5","A9_PlDNA8","A10"
"546","CviMVP_11293","GriceCove_SC_2022-8-10","A9_CviMVP_PlDNA_8_SG_1412_25359cc5",20,"qpcr_pl10","A9_PlDNA8","H05"
"547","CviMVP_11293","GriceCove_SC_2022-8-10","A9_CviMVP_PlDNA_8_SG_1412_25359cc5",20,"qpcr_pl10","A9_PlDNA8","H06"
"548","CviMVP_11297","GriceCove_SC_2022-8-10","F4_CviMVP_PlDNA_8_SG_1413_3470f785",21,"qpcr_pl4","F4_PlDNA8","F09"
"549","CviMVP_11297","GriceCove_SC_2022-8-10","F4_CviMVP_PlDNA_8_SG_1413_3470f785",21,"qpcr_pl4","F4_PlDNA8","F10"
"550","CviMVP_11296","GriceCove_SC_2022-8-10","B9_CviMVP_PlDNA_4_SG_1414_8945336e",21,"qpcr_pl16","B9_PIDNA4","B03"
"551","CviMVP_11296","GriceCove_SC_2022-8-10","B9_CviMVP_PlDNA_4_SG_1414_8945336e",21,"qpcr_pl16","B9_PIDNA4","B04"
"552","CviMVP_11305","GriceCove_SC_2022-8-10","A12_CviMVP_PlDNA_7_SG_1416_1225a415",18,"qpcr_pl14","A12__PIDNA7","A05"
"553","CviMVP_11305","GriceCove_SC_2022-8-10","A12_CviMVP_PlDNA_7_SG_1416_1225a415",18,"qpcr_pl14","A12__PIDNA7","A06"
"554","CviMVP_11308","GriceCove_SC_2022-8-10","F4_CviMVP_PlDNA_10_SG_1417_d4db5fe7",19,"qpcr_pl2","F4_PlDNA10","F05"
"555","CviMVP_11308","GriceCove_SC_2022-8-10","F4_CviMVP_PlDNA_10_SG_1417_d4db5fe7",19,"qpcr_pl2","F4_PlDNA10","F06"
"556","CviMVP_11311","GriceCove_SC_2022-8-10","E6_CviMVP_PlDNA_2_SG_1418_ce942e72",20,"qpcr_pl9","E6_PlDNA2","D07"
"557","CviMVP_11311","GriceCove_SC_2022-8-10","E6_CviMVP_PlDNA_2_SG_1418_ce942e72",20,"qpcr_pl9","E6_PlDNA2","D08"
"558","CviMVP_11317","GriceCove_SC_2022-8-10","H10_CviMVP_PlDNA_5_SG_1420_9ee80cac",22,"qpcr_pl3","H10_PlDNA5","H05"
"559","CviMVP_11317","GriceCove_SC_2022-8-10","H10_CviMVP_PlDNA_5_SG_1420_9ee80cac",22,"qpcr_pl3","H10_PlDNA5","H06"
"560","CviMVP_11326","GriceCove_SC_2022-8-10","A2_CviMVP_PlDNA_3_SG_1423_43438d17",21,"qpcr_pl11","A2_PlDNA3","A05"
"561","CviMVP_11326","GriceCove_SC_2022-8-10","A2_CviMVP_PlDNA_3_SG_1423_43438d17",21,"qpcr_pl11","A2_PlDNA3","A06"
"562","CviMVP_11328","GriceCove_SC_2022-8-10","A1_CviMVP_PlDNA_2_SG_1424_28f79e03",21,"qpcr_pl8","A1_PlDNA2","H07"
"563","CviMVP_11328","GriceCove_SC_2022-8-10","A1_CviMVP_PlDNA_2_SG_1424_28f79e03",21,"qpcr_pl8","A1_PlDNA2","H08"
"564","CviMVP_11336","GriceCove_SC_2022-8-10","H5_CviMVP_PlDNA_5_SG_1427_53cbce97",19,"qpcr_pl17","H5_PIDNA5","F11"
"565","CviMVP_11336","GriceCove_SC_2022-8-10","H5_CviMVP_PlDNA_5_SG_1427_53cbce97",19,"qpcr_pl17","H5_PIDNA5","F12"
"566","CviMVP_11338","GriceCove_SC_2022-8-10","B5_CviMVP_PlDNA_4_SG_1428_2fded98a",20,"qpcr_pl15","B5_PIDNA4","B05"
"567","CviMVP_11338","GriceCove_SC_2022-8-10","B5_CviMVP_PlDNA_4_SG_1428_2fded98a",20,"qpcr_pl15","B5_PIDNA4","B06"
"568","CviMVP_11341","GriceCove_SC_2022-8-10","B6_CviMVP_PlDNA_2_SG_1429_7aee0526",18,"qpcr_pl9","B6_PlDNA2","B07"
"569","CviMVP_11341","GriceCove_SC_2022-8-10","B6_CviMVP_PlDNA_2_SG_1429_7aee0526",18,"qpcr_pl9","B6_PlDNA2","B08"
"570","CviMVP_11343","Cal_Lake_LA_2022-8-11","D4_CviMVP_PlDNA_1_SG_1430_2848cce4",21,"qpcr_pl6","D4_PlDNA1","C09"
"571","CviMVP_11343","Cal_Lake_LA_2022-8-11","D4_CviMVP_PlDNA_1_SG_1430_2848cce4",21,"qpcr_pl6","D4_PlDNA1","C10"
"572","CviMVP_11349","Cal_Lake_LA_2022-8-11","B11_CviMVP_PlDNA_1_SG_1431_c83e8d48",19,"qpcr_pl8","B11_PlDNA1","B03"
"573","CviMVP_11349","Cal_Lake_LA_2022-8-11","B11_CviMVP_PlDNA_1_SG_1431_c83e8d48",19,"qpcr_pl8","B11_PlDNA1","B04"
"574","CviMVP_11364","Cal_Lake_LA_2022-8-11","G4_CviMVP_PlDNA_1_SG_1434_384f3ae3",21,"qpcr_pl6","G4_PlDNA1","F09"
"575","CviMVP_11364","Cal_Lake_LA_2022-8-11","G4_CviMVP_PlDNA_1_SG_1434_384f3ae3",21,"qpcr_pl6","G4_PlDNA1","F10"
"576","CviMVP_11355","Cal_Lake_LA_2022-8-11","C1_CviMVP_PlDNA_8_SG_1435_7dd409da",21,"qpcr_pl4","C1_PlDNA8","C03"
"577","CviMVP_11355","Cal_Lake_LA_2022-8-11","C1_CviMVP_PlDNA_8_SG_1435_7dd409da",21,"qpcr_pl4","C1_PlDNA8","C04"
"578","CviMVP_11355","Cal_Lake_LA_2022-8-11","C1_CviMVP_PlDNA_8_SG_1435_7dd409da",21,"qpcr_pl22","C1_PlDNA8","C07"
"579","CviMVP_11355","Cal_Lake_LA_2022-8-11","C1_CviMVP_PlDNA_8_SG_1435_7dd409da",21,"qpcr_pl22","C1_PlDNA8","C08"
"580","CviMVP_11361","Cal_Lake_LA_2022-8-11","H10_CviMVP_PlDNA_1_SG_1436_277e755d",18,"qpcr_pl8","H10_PlDNA1","D11"
"581","CviMVP_11361","Cal_Lake_LA_2022-8-11","H10_CviMVP_PlDNA_1_SG_1436_277e755d",18,"qpcr_pl8","H10_PlDNA1","D12"
"582","CviMVP_11358","Cal_Lake_LA_2022-8-11","H11_CviMVP_PlDNA_4_SG_1437_2945904c",21,"qpcr_pl16","H11_PIDNA4","G07"
"583","CviMVP_11358","Cal_Lake_LA_2022-8-11","H11_CviMVP_PlDNA_4_SG_1437_2945904c",21,"qpcr_pl16","H11_PIDNA4","G08"
"584","CviMVP_11367","Cal_Lake_LA_2022-8-11","B5_CviMVP_PlDNA_1_SG_1438_ef798fa4",19,"qpcr_pl6","B5_PlDNA1","C11"
"585","CviMVP_11367","Cal_Lake_LA_2022-8-11","B5_CviMVP_PlDNA_1_SG_1438_ef798fa4",19,"qpcr_pl6","B5_PlDNA1","C12"
"586","CviMVP_11370","Cal_Lake_LA_2022-8-11","A5_CviMVP_PlDNA_1_SG_1439_4d1e45dd",21,"qpcr_pl6","A5_PlDNA1","B11"
"587","CviMVP_11370","Cal_Lake_LA_2022-8-11","A5_CviMVP_PlDNA_1_SG_1439_4d1e45dd",21,"qpcr_pl6","A5_PlDNA1","B12"
"588","CviMVP_11373","Cal_Lake_LA_2022-8-11","A10_CviMVP_PlDNA_6_SG_1440_e79e5351",20,"qpcr_pl20","A10_PIDNA6","C07"
"589","CviMVP_11373","Cal_Lake_LA_2022-8-11","A10_CviMVP_PlDNA_6_SG_1440_e79e5351",20,"qpcr_pl20","A10_PIDNA6","C08"
"590","CviMVP_11379","Cal_Lake_LA_2022-8-11","G8_CviMVP_PlDNA_4_SG_1442_9009f004",18,"qpcr_pl15","G8_PIDNA4","H07"
"591","CviMVP_11379","Cal_Lake_LA_2022-8-11","G8_CviMVP_PlDNA_4_SG_1442_9009f004",18,"qpcr_pl15","G8_PIDNA4","H08"
"592","CviMVP_11382","Cal_Lake_LA_2022-8-11","H8_CviMVP_PlDNA_9_SG_1443_8b09f1b1",21,"qpcr_pl18","H8_PIDNA9","G07"
"593","CviMVP_11382","Cal_Lake_LA_2022-8-11","H8_CviMVP_PlDNA_9_SG_1443_8b09f1b1",21,"qpcr_pl18","H8_PIDNA9","G08"
"594","CviMVP_11382","Cal_Lake_LA_2022-8-11","H8_CviMVP_PlDNA_9_SG_1443_8b09f1b1",21,"qpcr_pl22","H8_PlDNA9","H05"
"595","CviMVP_11382","Cal_Lake_LA_2022-8-11","H8_CviMVP_PlDNA_9_SG_1443_8b09f1b1",21,"qpcr_pl22","H8_PlDNA9","H06"
"596","CviMVP_11391","Cal_Lake_LA_2022-8-11","D3_CviMVP_PlDNA_1_SG_1446_7577ead5",21,"qpcr_pl6","D3_PIDNA1","D07"
"597","CviMVP_11391","Cal_Lake_LA_2022-8-11","D3_CviMVP_PlDNA_1_SG_1446_7577ead5",21,"qpcr_pl6","D3_PIDNA1","D08"
"598","CviMVP_11399","Cal_Lake_LA_2022-8-11","E6_CviMVP_PlDNA_10_SG_1449_a339503d",20,"qpcr_pl2","E6_PlDNA10","E09"
"599","CviMVP_11399","Cal_Lake_LA_2022-8-11","E6_CviMVP_PlDNA_10_SG_1449_a339503d",20,"qpcr_pl2","E6_PlDNA10","E10"
"600","CviMVP_11399","Cal_Lake_LA_2022-8-11","H12_CviMVP_PlDNA_4_SG_1449_a339503d",20,"qpcr_pl16","H12_PIDNA4","H09"
"601","CviMVP_11399","Cal_Lake_LA_2022-8-11","H12_CviMVP_PlDNA_4_SG_1449_a339503d",20,"qpcr_pl16","H12_PIDNA4","H10"
"602","CviMVP_11402","Cal_Lake_LA_2022-8-11","H4_CviMVP_PlDNA_1_SG_1450_eda1774a",20,"qpcr_pl6","H4_PlDNA1","G09"
"603","CviMVP_11402","Cal_Lake_LA_2022-8-11","H4_CviMVP_PlDNA_1_SG_1450_eda1774a",20,"qpcr_pl6","H4_PlDNA1","G10"
"604","CviMVP_11405","Cal_Lake_LA_2022-8-11","B2_CviMVP_PlDNA_1_SG_1451_5767505c",21,"qpcr_pl6","B2_PIDNA1","B05"
"605","CviMVP_11405","Cal_Lake_LA_2022-8-11","B2_CviMVP_PlDNA_1_SG_1451_5767505c",21,"qpcr_pl6","B2_PIDNA1","B06"
"606","CviMVP_11408","Cal_Lake_LA_2022-8-11","G12_CviMVP_PlDNA_2_SG_1452_3e21ca6c",22,"qpcr_pl10","G12_PlDNA2","G09"
"607","CviMVP_11408","Cal_Lake_LA_2022-8-11","G12_CviMVP_PlDNA_2_SG_1452_3e21ca6c",22,"qpcr_pl10","G12_PlDNA2","G10"
"608","CviMVP_11414","Cal_Lake_LA_2022-8-11","B11_CviMVP_PlDNA_8_SG_1454_7119b428",20,"qpcr_pl14","B11_PIDNA8","H07"
"609","CviMVP_11414","Cal_Lake_LA_2022-8-11","B11_CviMVP_PlDNA_8_SG_1454_7119b428",20,"qpcr_pl14","B11_PIDNA8","H08"
"610","CviMVP_11417","Cal_Lake_LA_2022-8-11","H8_CviMVP_PlDNA_1_SG_1455_e05c4f6d",19,"qpcr_pl7","H8_PlDNA1","H07"
"611","CviMVP_11417","Cal_Lake_LA_2022-8-11","H8_CviMVP_PlDNA_1_SG_1455_e05c4f6d",19,"qpcr_pl7","H8_PlDNA1","H08"
"612","CviMVP_11420","Cal_Lake_LA_2022-8-11","E5_CviMVP_PlDNA_10_SG_1456_68650f46",20,"qpcr_pl2","E5_PlDNA10","E07"
"613","CviMVP_11420","Cal_Lake_LA_2022-8-11","E5_CviMVP_PlDNA_10_SG_1456_68650f46",20,"qpcr_pl2","E5_PlDNA10","E08"
"614","CviMVP_11423","SR_GB_NH_2022-8-12","E3_CviMVP_PlDNA_1_SG_1457_1069de49",18,"qpcr_pl6","E3_PIDNA1","E07"
"615","CviMVP_11423","SR_GB_NH_2022-8-12","E3_CviMVP_PlDNA_1_SG_1457_1069de49",18,"qpcr_pl6","E3_PIDNA1","E08"
"616","CviMVP_11426","SR_GB_NH_2022-8-12","G12_CviMVP_PlDNA_1_SG_1458_f3ca3ad9",20,"qpcr_pl8","G12_PlDNA1","G05"
"617","CviMVP_11426","SR_GB_NH_2022-8-12","G12_CviMVP_PlDNA_1_SG_1458_f3ca3ad9",20,"qpcr_pl8","G12_PlDNA1","G06"
"618","CviMVP_11431","SR_GB_NH_2022-8-12","G2_CviMVP_PlDNA_1_SG_1460_2e2fcbcb",22,"qpcr_pl6","G2_PIDNA1","G05"
"619","CviMVP_11431","SR_GB_NH_2022-8-12","G2_CviMVP_PlDNA_1_SG_1460_2e2fcbcb",22,"qpcr_pl6","G2_PIDNA1","G06"
"620","CviMVP_11434","SR_GB_NH_2022-8-12","D9_CviMVP_PlDNA_1_SG_1461_0baeb3eb",20,"qpcr_pl7","D9_PlDNA1","D09"
"621","CviMVP_11434","SR_GB_NH_2022-8-12","D9_CviMVP_PlDNA_1_SG_1461_0baeb3eb",20,"qpcr_pl7","D9_PlDNA1","D10"
"622","CviMVP_11437","SR_GB_NH_2022-8-12","H5_CviMVP_PlDNA_8_SG_1462_7035a568",20,"qpcr_pl5","H5_PlDNA8","D11"
"623","CviMVP_11437","SR_GB_NH_2022-8-12","H5_CviMVP_PlDNA_8_SG_1462_7035a568",20,"qpcr_pl5","H5_PlDNA8","D12"
"624","CviMVP_11440","SR_GB_NH_2022-8-12","D1_CviMVP_PlDNA_1_SG_1463_32cff799",21,"qpcr_pl6","D1_PIDNA1","D03"
"625","CviMVP_11440","SR_GB_NH_2022-8-12","D1_CviMVP_PlDNA_1_SG_1463_32cff799",21,"qpcr_pl6","D1_PIDNA1","D04"
"626","CviMVP_11442","SR_GB_NH_2022-8-12","G9_CviMVP_PlDNA_10_SG_1464_b7526ee9",20,"qpcr_pl18","G9_PIDNA10","H01"
"627","CviMVP_11442","SR_GB_NH_2022-8-12","G9_CviMVP_PlDNA_10_SG_1464_b7526ee9",20,"qpcr_pl18","G9_PIDNA10","H02"
"628","CviMVP_11445","SR_GB_NH_2022-8-12","H9_CviMVP_PlDNA_9_SG_1465_fcaf0737",21,"qpcr_pl18","H9_PIDNA9","F09"
"629","CviMVP_11445","SR_GB_NH_2022-8-12","H9_CviMVP_PlDNA_9_SG_1465_fcaf0737",21,"qpcr_pl18","H9_PIDNA9","F10"
"630","CviMVP_11448","SR_GB_NH_2022-8-12","G5_CviMVP_PlDNA_10_SG_1466_596c2168",20,"qpcr_pl2","G5_PlDNA10","G07"
"631","CviMVP_11448","SR_GB_NH_2022-8-12","G5_CviMVP_PlDNA_10_SG_1466_596c2168",20,"qpcr_pl2","G5_PlDNA10","G08"
"632","CviMVP_11451","SR_GB_NH_2022-8-12","F3_CviMVP_PlDNA_3_SG_1467_0471606e",22,"qpcr_pl11","F3_PlDNA3","F07"
"633","CviMVP_11451","SR_GB_NH_2022-8-12","F3_CviMVP_PlDNA_3_SG_1467_0471606e",22,"qpcr_pl11","F3_PlDNA3","F08"
"634","CviMVP_11454","SR_GB_NH_2022-8-12","B7_CviMVP_PlDNA_1_SG_1468_2e2613cd",20,"qpcr_pl7","B7_PlDNA1","B05"
"635","CviMVP_11454","SR_GB_NH_2022-8-12","B7_CviMVP_PlDNA_1_SG_1468_2e2613cd",20,"qpcr_pl7","B7_PlDNA1","B06"
"636","CviMVP_11457","SR_GB_NH_2022-8-12","C5_CviMVP_PlDNA_8_SG_1469_a4aec96e",20,"qpcr_pl4","C5_PlDNA8","D11"
"637","CviMVP_11457","SR_GB_NH_2022-8-12","C5_CviMVP_PlDNA_8_SG_1469_a4aec96e",20,"qpcr_pl4","C5_PlDNA8","D12"
"638","CviMVP_11460","SR_GB_NH_2022-8-12","G1_CviMVP_PlDNA_9_SG_1470_6cd46626",21,"qpcr_pl18","G1_PIDNA9","G03"
"639","CviMVP_11460","SR_GB_NH_2022-8-12","G1_CviMVP_PlDNA_9_SG_1470_6cd46626",21,"qpcr_pl18","G1_PIDNA9","G04"
"640","CviMVP_11463","SR_GB_NH_2022-8-12","D10_CviMVP_PlDNA_1_SG_1471_c9f8e6c3",22,"qpcr_pl7","D10_PlDNA1","E11"
"641","CviMVP_11463","SR_GB_NH_2022-8-12","D10_CviMVP_PlDNA_1_SG_1471_c9f8e6c3",22,"qpcr_pl7","D10_PlDNA1","E12"
"642","CviMVP_11469","SR_GB_NH_2022-8-12","B6_CviMVP_PlDNA_1_SG_1473_6075f53c",21,"qpcr_pl7","B6_PlDNA1","B03"
"643","CviMVP_11469","SR_GB_NH_2022-8-12","B6_CviMVP_PlDNA_1_SG_1473_6075f53c",21,"qpcr_pl7","B6_PlDNA1","B04"
"644","CviMVP_11472","SR_GB_NH_2022-8-12","E5_CviMVP_PlDNA_1_SG_1474_bce74bb8",22,"qpcr_pl6","E5_PlDNA1","F11"
"645","CviMVP_11472","SR_GB_NH_2022-8-12","E5_CviMVP_PlDNA_1_SG_1474_bce74bb8",22,"qpcr_pl6","E5_PlDNA1","F12"
"646","CviMVP_11478","SR_GB_NH_2022-8-12","D11_CviMVP_PlDNA_2_SG_1476_336c2b9f",20,"qpcr_pl10","D11_PlDNA2","D07"
"647","CviMVP_11478","SR_GB_NH_2022-8-12","D11_CviMVP_PlDNA_2_SG_1476_336c2b9f",20,"qpcr_pl10","D11_PlDNA2","D08"
"648","CviMVP_11484","SR_GB_NH_2022-8-12","C4_CviMVP_PlDNA_4_SG_1478_bee2927e",18,"qpcr_pl15","C4_PIDNA4","B03"
"649","CviMVP_11484","SR_GB_NH_2022-8-12","C4_CviMVP_PlDNA_4_SG_1478_bee2927e",18,"qpcr_pl15","C4_PIDNA4","B04"
"650","CviMVP_11490","SR_GB_NH_2022-8-12","E11_CviMVP_PlDNA_1_SG_1480_8a36a1ff",22,"qpcr_pl8","E11_PlDNA1","E03"
"651","CviMVP_11490","SR_GB_NH_2022-8-12","E11_CviMVP_PlDNA_1_SG_1480_8a36a1ff",22,"qpcr_pl8","E11_PlDNA1","E04"
"652","CviMVP_11668","CPR_MS_AL_2022-8-24","G11_CviMVP_PlDNA_4_SG_1540_47a53dfc",20,"qpcr_pl16","G11_PIDNA4","F07"
"653","CviMVP_11668","CPR_MS_AL_2022-8-24","G11_CviMVP_PlDNA_4_SG_1540_47a53dfc",20,"qpcr_pl16","G11_PIDNA4","F08"
"654","CviMVP_11677","CPR_MS_AL_2022-8-24","B8_CviMVP_PlDNA_8_SG_1543_2be99652",21,"qpcr_pl5","B8_PlDNA8","B07"
"655","CviMVP_11677","CPR_MS_AL_2022-8-24","B8_CviMVP_PlDNA_8_SG_1543_2be99652",21,"qpcr_pl5","B8_PlDNA8","B08"
"656","CviMVP_11680","CPR_MS_AL_2022-8-24","F6_CviMVP_PlDNA_3_SG_1544_361c6090",18,"qpcr_pl12","F6_PlDNA3","E03"
"657","CviMVP_11680","CPR_MS_AL_2022-8-24","F6_CviMVP_PlDNA_3_SG_1544_361c6090",18,"qpcr_pl12","F6_PlDNA3","E04"
"658","CviMVP_11686","CPR_MS_AL_2022-8-24","C7_CviMVP_PlDNA_4_SG_1546_9204d62d",22,"qpcr_pl15","C7_PIDNA4","B09"
"659","CviMVP_11686","CPR_MS_AL_2022-8-24","C7_CviMVP_PlDNA_4_SG_1546_9204d62d",22,"qpcr_pl15","C7_PIDNA4","B10"
"660","CviMVP_11686","CPR_MS_AL_2022-8-24","C7_CviMVP_PlDNA_4_SG_1546_9204d62d",22,"qpcr_pl16","C7_PIDNA5","D11"
"661","CviMVP_11686","CPR_MS_AL_2022-8-24","C7_CviMVP_PlDNA_4_SG_1546_9204d62d",22,"qpcr_pl16","C7_PIDNA5","D12"
"662","CviMVP_11692","CPR_MS_AL_2022-8-24","G7_CviMVP_PlDNA_4_SG_1548_a06e9f62",22,"qpcr_pl15","G7_PIDNA4","F09"
"663","CviMVP_11692","CPR_MS_AL_2022-8-24","G7_CviMVP_PlDNA_4_SG_1548_a06e9f62",22,"qpcr_pl15","G7_PIDNA4","F10"
"664","CviMVP_11698","CPR_MS_AL_2022-8-24","G10_CviMVP_PlDNA_4_SG_1550_619aa080",20,"qpcr_pl16","G10_PIDNA4","F05"
"665","CviMVP_11698","CPR_MS_AL_2022-8-24","G10_CviMVP_PlDNA_4_SG_1550_619aa080",20,"qpcr_pl16","G10_PIDNA4","F06"
"666","CviMVP_11704","CPR_MS_AL_2022-8-24","F8_CviMVP_PlDNA_2_SG_1552_5d51308b",20,"qpcr_pl9","F8_PlDNA2","H07"
"667","CviMVP_11704","CPR_MS_AL_2022-8-24","F8_CviMVP_PlDNA_2_SG_1552_5d51308b",20,"qpcr_pl9","F8_PlDNA2","H08"
"668","CviMVP_11707","CPR_MS_AL_2022-8-24","E3_CviMVP_PlDNA_4_SG_1553_e2b0c8f8",22,"qpcr_pl13","E3_PIDNA4","F11"
"669","CviMVP_11707","CPR_MS_AL_2022-8-24","E3_CviMVP_PlDNA_4_SG_1553_e2b0c8f8",22,"qpcr_pl13","E3_PIDNA4","F12"
"670","CviMVP_11710","CPR_MS_AL_2022-8-24","C9_CviMVP_PlDNA_10_SG_1554_87714daf",20,"qpcr_pl19","C9_PIDNA10","D11"
"671","CviMVP_11710","CPR_MS_AL_2022-8-24","C9_CviMVP_PlDNA_10_SG_1554_87714daf",20,"qpcr_pl19","C9_PIDNA10","D12"
"672","CviMVP_11713","CPR_MS_AL_2022-8-24","E8_CviMVP_PlDNA_5_SG_1555_8dbba465",21,"qpcr_pl3","E8_PlDNA5","E03"
"673","CviMVP_11713","CPR_MS_AL_2022-8-24","E8_CviMVP_PlDNA_5_SG_1555_8dbba465",21,"qpcr_pl3","E8_PlDNA5","E04"
"674","CviMVP_11716","CPR_MS_AL_2022-8-24","A4_CviMVP_PlDNA_10_SG_1556_e491b857",22,"qpcr_pl2","A4_PlDNA10","A05"
"675","CviMVP_11716","CPR_MS_AL_2022-8-24","A4_CviMVP_PlDNA_10_SG_1556_e491b857",22,"qpcr_pl2","A4_PlDNA10","A06"
"676","CviMVP_11716","CPR_MS_AL_2022-8-24","A4_CviMVP_PlDNA_10_SG_1556_e491b857",22,"qpcr_pl21","A4_PlDNA10","H01"
"677","CviMVP_11716","CPR_MS_AL_2022-8-24","A4_CviMVP_PlDNA_10_SG_1556_e491b857",22,"qpcr_pl21","A4_PlDNA10","H02"
"678","CviMVP_11719","CPR_MS_AL_2022-8-24","D2_CviMVP_PlDNA_3_SG_1557_d47a231f",20,"qpcr_pl11","D2_PlDNA3","C05"
"679","CviMVP_11719","CPR_MS_AL_2022-8-24","D2_CviMVP_PlDNA_3_SG_1557_d47a231f",20,"qpcr_pl11","D2_PlDNA3","C06"
"680","CviMVP_11722","CPR_MS_AL_2022-8-24","B8_CviMVP_PlDNA_5_SG_1558_fba7a623",20,"qpcr_pl3","B8_PlDNA5","B03"
"681","CviMVP_11722","CPR_MS_AL_2022-8-24","B8_CviMVP_PlDNA_5_SG_1558_fba7a623",20,"qpcr_pl3","B8_PlDNA5","B04"
"682","CviMVP_11731","CPR_MS_AL_2022-8-24","B8_CviMVP_PlDNA_10_SG_1561_29fb6cb6",20,"qpcr_pl21","B8_PIDNA10","B03"
"683","CviMVP_11731","CPR_MS_AL_2022-8-24","B8_CviMVP_PlDNA_10_SG_1561_29fb6cb6",20,"qpcr_pl21","B8_PIDNA10","B04"
"684","CviMVP_11737","CPR_MS_AL_2022-8-24","C5_CviMVP_PlDNA_5_SG_1563_7e234e54",21,"qpcr_pl17","C5_PIDNA5","C11"
"685","CviMVP_11737","CPR_MS_AL_2022-8-24","C5_CviMVP_PlDNA_5_SG_1563_7e234e54",21,"qpcr_pl17","C5_PIDNA5","C12"
"686","CviMVP_11737","CPR_MS_AL_2022-8-24","C5_CviMVP_PlDNA_5_SG_1563_7e234e54",21,"qpcr_pl20","C5_PIDNA5","H07"
"687","CviMVP_11737","CPR_MS_AL_2022-8-24","C5_CviMVP_PlDNA_5_SG_1563_7e234e54",21,"qpcr_pl20","C5_PIDNA5","H08"
"688","CviMVP_11740","CPR_MS_AL_2022-8-24","F12_CviMVP_PlDNA_5_SG_1564_9305f148",20,"qpcr_pl3","F12_PlDNA5","F09"
"689","CviMVP_11740","CPR_MS_AL_2022-8-24","F12_CviMVP_PlDNA_5_SG_1564_9305f148",20,"qpcr_pl3","F12_PlDNA5","F10"
"690","CviMVP_11740","CPR_MS_AL_2022-8-24","F12_CviMVP_PlDNA_5_SG_1564_9305f148",20,"qpcr_pl20","F12_PlDNA5","A09"
"691","CviMVP_11740","CPR_MS_AL_2022-8-24","F12_CviMVP_PlDNA_5_SG_1564_9305f148",20,"qpcr_pl20","F12_PlDNA5","A10"
"692","CviMVP_11749","CPR_MS_AL_2022-8-24","G8_CviMVP_PlDNA_8_SG_1567_d4e8b574",20,"qpcr_pl5","G8_PlDNA8","G07"
"693","CviMVP_11749","CPR_MS_AL_2022-8-24","G8_CviMVP_PlDNA_8_SG_1567_d4e8b574",20,"qpcr_pl5","G8_PlDNA8","G08"
"694","CviMVP_11755","KP_FGR_FL_2022-8-23","H6_CviMVP_PlDNA_1_SG_1569_7b632b7c",18,"qpcr_pl7","H6_PlDNA1","H03"
"695","CviMVP_11755","KP_FGR_FL_2022-8-23","H6_CviMVP_PlDNA_1_SG_1569_7b632b7c",18,"qpcr_pl7","H6_PlDNA1","H04"
"696","CviMVP_11758","KP_FGR_FL_2022-8-23","D5_CviMVP_PlDNA_1_SG_1570_998e65c4",20,"qpcr_pl6","D5_PlDNA1","E11"
"697","CviMVP_11758","KP_FGR_FL_2022-8-23","D5_CviMVP_PlDNA_1_SG_1570_998e65c4",20,"qpcr_pl6","D5_PlDNA1","E12"
"698","CviMVP_11758","KP_FGR_FL_2022-8-23","G8_CviMVP_PlDNA_2_SG_1570_998e65c4",20,"qpcr_pl9","G8_PlDNA2","H09"
"699","CviMVP_11758","KP_FGR_FL_2022-8-23","G8_CviMVP_PlDNA_2_SG_1570_998e65c4",20,"qpcr_pl9","G8_PlDNA2","H10"
"700","CviMVP_11762","KP_FGR_FL_2022-8-23","E1_CviMVP_PlDNA_7_SG_1572_cb4e0fea",20,"qpcr_pl14","E1_PIDNA7","C03"
"701","CviMVP_11762","KP_FGR_FL_2022-8-23","E1_CviMVP_PlDNA_7_SG_1572_cb4e0fea",20,"qpcr_pl14","E1_PIDNA7","C04"
"702","CviMVP_11765","KP_FGR_FL_2022-8-23","B12_CviMVP_PlDNA_1_SG_1573_b976a26c",21,"qpcr_pl8","B12_PlDNA1","B05"
"703","CviMVP_11765","KP_FGR_FL_2022-8-23","B12_CviMVP_PlDNA_1_SG_1573_b976a26c",21,"qpcr_pl8","B12_PlDNA1","B06"
"704","CviMVP_11768","KP_FGR_FL_2022-8-23","C9_CviMVP_PlDNA_1_SG_1574_143671d4",18,"qpcr_pl7","C9_PlDNA1","C09"
"705","CviMVP_11768","KP_FGR_FL_2022-8-23","C9_CviMVP_PlDNA_1_SG_1574_143671d4",18,"qpcr_pl7","C9_PlDNA1","C10"
"706","CviMVP_11771","KP_FGR_FL_2022-8-23","C4_CviMVP_PlDNA_3_SG_1575_5d10637a",20,"qpcr_pl11","C4_PlDNA3","C09"
"707","CviMVP_11771","KP_FGR_FL_2022-8-23","C4_CviMVP_PlDNA_3_SG_1575_5d10637a",20,"qpcr_pl11","C4_PlDNA3","C10"
"708","CviMVP_11771","KP_FGR_FL_2022-8-23","G7_CviMVP_PlDNA_1_SG_1575_5d10637a",20,"qpcr_pl7","G7_PlDNA1","G05"
"709","CviMVP_11771","KP_FGR_FL_2022-8-23","G7_CviMVP_PlDNA_1_SG_1575_5d10637a",20,"qpcr_pl7","G7_PlDNA1","G06"
"710","CviMVP_11773","KP_FGR_FL_2022-8-23","G1_CviMVP_PlDNA_1_SG_1576_50e361db",19,"qpcr_pl6","G1_PIDNA1","G03"
"711","CviMVP_11773","KP_FGR_FL_2022-8-23","G1_CviMVP_PlDNA_1_SG_1576_50e361db",19,"qpcr_pl6","G1_PIDNA1","G04"
"712","CviMVP_11777","KP_FGR_FL_2022-8-23","A1_CviMVP_PlDNA_1_SG_1578_ce10073c",22,"qpcr_pl6","A1_PIDNA1","A03"
"713","CviMVP_11777","KP_FGR_FL_2022-8-23","A1_CviMVP_PlDNA_1_SG_1578_ce10073c",22,"qpcr_pl6","A1_PIDNA1","A04"
"714","CviMVP_11780","KP_FGR_FL_2022-8-23","B7_CviMVP_PlDNA_5_SG_1579_be3981ad",18,"qpcr_pl17","B7_PIDNA5","H05"
"715","CviMVP_11780","KP_FGR_FL_2022-8-23","B7_CviMVP_PlDNA_5_SG_1579_be3981ad",18,"qpcr_pl17","B7_PIDNA5","H06"
"716","CviMVP_11786","KP_FGR_FL_2022-8-23","H1_CviMVP_PlDNA_2_SG_1581_5b837c25",21,"qpcr_pl8","H1_PlDNA2","A07"
"717","CviMVP_11786","KP_FGR_FL_2022-8-23","H1_CviMVP_PlDNA_2_SG_1581_5b837c25",21,"qpcr_pl8","H1_PlDNA2","A08"
"718","CviMVP_11788","KP_FGR_FL_2022-8-23","H5_CviMVP_PlDNA_1_SG_1582_4d5c48a7",21,"qpcr_pl8","H5_PlDNA1","E11"
"719","CviMVP_11788","KP_FGR_FL_2022-8-23","H5_CviMVP_PlDNA_1_SG_1582_4d5c48a7",21,"qpcr_pl8","H5_PlDNA1","E12"
"720","CviMVP_11791","KP_FGR_FL_2022-8-23","C11_CviMVP_PlDNA_1_SG_1583_4093d9eb",19,"qpcr_pl8","C11_PlDNA1","C03"
"721","CviMVP_11791","KP_FGR_FL_2022-8-23","C11_CviMVP_PlDNA_1_SG_1583_4093d9eb",19,"qpcr_pl8","C11_PlDNA1","C04"
"722","CviMVP_11794","KP_FGR_FL_2022-8-23","C8_CviMVP_PlDNA_6_SG_1584_44720c93",21,"qpcr_pl20","C8_PIDNA6","A07"
"723","CviMVP_11794","KP_FGR_FL_2022-8-23","C8_CviMVP_PlDNA_6_SG_1584_44720c93",21,"qpcr_pl20","C8_PIDNA6","A08"
"724","CviMVP_11799","KP_FGR_FL_2022-8-23","H3_CviMVP_PlDNA_1_SG_1586_8fe62d94",21,"qpcr_pl6","H3_PIDNA1","G07"
"725","CviMVP_11799","KP_FGR_FL_2022-8-23","H3_CviMVP_PlDNA_1_SG_1586_8fe62d94",21,"qpcr_pl6","H3_PIDNA1","G08"
"726","CviMVP_11802","KP_FGR_FL_2022-8-23","C4_CviMVP_PlDNA_6_SG_1587_9635577d",19,"qpcr_pl20","C4_PIDNA6","D05"
"727","CviMVP_11802","KP_FGR_FL_2022-8-23","C4_CviMVP_PlDNA_6_SG_1587_9635577d",19,"qpcr_pl20","C4_PIDNA6","D06"
"728","CviMVP_11811","KP_FGR_FL_2022-8-23","H3_CviMVP_PlDNA_8_SG_1590_6ac21255",20,"qpcr_pl4","H3_PlDNA8","H07"
"729","CviMVP_11811","KP_FGR_FL_2022-8-23","H3_CviMVP_PlDNA_8_SG_1590_6ac21255",20,"qpcr_pl4","H3_PlDNA8","H08"
"730","CviMVP_11814","KP_FGR_FL_2022-8-23","G2_CviMVP_PlDNA_5_SG_1591_7dc1a9e6",21,"qpcr_pl17","G2_PIDNA5","F05"
"731","CviMVP_11814","KP_FGR_FL_2022-8-23","G2_CviMVP_PlDNA_5_SG_1591_7dc1a9e6",21,"qpcr_pl17","G2_PIDNA5","F06"
"732","CviMVP_11826","KP_FGR_FL_2022-8-23","E4_CviMVP_PlDNA_9_SG_1595_bc82001d",19,"qpcr_pl1","E4_PlDNA9","E05"
"733","CviMVP_11826","KP_FGR_FL_2022-8-23","E4_CviMVP_PlDNA_9_SG_1595_bc82001d",19,"qpcr_pl1","E4_PlDNA9","E06"
"734","CviMVP_11835","KP_FGR_FL_2022-8-23","F8_CviMVP_PlDNA_1_SG_1598_f41672fb",18,"qpcr_pl7","F8_PlDNA1","F07"
"735","CviMVP_11835","KP_FGR_FL_2022-8-23","F8_CviMVP_PlDNA_1_SG_1598_f41672fb",18,"qpcr_pl7","F8_PlDNA1","F08"
"736","CviMVP_11841","SawIs_MA_2022-9-5","C7_CviMVP_PlDNA_1_SG_1600_f7161c05",22,"qpcr_pl7","C7_PlDNA1","C05"
"737","CviMVP_11841","SawIs_MA_2022-9-5","C7_CviMVP_PlDNA_1_SG_1600_f7161c05",22,"qpcr_pl7","C7_PlDNA1","C06"
"738","CviMVP_11844","SawIs_MA_2022-9-5","B11_CviMVP_PlDNA_3_SG_1601_e0aa9062",22,"qpcr_pl13","B11_PIDNA3","B03"
"739","CviMVP_11844","SawIs_MA_2022-9-5","B11_CviMVP_PlDNA_3_SG_1601_e0aa9062",22,"qpcr_pl13","B11_PIDNA3","B04"
"740","CviMVP_11850","SawIs_MA_2022-9-5","C2_CviMVP_PlDNA_1_SG_1603_f868f1b7",21,"qpcr_pl6","C2_PIDNA1","C05"
"741","CviMVP_11850","SawIs_MA_2022-9-5","C2_CviMVP_PlDNA_1_SG_1603_f868f1b7",21,"qpcr_pl6","C2_PIDNA1","C06"
"742","CviMVP_11853","SawIs_MA_2022-9-5","H1_CviMVP_PlDNA_3_SG_1604_97e84e04",22,"qpcr_pl11","H1_PlDNA3","H03"
"743","CviMVP_11853","SawIs_MA_2022-9-5","H1_CviMVP_PlDNA_3_SG_1604_97e84e04",22,"qpcr_pl11","H1_PlDNA3","H04"
"744","CviMVP_11856","SawIs_MA_2022-9-5","F1_CviMVP_PlDNA_1_SG_1605_a0a8cbba",20,"qpcr_pl6","F1_PIDNA1","F03"
"745","CviMVP_11856","SawIs_MA_2022-9-5","F1_CviMVP_PlDNA_1_SG_1605_a0a8cbba",20,"qpcr_pl6","F1_PIDNA1","F04"
"746","CviMVP_11861","SawIs_MA_2022-9-5","F11_CviMVP_PlDNA_1_SG_1607_b581eaa9",19,"qpcr_pl8","F11_PlDNA1","F03"
"747","CviMVP_11861","SawIs_MA_2022-9-5","F11_CviMVP_PlDNA_1_SG_1607_b581eaa9",19,"qpcr_pl8","F11_PlDNA1","F04"
"748","CviMVP_11864","SawIs_MA_2022-9-5","G6_CviMVP_PlDNA_1_SG_1608_de738593",20,"qpcr_pl7","G6_PlDNA1","G03"
"749","CviMVP_11864","SawIs_MA_2022-9-5","G6_CviMVP_PlDNA_1_SG_1608_de738593",20,"qpcr_pl7","G6_PlDNA1","G04"
"750","CviMVP_11870","SawIs_MA_2022-9-5","C12_CviMVP_PlDNA_1_SG_1610_aa188751",20,"qpcr_pl8","C12_PlDNA1","C05"
"751","CviMVP_11870","SawIs_MA_2022-9-5","C12_CviMVP_PlDNA_1_SG_1610_aa188751",20,"qpcr_pl8","C12_PlDNA1","C06"
"752","CviMVP_11873","SawIs_MA_2022-9-5","H1_CviMVP_PlDNA_1_SG_1611_a218009b",21,"qpcr_pl6","H1_PIDNA1","H03"
"753","CviMVP_11873","SawIs_MA_2022-9-5","H1_CviMVP_PlDNA_1_SG_1611_a218009b",21,"qpcr_pl6","H1_PIDNA1","H04"
"754","CviMVP_11879","SawIs_MA_2022-9-5","F10_CviMVP_PlDNA_1_SG_1613_b2783401",18,"qpcr_pl8","F10_PlDNA1","B11"
"755","CviMVP_11879","SawIs_MA_2022-9-5","F10_CviMVP_PlDNA_1_SG_1613_b2783401",18,"qpcr_pl8","F10_PlDNA1","B12"
"756","CviMVP_11882","SawIs_MA_2022-9-5","B7_CviMVP_PlDNA_8_SG_1614_19a95902",20,"qpcr_pl5","B7_PlDNA8","B05"
"757","CviMVP_11882","SawIs_MA_2022-9-5","B7_CviMVP_PlDNA_8_SG_1614_19a95902",20,"qpcr_pl5","B7_PlDNA8","B06"
"758","CviMVP_11888","SawIs_MA_2022-9-5","E2_CviMVP_PlDNA_5_SG_1616_54b5281b",22,"qpcr_pl17","E2_PIDNA5","D05"
"759","CviMVP_11888","SawIs_MA_2022-9-5","E2_CviMVP_PlDNA_5_SG_1616_54b5281b",22,"qpcr_pl17","E2_PIDNA5","D06"
"760","CviMVP_11894","SawIs_MA_2022-9-5","B8_CviMVP_PlDNA_1_SG_1618_409fae3a",18,"qpcr_pl7","B8_PlDNA1","B07"
"761","CviMVP_11894","SawIs_MA_2022-9-5","B8_CviMVP_PlDNA_1_SG_1618_409fae3a",18,"qpcr_pl7","B8_PlDNA1","B08"
"762","CviMVP_11897","SawIs_MA_2022-9-5","B9_CviMVP_PlDNA_10_SG_1619_c0fd1cbb",18,"qpcr_pl19","B9_PIDNA10","C11"
"763","CviMVP_11897","SawIs_MA_2022-9-5","B9_CviMVP_PlDNA_10_SG_1619_c0fd1cbb",18,"qpcr_pl19","B9_PIDNA10","C12"
"764","CviMVP_11900","SawIs_MA_2022-9-5","A2_CviMVP_PlDNA_8_SG_1620_0699af35",22,"qpcr_pl4","A2_PlDNA8","A05"
"765","CviMVP_11900","SawIs_MA_2022-9-5","A2_CviMVP_PlDNA_8_SG_1620_0699af35",22,"qpcr_pl4","A2_PlDNA8","A06"
"766","CviMVP_11903","SawIs_MA_2022-9-5","H3_CviMVP_PlDNA_10_SG_1621_537d3b67",21,"qpcr_pl2","H3_PlDNA10","H03"
"767","CviMVP_11903","SawIs_MA_2022-9-5","H3_CviMVP_PlDNA_10_SG_1621_537d3b67",21,"qpcr_pl2","H3_PlDNA10","H04"
"768","CviMVP_11906","SawIs_MA_2022-9-5","B1_CviMVP_PlDNA_1_SG_1622_8952d237",19,"qpcr_pl6","B1_PIDNA1","B03"
"769","CviMVP_11906","SawIs_MA_2022-9-5","B1_CviMVP_PlDNA_1_SG_1622_8952d237",19,"qpcr_pl6","B1_PIDNA1","B04"
"770","CviMVP_11912","SawIs_MA_2022-9-5","B12_CviMVP_PlDNA_2_SG_1624_f59660b5",20,"qpcr_pl10","B12_PlDNA2","B09"
"771","CviMVP_11912","SawIs_MA_2022-9-5","B12_CviMVP_PlDNA_2_SG_1624_f59660b5",20,"qpcr_pl10","B12_PlDNA2","B10"
"772","CviMVP_11912","SawIs_MA_2022-9-5","E2_CviMVP_PlDNA_1_SG_1624_f59660b5",20,"qpcr_pl6","E2_PIDNA1","E05"
"773","CviMVP_11912","SawIs_MA_2022-9-5","E2_CviMVP_PlDNA_1_SG_1624_f59660b5",20,"qpcr_pl6","E2_PIDNA1","E06"
"774","CviMVP_11921","SawIs_MA_2022-9-5","B3_CviMVP_PlDNA_6_SG_1627_913d6d02",20,"qpcr_pl20","B3_PIDNA6","F09"
"775","CviMVP_11921","SawIs_MA_2022-9-5","B3_CviMVP_PlDNA_6_SG_1627_913d6d02",20,"qpcr_pl20","B3_PIDNA6","F10"
"776","CviMVP_11924","SaltBay_Canada_2022-9-27","A9_CviMVP_PlDNA_2_SG_1628_5510ba60",21,"qpcr_pl10","A9_PlDNA2","A03"
"777","CviMVP_11924","SaltBay_Canada_2022-9-27","A9_CviMVP_PlDNA_2_SG_1628_5510ba60",21,"qpcr_pl10","A9_PlDNA2","A04"
"778","CviMVP_11927","SaltBay_Canada_2022-9-27","E1_CviMVP_PlDNA_2_SG_1629_d7b6cad8",18,"qpcr_pl8","E1_PlDNA2","D07"
"779","CviMVP_11927","SaltBay_Canada_2022-9-27","E1_CviMVP_PlDNA_2_SG_1629_d7b6cad8",18,"qpcr_pl8","E1_PlDNA2","D08"
"780","CviMVP_11930","SaltBay_Canada_2022-9-27","B3_CviMVP_PlDNA_8_SG_1630_d7ee4a92",19,"qpcr_pl4","B3_PlDNA8","B07"
"781","CviMVP_11930","SaltBay_Canada_2022-9-27","B3_CviMVP_PlDNA_8_SG_1630_d7ee4a92",19,"qpcr_pl4","B3_PlDNA8","B08"
"782","CviMVP_11930","SaltBay_Canada_2022-9-27","B3_CviMVP_PlDNA_8_SG_1630_d7ee4a92",19,"qpcr_pl22","B3_PlDNA8","A09"
"783","CviMVP_11930","SaltBay_Canada_2022-9-27","B3_CviMVP_PlDNA_8_SG_1630_d7ee4a92",19,"qpcr_pl22","B3_PlDNA8","A10"
"784","CviMVP_11933","SaltBay_Canada_2022-9-27","H9_CviMVP_PlDNA_5_SG_1631_9c37eb1c",20,"qpcr_pl20","H9_PIDNA5","G03"
"785","CviMVP_11933","SaltBay_Canada_2022-9-27","H9_CviMVP_PlDNA_5_SG_1631_9c37eb1c",20,"qpcr_pl20","H9_PIDNA5","G04"
"786","CviMVP_11936","SaltBay_Canada_2022-9-27","G6_CviMVP_PlDNA_9_SG_1632_a51500b0",22,"qpcr_pl1","G6_PlDNA9","G09"
"787","CviMVP_11936","SaltBay_Canada_2022-9-27","G6_CviMVP_PlDNA_9_SG_1632_a51500b0",22,"qpcr_pl1","G6_PlDNA9","G10"
"788","CviMVP_11936","SaltBay_Canada_2022-9-27","G6_CviMVP_PlDNA_9_SG_1632_a51500b0",22,"qpcr_pl22","G6_PlDNA9","G05"
"789","CviMVP_11936","SaltBay_Canada_2022-9-27","G6_CviMVP_PlDNA_9_SG_1632_a51500b0",22,"qpcr_pl22","G6_PlDNA9","G06"
"790","CviMVP_11939","SaltBay_Canada_2022-9-27","E5_CviMVP_PlDNA_3_SG_1633_86fd52e6",21,"qpcr_pl11","E5_PlDNA3","F11"
"791","CviMVP_11939","SaltBay_Canada_2022-9-27","E5_CviMVP_PlDNA_3_SG_1633_86fd52e6",21,"qpcr_pl11","E5_PlDNA3","F12"
"792","CviMVP_11942","SaltBay_Canada_2022-9-27","H5_CviMVP_PlDNA_3_SG_1634_af27b8b9",21,"qpcr_pl13","H5_PIDNA3","H07"
"793","CviMVP_11942","SaltBay_Canada_2022-9-27","H5_CviMVP_PlDNA_3_SG_1634_af27b8b9",21,"qpcr_pl13","H5_PIDNA3","H08"
"794","CviMVP_11948","SaltBay_Canada_2022-9-27","H9_CviMVP_PlDNA_3_SG_1636_e34f2d48",22,"qpcr_pl12","H9_PIDNA3","H09"
"795","CviMVP_11948","SaltBay_Canada_2022-9-27","H9_CviMVP_PlDNA_3_SG_1636_e34f2d48",22,"qpcr_pl12","H9_PIDNA3","H10"
"796","CviMVP_11954","SaltBay_Canada_2022-9-27","D1_CviMVP_PlDNA_4_SG_1638_de9fb8f5",19,"qpcr_pl13","D1_PIDNA4","D07"
"797","CviMVP_11954","SaltBay_Canada_2022-9-27","D1_CviMVP_PlDNA_4_SG_1638_de9fb8f5",19,"qpcr_pl13","D1_PIDNA4","D08"
"798","CviMVP_11957","SaltBay_Canada_2022-9-27","A1_CviMVP_PlDNA_3_SG_1639_db25a5c3",20,"qpcr_pl11","A1_PlDNA3","A03"
"799","CviMVP_11957","SaltBay_Canada_2022-9-27","A1_CviMVP_PlDNA_3_SG_1639_db25a5c3",20,"qpcr_pl11","A1_PlDNA3","A04"
"800","CviMVP_11963","SaltBay_Canada_2022-9-27","F5_CviMVP_PlDNA_2_SG_1641_42f8af9b",22,"qpcr_pl9","F5_PlDNA2","F05"
"801","CviMVP_11963","SaltBay_Canada_2022-9-27","F5_CviMVP_PlDNA_2_SG_1641_42f8af9b",22,"qpcr_pl9","F5_PlDNA2","F06"
"802","CviMVP_11966","SaltBay_Canada_2022-9-27","F1_CviMVP_PlDNA_3_SG_1642_8ae9c894",20,"qpcr_pl11","F1_PlDNA3","F03"
"803","CviMVP_11966","SaltBay_Canada_2022-9-27","F1_CviMVP_PlDNA_3_SG_1642_8ae9c894",20,"qpcr_pl11","F1_PlDNA3","F04"
"804","CviMVP_11972","SaltBay_Canada_2022-9-27","E5_CviMVP_PlDNA_8_SG_1644_56daca75",20,"qpcr_pl4","E5_PlDNA8","F11"
"805","CviMVP_11972","SaltBay_Canada_2022-9-27","E5_CviMVP_PlDNA_8_SG_1644_56daca75",20,"qpcr_pl4","E5_PlDNA8","F12"
"806","CviMVP_11975","SaltBay_Canada_2022-9-27","E1_CviMVP_PlDNA_4_SG_1645_2fe33d1c",22,"qpcr_pl13","E1_PIDNA4","E07"
"807","CviMVP_11975","SaltBay_Canada_2022-9-27","E1_CviMVP_PlDNA_4_SG_1645_2fe33d1c",22,"qpcr_pl13","E1_PIDNA4","E08"
"808","CviMVP_11978","SaltBay_Canada_2022-9-27","F5_CviMVP_PlDNA_4_SG_1646_dc731bef",22,"qpcr_pl15","F5_PIDNA4","F05"
"809","CviMVP_11978","SaltBay_Canada_2022-9-27","F5_CviMVP_PlDNA_4_SG_1646_dc731bef",22,"qpcr_pl15","F5_PIDNA4","F06"
"810","CviMVP_11984","SaltBay_Canada_2022-9-27","E2_CviMVP_PlDNA_9_SG_1648_95efc17e",21,"qpcr_pl18","E2_PIDNA9","E05"
"811","CviMVP_11984","SaltBay_Canada_2022-9-27","E2_CviMVP_PlDNA_9_SG_1648_95efc17e",21,"qpcr_pl18","E2_PIDNA9","E06"
"812","CviMVP_11987","SaltBay_Canada_2022-9-27","D9_CviMVP_PlDNA_3_SG_1649_66175ee3",20,"qpcr_pl12","D9_PIDNA3","D09"
"813","CviMVP_11987","SaltBay_Canada_2022-9-27","D9_CviMVP_PlDNA_3_SG_1649_66175ee3",20,"qpcr_pl12","D9_PIDNA3","D10"
"814","CviMVP_11995","SaltBay_Canada_2022-9-27","H2_CviMVP_PlDNA_10_SG_1652_e0c1d32d",23,"qpcr_pl19","H2_PIDNA10","E09"
"815","CviMVP_11995","SaltBay_Canada_2022-9-27","H2_CviMVP_PlDNA_10_SG_1652_e0c1d32d",23,"qpcr_pl19","H2_PIDNA10","E10"
"816","CviMVP_12001","SaltBay_Canada_2022-9-27","E12_CviMVP_PlDNA_10_SG_1654_ff1aabfe",20,"qpcr_pl21","E12_PIDNA10","F11"
"817","CviMVP_12001","SaltBay_Canada_2022-9-27","E12_CviMVP_PlDNA_10_SG_1654_ff1aabfe",20,"qpcr_pl21","E12_PIDNA10","F12"
"818","CviMVP_12013","EelLake_Canada_2022-9-27","B3_CviMVP_PlDNA_5_SG_1658_dcd3c107",20,NA,NA,NA
"819","CviMVP_12016","EelLake_Canada_2022-9-27","A9_CviMVP_PlDNA_5_SG_1659_12a25bac",19,"qpcr_pl3","A9_PlDNA5","B09"
"820","CviMVP_12016","EelLake_Canada_2022-9-27","A9_CviMVP_PlDNA_5_SG_1659_12a25bac",19,"qpcr_pl3","A9_PlDNA5","B10"
"821","CviMVP_12019","EelLake_Canada_2022-9-27","C2_CviMVP_PlDNA_7_SG_1660_74856262",20,"qpcr_pl14","C2_PIDNA7","F03"
"822","CviMVP_12019","EelLake_Canada_2022-9-27","C2_CviMVP_PlDNA_7_SG_1660_74856262",20,"qpcr_pl14","C2_PIDNA7","F04"
"823","CviMVP_12025","EelLake_Canada_2022-9-27","B8_CviMVP_PlDNA_2_SG_1662_1f53eaa1",19,"qpcr_pl9","B8_PlDNA2","C11"
"824","CviMVP_12025","EelLake_Canada_2022-9-27","B8_CviMVP_PlDNA_2_SG_1662_1f53eaa1",19,"qpcr_pl9","B8_PlDNA2","C12"
"825","CviMVP_12031","EelLake_Canada_2022-9-27","F2_CviMVP_PlDNA_2_SG_1664_a2a4720a",18,"qpcr_pl8","F2_PlDNA2","D09"
"826","CviMVP_12031","EelLake_Canada_2022-9-27","F2_CviMVP_PlDNA_2_SG_1664_a2a4720a",18,"qpcr_pl8","F2_PlDNA2","D10"
"827","CviMVP_12037","EelLake_Canada_2022-9-27","B7_CviMVP_PlDNA_2_SG_1666_33d19e4e",19,"qpcr_pl9","B7_PlDNA2","B09"
"828","CviMVP_12037","EelLake_Canada_2022-9-27","B7_CviMVP_PlDNA_2_SG_1666_33d19e4e",19,"qpcr_pl9","B7_PlDNA2","B10"
"829","CviMVP_12052","EelLake_Canada_2022-9-27","E7_CviMVP_PlDNA_2_SG_1671_94d35d0a",21,"qpcr_pl9","E7_PlDNA2","D09"
"830","CviMVP_12052","EelLake_Canada_2022-9-27","E7_CviMVP_PlDNA_2_SG_1671_94d35d0a",21,"qpcr_pl9","E7_PlDNA2","D10"
"831","CviMVP_12058","EelLake_Canada_2022-9-27","D10_CviMVP_PlDNA_5_SG_1673_65fa18bf",21,"qpcr_pl3","D10_PlDNA5","D05"
"832","CviMVP_12058","EelLake_Canada_2022-9-27","D10_CviMVP_PlDNA_5_SG_1673_65fa18bf",21,"qpcr_pl3","D10_PlDNA5","D06"
"833","CviMVP_12061","EelLake_Canada_2022-9-27","G2_CviMVP_PlDNA_2_SG_1674_8114fa71",18,"qpcr_pl8","G2_PlDNA2","E09"
"834","CviMVP_12061","EelLake_Canada_2022-9-27","G2_CviMVP_PlDNA_2_SG_1674_8114fa71",18,"qpcr_pl8","G2_PlDNA2","E10"
"835","CviMVP_12078","EelLake_Canada_2022-9-27","G10_CviMVP_PlDNA_5_SG_1680_659f75bd",19,"qpcr_pl3","G10_PlDNA5","G05"
"836","CviMVP_12078","EelLake_Canada_2022-9-27","G10_CviMVP_PlDNA_5_SG_1680_659f75bd",19,"qpcr_pl3","G10_PlDNA5","G06"
"837","CviMVP_12078","EelLake_Canada_2022-9-27","G10_CviMVP_PlDNA_5_SG_1680_659f75bd",19,"qpcr_pl20","G10_PlDNA5","C09"
"838","CviMVP_12078","EelLake_Canada_2022-9-27","G10_CviMVP_PlDNA_5_SG_1680_659f75bd",19,"qpcr_pl20","G10_PlDNA5","C10"
"839","CviMVP_12081","EelLake_Canada_2022-9-27","C4_CviMVP_PlDNA_10_SG_1681_f4ee8856",22,"qpcr_pl2","C4_PlDNA10","C05"
"840","CviMVP_12081","EelLake_Canada_2022-9-27","C4_CviMVP_PlDNA_10_SG_1681_f4ee8856",22,"qpcr_pl2","C4_PlDNA10","C06"
"841","CviMVP_12084","EelLake_Canada_2022-9-27","F10_CviMVP_PlDNA_7_SG_1682_9f835dac",21,"qpcr_pl14","F10_PIDNA7","E05"
"842","CviMVP_12084","EelLake_Canada_2022-9-27","F10_CviMVP_PlDNA_7_SG_1682_9f835dac",21,"qpcr_pl14","F10_PIDNA7","E06"
"843","CviMVP_12090","EelLake_Canada_2022-9-27","G6_CviMVP_PlDNA_8_SG_1683_f7d0048b",21,"qpcr_pl5","G6_PlDNA8","G03"
"844","CviMVP_12090","EelLake_Canada_2022-9-27","G6_CviMVP_PlDNA_8_SG_1683_f7d0048b",21,"qpcr_pl5","G6_PlDNA8","G04"
"845","CviMVP_12087","EelLake_Canada_2022-9-27","G12_CviMVP_PlDNA_9_SG_1684_90d17b66",20,"qpcr_pl19","G12_PIDNA9","G05"
"846","CviMVP_12087","EelLake_Canada_2022-9-27","G12_CviMVP_PlDNA_9_SG_1684_90d17b66",20,"qpcr_pl19","G12_PIDNA9","G06"
"847","CviMVP_12093","EelLake_Canada_2022-9-27","F5_CviMVP_PlDNA_8_SG_1685_5ab3f690",21,"qpcr_pl5","F5_PlDNA8","B11"
"848","CviMVP_12093","EelLake_Canada_2022-9-27","F5_CviMVP_PlDNA_8_SG_1685_5ab3f690",21,"qpcr_pl5","F5_PlDNA8","B12"
"849","CviMVP_12096","EelLake_Canada_2022-9-27","A8_CviMVP_PlDNA_2_SG_1686_184fe4d7",18,"qpcr_pl9","A8_PlDNA2","B11"
"850","CviMVP_12096","EelLake_Canada_2022-9-27","A8_CviMVP_PlDNA_2_SG_1686_184fe4d7",18,"qpcr_pl9","A8_PlDNA2","B12"
"851","CviMVP_12099","EelLake_Canada_2022-9-27","A2_CviMVP_PlDNA_2_SG_1687_c7405305",20,"qpcr_pl8","A2_PlDNA2","A09"
"852","CviMVP_12099","EelLake_Canada_2022-9-27","A2_CviMVP_PlDNA_2_SG_1687_c7405305",20,"qpcr_pl8","A2_PlDNA2","A10"
"853","CviMVP_12104","SaLa_GA_2022-10-5","B2_CviMVP_PlDNA_5_SG_1689_736d4e14",22,"qpcr_pl17","B2_PIDNA5","B05"
"854","CviMVP_12104","SaLa_GA_2022-10-5","B2_CviMVP_PlDNA_5_SG_1689_736d4e14",22,"qpcr_pl17","B2_PIDNA5","B06"
"855","CviMVP_12106","SaLa_GA_2022-10-5","G7_CviMVP_PlDNA_3_SG_1690_7193fce4",21,"qpcr_pl12","G7_PlDNA3","G05"
"856","CviMVP_12106","SaLa_GA_2022-10-5","G7_CviMVP_PlDNA_3_SG_1690_7193fce4",21,"qpcr_pl12","G7_PlDNA3","G06"
"857","CviMVP_12109","SaLa_GA_2022-10-5","H12_CviMVP_PlDNA_10_SG_1691_0e7d321d",22,"qpcr_pl19","H12_PIDNA10","F09"
"858","CviMVP_12109","SaLa_GA_2022-10-5","H12_CviMVP_PlDNA_10_SG_1691_0e7d321d",22,"qpcr_pl19","H12_PIDNA10","F10"
"859","CviMVP_12112","SaLa_GA_2022-10-5","A6_CviMVP_PlDNA_4_SG_1692_8c38f7d5",19,"qpcr_pl15","A6_PIDNA4","A07"
"860","CviMVP_12112","SaLa_GA_2022-10-5","A6_CviMVP_PlDNA_4_SG_1692_8c38f7d5",19,"qpcr_pl15","A6_PIDNA4","A08"
"861","CviMVP_12115","SaLa_GA_2022-10-5","A1_CviMVP_PlDNA_4_SG_1693_d7a2129b",20,"qpcr_pl13","A1_PIDNA4","A07"
"862","CviMVP_12115","SaLa_GA_2022-10-5","A1_CviMVP_PlDNA_4_SG_1693_d7a2129b",20,"qpcr_pl13","A1_PIDNA4","A08"
"863","CviMVP_12118","SaLa_GA_2022-10-5","H10_CviMVP_PlDNA_4_SG_1694_c08f31af",19,"qpcr_pl16","H10_PIDNA4","G05"
"864","CviMVP_12118","SaLa_GA_2022-10-5","H10_CviMVP_PlDNA_4_SG_1694_c08f31af",19,"qpcr_pl16","H10_PIDNA4","G06"
"865","CviMVP_12121","SaLa_GA_2022-10-5","D2_CviMVP_PlDNA_10_SG_1695_0eae69c4",20,"qpcr_pl20","D2_PIDNA10","B05"
"866","CviMVP_12121","SaLa_GA_2022-10-5","D2_CviMVP_PlDNA_10_SG_1695_0eae69c4",20,"qpcr_pl20","D2_PIDNA10","B06"
"867","CviMVP_12124","SaLa_GA_2022-10-5","H2_CviMVP_PlDNA_2_SG_1696_9e0ab92a",22,"qpcr_pl8","H2_PlDNA2","F09"
"868","CviMVP_12124","SaLa_GA_2022-10-5","H2_CviMVP_PlDNA_2_SG_1696_9e0ab92a",22,"qpcr_pl8","H2_PlDNA2","F10"
"869","CviMVP_12133","SaLa_GA_2022-10-5","C10_CviMVP_PlDNA_5_SG_1699_ba3f6196",22,"qpcr_pl3","C10_PlDNA5","C05"
"870","CviMVP_12133","SaLa_GA_2022-10-5","C10_CviMVP_PlDNA_5_SG_1699_ba3f6196",22,"qpcr_pl3","C10_PlDNA5","C06"
"871","CviMVP_12136","SaLa_GA_2022-10-5","G12_CviMVP_PlDNA_6_SG_1700_decb34ab",20,"qpcr_pl20","G12_PIDNA6","E07"
"872","CviMVP_12136","SaLa_GA_2022-10-5","G12_CviMVP_PlDNA_6_SG_1700_decb34ab",20,"qpcr_pl20","G12_PIDNA6","E08"
"873","CviMVP_12138","SaLa_GA_2022-10-5","B1_CviMVP_PlDNA_3_SG_1701_4821db1f",20,"qpcr_pl11","B1_PlDNA3","B03"
"874","CviMVP_12138","SaLa_GA_2022-10-5","B1_CviMVP_PlDNA_3_SG_1701_4821db1f",20,"qpcr_pl11","B1_PlDNA3","B04"
"875","CviMVP_12141","SaLa_GA_2022-10-5","F5_CviMVP_PlDNA_3_SG_1702_57acd977",22,"qpcr_pl11","F5_PlDNA3","H05"
"876","CviMVP_12141","SaLa_GA_2022-10-5","F5_CviMVP_PlDNA_3_SG_1702_57acd977",22,"qpcr_pl11","F5_PlDNA3","H06"
"877","CviMVP_12147","SaLa_GA_2022-10-5","A1_CviMVP_PlDNA_8_SG_1704_5a1dbe6d",20,"qpcr_pl4","A1_PlDNA8","A03"
"878","CviMVP_12147","SaLa_GA_2022-10-5","A1_CviMVP_PlDNA_8_SG_1704_5a1dbe6d",20,"qpcr_pl4","A1_PlDNA8","A04"
"879","CviMVP_12150","SaLa_GA_2022-10-5","G9_CviMVP_PlDNA_5_SG_1705_f9a5bc2b",20,"qpcr_pl20","G9_PIDNA5","F03"
"880","CviMVP_12150","SaLa_GA_2022-10-5","G9_CviMVP_PlDNA_5_SG_1705_f9a5bc2b",20,"qpcr_pl20","G9_PIDNA5","F04"
"881","CviMVP_12161","SaLa_GA_2022-10-5","A6_CviMVP_PlDNA_5_SG_1709_6247eadb",21,"qpcr_pl17","A6_PIDNA5","H07"
"882","CviMVP_12161","SaLa_GA_2022-10-5","A6_CviMVP_PlDNA_5_SG_1709_6247eadb",21,"qpcr_pl17","A6_PIDNA5","H08"
"883","CviMVP_12166","SaLa_GA_2022-10-5","A12_CviMVP_PlDNA_10_SG_1711_103eead9",20,"qpcr_pl21","A12_PIDNA10","B11"
"884","CviMVP_12166","SaLa_GA_2022-10-5","A12_CviMVP_PlDNA_10_SG_1711_103eead9",20,"qpcr_pl21","A12_PIDNA10","B12"
"885","CviMVP_12169","SaLa_GA_2022-10-5","C6_CviMVP_PlDNA_4_SG_1712_2338a29d",18,"qpcr_pl15","C6_PIDNA4","C07"
"886","CviMVP_12169","SaLa_GA_2022-10-5","C6_CviMVP_PlDNA_4_SG_1712_2338a29d",18,"qpcr_pl15","C6_PIDNA4","C08"
"887","CviMVP_12178","SaLa_GA_2022-10-5","D6_CviMVP_PlDNA_2_SG_1715_3df8d222",20,"qpcr_pl9","D6_PlDNA2","C07"
"888","CviMVP_12178","SaLa_GA_2022-10-5","D6_CviMVP_PlDNA_2_SG_1715_3df8d222",20,"qpcr_pl9","D6_PlDNA2","C08"
"889","CviMVP_12184","SaLa_GA_2022-10-5","H8_CviMVP_PlDNA_8_SG_1717_4c543071",20,"qpcr_pl5","H8_PlDNA8","H07"
"890","CviMVP_12184","SaLa_GA_2022-10-5","H8_CviMVP_PlDNA_8_SG_1717_4c543071",20,"qpcr_pl5","H8_PlDNA8","H08"
"891","CviMVP_12366","NPS_PS_NC_2022-10-12","E3_CviMVP_PlDNA_2_SG_1778_9d581faa",19,"qpcr_pl8","E3_PlDNA2","H09"
"892","CviMVP_12366","NPS_PS_NC_2022-10-12","E3_CviMVP_PlDNA_2_SG_1778_9d581faa",19,"qpcr_pl8","E3_PlDNA2","H10"
"893","CviMVP_12375","NPS_PS_NC_2022-10-12","A1_CviMVP_PlDNA_9_SG_1781_7f410d51",20,"qpcr_pl18","A1_PIDNA9","A03"
"894","CviMVP_12375","NPS_PS_NC_2022-10-12","A1_CviMVP_PlDNA_9_SG_1781_7f410d51",20,"qpcr_pl18","A1_PIDNA9","A04"
"895","CviMVP_12378","NPS_PS_NC_2022-10-12","A11_CviMVP_PlDNA_2_SG_1782_fa92e3f5",20,"qpcr_pl10","A11_PlDNA2","A07"
"896","CviMVP_12378","NPS_PS_NC_2022-10-12","A11_CviMVP_PlDNA_2_SG_1782_fa92e3f5",20,"qpcr_pl10","A11_PlDNA2","A08"
"897","CviMVP_12381","NPS_PS_NC_2022-10-12","C3_CviMVP_PlDNA_5_SG_1783_7efed587",22,"qpcr_pl17","C3_PIDNA5","B07"
"898","CviMVP_12381","NPS_PS_NC_2022-10-12","C3_CviMVP_PlDNA_5_SG_1783_7efed587",22,"qpcr_pl17","C3_PIDNA5","B08"
"899","CviMVP_12384","NPS_PS_NC_2022-10-12","H2_CviMVP_PlDNA_3_SG_1784_29ba5533",22,"qpcr_pl11","H2_PlDNA3","G05"
"900","CviMVP_12384","NPS_PS_NC_2022-10-12","H2_CviMVP_PlDNA_3_SG_1784_29ba5533",22,"qpcr_pl11","H2_PlDNA3","G06"
"901","CviMVP_12387","NPS_PS_NC_2022-10-12","D9_CviMVP_PlDNA_9_SG_1785_fa2d628c",19,"qpcr_pl18","D9_PIDNA9","C09"
"902","CviMVP_12387","NPS_PS_NC_2022-10-12","D9_CviMVP_PlDNA_9_SG_1785_fa2d628c",19,"qpcr_pl18","D9_PIDNA9","C10"
"903","CviMVP_12393","NPS_PS_NC_2022-10-12","B3_CviMVP_PlDNA_3_SG_1787_8a972806",21,"qpcr_pl11","B3_PlDNA3","B07"
"904","CviMVP_12393","NPS_PS_NC_2022-10-12","B3_CviMVP_PlDNA_3_SG_1787_8a972806",21,"qpcr_pl11","B3_PlDNA3","B08"
"905","CviMVP_12396","NPS_PS_NC_2022-10-12","A1_CviMVP_PlDNA_10_SG_1788_5e94a232",20,"qpcr_pl19","A1_PIDNA10","A07"
"906","CviMVP_12396","NPS_PS_NC_2022-10-12","A1_CviMVP_PlDNA_10_SG_1788_5e94a232",20,"qpcr_pl19","A1_PIDNA10","A08"
"907","CviMVP_12402","NPS_PS_NC_2022-10-12","H7_CviMVP_PlDNA_5_SG_1790_4da0737e",21,"qpcr_pl3","H7_PlDNA5","F11"
"908","CviMVP_12402","NPS_PS_NC_2022-10-12","H7_CviMVP_PlDNA_5_SG_1790_4da0737e",21,"qpcr_pl3","H7_PlDNA5","F12"
"909","CviMVP_12405","NPS_PS_NC_2022-10-12","H3_CviMVP_PlDNA_3_SG_1791_6994d958",20,"qpcr_pl11","H3_PlDNA3","H07"
"910","CviMVP_12405","NPS_PS_NC_2022-10-12","H3_CviMVP_PlDNA_3_SG_1791_6994d958",20,"qpcr_pl11","H3_PlDNA3","H08"
"911","CviMVP_12408","NPS_PS_NC_2022-10-12","D11_CviMVP_PlDNA_8_SG_1792_ce78a1ce",22,"qpcr_pl14","D11_PIDNA8","B07"
"912","CviMVP_12408","NPS_PS_NC_2022-10-12","D11_CviMVP_PlDNA_8_SG_1792_ce78a1ce",22,"qpcr_pl14","D11_PIDNA8","B08"
"913","CviMVP_12413","NPS_PS_NC_2022-10-12","D12_CviMVP_PlDNA_8_SG_1794_9f4a3c1c",20,"qpcr_pl14","D12_PIDNA8","H09"
"914","CviMVP_12413","NPS_PS_NC_2022-10-12","D12_CviMVP_PlDNA_8_SG_1794_9f4a3c1c",20,"qpcr_pl14","D12_PIDNA8","H10"
"915","CviMVP_12419","NPS_PS_NC_2022-10-12","D7_CviMVP_PlDNA_5_SG_1796_1ba8d3a0",21,"qpcr_pl3","D7_PlDNA5","B11"
"916","CviMVP_12419","NPS_PS_NC_2022-10-12","D7_CviMVP_PlDNA_5_SG_1796_1ba8d3a0",21,"qpcr_pl3","D7_PlDNA5","B12"
"917","CviMVP_12428","NPS_PS_NC_2022-10-12","E4_CviMVP_PlDNA_4_SG_1799_2e3fe4aa",21,"qpcr_pl15","E4_PIDNA4","D03"
"918","CviMVP_12428","NPS_PS_NC_2022-10-12","E4_CviMVP_PlDNA_4_SG_1799_2e3fe4aa",21,"qpcr_pl15","E4_PIDNA4","D04"
"919","CviMVP_12431","NPS_PS_NC_2022-10-12","H7_CviMVP_PlDNA_2_SG_1800_6455f4be",20,"qpcr_pl9","H7_PlDNA2","G09"
"920","CviMVP_12431","NPS_PS_NC_2022-10-12","H7_CviMVP_PlDNA_2_SG_1800_6455f4be",20,"qpcr_pl9","H7_PlDNA2","G10"
"921","CviMVP_12437","NPS_PS_NC_2022-10-12","H10_CviMVP_PlDNA_10_SG_1802_bf1fa7f4",20,"qpcr_pl21","H10_PIDNA10","G07"
"922","CviMVP_12437","NPS_PS_NC_2022-10-12","H10_CviMVP_PlDNA_10_SG_1802_bf1fa7f4",20,"qpcr_pl21","H10_PIDNA10","G08"
"923","CviMVP_12440","NPS_PS_NC_2022-10-12","G11_CviMVP_PlDNA_5_SG_1803_645f7974",20,"qpcr_pl3","G11_PlDNA5","G07"
"924","CviMVP_12440","NPS_PS_NC_2022-10-12","G11_CviMVP_PlDNA_5_SG_1803_645f7974",20,"qpcr_pl3","G11_PlDNA5","G08"
"925","CviMVP_12440","NPS_PS_NC_2022-10-12","G11_CviMVP_PlDNA_5_SG_1803_645f7974",20,"qpcr_pl20","G11_PlDNA5","F11"
"926","CviMVP_12440","NPS_PS_NC_2022-10-12","G11_CviMVP_PlDNA_5_SG_1803_645f7974",20,"qpcr_pl20","G11_PlDNA5","F12"
"927","CviMVP_12446","NPS_PS_NC_2022-10-12","C11_CviMVP_PlDNA_4_SG_1805_d2f00fa3",22,"qpcr_pl16","C11_PIDNA4","C07"
"928","CviMVP_12446","NPS_PS_NC_2022-10-12","C11_CviMVP_PlDNA_4_SG_1805_d2f00fa3",22,"qpcr_pl16","C11_PIDNA4","C08"
"929","CviMVP_12452","NPS_PS_NC_2022-10-12","F3_CviMVP_PlDNA_4_SG_1807_377a52b1",20,"qpcr_pl15","F3_PIDNA4","H03"
"930","CviMVP_12452","NPS_PS_NC_2022-10-12","F3_CviMVP_PlDNA_4_SG_1807_377a52b1",20,"qpcr_pl15","F3_PIDNA4","H04"
"931","CviMVP_12461","PrEdIs_CN_A_2022-10-18","H7_CviMVP_PlDNA_4_SG_1810_984f0d11",20,"qpcr_pl15","H7_PIDNA4","G09"
"932","CviMVP_12461","PrEdIs_CN_A_2022-10-18","H7_CviMVP_PlDNA_4_SG_1810_984f0d11",20,"qpcr_pl15","H7_PIDNA4","G10"
"933","CviMVP_12464","PrEdIs_CN_A_2022-10-18","F11_CviMVP_PlDNA_2_SG_1811_dabc6d9e",20,"qpcr_pl10","F11_PlDNA2","E07"
"934","CviMVP_12464","PrEdIs_CN_A_2022-10-18","F11_CviMVP_PlDNA_2_SG_1811_dabc6d9e",20,"qpcr_pl10","F11_PlDNA2","E08"
"935","CviMVP_12467","PrEdIs_CN_A_2022-10-18","C4_CviMVP_PlDNA_2_SG_1812_a1aacc78",21,"qpcr_pl9","C4_PlDNA2","C03"
"936","CviMVP_12467","PrEdIs_CN_A_2022-10-18","C4_CviMVP_PlDNA_2_SG_1812_a1aacc78",21,"qpcr_pl9","C4_PlDNA2","C04"
"937","CviMVP_12470","PrEdIs_CN_A_2022-10-18","C12_CviMVP_PlDNA_2_SG_1813_c02ddcb7",21,"qpcr_pl10","C12_PlDNA2","C09"
"938","CviMVP_12470","PrEdIs_CN_A_2022-10-18","C12_CviMVP_PlDNA_2_SG_1813_c02ddcb7",21,"qpcr_pl10","C12_PlDNA2","C10"
"939","CviMVP_12479","PrEdIs_CN_A_2022-10-18","E12_CviMVP_PlDNA_2_SG_1816_0d7068ff",18,"qpcr_pl10","E12_PlDNA2","E09"
"940","CviMVP_12479","PrEdIs_CN_A_2022-10-18","E12_CviMVP_PlDNA_2_SG_1816_0d7068ff",18,"qpcr_pl10","E12_PlDNA2","E10"
"941","CviMVP_12482","PrEdIs_CN_A_2022-10-18","H2_CviMVP_PlDNA_8_SG_1817_40830da8",20,"qpcr_pl4","H2_PlDNA8","H05"
"942","CviMVP_12482","PrEdIs_CN_A_2022-10-18","H2_CviMVP_PlDNA_8_SG_1817_40830da8",20,"qpcr_pl4","H2_PlDNA8","H06"
"943","CviMVP_12485","PrEdIs_CN_A_2022-10-18","E8_CviMVP_PlDNA_3_SG_1818_5a48bf6b",19,"qpcr_pl12","E8_PlDNA3","E07"
"944","CviMVP_12485","PrEdIs_CN_A_2022-10-18","E8_CviMVP_PlDNA_3_SG_1818_5a48bf6b",19,"qpcr_pl12","E8_PlDNA3","E08"
"945","CviMVP_12488","PrEdIs_CN_A_2022-10-18","C12_CviMVP_PlDNA_10_SG_1819_4c9efbeb",21,"qpcr_pl21","C12_PIDNA10","D11"
"946","CviMVP_12488","PrEdIs_CN_A_2022-10-18","C12_CviMVP_PlDNA_10_SG_1819_4c9efbeb",21,"qpcr_pl21","C12_PIDNA10","D12"
"947","CviMVP_12491","PrEdIs_CN_A_2022-10-18","H1_CviMVP_PlDNA_9_SG_1820_b614e69e",22,"qpcr_pl18","H1_PIDNA9","H03"
"948","CviMVP_12491","PrEdIs_CN_A_2022-10-18","H1_CviMVP_PlDNA_9_SG_1820_b614e69e",22,"qpcr_pl18","H1_PIDNA9","H04"
"949","CviMVP_12491","PrEdIs_CN_A_2022-10-18","H1_CviMVP_PlDNA_9_SG_1820_b614e69e",22,"qpcr_pl22","H1_PlDNA9","D05"
"950","CviMVP_12491","PrEdIs_CN_A_2022-10-18","H1_CviMVP_PlDNA_9_SG_1820_b614e69e",22,"qpcr_pl22","H1_PlDNA9","D06"
"951","CviMVP_12494","PrEdIs_CN_A_2022-10-18","E7_CviMVP_PlDNA_3_SG_1821_7af88346",22,"qpcr_pl12","E7_PlDNA3","E05"
"952","CviMVP_12494","PrEdIs_CN_A_2022-10-18","E7_CviMVP_PlDNA_3_SG_1821_7af88346",22,"qpcr_pl12","E7_PlDNA3","E06"
"953","CviMVP_12500","PrEdIs_CN_A_2022-10-18","B3_CviMVP_PlDNA_2_SG_1823_b35e54f9",19,"qpcr_pl8","B3_PlDNA2","F11"
"954","CviMVP_12500","PrEdIs_CN_A_2022-10-18","B3_CviMVP_PlDNA_2_SG_1823_b35e54f9",19,"qpcr_pl8","B3_PlDNA2","F12"
"955","CviMVP_12503","PrEdIs_CN_A_2022-10-18","B4_CviMVP_PlDNA_2_SG_1824_dd7f9914",22,"qpcr_pl9","B4_PlDNA2","B03"
"956","CviMVP_12503","PrEdIs_CN_A_2022-10-18","B4_CviMVP_PlDNA_2_SG_1824_dd7f9914",22,"qpcr_pl9","B4_PlDNA2","B04"
"957","CviMVP_12505","PrEdIs_CN_A_2022-10-18","A12_CviMVP_PlDNA_5_SG_1825_b3a90178",21,"qpcr_pl3","A12_PlDNA5","A09"
"958","CviMVP_12505","PrEdIs_CN_A_2022-10-18","A12_CviMVP_PlDNA_5_SG_1825_b3a90178",21,"qpcr_pl3","A12_PlDNA5","A10"
"959","CviMVP_12510","PrEdIs_CN_A_2022-10-18","F4_CviMVP_PlDNA_4_SG_1827_43db5e47",20,"qpcr_pl15","F4_PIDNA4","E03"
"960","CviMVP_12510","PrEdIs_CN_A_2022-10-18","F4_CviMVP_PlDNA_4_SG_1827_43db5e47",20,"qpcr_pl15","F4_PIDNA4","E04"
"961","CviMVP_12513","PrEdIs_CN_A_2022-10-18","C8_CviMVP_PlDNA_10_SG_1828_01304bbf",19,"qpcr_pl21","C8_PIDNA10","C03"
"962","CviMVP_12513","PrEdIs_CN_A_2022-10-18","C8_CviMVP_PlDNA_10_SG_1828_01304bbf",19,"qpcr_pl21","C8_PIDNA10","C04"
"963","CviMVP_12515","PrEdIs_CN_A_2022-10-18","D12_CviMVP_PlDNA_3_SG_1829_bda513f5",20,"qpcr_pl13","D12_PIDNA3","D05"
"964","CviMVP_12515","PrEdIs_CN_A_2022-10-18","D12_CviMVP_PlDNA_3_SG_1829_bda513f5",20,"qpcr_pl13","D12_PIDNA3","D06"
"965","CviMVP_12524","PrEdIs_CN_A_2022-10-18","H6_CviMVP_PlDNA_4_SG_1832_200cdfa7",19,"qpcr_pl15","H6_PIDNA4","F07"
"966","CviMVP_12524","PrEdIs_CN_A_2022-10-18","H6_CviMVP_PlDNA_4_SG_1832_200cdfa7",19,"qpcr_pl15","H6_PIDNA4","F08"
"967","CviMVP_12528","PrEdIs_CN_A_2022-10-18","B6_CviMVP_PlDNA_10_SG_1834_e5dca67e",22,"qpcr_pl2","B6_PlDNA10","B09"
"968","CviMVP_12528","PrEdIs_CN_A_2022-10-18","B6_CviMVP_PlDNA_10_SG_1834_e5dca67e",22,"qpcr_pl2","B6_PlDNA10","B10"
"969","CviMVP_12528","PrEdIs_CN_A_2022-10-18","B6_CviMVP_PlDNA_10_SG_1834_e5dca67e",22,"qpcr_pl21","B6_PlDNA10","H05"
"970","CviMVP_12528","PrEdIs_CN_A_2022-10-18","B6_CviMVP_PlDNA_10_SG_1834_e5dca67e",22,"qpcr_pl21","B6_PlDNA10","H06"
"971","CviMVP_12530","PrEdIs_CN_A_2022-10-18","G12_CviMVP_PlDNA_4_SG_1835_14feed63",20,"qpcr_pl16","G12_PIDNA4","G09"
"972","CviMVP_12530","PrEdIs_CN_A_2022-10-18","G12_CviMVP_PlDNA_4_SG_1835_14feed63",20,"qpcr_pl16","G12_PIDNA4","G10"
"973","CviMVP_12535","PrEdIs_CN_A_2022-10-18","F11_CviMVP_PlDNA_8_SG_1837_3e5f9953",21,"qpcr_pl14","F11_PIDNA8","D07"
"974","CviMVP_12535","PrEdIs_CN_A_2022-10-18","F11_CviMVP_PlDNA_8_SG_1837_3e5f9953",21,"qpcr_pl14","F11_PIDNA8","D08"
"975","CviMVP_12628","DC_DR_ME_2022-10-25","G11_CviMVP_PlDNA_1_SG_1868_dfac88e0",18,"qpcr_pl8","G11_PlDNA1","G03"
"976","CviMVP_12628","DC_DR_ME_2022-10-25","G11_CviMVP_PlDNA_1_SG_1868_dfac88e0",18,"qpcr_pl8","G11_PlDNA1","G04"
"977","CviMVP_12631","DC_DR_ME_2022-10-25","G9_CviMVP_PlDNA_1_SG_1869_68d9f8dc",20,"qpcr_pl7","G9_PlDNA1","G09"
"978","CviMVP_12631","DC_DR_ME_2022-10-25","G9_CviMVP_PlDNA_1_SG_1869_68d9f8dc",20,"qpcr_pl7","G9_PlDNA1","G10"
"979","CviMVP_12634","DC_DR_ME_2022-10-25","G3_CviMVP_PlDNA_8_SG_1870_e23dc377",22,"qpcr_pl4","G3_PlDNA8","G07"
"980","CviMVP_12634","DC_DR_ME_2022-10-25","G3_CviMVP_PlDNA_8_SG_1870_e23dc377",22,"qpcr_pl4","G3_PlDNA8","G08"
"981","CviMVP_12634","DC_DR_ME_2022-10-25","G3_CviMVP_PlDNA_8_SG_1870_e23dc377",22,"qpcr_pl22","G3_PlDNA8","C09"
"982","CviMVP_12634","DC_DR_ME_2022-10-25","G3_CviMVP_PlDNA_8_SG_1870_e23dc377",22,"qpcr_pl22","G3_PlDNA8","C10"
"983","CviMVP_12643","DC_DR_ME_2022-10-25","G10_CviMVP_PlDNA_7_SG_1873_24fd8078",20,"qpcr_pl14","G10_PIDNA7","F05"
"984","CviMVP_12643","DC_DR_ME_2022-10-25","G10_CviMVP_PlDNA_7_SG_1873_24fd8078",20,"qpcr_pl14","G10_PIDNA7","F06"
"985","CviMVP_12646","DC_DR_ME_2022-10-25","G8_CviMVP_PlDNA_1_SG_1874_7a55697c",18,"qpcr_pl7","G8_PlDNA1","G07"
"986","CviMVP_12646","DC_DR_ME_2022-10-25","G8_CviMVP_PlDNA_1_SG_1874_7a55697c",18,"qpcr_pl7","G8_PlDNA1","G08"
"987","CviMVP_12649","DC_DR_ME_2022-10-25","F2_CviMVP_PlDNA_8_SG_1875_a48165f7",22,"qpcr_pl4","F2_PlDNA8","F05"
"988","CviMVP_12649","DC_DR_ME_2022-10-25","F2_CviMVP_PlDNA_8_SG_1875_a48165f7",22,"qpcr_pl4","F2_PlDNA8","F06"
"989","CviMVP_12655","DC_DR_ME_2022-10-25","E10_CviMVP_PlDNA_1_SG_1877_f2d87033",22,"qpcr_pl7","E10_PlDNA1","F11"
"990","CviMVP_12655","DC_DR_ME_2022-10-25","E10_CviMVP_PlDNA_1_SG_1877_f2d87033",22,"qpcr_pl7","E10_PlDNA1","F12"
"991","CviMVP_12661","DC_DR_ME_2022-10-25","H7_CviMVP_PlDNA_1_SG_1879_18c16562",22,"qpcr_pl7","H7_PlDNA1","H05"
"992","CviMVP_12661","DC_DR_ME_2022-10-25","H7_CviMVP_PlDNA_1_SG_1879_18c16562",22,"qpcr_pl7","H7_PlDNA1","H06"
"993","CviMVP_12664","DC_DR_ME_2022-10-25","C10_CviMVP_PlDNA_4_SG_1880_6331e3b6",19,"qpcr_pl16","C10_PIDNA4","B05"
"994","CviMVP_12664","DC_DR_ME_2022-10-25","C10_CviMVP_PlDNA_4_SG_1880_6331e3b6",19,"qpcr_pl16","C10_PIDNA4","B06"
"995","CviMVP_12666","DC_DR_ME_2022-10-25","F6_CviMVP_PlDNA_1_SG_1881_ef2db062",19,"qpcr_pl7","F6_PlDNA1","F03"
"996","CviMVP_12666","DC_DR_ME_2022-10-25","F6_CviMVP_PlDNA_1_SG_1881_ef2db062",19,"qpcr_pl7","F6_PlDNA1","F04"
"997","CviMVP_12675","DC_DR_ME_2022-10-25","F12_CviMVP_PlDNA_1_SG_1884_2e4c4b0b",20,"qpcr_pl8","F12_PlDNA1","F05"
"998","CviMVP_12675","DC_DR_ME_2022-10-25","F12_CviMVP_PlDNA_1_SG_1884_2e4c4b0b",20,"qpcr_pl8","F12_PlDNA1","F06"
"999","CviMVP_12681","DC_DR_ME_2022-10-25","C5_CviMVP_PlDNA_1_SG_1886_e867e0c6",20,"qpcr_pl6","C5_PlDNA1","D11"
"1000","CviMVP_12681","DC_DR_ME_2022-10-25","C5_CviMVP_PlDNA_1_SG_1886_e867e0c6",20,"qpcr_pl6","C5_PlDNA1","D12"
"1001","CviMVP_12687","DC_DR_ME_2022-10-25","C5_CviMVP_PlDNA_10_SG_1888_a831e64b",22,"qpcr_pl2","C5_PlDNA10","C07"
"1002","CviMVP_12687","DC_DR_ME_2022-10-25","C5_CviMVP_PlDNA_10_SG_1888_a831e64b",22,"qpcr_pl2","C5_PlDNA10","C08"
"1003","CviMVP_12692","DC_DR_ME_2022-10-25","D6_CviMVP_PlDNA_1_SG_1890_37209564",22,"qpcr_pl7","D6_PlDNA1","D03"
"1004","CviMVP_12692","DC_DR_ME_2022-10-25","D6_CviMVP_PlDNA_1_SG_1890_37209564",22,"qpcr_pl7","D6_PlDNA1","D04"
"1005","CviMVP_12695","DC_DR_ME_2022-10-25","D12_CviMVP_PlDNA_1_SG_1891_20df4068",21,"qpcr_pl8","D12_PlDNA1","D05"
"1006","CviMVP_12695","DC_DR_ME_2022-10-25","D12_CviMVP_PlDNA_1_SG_1891_20df4068",21,"qpcr_pl8","D12_PlDNA1","D06"
"1007","CviMVP_12698","DC_DR_ME_2022-10-25","G1_CviMVP_PlDNA_10_SG_1892_34807bab",22,"qpcr_pl19","G1_PIDNA10","F07"
"1008","CviMVP_12698","DC_DR_ME_2022-10-25","G1_CviMVP_PlDNA_10_SG_1892_34807bab",22,"qpcr_pl19","G1_PIDNA10","F08"
"1009","CviMVP_12701","DC_DR_ME_2022-10-25","B6_CviMVP_PlDNA_3_SG_1893_3d719166",21,"qpcr_pl12","B6_PlDNA3","B03"
"1010","CviMVP_12701","DC_DR_ME_2022-10-25","B6_CviMVP_PlDNA_3_SG_1893_3d719166",21,"qpcr_pl12","B6_PlDNA3","B04"
"1011","CviMVP_12704","DC_DR_ME_2022-10-25","E12_CviMVP_PlDNA_1_SG_1894_fdb855b9",21,"qpcr_pl8","E12_PlDNA1","E05"
"1012","CviMVP_12704","DC_DR_ME_2022-10-25","E12_CviMVP_PlDNA_1_SG_1894_fdb855b9",21,"qpcr_pl8","E12_PlDNA1","E06"
"1013","CviMVP_12707","DC_DR_ME_2022-10-25","H7_CviMVP_PlDNA_3_SG_1895_7630aa9e",22,"qpcr_pl12","H7_PlDNA3","H05"
"1014","CviMVP_12707","DC_DR_ME_2022-10-25","H7_CviMVP_PlDNA_3_SG_1895_7630aa9e",22,"qpcr_pl12","H7_PlDNA3","H06"
"1015","CviMVP_12713","DC_DR_ME_2022-10-25","A3_CviMVP_PlDNA_9_SG_1897_a4e3658f",21,"qpcr_pl1","A3_PlDNA9","A03"
"1016","CviMVP_12713","DC_DR_ME_2022-10-25","A3_CviMVP_PlDNA_9_SG_1897_a4e3658f",21,"qpcr_pl1","A3_PlDNA9","A04"
"1017","CviMVP_12713","DC_DR_ME_2022-10-25","A3_CviMVP_PlDNA_9_SG_1897_a4e3658f",21,"qpcr_pl22","A3_PlDNA9","D03"
"1018","CviMVP_12713","DC_DR_ME_2022-10-25","A3_CviMVP_PlDNA_9_SG_1897_a4e3658f",21,"qpcr_pl22","A3_PlDNA9","D04"
"1019","CviMVP_12712","Orrs_Cove_ME_2022-10-31","E4_CviMVP_PlDNA_3_SG_1898_e19706e2",22,"qpcr_pl11","E4_PlDNA3","E09"
"1020","CviMVP_12712","Orrs_Cove_ME_2022-10-31","E4_CviMVP_PlDNA_3_SG_1898_e19706e2",22,"qpcr_pl11","E4_PlDNA3","E10"
"1021","CviMVP_12721","Orrs_Cove_ME_2022-10-31","G9_CviMVP_PlDNA_3_SG_1900_613a738d",22,"qpcr_pl12","G9_PIDNA3","G09"
"1022","CviMVP_12721","Orrs_Cove_ME_2022-10-31","G9_CviMVP_PlDNA_3_SG_1900_613a738d",22,"qpcr_pl12","G9_PIDNA3","G10"
"1023","CviMVP_12727","Orrs_Cove_ME_2022-10-31","A10_CviMVP_PlDNA_4_SG_1902_8ccae1e5",21,"qpcr_pl16","A10_PIDNA4","A05"
"1024","CviMVP_12727","Orrs_Cove_ME_2022-10-31","A10_CviMVP_PlDNA_4_SG_1902_8ccae1e5",21,"qpcr_pl16","A10_PIDNA4","A06"
"1025","CviMVP_12733","Orrs_Cove_ME_2022-10-31","G4_CviMVP_PlDNA_9_SG_1904_a0ecfc23",22,"qpcr_pl1","G4_PlDNA9","G05"
"1026","CviMVP_12733","Orrs_Cove_ME_2022-10-31","G4_CviMVP_PlDNA_9_SG_1904_a0ecfc23",22,"qpcr_pl1","G4_PlDNA9","G06"
"1027","CviMVP_12733","Orrs_Cove_ME_2022-10-31","G4_CviMVP_PlDNA_9_SG_1904_a0ecfc23",22,"qpcr_pl22","G4_PlDNA9","B05"
"1028","CviMVP_12733","Orrs_Cove_ME_2022-10-31","G4_CviMVP_PlDNA_9_SG_1904_a0ecfc23",22,"qpcr_pl22","G4_PlDNA9","B06"
"1029","CviMVP_12736","Orrs_Cove_ME_2022-10-31","F2_CviMVP_PlDNA_9_SG_1905_1d855527",20,"qpcr_pl18","F2_PIDNA9","F05"
"1030","CviMVP_12736","Orrs_Cove_ME_2022-10-31","F2_CviMVP_PlDNA_9_SG_1905_1d855527",20,"qpcr_pl18","F2_PIDNA9","F06"
"1031","CviMVP_12741","Orrs_Cove_ME_2022-10-31","E7_CviMVP_PlDNA_10_SG_1907_e2ee8f04",20,"qpcr_pl2","E7_PlDNA10","F11"
"1032","CviMVP_12741","Orrs_Cove_ME_2022-10-31","E7_CviMVP_PlDNA_10_SG_1907_e2ee8f04",20,"qpcr_pl2","E7_PlDNA10","F12"
"1033","CviMVP_12747","Orrs_Cove_ME_2022-10-31","D5_CviMVP_PlDNA_2_SG_1909_21c2d575",18,"qpcr_pl9","D5_PlDNA2","D05"
"1034","CviMVP_12747","Orrs_Cove_ME_2022-10-31","D5_CviMVP_PlDNA_2_SG_1909_21c2d575",18,"qpcr_pl9","D5_PlDNA2","D06"
"1035","CviMVP_12750","Orrs_Cove_ME_2022-10-31","E5_CviMVP_PlDNA_4_SG_1910_a67d4341",18,"qpcr_pl15","E5_PIDNA4","E05"
"1036","CviMVP_12750","Orrs_Cove_ME_2022-10-31","E5_CviMVP_PlDNA_4_SG_1910_a67d4341",18,"qpcr_pl15","E5_PIDNA4","E06"
"1037","CviMVP_12750","Orrs_Cove_ME_2022-10-31","E5_CviMVP_PlDNA_4_SG_1910_a67d4341",18,"qpcr_pl16","E5_PIDNA5","E11"
"1038","CviMVP_12750","Orrs_Cove_ME_2022-10-31","E5_CviMVP_PlDNA_4_SG_1910_a67d4341",18,"qpcr_pl16","E5_PIDNA5","E12"
"1039","CviMVP_12753","Orrs_Cove_ME_2022-10-31","A11_CviMVP_PlDNA_3_SG_1911_4c46219c",20,"qpcr_pl13","A11_PIDNA3","A03"
"1040","CviMVP_12753","Orrs_Cove_ME_2022-10-31","A11_CviMVP_PlDNA_3_SG_1911_4c46219c",20,"qpcr_pl13","A11_PIDNA3","A04"
"1041","CviMVP_12756","Orrs_Cove_ME_2022-10-31","B1_CviMVP_PlDNA_2_SG_1912_e0a59721",22,"qpcr_pl8","B1_PlDNA2","G07"
"1042","CviMVP_12756","Orrs_Cove_ME_2022-10-31","B1_CviMVP_PlDNA_2_SG_1912_e0a59721",22,"qpcr_pl8","B1_PlDNA2","G08"
"1043","CviMVP_12768","Orrs_Cove_ME_2022-10-31","C11_CviMVP_PlDNA_8_SG_1914_2afde6ae",23,"qpcr_pl14","C11_PIDNA8","A07"
"1044","CviMVP_12768","Orrs_Cove_ME_2022-10-31","C11_CviMVP_PlDNA_8_SG_1914_2afde6ae",23,"qpcr_pl14","C11_PIDNA8","A08"
"1045","CviMVP_12762","Orrs_Cove_ME_2022-10-31","B5_CviMVP_PlDNA_8_SG_1915_6081db2b",22,"qpcr_pl4","B5_PlDNA8","C11"
"1046","CviMVP_12762","Orrs_Cove_ME_2022-10-31","B5_CviMVP_PlDNA_8_SG_1915_6081db2b",22,"qpcr_pl4","B5_PlDNA8","C12"
"1047","CviMVP_12765","Orrs_Cove_ME_2022-10-31","E7_CviMVP_PlDNA_5_SG_1916_b4df3bc3",22,"qpcr_pl3","E7_PlDNA5","C11"
"1048","CviMVP_12765","Orrs_Cove_ME_2022-10-31","E7_CviMVP_PlDNA_5_SG_1916_b4df3bc3",22,"qpcr_pl3","E7_PlDNA5","C12"
"1049","CviMVP_12770","Orrs_Cove_ME_2022-10-31","E2_CviMVP_PlDNA_4_SG_1917_af7a792d",20,"qpcr_pl13","E2_PIDNA4","D09"
"1050","CviMVP_12770","Orrs_Cove_ME_2022-10-31","E2_CviMVP_PlDNA_4_SG_1917_af7a792d",20,"qpcr_pl13","E2_PIDNA4","D10"
"1051","CviMVP_12776","Orrs_Cove_ME_2022-10-31","B6_CviMVP_PlDNA_6_SG_1919_1b8435de",20,"qpcr_pl20","B6_PIDNA6","E05"
"1052","CviMVP_12776","Orrs_Cove_ME_2022-10-31","B6_CviMVP_PlDNA_6_SG_1919_1b8435de",20,"qpcr_pl20","B6_PIDNA6","E06"
"1053","CviMVP_12779","Orrs_Cove_ME_2022-10-31","B6_CviMVP_PlDNA_5_SG_1920_493d92a6",22,NA,NA,NA
"1054","CviMVP_12785","Orrs_Cove_ME_2022-10-31","H6_CviMVP_PlDNA_3_SG_1922_42af2f75",21,"qpcr_pl12","H6_PlDNA3","G03"
"1055","CviMVP_12785","Orrs_Cove_ME_2022-10-31","H6_CviMVP_PlDNA_3_SG_1922_42af2f75",21,"qpcr_pl12","H6_PlDNA3","G04"
"1056","CviMVP_12788","Orrs_Cove_ME_2022-10-31","C9_CviMVP_PlDNA_4_SG_1923_d8adabfd",21,"qpcr_pl16","C9_PIDNA4","C03"
"1057","CviMVP_12788","Orrs_Cove_ME_2022-10-31","C9_CviMVP_PlDNA_4_SG_1923_d8adabfd",21,"qpcr_pl16","C9_PIDNA4","C04"
"1058","CviMVP_12791","Orrs_Cove_ME_2022-10-31","E11_CviMVP_PlDNA_4_SG_1924_0498d86d",22,"qpcr_pl16","E11_PIDNA4","D07"
"1059","CviMVP_12791","Orrs_Cove_ME_2022-10-31","E11_CviMVP_PlDNA_4_SG_1924_0498d86d",22,"qpcr_pl16","E11_PIDNA4","D08"
"1060","CviMVP_12794","Orrs_Cove_ME_2022-10-31","A7_CviMVP_PlDNA_2_SG_1925_7c410165",22,"qpcr_pl9","A7_PlDNA2","A09"
"1061","CviMVP_12794","Orrs_Cove_ME_2022-10-31","A7_CviMVP_PlDNA_2_SG_1925_7c410165",22,"qpcr_pl9","A7_PlDNA2","A10"
"1062","CviMVP_12803","UNCW_MS_NC_2023-7-17","E10_CviMVP_PlDNA_8_SG_1928_e5d81d6d",18,"qpcr_pl14","E10_PIDNA8","B09"
"1063","CviMVP_12803","UNCW_MS_NC_2023-7-17","E10_CviMVP_PlDNA_8_SG_1928_e5d81d6d",18,"qpcr_pl14","E10_PIDNA8","B10"
"1064","CviMVP_12806","UNCW_MS_NC_2023-7-17","G5_CviMVP_PlDNA_8_SG_1929_f5d9f828",22,"qpcr_pl5","G5_PlDNA8","C11"
"1065","CviMVP_12806","UNCW_MS_NC_2023-7-17","G5_CviMVP_PlDNA_8_SG_1929_f5d9f828",22,"qpcr_pl5","G5_PlDNA8","C12"
"1066","CviMVP_12815","UNCW_MS_NC_2023-7-17","C8_CviMVP_PlDNA_8_SG_1932_20da4fab",20,"qpcr_pl5","C8_PlDNA8","C07"
"1067","CviMVP_12815","UNCW_MS_NC_2023-7-17","C8_CviMVP_PlDNA_8_SG_1932_20da4fab",20,"qpcr_pl5","C8_PlDNA8","C08"
"1068","CviMVP_12818","UNCW_MS_NC_2023-7-17","H3_CviMVP_PlDNA_9_SG_1933_203e3d9f",20,"qpcr_pl1","H3_PlDNA9","H03"
"1069","CviMVP_12818","UNCW_MS_NC_2023-7-17","H3_CviMVP_PlDNA_9_SG_1933_203e3d9f",20,"qpcr_pl1","H3_PlDNA9","H04"
"1070","CviMVP_12821","UNCW_MS_NC_2023-7-17","B4_CviMVP_PlDNA_8_SG_1934_cc08ebbc",18,"qpcr_pl4","B4_PlDNA8","B09"
"1071","CviMVP_12821","UNCW_MS_NC_2023-7-17","B4_CviMVP_PlDNA_8_SG_1934_cc08ebbc",18,"qpcr_pl4","B4_PlDNA8","B10"
"1072","CviMVP_12827","UNCW_MS_NC_2023-7-17","C10_CviMVP_PlDNA_8_SG_1936_1b3e42a8",20,"qpcr_pl14","C10_PIDNA8","D11"
"1073","CviMVP_12827","UNCW_MS_NC_2023-7-17","C10_CviMVP_PlDNA_8_SG_1936_1b3e42a8",20,"qpcr_pl14","C10_PIDNA8","D12"
"1074","CviMVP_12830","UNCW_MS_NC_2023-7-17","H11_CviMVP_PlDNA_10_SG_1937_4b32fd1f",18,"qpcr_pl21","H11_PIDNA10","G09"
"1075","CviMVP_12830","UNCW_MS_NC_2023-7-17","H11_CviMVP_PlDNA_10_SG_1937_4b32fd1f",18,"qpcr_pl21","H11_PIDNA10","G10"
"1076","CviMVP_12839","UNCW_MS_NC_2023-7-17","G4_CviMVP_PlDNA_8_SG_1940_aa240ac0",21,"qpcr_pl4","G4_PlDNA8","G09"
"1077","CviMVP_12839","UNCW_MS_NC_2023-7-17","G4_CviMVP_PlDNA_8_SG_1940_aa240ac0",21,"qpcr_pl4","G4_PlDNA8","G10"
"1078","CviMVP_12839","UNCW_MS_NC_2023-7-17","G4_CviMVP_PlDNA_8_SG_1940_aa240ac0",21,"qpcr_pl22","G4_PlDNA8","H09"
"1079","CviMVP_12839","UNCW_MS_NC_2023-7-17","G4_CviMVP_PlDNA_8_SG_1940_aa240ac0",21,"qpcr_pl22","G4_PlDNA8","H10"
"1080","CviMVP_12843","UNCW_MS_NC_2023-7-17","B7_CviMVP_PlDNA_9_SG_1941_5582645b",22,"qpcr_pl1","B7_PlDNA9","B11"
"1081","CviMVP_12843","UNCW_MS_NC_2023-7-17","B7_CviMVP_PlDNA_9_SG_1941_5582645b",22,"qpcr_pl1","B7_PlDNA9","B12"
"1082","CviMVP_12845","UNCW_MS_NC_2023-7-17","F6_CviMVP_PlDNA_8_SG_1942_7d9bec89",20,"qpcr_pl5","F6_PlDNA8","F03"
"1083","CviMVP_12845","UNCW_MS_NC_2023-7-17","F6_CviMVP_PlDNA_8_SG_1942_7d9bec89",20,"qpcr_pl5","F6_PlDNA8","F04"
"1084","CviMVP_12854","UNCW_MS_NC_2023-7-17","E6_CviMVP_PlDNA_8_SG_1945_47841aa2",22,"qpcr_pl5","E6_PlDNA8","E03"
"1085","CviMVP_12854","UNCW_MS_NC_2023-7-17","E6_CviMVP_PlDNA_8_SG_1945_47841aa2",22,"qpcr_pl5","E6_PlDNA8","E04"
"1086","CviMVP_12857","UNCW_MS_NC_2023-7-17","H1_CviMVP_PlDNA_8_SG_1946_c72e69f0",20,"qpcr_pl4","H1_PlDNA8","H03"
"1087","CviMVP_12857","UNCW_MS_NC_2023-7-17","H1_CviMVP_PlDNA_8_SG_1946_c72e69f0",20,"qpcr_pl4","H1_PlDNA8","H04"
"1088","CviMVP_12863","UNCW_MS_NC_2023-7-17","H10_CviMVP_PlDNA_8_SG_1948_72ad7752",20,"qpcr_pl14","H10_PIDNA8","E09"
"1089","CviMVP_12863","UNCW_MS_NC_2023-7-17","H10_CviMVP_PlDNA_8_SG_1948_72ad7752",20,"qpcr_pl14","H10_PIDNA8","E10"
"1090","CviMVP_12869","UNCW_MS_NC_2023-7-17","E1_CviMVP_PlDNA_8_SG_1950_7393d075",18,"qpcr_pl4","E1_PlDNA8","E03"
"1091","CviMVP_12869","UNCW_MS_NC_2023-7-17","E1_CviMVP_PlDNA_8_SG_1950_7393d075",18,"qpcr_pl4","E1_PlDNA8","E04"
"1092","CviMVP_12869","UNCW_MS_NC_2023-7-17","E1_CviMVP_PlDNA_8_SG_1950_7393d075",18,"qpcr_pl22","E1_PlDNA8","D07"
"1093","CviMVP_12869","UNCW_MS_NC_2023-7-17","E1_CviMVP_PlDNA_8_SG_1950_7393d075",18,"qpcr_pl22","E1_PlDNA8","D08"
"1094","CviMVP_12872","UNCW_MS_NC_2023-7-17","E11_CviMVP_PlDNA_8_SG_1951_9c0cb988",21,"qpcr_pl14","E11_PIDNA8","C07"
"1095","CviMVP_12872","UNCW_MS_NC_2023-7-17","E11_CviMVP_PlDNA_8_SG_1951_9c0cb988",21,"qpcr_pl14","E11_PIDNA8","C08"
"1096","CviMVP_12875","UNCW_MS_NC_2023-7-17","D8_CviMVP_PlDNA_10_SG_1952_3d31a3db",22,"qpcr_pl21","D8_PIDNA10","D03"
"1097","CviMVP_12875","UNCW_MS_NC_2023-7-17","D8_CviMVP_PlDNA_10_SG_1952_3d31a3db",22,"qpcr_pl21","D8_PIDNA10","D04"
"1098","CviMVP_12878","UNCW_MS_NC_2023-7-17","E3_CviMVP_PlDNA_8_SG_1953_768af66b",22,"qpcr_pl4","E3_PlDNA8","E07"
"1099","CviMVP_12878","UNCW_MS_NC_2023-7-17","E3_CviMVP_PlDNA_8_SG_1953_768af66b",22,"qpcr_pl4","E3_PlDNA8","E08"
"1100","CviMVP_12881","UNCW_MS_NC_2023-7-17","G11_CviMVP_PlDNA_10_SG_1954_5a1ba8fc",23,"qpcr_pl21","G11_PIDNA10","F09"
"1101","CviMVP_12881","UNCW_MS_NC_2023-7-17","G11_CviMVP_PlDNA_10_SG_1954_5a1ba8fc",23,"qpcr_pl21","G11_PIDNA10","F10"
"1102","CviMVP_12887","UNCW_MS_NC_2023-7-17","B9_CviMVP_PlDNA_8_SG_1956_2c578cb3",20,"qpcr_pl5","B9_PlDNA8","B09"
"1103","CviMVP_12887","UNCW_MS_NC_2023-7-17","B9_CviMVP_PlDNA_8_SG_1956_2c578cb3",20,"qpcr_pl5","B9_PlDNA8","B10"
"1104","CviMVP_12893","FFJ_CF_NC_2023-7-19","D5_CviMVP_PlDNA_8_SG_1958_1cc13247",21,"qpcr_pl4","D5_PlDNA8","E11"
"1105","CviMVP_12893","FFJ_CF_NC_2023-7-19","D5_CviMVP_PlDNA_8_SG_1958_1cc13247",21,"qpcr_pl4","D5_PlDNA8","E12"
"1106","CviMVP_12899","FFJ_CF_NC_2023-7-19","C4_CviMVP_PlDNA_8_SG_1960_3357f004",22,"qpcr_pl4","C4_PlDNA8","C09"
"1107","CviMVP_12899","FFJ_CF_NC_2023-7-19","C4_CviMVP_PlDNA_8_SG_1960_3357f004",22,"qpcr_pl4","C4_PlDNA8","C10"
"1108","CviMVP_12899","FFJ_CF_NC_2023-7-19","C4_CviMVP_PlDNA_8_SG_1960_3357f004",22,"qpcr_pl22","C4_PlDNA8","F09"
"1109","CviMVP_12899","FFJ_CF_NC_2023-7-19","C4_CviMVP_PlDNA_8_SG_1960_3357f004",22,"qpcr_pl22","C4_PlDNA8","F10"
"1110","CviMVP_12902","FFJ_CF_NC_2023-7-19","A8_CviMVP_PlDNA_8_SG_1961_5fb604b5",22,"qpcr_pl5","A8_PlDNA8","A07"
"1111","CviMVP_12902","FFJ_CF_NC_2023-7-19","A8_CviMVP_PlDNA_8_SG_1961_5fb604b5",22,"qpcr_pl5","A8_PlDNA8","A08"
"1112","CviMVP_12905","FFJ_CF_NC_2023-7-19","G7_CviMVP_PlDNA_9_SG_1962_f1cb5d7f",18,NA,NA,NA
"1113","CviMVP_12908","FFJ_CF_NC_2023-7-19","B1_CviMVP_PlDNA_8_SG_1963_eb235ee9",20,"qpcr_pl4","B1_PlDNA8","B03"
"1114","CviMVP_12908","FFJ_CF_NC_2023-7-19","B1_CviMVP_PlDNA_8_SG_1963_eb235ee9",20,"qpcr_pl4","B1_PlDNA8","B04"
"1115","CviMVP_12911","FFJ_CF_NC_2023-7-19","E2_CviMVP_PlDNA_8_SG_1964_e12c9fad",20,"qpcr_pl4","E2_PlDNA8","E05"
"1116","CviMVP_12911","FFJ_CF_NC_2023-7-19","E2_CviMVP_PlDNA_8_SG_1964_e12c9fad",20,"qpcr_pl4","E2_PlDNA8","E06"
"1117","CviMVP_12917","FFJ_CF_NC_2023-7-19","F7_CviMVP_PlDNA_8_SG_1966_f8c004b4",19,"qpcr_pl5","F7_PlDNA8","F05"
"1118","CviMVP_12917","FFJ_CF_NC_2023-7-19","F7_CviMVP_PlDNA_8_SG_1966_f8c004b4",19,"qpcr_pl5","F7_PlDNA8","F06"
"1119","CviMVP_12917","FFJ_CF_NC_2023-7-19","F7_CviMVP_PlDNA_8_SG_1966_f8c004b4",19,"qpcr_pl5","F7_PlDNA10","E11"
"1120","CviMVP_12917","FFJ_CF_NC_2023-7-19","F7_CviMVP_PlDNA_8_SG_1966_f8c004b4",19,"qpcr_pl5","F7_PlDNA10","E12"
"1121","CviMVP_12917","FFJ_CF_NC_2023-7-19","F7_CviMVP_PlDNA_8_SG_1966_f8c004b4",19,"qpcr_pl22","F7_PlDNA8","E11"
"1122","CviMVP_12917","FFJ_CF_NC_2023-7-19","F7_CviMVP_PlDNA_8_SG_1966_f8c004b4",19,"qpcr_pl22","F7_PlDNA8","E12"
"1123","CviMVP_12923","FFJ_CF_NC_2023-7-19","B2_CviMVP_PlDNA_8_SG_1968_395d59b2",20,"qpcr_pl4","B2_PlDNA8","B05"
"1124","CviMVP_12923","FFJ_CF_NC_2023-7-19","B2_CviMVP_PlDNA_8_SG_1968_395d59b2",20,"qpcr_pl4","B2_PlDNA8","B06"
"1125","CviMVP_12938","FFJ_CF_NC_2023-7-19","H9_CviMVP_PlDNA_8_SG_1973_6e1dd4a0",19,"qpcr_pl5","H9_PlDNA8","H09"
"1126","CviMVP_12938","FFJ_CF_NC_2023-7-19","H9_CviMVP_PlDNA_8_SG_1973_6e1dd4a0",19,"qpcr_pl5","H9_PlDNA8","H10"
"1127","CviMVP_12941","FFJ_CF_NC_2023-7-19","A7_CviMVP_PlDNA_8_SG_1974_61233be3",18,"qpcr_pl5","A7_PlDNA8","A05"
"1128","CviMVP_12941","FFJ_CF_NC_2023-7-19","A7_CviMVP_PlDNA_8_SG_1974_61233be3",18,"qpcr_pl5","A7_PlDNA8","A06"
"1129","CviMVP_12944","FFJ_CF_NC_2023-7-19","B6_CviMVP_PlDNA_9_SG_1975_b2a7e292",20,"qpcr_pl1","B6_PlDNA9","B09"
"1130","CviMVP_12944","FFJ_CF_NC_2023-7-19","B6_CviMVP_PlDNA_9_SG_1975_b2a7e292",20,"qpcr_pl1","B6_PlDNA9","B10"
"1131","CviMVP_12947","FFJ_CF_NC_2023-7-19","F3_CviMVP_PlDNA_8_SG_1976_e7453abd",22,"qpcr_pl4","F3_PlDNA8","F07"
"1132","CviMVP_12947","FFJ_CF_NC_2023-7-19","F3_CviMVP_PlDNA_8_SG_1976_e7453abd",22,"qpcr_pl4","F3_PlDNA8","F08"
"1133","CviMVP_12953","FFJ_CF_NC_2023-7-19","H4_CviMVP_PlDNA_8_SG_1978_d8d8fcac",22,"qpcr_pl4","H4_PlDNA8","H09"
"1134","CviMVP_12953","FFJ_CF_NC_2023-7-19","H4_CviMVP_PlDNA_8_SG_1978_d8d8fcac",22,"qpcr_pl4","H4_PlDNA8","H10"
"1135","CviMVP_12956","FFJ_CF_NC_2023-7-19","D4_CviMVP_PlDNA_8_SG_1979_4d9cf09e",22,"qpcr_pl4","D4_PlDNA8","D09"
"1136","CviMVP_12956","FFJ_CF_NC_2023-7-19","D4_CviMVP_PlDNA_8_SG_1979_4d9cf09e",22,"qpcr_pl4","D4_PlDNA8","D10"
"1137","CviMVP_12956","FFJ_CF_NC_2023-7-19","D4_CviMVP_PlDNA_8_SG_1979_4d9cf09e",22,"qpcr_pl22","D4_PlDNA8","G09"
"1138","CviMVP_12956","FFJ_CF_NC_2023-7-19","D4_CviMVP_PlDNA_8_SG_1979_4d9cf09e",22,"qpcr_pl22","D4_PlDNA8","G10"
"1139","CviMVP_12959","FFJ_CF_NC_2023-7-19","H1_CviMVP_PlDNA_10_SG_1980_7a4f292f",21,"qpcr_pl19","H1_PIDNA10","G07"
"1140","CviMVP_12959","FFJ_CF_NC_2023-7-19","H1_CviMVP_PlDNA_10_SG_1980_7a4f292f",21,"qpcr_pl19","H1_PIDNA10","G08"
"1141","CviMVP_12965","FFJ_CF_NC_2023-7-19","F8_CviMVP_PlDNA_9_SG_1982_cdc0db57",20,"qpcr_pl18","F8_PIDNA9","E07"
"1142","CviMVP_12965","FFJ_CF_NC_2023-7-19","F8_CviMVP_PlDNA_9_SG_1982_cdc0db57",20,"qpcr_pl18","F8_PIDNA9","E08"
"1143","CviMVP_12968","FFJ_CF_NC_2023-7-19","B10_CviMVP_PlDNA_8_SG_1983_1d443376",20,"qpcr_pl14","B10_PIDNA8","C11"
"1144","CviMVP_12968","FFJ_CF_NC_2023-7-19","B10_CviMVP_PlDNA_8_SG_1983_1d443376",20,"qpcr_pl14","B10_PIDNA8","C12"
"1145","CviMVP_12974","FFJ_CF_NC_2023-7-19","D6_CviMVP_PlDNA_8_SG_1985_db2b8025",24,"qpcr_pl5","D6_PlDNA8","D03"
"1146","CviMVP_12974","FFJ_CF_NC_2023-7-19","D6_CviMVP_PlDNA_8_SG_1985_db2b8025",24,"qpcr_pl5","D6_PlDNA8","D04"
"1147","CviMVP_12977","FFJ_CF_NC_2023-7-19","H2_CviMVP_PlDNA_9_SG_1986_c1f242a3",21,"qpcr_pl18","H2_PIDNA9","H05"
"1148","CviMVP_12977","FFJ_CF_NC_2023-7-19","H2_CviMVP_PlDNA_9_SG_1986_c1f242a3",21,"qpcr_pl18","H2_PIDNA9","H06"
"1149","CviMVP_12980","FFJ_CF_NC_2023-7-19","G2_CviMVP_PlDNA_8_SG_1987_51f2e064",20,"qpcr_pl4","G2_PlDNA8","G05"
"1150","CviMVP_12980","FFJ_CF_NC_2023-7-19","G2_CviMVP_PlDNA_8_SG_1987_51f2e064",20,"qpcr_pl4","G2_PlDNA8","G06"
"1151","CviMVP_12983","AC_LIS_CT_2023-10-3","H12_CviMVP_PlDNA_9_SG_1988_a8aedd8e",22,"qpcr_pl19","H12_PIDNA9","H05"
"1152","CviMVP_12983","AC_LIS_CT_2023-10-3","H12_CviMVP_PlDNA_9_SG_1988_a8aedd8e",22,"qpcr_pl19","H12_PIDNA9","H06"
"1153","CviMVP_12986","AC_LIS_CT_2023-10-3","A7_CviMVP_PlDNA_9_SG_1989_45751c77",19,"qpcr_pl1","A7_PlDNA9","A11"
"1154","CviMVP_12986","AC_LIS_CT_2023-10-3","A7_CviMVP_PlDNA_9_SG_1989_45751c77",19,"qpcr_pl1","A7_PlDNA9","A11"
"1155","CviMVP_12986","AC_LIS_CT_2023-10-3","A7_CviMVP_PlDNA_9_SG_1989_45751c77",19,"qpcr_pl22","A7_PlDNA9","H01"
"1156","CviMVP_12986","AC_LIS_CT_2023-10-3","A7_CviMVP_PlDNA_9_SG_1989_45751c77",19,"qpcr_pl22","A7_PlDNA9","H02"
"1157","CviMVP_12992","AC_LIS_CT_2023-10-3","E10_CviMVP_PlDNA_10_SG_1991_176b15fe",18,"qpcr_pl21","E10_PIDNA10","E07"
"1158","CviMVP_12992","AC_LIS_CT_2023-10-3","E10_CviMVP_PlDNA_10_SG_1991_176b15fe",18,"qpcr_pl21","E10_PIDNA10","E08"
"1159","CviMVP_12995","AC_LIS_CT_2023-10-3","B1_CviMVP_PlDNA_10_SG_1992_a1957416",21,"qpcr_pl19","B1_PIDNA10","B07"
"1160","CviMVP_12995","AC_LIS_CT_2023-10-3","B1_CviMVP_PlDNA_10_SG_1992_a1957416",21,"qpcr_pl19","B1_PIDNA10","B08"
"1161","CviMVP_130011","AC_LIS_CT_2023-10-3","C7_CviMVP_PlDNA_10_SG_1994_84a84701",19,"qpcr_pl2","C7_PlDNA10","D11"
"1162","CviMVP_130011","AC_LIS_CT_2023-10-3","C7_CviMVP_PlDNA_10_SG_1994_84a84701",19,"qpcr_pl2","C7_PlDNA10","D12"
"1163","CviMVP_130041","AC_LIS_CT_2023-10-3","A9_CviMVP_PlDNA_10_SG_1995_80981cf3",18,"qpcr_pl19","A9_PIDNA10","B11"
"1164","CviMVP_130041","AC_LIS_CT_2023-10-3","A9_CviMVP_PlDNA_10_SG_1995_80981cf3",18,"qpcr_pl19","A9_PIDNA10","B12"
"1165","CviMVP_130101","AC_LIS_CT_2023-10-3","H6_CviMVP_PlDNA_9_SG_1997_cb99d215",18,"qpcr_pl1","H6_PlDNA9","H09"
"1166","CviMVP_130101","AC_LIS_CT_2023-10-3","H6_CviMVP_PlDNA_9_SG_1997_cb99d215",18,"qpcr_pl1","H6_PlDNA9","H10"
"1167","CviMVP_130161","AC_LIS_CT_2023-10-3","C11_CviMVP_PlDNA_10_SG_1999_1fd75d06",19,"qpcr_pl21","C11_PIDNA10","B09"
"1168","CviMVP_130161","AC_LIS_CT_2023-10-3","C11_CviMVP_PlDNA_10_SG_1999_1fd75d06",19,"qpcr_pl21","C11_PIDNA10","B10"
"1169","CviMVP_130191","AC_LIS_CT_2023-10-3","E2_CviMVP_PlDNA_10_SG_2000_f05c5a6e",20,"qpcr_pl20","E2_PIDNA10","C05"
"1170","CviMVP_130191","AC_LIS_CT_2023-10-3","E2_CviMVP_PlDNA_10_SG_2000_f05c5a6e",20,"qpcr_pl20","E2_PIDNA10","C06"
"1171","CviMVP_130221","AC_LIS_CT_2023-10-3","A11_CviMVP_PlDNA_10_SG_2001_3e0f0f64",18,"qpcr_pl21","A11_PIDNA10","A09"
"1172","CviMVP_130221","AC_LIS_CT_2023-10-3","A11_CviMVP_PlDNA_10_SG_2001_3e0f0f64",18,"qpcr_pl21","A11_PIDNA10","A10"
"1173","CviMVP_130251","AC_LIS_CT_2023-10-3","B11_CviMVP_PlDNA_10_SG_2002_0754d098",20,"qpcr_pl20","B11_PIDNA10","G07"
"1174","CviMVP_130251","AC_LIS_CT_2023-10-3","B11_CviMVP_PlDNA_10_SG_2002_0754d098",20,"qpcr_pl20","B11_PIDNA10","G08"
"1175","CviMVP_130281","AC_LIS_CT_2023-10-3","C2_CviMVP_PlDNA_10_SG_2003_b40d508d",20,"qpcr_pl16","C2_PIDNA10","H01"
"1176","CviMVP_130281","AC_LIS_CT_2023-10-3","C2_CviMVP_PlDNA_10_SG_2003_b40d508d",20,"qpcr_pl16","C2_PIDNA10","H02"
"1177","CviMVP_130311","AC_LIS_CT_2023-10-3","F11_CviMVP_PlDNA_9_SG_2004_15538084",22,"qpcr_pl19","F11_PIDNA9","F03"
"1178","CviMVP_130311","AC_LIS_CT_2023-10-3","F11_CviMVP_PlDNA_9_SG_2004_15538084",22,"qpcr_pl19","F11_PIDNA9","F04"
"1179","CviMVP_130341","AC_LIS_CT_2023-10-3","D4_CviMVP_PlDNA_9_SG_2005_7864d4b8",22,"qpcr_pl1","D4_PlDNA9","D05"
"1180","CviMVP_130341","AC_LIS_CT_2023-10-3","D4_CviMVP_PlDNA_9_SG_2005_7864d4b8",22,"qpcr_pl1","D4_PlDNA9","D06"
"1181","CviMVP_15043","AC_LIS_CT_2023-10-3","D12_CviMVP_PlDNA_10_SG_2008_b9f810d0",23,"qpcr_pl21","D12_PIDNA10","E11"
"1182","CviMVP_15043","AC_LIS_CT_2023-10-3","D12_CviMVP_PlDNA_10_SG_2008_b9f810d0",23,"qpcr_pl21","D12_PIDNA10","E12"
"1183","CviMVP_15046","AC_LIS_CT_2023-10-3","G11_CviMVP_PlDNA_9_SG_2009_c8217fce",21,"qpcr_pl19","G11_PIDNA9","G03"
"1184","CviMVP_15046","AC_LIS_CT_2023-10-3","G11_CviMVP_PlDNA_9_SG_2009_c8217fce",21,"qpcr_pl19","G11_PIDNA9","G04"
"1185","CviMVP_15055","AC_LIS_CT_2023-10-3","C6_CviMVP_PlDNA_9_SG_2012_f47e7f81",19,"qpcr_pl1","C6_PlDNA9","C09"
"1186","CviMVP_15055","AC_LIS_CT_2023-10-3","C6_CviMVP_PlDNA_9_SG_2012_f47e7f81",19,"qpcr_pl1","C6_PlDNA9","C10"
"1187","CviMVP_15058","AC_LIS_CT_2023-10-3","F9_CviMVP_PlDNA_10_SG_2013_3c59ee43",22,"qpcr_pl19","F9_PIDNA10","E11"
"1188","CviMVP_15058","AC_LIS_CT_2023-10-3","F9_CviMVP_PlDNA_10_SG_2013_3c59ee43",22,"qpcr_pl19","F9_PIDNA10","E12"
"1189","CviMVP_15061","AC_LIS_CT_2023-10-3","E12_CviMVP_PlDNA_9_SG_2014_4508c3ac",20,"qpcr_pl19","E12_PIDNA9","E05"
"1190","CviMVP_15061","AC_LIS_CT_2023-10-3","E12_CviMVP_PlDNA_9_SG_2014_4508c3ac",20,"qpcr_pl19","E12_PIDNA9","E06"
"1191","CviMVP_15064","IL_ApBay_FL_2023-10-3","E11_CviMVP_PlDNA_9_SG_2015_5f30e515",19,"qpcr_pl19","E11_PIDNA9","E03"
"1192","CviMVP_15064","IL_ApBay_FL_2023-10-3","E11_CviMVP_PlDNA_9_SG_2015_5f30e515",19,"qpcr_pl19","E11_PIDNA9","E04"
"1193","CviMVP_15070","IL_ApBay_FL_2023-10-3","B11_CviMVP_PlDNA_9_SG_2017_21ebaf27",22,"qpcr_pl19","B11_PIDNA9","B03"
"1194","CviMVP_15070","IL_ApBay_FL_2023-10-3","B11_CviMVP_PlDNA_9_SG_2017_21ebaf27",22,"qpcr_pl19","B11_PIDNA9","B04"
"1195","CviMVP_15079","IL_ApBay_FL_2023-10-3","G8_CviMVP_PlDNA_10_SG_2020_de490c97",20,"qpcr_pl20","G8_PIDNA10","F07"
"1196","CviMVP_15079","IL_ApBay_FL_2023-10-3","G8_CviMVP_PlDNA_10_SG_2020_de490c97",20,"qpcr_pl20","G8_PIDNA10","F08"
"1197","CviMVP_15085","IL_ApBay_FL_2023-10-3","D4_CviMVP_PlDNA_10_SG_2022_fe5dd5e1",22,"qpcr_pl2","D4_PlDNA10","D05"
"1198","CviMVP_15085","IL_ApBay_FL_2023-10-3","D4_CviMVP_PlDNA_10_SG_2022_fe5dd5e1",22,"qpcr_pl2","D4_PlDNA10","D06"
"1199","CviMVP_15088","IL_ApBay_FL_2023-10-3","B12_CviMVP_PlDNA_10_SG_2023_c0c00370",22,"qpcr_pl21","B12_PIDNA10","C11"
"1200","CviMVP_15088","IL_ApBay_FL_2023-10-3","B12_CviMVP_PlDNA_10_SG_2023_c0c00370",22,"qpcr_pl21","B12_PIDNA10","C12"
"1201","CviMVP_15091","IL_ApBay_FL_2023-10-3","E4_CviMVP_PlDNA_10_SG_2024_45ef0038",22,"qpcr_pl2","E4_PlDNA10","E05"
"1202","CviMVP_15091","IL_ApBay_FL_2023-10-3","E4_CviMVP_PlDNA_10_SG_2024_45ef0038",22,"qpcr_pl2","E4_PlDNA10","E06"
"1203","CviMVP_15094","IL_ApBay_FL_2023-10-3","D5_CviMVP_PlDNA_10_SG_2025_5bd16ce4",22,"qpcr_pl2","D5_PlDNA10","D07"
"1204","CviMVP_15094","IL_ApBay_FL_2023-10-3","D5_CviMVP_PlDNA_10_SG_2025_5bd16ce4",22,"qpcr_pl2","D5_PlDNA10","D08"
"1205","CviMVP_15094","IL_ApBay_FL_2023-10-3","D5_CviMVP_PlDNA_10_SG_2025_5bd16ce4",22,"qpcr_pl21","D5_PlDNA10","F05"
"1206","CviMVP_15094","IL_ApBay_FL_2023-10-3","D5_CviMVP_PlDNA_10_SG_2025_5bd16ce4",22,"qpcr_pl21","D5_PlDNA10","F06"
"1207","CviMVP_15097","IL_ApBay_FL_2023-10-3","H4_CviMVP_PlDNA_9_SG_2026_d4e67cae",22,"qpcr_pl1","H4_PlDNA9","H05"
"1208","CviMVP_15097","IL_ApBay_FL_2023-10-3","H4_CviMVP_PlDNA_9_SG_2026_d4e67cae",22,"qpcr_pl1","H4_PlDNA9","H06"
"1209","CviMVP_15097","IL_ApBay_FL_2023-10-3","H4_CviMVP_PlDNA_9_SG_2026_d4e67cae",22,"qpcr_pl22","H4_PlDNA9","C05"
"1210","CviMVP_15097","IL_ApBay_FL_2023-10-3","H4_CviMVP_PlDNA_9_SG_2026_d4e67cae",22,"qpcr_pl22","H4_PlDNA9","C06"
"1211","CviMVP_15100","IL_ApBay_FL_2023-10-3","B7_CviMVP_PlDNA_10_SG_2027_40c79c0d",19,"qpcr_pl2","B7_PlDNA10","C11"
"1212","CviMVP_15100","IL_ApBay_FL_2023-10-3","B7_CviMVP_PlDNA_10_SG_2027_40c79c0d",19,"qpcr_pl2","B7_PlDNA10","C12"
"1213","CviMVP_15105","IL_ApBay_FL_2023-10-3","E11_CviMVP_PlDNA_10_SG_2029_759a8bec",18,"qpcr_pl21","E11_PIDNA10","D09"
"1214","CviMVP_15105","IL_ApBay_FL_2023-10-3","E11_CviMVP_PlDNA_10_SG_2029_759a8bec",18,"qpcr_pl21","E11_PIDNA10","D10"
"1215","CviMVP_15110","IL_ApBay_FL_2023-10-3","A2_CviMVP_PlDNA_10_SG_2031_4c9fc050",21,"qpcr_pl19","A2_PIDNA10","A09"
"1216","CviMVP_15110","IL_ApBay_FL_2023-10-3","A2_CviMVP_PlDNA_10_SG_2031_4c9fc050",21,"qpcr_pl19","A2_PIDNA10","A10"
"1217","CviMVP_15116","IL_ApBay_FL_2023-10-3","A9_CviMVP_PlDNA_9_SG_2033_2d4e3341",21,"qpcr_pl18","A9_PIDNA9","A09"
"1218","CviMVP_15116","IL_ApBay_FL_2023-10-3","A9_CviMVP_PlDNA_9_SG_2033_2d4e3341",21,"qpcr_pl18","A9_PIDNA9","A10"
"1219","CviMVP_15122","EC_ApBay_FL_2023-10-4","C11_CviMVP_PlDNA_9_SG_2035_fe995562",18,"qpcr_pl19","C11_PIDNA9","C03"
"1220","CviMVP_15122","EC_ApBay_FL_2023-10-4","C11_CviMVP_PlDNA_9_SG_2035_fe995562",18,"qpcr_pl19","C11_PIDNA9","C04"
"1221","CviMVP_15125","EC_ApBay_FL_2023-10-4","A3_CviMVP_PlDNA_10_SG_2036_b141fc51",20,"qpcr_pl2","A3_PlDNA10","A03"
"1222","CviMVP_15125","EC_ApBay_FL_2023-10-4","A3_CviMVP_PlDNA_10_SG_2036_b141fc51",20,"qpcr_pl2","A3_PlDNA10","A04"
"1223","CviMVP_15128","EC_ApBay_FL_2023-10-4","H8_CviMVP_PlDNA_10_SG_2037_0941fca6",19,"qpcr_pl21","H8_PIDNA10","G03"
"1224","CviMVP_15128","EC_ApBay_FL_2023-10-4","H8_CviMVP_PlDNA_10_SG_2037_0941fca6",19,"qpcr_pl21","H8_PIDNA10","G04"
"1225","CviMVP_15131","EC_ApBay_FL_2023-10-4","F2_CviMVP_PlDNA_10_SG_2038_38049366",21,"qpcr_pl19","F2_PIDNA10","C09"
"1226","CviMVP_15131","EC_ApBay_FL_2023-10-4","F2_CviMVP_PlDNA_10_SG_2038_38049366",21,"qpcr_pl19","F2_PIDNA10","C10"
"1227","CviMVP_15137","EC_ApBay_FL_2023-10-4","D1_CviMVP_PlDNA_9_SG_2040_dc33a58e",22,"qpcr_pl18","D1_PIDNA9","D03"
"1228","CviMVP_15137","EC_ApBay_FL_2023-10-4","D1_CviMVP_PlDNA_9_SG_2040_dc33a58e",22,"qpcr_pl18","D1_PIDNA9","D04"
"1229","CviMVP_15140","EC_ApBay_FL_2023-10-4","F1_CviMVP_PlDNA_10_SG_2041_b9a3bfb4",21,"qpcr_pl19","F1_PIDNA10","E07"
"1230","CviMVP_15140","EC_ApBay_FL_2023-10-4","F1_CviMVP_PlDNA_10_SG_2041_b9a3bfb4",21,"qpcr_pl19","F1_PIDNA10","E08"
"1231","CviMVP_15143","EC_ApBay_FL_2023-10-4","D11_CviMVP_PlDNA_9_SG_2042_661e376f",22,"qpcr_pl19","D11_PIDNA9","D03"
"1232","CviMVP_15143","EC_ApBay_FL_2023-10-4","D11_CviMVP_PlDNA_9_SG_2042_661e376f",22,"qpcr_pl19","D11_PIDNA9","D04"
"1233","CviMVP_15146","EC_ApBay_FL_2023-10-4","F12_CviMVP_PlDNA_9_SG_2043_cb780332",19,"qpcr_pl19","F12_PIDNA9","F05"
"1234","CviMVP_15146","EC_ApBay_FL_2023-10-4","F12_CviMVP_PlDNA_9_SG_2043_cb780332",19,"qpcr_pl19","F12_PIDNA9","F06"
"1235","CviMVP_15149","EC_ApBay_FL_2023-10-4","E9_CviMVP_PlDNA_10_SG_2044_7f176d05",20,"qpcr_pl19","E9_PIDNA10","H01"
"1236","CviMVP_15149","EC_ApBay_FL_2023-10-4","E9_CviMVP_PlDNA_10_SG_2044_7f176d05",20,"qpcr_pl19","E9_PIDNA10","H02"
"1237","CviMVP_15158","EC_ApBay_FL_2023-10-4","F6_CviMVP_PlDNA_10_SG_2047_b1ff69b8",22,"qpcr_pl2","F6_PlDNA10","F09"
"1238","CviMVP_15158","EC_ApBay_FL_2023-10-4","F6_CviMVP_PlDNA_10_SG_2047_b1ff69b8",22,"qpcr_pl2","F6_PlDNA10","F10"
"1239","CviMVP_15158","EC_ApBay_FL_2023-10-4","F6_CviMVP_PlDNA_10_SG_2047_b1ff69b8",22,"qpcr_pl21","F6_PlDNA10","H09"
"1240","CviMVP_15158","EC_ApBay_FL_2023-10-4","F6_CviMVP_PlDNA_10_SG_2047_b1ff69b8",22,"qpcr_pl21","F6_PlDNA10","H10"
"1241","CviMVP_15161","EC_ApBay_FL_2023-10-4","H11_CviMVP_PlDNA_9_SG_2048_d143067d",21,"qpcr_pl19","H11_PIDNA9","H03"
"1242","CviMVP_15161","EC_ApBay_FL_2023-10-4","H11_CviMVP_PlDNA_9_SG_2048_d143067d",21,"qpcr_pl19","H11_PIDNA9","H04"
"1243","CviMVP_15164","EC_ApBay_FL_2023-10-4","G12_CviMVP_PlDNA_10_SG_2049_a5d31ffb",20,"qpcr_pl21","G12_PIDNA10","D05"
"1244","CviMVP_15164","EC_ApBay_FL_2023-10-4","G12_CviMVP_PlDNA_10_SG_2049_a5d31ffb",20,"qpcr_pl21","G12_PIDNA10","D06"
"1245","CviMVP_15170","EC_ApBay_FL_2023-10-4","A5_CviMVP_PlDNA_9_SG_2051_8fd6c592",20,"qpcr_pl1","A5_PlDNA9","A07"
"1246","CviMVP_15170","EC_ApBay_FL_2023-10-4","A5_CviMVP_PlDNA_9_SG_2051_8fd6c592",20,"qpcr_pl1","A5_PlDNA9","A08"
"1247","CviMVP_15173","EC_ApBay_FL_2023-10-4","G9_CviMVP_PlDNA_9_SG_2052_f6325207",22,"qpcr_pl18","G9_PIDNA9","E09"
"1248","CviMVP_15173","EC_ApBay_FL_2023-10-4","G9_CviMVP_PlDNA_9_SG_2052_f6325207",22,"qpcr_pl18","G9_PIDNA9","E10"
"1249","CviMVP_15173","EC_ApBay_FL_2023-10-4","G9_CviMVP_PlDNA_9_SG_2052_f6325207",22,"qpcr_pl22","G9_PlNDA9","H03"
"1250","CviMVP_15173","EC_ApBay_FL_2023-10-4","G9_CviMVP_PlDNA_9_SG_2052_f6325207",22,"qpcr_pl22","G9_PlNDA9","H04"
"1251","CviMVP_15176","EC_ApBay_FL_2023-10-4","A5_CviMVP_PlDNA_10_SG_2053_a99d49c4",18,"qpcr_pl2","A5_PlDNA10","A07"
"1252","CviMVP_15176","EC_ApBay_FL_2023-10-4","A5_CviMVP_PlDNA_10_SG_2053_a99d49c4",18,"qpcr_pl2","A5_PlDNA10","A08"
"1253","CviMVP_15176","EC_ApBay_FL_2023-10-4","A5_CviMVP_PlDNA_10_SG_2053_a99d49c4",18,"qpcr_pl21","A5_PlDNA10","E05"
"1254","CviMVP_15176","EC_ApBay_FL_2023-10-4","A5_CviMVP_PlDNA_10_SG_2053_a99d49c4",18,"qpcr_pl21","A5_PlDNA10","E06"
"1255","CviMVP_15188","EC_ApBay_FL_2023-10-4","E1_CviMVP_PlDNA_9_SG_2057_f18670d4",21,"qpcr_pl18","E1_PIDNA9","E03"
"1256","CviMVP_15188","EC_ApBay_FL_2023-10-4","E1_CviMVP_PlDNA_9_SG_2057_f18670d4",21,"qpcr_pl18","E1_PIDNA9","E04"
"1257","CviMVP_15191","EC_ApBay_FL_2023-10-4","C3_CviMVP_PlDNA_10_SG_2058_1f9da7a1",21,"qpcr_pl2","C3_PlDNA10","C03"
"1258","CviMVP_15191","EC_ApBay_FL_2023-10-4","C3_CviMVP_PlDNA_10_SG_2058_1f9da7a1",21,"qpcr_pl2","C3_PlDNA10","C04"
"1259","CviMVP_15197","EC_ApBay_FL_2023-10-4","E10_CviMVP_PlDNA_9_SG_2060_51453c8e",19,"qpcr_pl18","E10_PIDNA9","F11"
"1260","CviMVP_15197","EC_ApBay_FL_2023-10-4","E10_CviMVP_PlDNA_9_SG_2060_51453c8e",19,"qpcr_pl18","E10_PIDNA9","F12"
"1261","CviMVP_15200","EC_ApBay_FL_2023-10-4","A6_CviMVP_PlDNA_9_SG_2061_4151017c",21,"qpcr_pl1","A6_PlDNA9","A09"
"1262","CviMVP_15200","EC_ApBay_FL_2023-10-4","A6_CviMVP_PlDNA_9_SG_2061_4151017c",21,"qpcr_pl1","A6_PlDNA9","A10"
"1263","CviMVP_130491","IL_ApBay_FL_2023-10-3","H6_CviMVP_PlDNA_10_SG_2063_47fa25a7",18,"qpcr_pl2","H6_PlDNA10","H09"
"1264","CviMVP_130491","IL_ApBay_FL_2023-10-3","H6_CviMVP_PlDNA_10_SG_2063_47fa25a7",18,"qpcr_pl2","H6_PlDNA10","H10"
"1265","CviMVP_130521","IL_ApBay_FL_2023-10-3","B1_CviMVP_PlDNA_9_SG_2064_0d827eb8",20,"qpcr_pl18","B1_PIDNA9","B03"
"1266","CviMVP_130521","IL_ApBay_FL_2023-10-3","B1_CviMVP_PlDNA_9_SG_2064_0d827eb8",20,"qpcr_pl18","B1_PIDNA9","B04"
"1267","CviMVP_130551","IL_ApBay_FL_2023-10-3","C3_CviMVP_PlDNA_9_SG_2065_727d1736",22,"qpcr_pl1","C3_PlDNA9","C03"
"1268","CviMVP_130551","IL_ApBay_FL_2023-10-3","C3_CviMVP_PlDNA_9_SG_2065_727d1736",22,"qpcr_pl1","C3_PlDNA9","C04"
"1269","CviMVP_130611","IL_ApBay_FL_2023-10-3","D6_CviMVP_PlDNA_10_SG_2067_ad481849",23,"qpcr_pl2","D6_PlDNA10","D09"
"1270","CviMVP_130611","IL_ApBay_FL_2023-10-3","D6_CviMVP_PlDNA_10_SG_2067_ad481849",23,"qpcr_pl2","D6_PlDNA10","D10"
"1271","CviMVP_130701","IL_ApBay_FL_2023-10-3","A7_CviMVP_PlDNA_10_SG_2070_a576a0fa",19,"qpcr_pl2","A7_PlDNA10","B11"
"1272","CviMVP_130701","IL_ApBay_FL_2023-10-3","A7_CviMVP_PlDNA_10_SG_2070_a576a0fa",19,"qpcr_pl2","A7_PlDNA10","B12"
"1273","CviMVP_130731","IL_ApBay_FL_2023-10-3","B3_CviMVP_PlDNA_10_SG_2071_b4afd129",22,"qpcr_pl2","B3_PlDNA10","B03"
"1274","CviMVP_130731","IL_ApBay_FL_2023-10-3","B3_CviMVP_PlDNA_10_SG_2071_b4afd129",22,"qpcr_pl2","B3_PlDNA10","B04"
"1275","CviMVP_130791","FC_LIS_CT_2023-10-11","B3_CviMVP_PlDNA_9_SG_2073_c2b8621b",19,"qpcr_pl1","B3_PlDNA9","B03"
"1276","CviMVP_130791","FC_LIS_CT_2023-10-11","B3_CviMVP_PlDNA_9_SG_2073_c2b8621b",19,"qpcr_pl1","B3_PlDNA9","B04"
"1277","CviMVP_130851","FC_LIS_CT_2023-10-11","H4_CviMVP_PlDNA_10_SG_2075_7ce89a58",22,"qpcr_pl2","H4_PlDNA10","H05"
"1278","CviMVP_130851","FC_LIS_CT_2023-10-11","H4_CviMVP_PlDNA_10_SG_2075_7ce89a58",22,"qpcr_pl2","H4_PlDNA10","H06"
"1279","CviMVP_130881","FC_LIS_CT_2023-10-11","G5_CviMVP_PlDNA_9_SG_2076_10d3cadc",22,"qpcr_pl1","G5_PlDNA9","G07"
"1280","CviMVP_130881","FC_LIS_CT_2023-10-11","G5_CviMVP_PlDNA_9_SG_2076_10d3cadc",22,"qpcr_pl1","G5_PlDNA9","G08"
"1281","CviMVP_130881","FC_LIS_CT_2023-10-11","G5_CviMVP_PlDNA_9_SG_2076_10d3cadc",22,"qpcr_pl22","G5_PlDNA9","F05"
"1282","CviMVP_130881","FC_LIS_CT_2023-10-11","G5_CviMVP_PlDNA_9_SG_2076_10d3cadc",22,"qpcr_pl22","G5_PlDNA9","F06"
"1283","CviMVP_130911","FC_LIS_CT_2023-10-11","G7_CviMVP_PlDNA_10_SG_2077_40f6a386",22,"qpcr_pl19","G7_PIDNA9","G09"
"1284","CviMVP_130911","FC_LIS_CT_2023-10-11","G7_CviMVP_PlDNA_10_SG_2077_40f6a386",22,"qpcr_pl19","G7_PIDNA9","G10"
"1285","CviMVP_130941","FC_LIS_CT_2023-10-11","H5_CviMVP_PlDNA_10_SG_2078_b8a33fcd",23,"qpcr_pl2","H5_PlDNA10","H07"
"1286","CviMVP_130941","FC_LIS_CT_2023-10-11","H5_CviMVP_PlDNA_10_SG_2078_b8a33fcd",23,"qpcr_pl2","H5_PlDNA10","H08"
"1287","CviMVP_130941","FC_LIS_CT_2023-10-11","H5_CviMVP_PlDNA_10_SG_2078_b8a33fcd",23,"qpcr_pl21","H5_PlDNA10","G05"
"1288","CviMVP_130941","FC_LIS_CT_2023-10-11","H5_CviMVP_PlDNA_10_SG_2078_b8a33fcd",23,"qpcr_pl21","H5_PlDNA10","G06"
"1289","CviMVP_130971","FC_LIS_CT_2023-10-11","D10_CviMVP_PlDNA_9_SG_2079_aa2812ca",20,"qpcr_pl18","D10_PIDNA9","E11"
"1290","CviMVP_130971","FC_LIS_CT_2023-10-11","D10_CviMVP_PlDNA_9_SG_2079_aa2812ca",20,"qpcr_pl18","D10_PIDNA9","E12"
"1291","CviMVP_131091","FC_LIS_CT_2023-10-11","B12_CviMVP_PlDNA_9_SG_2083_c9e957d2",18,"qpcr_pl19","B12_PIDNA9","B05"
"1292","CviMVP_131091","FC_LIS_CT_2023-10-11","B12_CviMVP_PlDNA_9_SG_2083_c9e957d2",18,"qpcr_pl19","B12_PIDNA9","B06"
"1293","CviMVP_131151","FC_LIS_CT_2023-10-11","C12_CviMVP_PlDNA_9_SG_2085_9e9d2027",20,"qpcr_pl19","C12_PIDNA9","C05"
"1294","CviMVP_131151","FC_LIS_CT_2023-10-11","C12_CviMVP_PlDNA_9_SG_2085_9e9d2027",20,"qpcr_pl19","C12_PIDNA9","C06"
"1295","CviMVP_131181","FC_LIS_CT_2023-10-11","F4_CviMVP_PlDNA_9_SG_2086_90eb25bf",22,"qpcr_pl1","F4_PlDNA9","F05"
"1296","CviMVP_131181","FC_LIS_CT_2023-10-11","F4_CviMVP_PlDNA_9_SG_2086_90eb25bf",22,"qpcr_pl1","F4_PlDNA9","F06"
"1297","CviMVP_131211","FC_LIS_CT_2023-10-11","B9_CviMVP_PlDNA_9_SG_2087_fcc7e794",20,"qpcr_pl18","B9_PIDNA9","B09"
"1298","CviMVP_131211","FC_LIS_CT_2023-10-11","B9_CviMVP_PlDNA_9_SG_2087_fcc7e794",20,"qpcr_pl18","B9_PIDNA9","B10"
"1299","CviMVP_131241","FC_LIS_CT_2023-10-11","G10_CviMVP_PlDNA_10_SG_2088_6672fa31",21,"qpcr_pl21","G10_PIDNA10","F07"
"1300","CviMVP_131241","FC_LIS_CT_2023-10-11","G10_CviMVP_PlDNA_10_SG_2088_6672fa31",21,"qpcr_pl21","G10_PIDNA10","F08"
"1301","CviMVP_131301","FC_LIS_CT_2023-10-11","C8_CviMVP_PlDNA_9_SG_2090_050351ba",21,"qpcr_pl18","C8_PIDNA9","C07"
"1302","CviMVP_131301","FC_LIS_CT_2023-10-11","C8_CviMVP_PlDNA_9_SG_2090_050351ba",21,"qpcr_pl18","C8_PIDNA9","C08"
"1303","CviMVP_131331","FC_LIS_CT_2023-10-11","D1_CviMVP_PlDNA_10_SG_2091_372072dd",20,"qpcr_pl17","D1_PIDNA10","H01"
"1304","CviMVP_131331","FC_LIS_CT_2023-10-11","D1_CviMVP_PlDNA_10_SG_2091_372072dd",20,"qpcr_pl17","D1_PIDNA10","H02"
"1305","CviMVP_131361","FC_LIS_CT_2023-10-11","B8_CviMVP_PlDNA_9_SG_2092_9107cc79",18,"qpcr_pl18","B8_PIDNA9","B07"
"1306","CviMVP_131361","FC_LIS_CT_2023-10-11","B8_CviMVP_PlDNA_9_SG_2092_9107cc79",18,"qpcr_pl18","B8_PIDNA9","B08"
"1307","CviMVP_131391","FC_LIS_CT_2023-10-11","H10_CviMVP_PlDNA_9_SG_2093_b7ab79f2",22,"qpcr_pl18","H10_PIDNA9","H09"
"1308","CviMVP_131391","FC_LIS_CT_2023-10-11","H10_CviMVP_PlDNA_9_SG_2093_b7ab79f2",22,"qpcr_pl18","H10_PIDNA9","H10"
"1309","CviMVP_131421","FC_LIS_CT_2023-10-11","F5_CviMVP_PlDNA_10_SG_2094_02a78116",21,"qpcr_pl2","F5_PlDNA10","F07"
"1310","CviMVP_131421","FC_LIS_CT_2023-10-11","F5_CviMVP_PlDNA_10_SG_2094_02a78116",21,"qpcr_pl2","F5_PlDNA10","F08"
"1311","CviMVP_131451","FC_LIS_CT_2023-10-11","G3_CviMVP_PlDNA_9_SG_2095_d4b38e21",19,"qpcr_pl1","G3_PlDNA9","G03"
"1312","CviMVP_131451","FC_LIS_CT_2023-10-11","G3_CviMVP_PlDNA_9_SG_2095_d4b38e21",19,"qpcr_pl1","G3_PlDNA9","G04"
"1313","CviMVP_131451","FC_LIS_CT_2023-10-11","G3_CviMVP_PlDNA_9_SG_2095_d4b38e21",19,"qpcr_pl22","G3_PlDNA9","F03"
"1314","CviMVP_131451","FC_LIS_CT_2023-10-11","G3_CviMVP_PlDNA_9_SG_2095_d4b38e21",19,"qpcr_pl22","G3_PlDNA9","F04"
"1315","CviMVP_131571","FC_LIS_CT_2023-10-11","F3_CviMVP_PlDNA_9_SG_2099_8f119d72",20,"qpcr_pl1","F3_PlDNA9","F03"
"1316","CviMVP_131571","FC_LIS_CT_2023-10-11","F3_CviMVP_PlDNA_9_SG_2099_8f119d72",20,"qpcr_pl1","F3_PlDNA9","F04"
"1317","CviMVP_131641","FC_LIS_CT_2023-10-11","C1_CviMVP_PlDNA_9_SG_2101_3afce4c2",20,"qpcr_pl18","C1_PIDNA9","C03"
"1318","CviMVP_131641","FC_LIS_CT_2023-10-11","C1_CviMVP_PlDNA_9_SG_2101_3afce4c2",20,"qpcr_pl18","C1_PIDNA9","C04"
"1319","CviMVP_11496","NR_NB_RI_2022-8-19","C2_CviMVP_PlDNA_4_SG.sharedLotterhosPuritz_1482_55e8412d",22,"qpcr_pl13","C2_PIDNA4","B09"
"1320","CviMVP_11496","NR_NB_RI_2022-8-19","C2_CviMVP_PlDNA_4_SG.sharedLotterhosPuritz_1482_55e8412d",22,"qpcr_pl13","C2_PIDNA4","B10"
"1321","CviMVP_11499","NR_NB_RI_2022-8-19","E9_CviMVP_PlDNA_2_SG.sharedLotterhosPuritz_1483_dcff5b0d",18,"qpcr_pl10","E9_PlDNA2","E03"
"1322","CviMVP_11499","NR_NB_RI_2022-8-19","E9_CviMVP_PlDNA_2_SG.sharedLotterhosPuritz_1483_dcff5b0d",18,"qpcr_pl10","E9_PlDNA2","E04"
"1323","CviMVP_11505","NR_NB_RI_2022-8-19","G1_CviMVP_PlDNA_5_SG.sharedLotterhosPuritz_1485_584ef346",21,"qpcr_pl17","G1_PIDNA5","G03"
"1324","CviMVP_11505","NR_NB_RI_2022-8-19","G1_CviMVP_PlDNA_5_SG.sharedLotterhosPuritz_1485_584ef346",21,"qpcr_pl17","G1_PIDNA5","G04"
"1325","CviMVP_11507","NR_NB_RI_2022-8-19","F2_CviMVP_PlDNA_3_SG.sharedLotterhosPuritz_1486_97845837",15,"qpcr_pl11","F2_PlDNA3","E05"
"1326","CviMVP_11507","NR_NB_RI_2022-8-19","F2_CviMVP_PlDNA_3_SG.sharedLotterhosPuritz_1486_97845837",15,"qpcr_pl11","F2_PlDNA3","E06"
"1327","CviMVP_11513","NR_NB_RI_2022-8-19","G5_CviMVP_PlDNA_4_SG.sharedLotterhosPuritz_1488_d1de6993",20,"qpcr_pl15","G5_PIDNA4","G05"
"1328","CviMVP_11513","NR_NB_RI_2022-8-19","G5_CviMVP_PlDNA_4_SG.sharedLotterhosPuritz_1488_d1de6993",20,"qpcr_pl15","G5_PIDNA4","G06"
"1329","CviMVP_11522","NR_NB_RI_2022-8-19","B5_CviMVP_PlDNA_3_SG.sharedLotterhosPuritz_1491_4d777632",22,"qpcr_pl11","B5_PlDNA3","C11"
"1330","CviMVP_11522","NR_NB_RI_2022-8-19","B5_CviMVP_PlDNA_3_SG.sharedLotterhosPuritz_1491_4d777632",22,"qpcr_pl11","B5_PlDNA3","C12"
"1331","CviMVP_11525","NR_NB_RI_2022-8-19","C9_CviMVP_PlDNA_3_SG.sharedLotterhosPuritz_1492_f748ad4a",14,"qpcr_pl12","C9_PIDNA3","C09"
"1332","CviMVP_11525","NR_NB_RI_2022-8-19","C9_CviMVP_PlDNA_3_SG.sharedLotterhosPuritz_1492_f748ad4a",14,"qpcr_pl12","C9_PIDNA3","C10"
"1333","CviMVP_11531","NR_NB_RI_2022-8-19","F9_CviMVP_PlDNA_2_SG.sharedLotterhosPuritz_1494_7e8e3848",19,"qpcr_pl10","F9_PlDNA2","F03"
"1334","CviMVP_11531","NR_NB_RI_2022-8-19","F9_CviMVP_PlDNA_2_SG.sharedLotterhosPuritz_1494_7e8e3848",19,"qpcr_pl10","F9_PlDNA2","F04"
"1335","CviMVP_11534","NR_NB_RI_2022-8-19","H9_CviMVP_PlDNA_2_SG.sharedLotterhosPuritz_1495_6dd58e52",21,"qpcr_pl10","H9_PlDNA2","H03"
"1336","CviMVP_11534","NR_NB_RI_2022-8-19","H9_CviMVP_PlDNA_2_SG.sharedLotterhosPuritz_1495_6dd58e52",21,"qpcr_pl10","H9_PlDNA2","H04"
"1337","CviMVP_11537","NR_NB_RI_2022-8-19","F6_CviMVP_PlDNA_2_SG.sharedLotterhosPuritz_1496_13dadaa0",18,"qpcr_pl9","F6_PlDNA2","E07"
"1338","CviMVP_11537","NR_NB_RI_2022-8-19","F6_CviMVP_PlDNA_2_SG.sharedLotterhosPuritz_1496_13dadaa0",18,"qpcr_pl9","F6_PlDNA2","E08"
"1339","CviMVP_11540","NR_NB_RI_2022-8-19","F8_CviMVP_PlDNA_10_SG.sharedLotterhosPuritz_1497_165d898b",22,"qpcr_pl21","F8_PIDNA10","F03"
"1340","CviMVP_11540","NR_NB_RI_2022-8-19","F8_CviMVP_PlDNA_10_SG.sharedLotterhosPuritz_1497_165d898b",22,"qpcr_pl21","F8_PIDNA10","F04"
"1341","CviMVP_11543","NR_NB_RI_2022-8-19","F9_CviMVP_PlDNA_3_SG.sharedLotterhosPuritz_1498_82354aba",22,"qpcr_pl12","F9_PIDNA3","F09"
"1342","CviMVP_11543","NR_NB_RI_2022-8-19","F9_CviMVP_PlDNA_3_SG.sharedLotterhosPuritz_1498_82354aba",22,"qpcr_pl12","F9_PIDNA3","F10"
"1343","CviMVP_11546","NR_NB_RI_2022-8-19","C1_CviMVP_PlDNA_6_SG.sharedLotterhosPuritz_1499_50f125eb",20,"qpcr_pl20","C1_PIDNA6","A05"
"1344","CviMVP_11546","NR_NB_RI_2022-8-19","C1_CviMVP_PlDNA_6_SG.sharedLotterhosPuritz_1499_50f125eb",20,"qpcr_pl20","C1_PIDNA6","A06"
"1345","CviMVP_11549","NR_NB_RI_2022-8-19","F9_CviMVP_PlDNA_8_SG.sharedLotterhosPuritz_1500_66a95736",20,"qpcr_pl5","F9_PlDNA8","F09"
"1346","CviMVP_11549","NR_NB_RI_2022-8-19","F9_CviMVP_PlDNA_8_SG.sharedLotterhosPuritz_1500_66a95736",20,"qpcr_pl5","F9_PlDNA8","F10"
"1347","CviMVP_11552","NR_NB_RI_2022-8-19","D7_CviMVP_PlDNA_8_SG.sharedLotterhosPuritz_1501_f7ccf56f",20,"qpcr_pl5","D7_PlDNA8","D05"
"1348","CviMVP_11552","NR_NB_RI_2022-8-19","D7_CviMVP_PlDNA_8_SG.sharedLotterhosPuritz_1501_f7ccf56f",20,"qpcr_pl5","D7_PlDNA8","D06"
"1349","CviMVP_11552","NR_NB_RI_2022-8-19","D7_CviMVP_PlDNA_8_SG.sharedLotterhosPuritz_1501_f7ccf56f",20,"qpcr_pl22","D7_PlDNA8","C11"
"1350","CviMVP_11552","NR_NB_RI_2022-8-19","D7_CviMVP_PlDNA_8_SG.sharedLotterhosPuritz_1501_f7ccf56f",20,"qpcr_pl22","D7_PlDNA8","C12"
"1351","CviMVP_11555","NR_NB_RI_2022-8-19","D5_CviMVP_PlDNA_5_SG.sharedLotterhosPuritz_1502_f43278c7",21,"qpcr_pl17","D5_PIDNA5","D11"
"1352","CviMVP_11555","NR_NB_RI_2022-8-19","D5_CviMVP_PlDNA_5_SG.sharedLotterhosPuritz_1502_f43278c7",21,"qpcr_pl17","D5_PIDNA5","D12"
"1353","CviMVP_11558","NR_NB_RI_2022-8-19","H9_CviMVP_PlDNA_4_SG.sharedLotterhosPuritz_1503_5d1a03b6",20,"qpcr_pl16","H9_PIDNA4","G03"
"1354","CviMVP_11558","NR_NB_RI_2022-8-19","H9_CviMVP_PlDNA_4_SG.sharedLotterhosPuritz_1503_5d1a03b6",20,"qpcr_pl16","H9_PIDNA4","G04"
"1355","CviMVP_11564","NR_NB_RI_2022-8-19","D8_CviMVP_PlDNA_9_SG.sharedLotterhosPuritz_1505_87833e2e",22,"qpcr_pl18","D8_PIDNA9","D07"
"1356","CviMVP_11564","NR_NB_RI_2022-8-19","D8_CviMVP_PlDNA_9_SG.sharedLotterhosPuritz_1505_87833e2e",22,"qpcr_pl18","D8_PIDNA9","D08"
"1357","CviMVP_11570","NR_NB_RI_2022-8-19","F5_CviMVP_PlDNA_9_SG.sharedLotterhosPuritz_1507_bc4a0c29",19,"qpcr_pl1","F5_PlDNA9","F07"
"1358","CviMVP_11570","NR_NB_RI_2022-8-19","F5_CviMVP_PlDNA_9_SG.sharedLotterhosPuritz_1507_bc4a0c29",19,"qpcr_pl1","F5_PlDNA9","F08"
"1359","CviMVP_11576","NR_NB_RI_2022-8-19","D9_CviMVP_PlDNA_2_SG.sharedLotterhosPuritz_1509_242c6773",21,"qpcr_pl10","D9_PlDNA2","D03"
"1360","CviMVP_11576","NR_NB_RI_2022-8-19","D9_CviMVP_PlDNA_2_SG.sharedLotterhosPuritz_1509_242c6773",21,"qpcr_pl10","D9_PlDNA2","D04"
"1361","CviMVP_11582","DC_NB_RI_2022-8-19","H8_CviMVP_PlDNA_3_SG.sharedLotterhosPuritz_1511_e7286bb7",22,"qpcr_pl12","H8_PlDNA3","H07"
"1362","CviMVP_11582","DC_NB_RI_2022-8-19","H8_CviMVP_PlDNA_3_SG.sharedLotterhosPuritz_1511_e7286bb7",22,"qpcr_pl12","H8_PlDNA3","H08"
"1363","CviMVP_11588","DC_NB_RI_2022-8-19","E1_CviMVP_PlDNA_10_SG.sharedLotterhosPuritz_1513_6c83a6da",20,"qpcr_pl19","E1_PIDNA10","D07"
"1364","CviMVP_11588","DC_NB_RI_2022-8-19","E1_CviMVP_PlDNA_10_SG.sharedLotterhosPuritz_1513_6c83a6da",20,"qpcr_pl19","E1_PIDNA10","D08"
"1365","CviMVP_11591","DC_NB_RI_2022-8-19","H4_CviMVP_PlDNA_4_SG.sharedLotterhosPuritz_1514_53c65e35",21,"qpcr_pl15","H4_PIDNA4","G03"
"1366","CviMVP_11591","DC_NB_RI_2022-8-19","H4_CviMVP_PlDNA_4_SG.sharedLotterhosPuritz_1514_53c65e35",21,"qpcr_pl15","H4_PIDNA4","G04"
"1367","CviMVP_11594","DC_NB_RI_2022-8-19","C3_CviMVP_PlDNA_8_SG.sharedLotterhosPuritz_1515_7b4479d6",21,"qpcr_pl4","C3_PlDNA8","C07"
"1368","CviMVP_11594","DC_NB_RI_2022-8-19","C3_CviMVP_PlDNA_8_SG.sharedLotterhosPuritz_1515_7b4479d6",21,"qpcr_pl4","C3_PlDNA8","C08"
"1369","CviMVP_11597","DC_NB_RI_2022-8-19","H8_CviMVP_PlDNA_2_SG.sharedLotterhosPuritz_1516_405c32be",22,"qpcr_pl10","H8_PlDNA2","D11"
"1370","CviMVP_11597","DC_NB_RI_2022-8-19","H8_CviMVP_PlDNA_2_SG.sharedLotterhosPuritz_1516_405c32be",22,"qpcr_pl10","H8_PlDNA2","D12"
"1371","CviMVP_11600","DC_NB_RI_2022-8-19","C7_CviMVP_PlDNA_5_SG.sharedLotterhosPuritz_1517_6dd8eee1",20,NA,NA,NA
"1372","CviMVP_11603","DC_NB_RI_2022-8-19","G4_CviMVP_PlDNA_3_SG.sharedLotterhosPuritz_1518_4ff5ee3e",22,"qpcr_pl11","G4_PlDNA3","G09"
"1373","CviMVP_11603","DC_NB_RI_2022-8-19","G4_CviMVP_PlDNA_3_SG.sharedLotterhosPuritz_1518_4ff5ee3e",22,"qpcr_pl11","G4_PlDNA3","G10"
"1374","CviMVP_11606","DC_NB_RI_2022-8-19","D3_CviMVP_PlDNA_2_SG.sharedLotterhosPuritz_1519_a6d73b27",20,"qpcr_pl8","D3_PlDNA2","G09"
"1375","CviMVP_11606","DC_NB_RI_2022-8-19","D3_CviMVP_PlDNA_2_SG.sharedLotterhosPuritz_1519_a6d73b27",20,"qpcr_pl8","D3_PlDNA2","G10"
"1376","CviMVP_11609","DC_NB_RI_2022-8-19","E7_CviMVP_PlDNA_4_SG.sharedLotterhosPuritz_1520_2ac7c9cd",21,"qpcr_pl15","E7_PIDNA4","D09"
"1377","CviMVP_11609","DC_NB_RI_2022-8-19","E7_CviMVP_PlDNA_4_SG.sharedLotterhosPuritz_1520_2ac7c9cd",21,"qpcr_pl15","E7_PIDNA4","D10"
"1378","CviMVP_11615","DC_NB_RI_2022-8-19","C10_CviMVP_PlDNA_10_SG.sharedLotterhosPuritz_1522_412fe23d",21,"qpcr_pl21","C10_PIDNA10","C07"
"1379","CviMVP_11615","DC_NB_RI_2022-8-19","C10_CviMVP_PlDNA_10_SG.sharedLotterhosPuritz_1522_412fe23d",21,"qpcr_pl21","C10_PIDNA10","C08"
"1380","CviMVP_11617","DC_NB_RI_2022-8-19","D11_CviMVP_PlDNA_5_SG.sharedLotterhosPuritz_1523_b1a44415",22,"qpcr_pl3","D11_PlDNA5","D07"
"1381","CviMVP_11617","DC_NB_RI_2022-8-19","D11_CviMVP_PlDNA_5_SG.sharedLotterhosPuritz_1523_b1a44415",22,"qpcr_pl3","D11_PlDNA5","D08"
"1382","CviMVP_11626","DC_NB_RI_2022-8-19","D8_CviMVP_PlDNA_2_SG.sharedLotterhosPuritz_1526_8fde2a0e",20,"qpcr_pl9","D8_PlDNA2","E11"
"1383","CviMVP_11626","DC_NB_RI_2022-8-19","D8_CviMVP_PlDNA_2_SG.sharedLotterhosPuritz_1526_8fde2a0e",20,"qpcr_pl9","D8_PlDNA2","E12"
"1384","CviMVP_11629","DC_NB_RI_2022-8-19","H11_CviMVP_PlDNA_2_SG.sharedLotterhosPuritz_1527_c9330c62",20,"qpcr_pl10","H11_PlDNA2","G07"
"1385","CviMVP_11629","DC_NB_RI_2022-8-19","H11_CviMVP_PlDNA_2_SG.sharedLotterhosPuritz_1527_c9330c62",20,"qpcr_pl10","H11_PlDNA2","G08"
"1386","CviMVP_11635","DC_NB_RI_2022-8-19","C12_CviMVP_PlDNA_7_SG.sharedLotterhosPuritz_1529_cea1f7ed",20,"qpcr_pl14","C12_PIDNA7","B05"
"1387","CviMVP_11635","DC_NB_RI_2022-8-19","C12_CviMVP_PlDNA_7_SG.sharedLotterhosPuritz_1529_cea1f7ed",20,"qpcr_pl14","C12_PIDNA7","B06"
"1388","CviMVP_11641","DC_NB_RI_2022-8-19","B11_CviMVP_PlDNA_2_SG.sharedLotterhosPuritz_1531_a3123770",20,"qpcr_pl10","B11_PlDNA2","B07"
"1389","CviMVP_11641","DC_NB_RI_2022-8-19","B11_CviMVP_PlDNA_2_SG.sharedLotterhosPuritz_1531_a3123770",20,"qpcr_pl10","B11_PlDNA2","B08"
"1390","CviMVP_11644","DC_NB_RI_2022-8-19","C7_CviMVP_PlDNA_6_SG.sharedLotterhosPuritz_1532_2fee5644",21,"qpcr_pl20","C7_PIDNA6","G05"
"1391","CviMVP_11644","DC_NB_RI_2022-8-19","C7_CviMVP_PlDNA_6_SG.sharedLotterhosPuritz_1532_2fee5644",21,"qpcr_pl20","C7_PIDNA6","G06"
"1392","CviMVP_11653","DC_NB_RI_2022-8-19","F1_CviMVP_PlDNA_8_SG.sharedLotterhosPuritz_1535_190eee14",22,"qpcr_pl4","F1_PlDNA8","F03"
"1393","CviMVP_11653","DC_NB_RI_2022-8-19","F1_CviMVP_PlDNA_8_SG.sharedLotterhosPuritz_1535_190eee14",22,"qpcr_pl4","F1_PlDNA8","F04"
"1394","CviMVP_11653","DC_NB_RI_2022-8-19","F1_CviMVP_PlDNA_8_SG.sharedLotterhosPuritz_1535_190eee14",22,"qpcr_pl22","F1_PlDNA8","E07"
"1395","CviMVP_11653","DC_NB_RI_2022-8-19","F1_CviMVP_PlDNA_8_SG.sharedLotterhosPuritz_1535_190eee14",22,"qpcr_pl22","F1_PlDNA8","E08"
"1396","CviMVP_11656","DC_NB_RI_2022-8-19","B8_CviMVP_PlDNA_3_SG.sharedLotterhosPuritz_1536_2cb8b409",20,"qpcr_pl12","B8_PlDNA3","B07"
"1397","CviMVP_11656","DC_NB_RI_2022-8-19","B8_CviMVP_PlDNA_3_SG.sharedLotterhosPuritz_1536_2cb8b409",20,"qpcr_pl12","B8_PlDNA3","B08"
"1398","CviMVP_11659","DC_NB_RI_2022-8-19","G7_CviMVP_PlDNA_5_SG.sharedLotterhosPuritz_1537_b0ca9a64",22,"qpcr_pl3","G7_PlDNA5","E11"
"1399","CviMVP_11659","DC_NB_RI_2022-8-19","G7_CviMVP_PlDNA_5_SG.sharedLotterhosPuritz_1537_b0ca9a64",22,"qpcr_pl3","G7_PlDNA5","E12"
"1400","CviMVP_11662","DC_NB_RI_2022-8-19","A12_CviMVP_PlDNA_2_SG.sharedLotterhosPuritz_1538_cda643ef",22,NA,NA,NA
"1401","CviMVP_12187","WS_CB_VA_2022-10-7","B4_CviMVP_PlDNA_4_SG.sharedLotterhosPuritz_1718_655bf590",19,"qpcr_pl15","B4_PIDNA4","A03"
"1402","CviMVP_12187","WS_CB_VA_2022-10-7","B4_CviMVP_PlDNA_4_SG.sharedLotterhosPuritz_1718_655bf590",19,"qpcr_pl15","B4_PIDNA4","A04"
"1403","CviMVP_12190","WS_CB_VA_2022-10-7","F12_CviMVP_PlDNA_3_SG.sharedLotterhosPuritz_1719_c3f350c9",22,"qpcr_pl13","F12_PIDNA3","F05"
"1404","CviMVP_12190","WS_CB_VA_2022-10-7","F12_CviMVP_PlDNA_3_SG.sharedLotterhosPuritz_1719_c3f350c9",22,"qpcr_pl13","F12_PIDNA3","F06"
"1405","CviMVP_12196","WS_CB_VA_2022-10-7","H7_CviMVP_PlDNA_8_SG.sharedLotterhosPuritz_1721_65316746",19,"qpcr_pl5","H7_PlDNA8","H05"
"1406","CviMVP_12196","WS_CB_VA_2022-10-7","H7_CviMVP_PlDNA_8_SG.sharedLotterhosPuritz_1721_65316746",19,"qpcr_pl5","H7_PlDNA8","H06"
"1407","CviMVP_12196","WS_CB_VA_2022-10-7","H7_CviMVP_PlDNA_8_SG.sharedLotterhosPuritz_1721_65316746",19,"qpcr_pl22","H7_PlDNA8","F11"
"1408","CviMVP_12196","WS_CB_VA_2022-10-7","H7_CviMVP_PlDNA_8_SG.sharedLotterhosPuritz_1721_65316746",19,"qpcr_pl22","H7_PlDNA8","F12"
"1409","CviMVP_12199","WS_CB_VA_2022-10-7","A3_CviMVP_PlDNA_3_SG.sharedLotterhosPuritz_1722_d9620874",19,"qpcr_pl11","A3_PlDNA3","A07"
"1410","CviMVP_12199","WS_CB_VA_2022-10-7","A3_CviMVP_PlDNA_3_SG.sharedLotterhosPuritz_1722_d9620874",19,"qpcr_pl11","A3_PlDNA3","A08"
"1411","CviMVP_12202","WS_CB_VA_2022-10-7","D3_CviMVP_PlDNA_5_SG.sharedLotterhosPuritz_1723_2000ae81",22,"qpcr_pl17","D3_PIDNA5","C07"
"1412","CviMVP_12202","WS_CB_VA_2022-10-7","D3_CviMVP_PlDNA_5_SG.sharedLotterhosPuritz_1723_2000ae81",22,"qpcr_pl17","D3_PIDNA5","C08"
"1413","CviMVP_12205","WS_CB_VA_2022-10-7","F3_CviMVP_PlDNA_10_SG.sharedLotterhosPuritz_1724_dfa791d5",22,"qpcr_pl2","F3_PlDNA10","F03"
"1414","CviMVP_12205","WS_CB_VA_2022-10-7","F3_CviMVP_PlDNA_10_SG.sharedLotterhosPuritz_1724_dfa791d5",22,"qpcr_pl2","F3_PlDNA10","F04"
"1415","CviMVP_12211","WS_CB_VA_2022-10-7","D4_CviMVP_PlDNA_5_SG.sharedLotterhosPuritz_1726_d7bf8240",22,"qpcr_pl17","D4_PIDNA5","D09"
"1416","CviMVP_12211","WS_CB_VA_2022-10-7","D4_CviMVP_PlDNA_5_SG.sharedLotterhosPuritz_1726_d7bf8240",22,"qpcr_pl17","D4_PIDNA5","D10"
"1417","CviMVP_12214","WS_CB_VA_2022-10-7","C6_CviMVP_PlDNA_8_SG.sharedLotterhosPuritz_1727_ae5c9174",21,"qpcr_pl5","C6_PlDNA8","C03"
"1418","CviMVP_12214","WS_CB_VA_2022-10-7","C6_CviMVP_PlDNA_8_SG.sharedLotterhosPuritz_1727_ae5c9174",21,"qpcr_pl5","C6_PlDNA8","C04"
"1419","CviMVP_12214","WS_CB_VA_2022-10-7","C6_CviMVP_PlDNA_8_SG.sharedLotterhosPuritz_1727_ae5c9174",21,"qpcr_pl22","C6_PlDNA8","G07"
"1420","CviMVP_12214","WS_CB_VA_2022-10-7","C6_CviMVP_PlDNA_8_SG.sharedLotterhosPuritz_1727_ae5c9174",21,"qpcr_pl22","C6_PlDNA8","G08"
"1421","CviMVP_12217","WS_CB_VA_2022-10-7","B11_CviMVP_PlDNA_4_SG.sharedLotterhosPuritz_1728_8f01cd90",20,"qpcr_pl16","B11_PIDNA4","B07"
"1422","CviMVP_12217","WS_CB_VA_2022-10-7","B11_CviMVP_PlDNA_4_SG.sharedLotterhosPuritz_1728_8f01cd90",20,"qpcr_pl16","B11_PIDNA4","B08"
"1423","CviMVP_12220","WS_CB_VA_2022-10-7","B10_CviMVP_PlDNA_2_SG.sharedLotterhosPuritz_1729_09f98c5b",22,"qpcr_pl10","B10_PlDNA2","B05"
"1424","CviMVP_12220","WS_CB_VA_2022-10-7","B10_CviMVP_PlDNA_2_SG.sharedLotterhosPuritz_1729_09f98c5b",22,"qpcr_pl10","B10_PlDNA2","B06"
"1425","CviMVP_12223","WS_CB_VA_2022-10-7","C11_CviMVP_PlDNA_2_SG.sharedLotterhosPuritz_1730_3947bb8f",18,"qpcr_pl10","C11_PlDNA2","C07"
"1426","CviMVP_12223","WS_CB_VA_2022-10-7","C11_CviMVP_PlDNA_2_SG.sharedLotterhosPuritz_1730_3947bb8f",18,"qpcr_pl10","C11_PlDNA2","C08"
"1427","CviMVP_12226","WS_CB_VA_2022-10-7","G8_CviMVP_PlDNA_3_SG.sharedLotterhosPuritz_1731_ec34a354",22,"qpcr_pl12","G8_PlDNA3","G07"
"1428","CviMVP_12226","WS_CB_VA_2022-10-7","G8_CviMVP_PlDNA_3_SG.sharedLotterhosPuritz_1731_ec34a354",22,"qpcr_pl12","G8_PlDNA3","G08"
"1429","CviMVP_12229","WS_CB_VA_2022-10-7","G2_CviMVP_PlDNA_3_SG.sharedLotterhosPuritz_1732_312c1a7e",18,"qpcr_pl11","G2_PlDNA3","F05"
"1430","CviMVP_12229","WS_CB_VA_2022-10-7","G2_CviMVP_PlDNA_3_SG.sharedLotterhosPuritz_1732_312c1a7e",18,"qpcr_pl11","G2_PlDNA3","F06"
"1431","CviMVP_12235","WS_CB_VA_2022-10-7","G11_CviMVP_PlDNA_2_SG.sharedLotterhosPuritz_1734_999220c1",19,"qpcr_pl10","G11_PlDNA2","F07"
"1432","CviMVP_12235","WS_CB_VA_2022-10-7","G11_CviMVP_PlDNA_2_SG.sharedLotterhosPuritz_1734_999220c1",19,"qpcr_pl10","G11_PlDNA2","F08"
"1433","CviMVP_12238","WS_CB_VA_2022-10-7","G4_CviMVP_PlDNA_5_SG.sharedLotterhosPuritz_1735_1dc2e73e",21,"qpcr_pl17","G4_PIDNA5","F09"
"1434","CviMVP_12238","WS_CB_VA_2022-10-7","G4_CviMVP_PlDNA_5_SG.sharedLotterhosPuritz_1735_1dc2e73e",21,"qpcr_pl17","G4_PIDNA5","F10"
"1435","CviMVP_12247","WS_CB_VA_2022-10-7","D7_CviMVP_PlDNA_3_SG.sharedLotterhosPuritz_1738_63fe4ba4",22,"qpcr_pl12","D7_PlDNA3","D05"
"1436","CviMVP_12247","WS_CB_VA_2022-10-7","D7_CviMVP_PlDNA_3_SG.sharedLotterhosPuritz_1738_63fe4ba4",22,"qpcr_pl12","D7_PlDNA3","D06"
"1437","CviMVP_12250","WS_CB_VA_2022-10-7","D1_CviMVP_PlDNA_7_SG.sharedLotterhosPuritz_1739_86d6dd29",20,"qpcr_pl14","D1_PIDNA7","B03"
"1438","CviMVP_12250","WS_CB_VA_2022-10-7","D1_CviMVP_PlDNA_7_SG.sharedLotterhosPuritz_1739_86d6dd29",20,"qpcr_pl14","D1_PIDNA7","B04"
"1439","CviMVP_12262","WS_CB_VA_2022-10-7","A6_CviMVP_PlDNA_10_SG.sharedLotterhosPuritz_1743_a99589c6",20,"qpcr_pl2","A6_PlDNA10","A09"
"1440","CviMVP_12262","WS_CB_VA_2022-10-7","A6_CviMVP_PlDNA_10_SG.sharedLotterhosPuritz_1743_a99589c6",20,"qpcr_pl2","A6_PlDNA10","A10"
"1441","CviMVP_12264","WS_CB_VA_2022-10-7","D8_CviMVP_PlDNA_7_SG.sharedLotterhosPuritz_1744_b7a36d63",21,"qpcr_pl14","D8_PIDNA7","G05"
"1442","CviMVP_12264","WS_CB_VA_2022-10-7","D8_CviMVP_PlDNA_7_SG.sharedLotterhosPuritz_1744_b7a36d63",21,"qpcr_pl14","D8_PIDNA7","G06"
"1443","CviMVP_12267","WS_CB_VA_2022-10-7","F11_CviMVP_PlDNA_3_SG.sharedLotterhosPuritz_1745_f187941c",22,"qpcr_pl13","F11_PIDNA3","E03"
"1444","CviMVP_12267","WS_CB_VA_2022-10-7","F11_CviMVP_PlDNA_3_SG.sharedLotterhosPuritz_1745_f187941c",22,"qpcr_pl13","F11_PIDNA3","E04"
"1445","CviMVP_12279","DWS_CB_VA_2022-10-7","E1_CviMVP_PlDNA_1_SG.sharedLotterhosPuritz_1749_1339c6df",22,"qpcr_pl6","E1_PIDNA1","E03"
"1446","CviMVP_12279","DWS_CB_VA_2022-10-7","E1_CviMVP_PlDNA_1_SG.sharedLotterhosPuritz_1749_1339c6df",22,"qpcr_pl6","E1_PIDNA1","E04"
"1447","CviMVP_12282","DWS_CB_VA_2022-10-7","G3_CviMVP_PlDNA_1_SG.sharedLotterhosPuritz_1750_c3f4dbef",18,"qpcr_pl6","G3_PIDNA1","F07"
"1448","CviMVP_12282","DWS_CB_VA_2022-10-7","G3_CviMVP_PlDNA_1_SG.sharedLotterhosPuritz_1750_c3f4dbef",18,"qpcr_pl6","G3_PIDNA1","F08"
"1449","CviMVP_12285","DWS_CB_VA_2022-10-7","A11_CviMVP_PlDNA_1_SG.sharedLotterhosPuritz_1751_bc382cb1",22,"qpcr_pl8","A11_PlDNA1","A03"
"1450","CviMVP_12285","DWS_CB_VA_2022-10-7","A11_CviMVP_PlDNA_1_SG.sharedLotterhosPuritz_1751_bc382cb1",22,"qpcr_pl8","A11_PlDNA1","A04"
"1451","CviMVP_12288","DWS_CB_VA_2022-10-7","C12_CviMVP_PlDNA_6_SG.sharedLotterhosPuritz_1752_f1fb4734",20,"qpcr_pl20","C12_PIDNA6","D07"
"1452","CviMVP_12288","DWS_CB_VA_2022-10-7","C12_CviMVP_PlDNA_6_SG.sharedLotterhosPuritz_1752_f1fb4734",20,"qpcr_pl20","C12_PIDNA6","D08"
"1453","CviMVP_12291","DWS_CB_VA_2022-10-7","A10_CviMVP_PlDNA_10_SG.sharedLotterhosPuritz_1753_559d4ace",22,"qpcr_pl21","A10_PIDNA10","A07"
"1454","CviMVP_12291","DWS_CB_VA_2022-10-7","A10_CviMVP_PlDNA_10_SG.sharedLotterhosPuritz_1753_559d4ace",22,"qpcr_pl21","A10_PIDNA10","A08"
"1455","CviMVP_12297","DWS_CB_VA_2022-10-7","H12_CviMVP_PlDNA_8_SG.sharedLotterhosPuritz_1755_01e5dbdc",18,"qpcr_pl21","H12_PIDNA8","B05"
"1456","CviMVP_12297","DWS_CB_VA_2022-10-7","H12_CviMVP_PlDNA_8_SG.sharedLotterhosPuritz_1755_01e5dbdc",18,"qpcr_pl21","H12_PIDNA8","B06"
"1457","CviMVP_12300","DWS_CB_VA_2022-10-7","A8_CviMVP_PlDNA_1_SG.sharedLotterhosPuritz_1756_8d5b0131",21,"qpcr_pl7","A8_PlDNA1","A07"
"1458","CviMVP_12300","DWS_CB_VA_2022-10-7","A8_CviMVP_PlDNA_1_SG.sharedLotterhosPuritz_1756_8d5b0131",21,"qpcr_pl7","A8_PlDNA1","A08"
"1459","CviMVP_12303","DWS_CB_VA_2022-10-7","F1_CviMVP_PlDNA_9_SG.sharedLotterhosPuritz_1757_049f813c",22,"qpcr_pl18","F1_PIDNA9","F03"
"1460","CviMVP_12303","DWS_CB_VA_2022-10-7","F1_CviMVP_PlDNA_9_SG.sharedLotterhosPuritz_1757_049f813c",22,"qpcr_pl18","F1_PIDNA9","F04"
"1461","CviMVP_12303","DWS_CB_VA_2022-10-7","F1_CviMVP_PlDNA_9_SG.sharedLotterhosPuritz_1757_049f813c",22,"qpcr_pl22","F1_PLDNA9","E05"
"1462","CviMVP_12303","DWS_CB_VA_2022-10-7","F1_CviMVP_PlDNA_9_SG.sharedLotterhosPuritz_1757_049f813c",22,"qpcr_pl22","F1_PLDNA9","E06"
"1463","CviMVP_12315","DWS_CB_VA_2022-10-7","E9_CviMVP_PlDNA_1_SG.sharedLotterhosPuritz_1761_50f9589f",22,"qpcr_pl7","E9_PlDNA1","E09"
"1464","CviMVP_12315","DWS_CB_VA_2022-10-7","E9_CviMVP_PlDNA_1_SG.sharedLotterhosPuritz_1761_50f9589f",22,"qpcr_pl7","E9_PlDNA1","E10"
"1465","CviMVP_12324","DWS_CB_VA_2022-10-7","E7_CviMVP_PlDNA_1_SG.sharedLotterhosPuritz_1764_ea467efb",22,"qpcr_pl7","E7_PlDNA1","E05"
"1466","CviMVP_12324","DWS_CB_VA_2022-10-7","E7_CviMVP_PlDNA_1_SG.sharedLotterhosPuritz_1764_ea467efb",22,"qpcr_pl7","E7_PlDNA1","E06"
"1467","CviMVP_12327","DWS_CB_VA_2022-10-7","D8_CviMVP_PlDNA_1_SG.sharedLotterhosPuritz_1765_64714308",21,"qpcr_pl7","D8_PlDNA1","D07"
"1468","CviMVP_12327","DWS_CB_VA_2022-10-7","D8_CviMVP_PlDNA_1_SG.sharedLotterhosPuritz_1765_64714308",21,"qpcr_pl7","D8_PlDNA1","D08"
"1469","CviMVP_12330","DWS_CB_VA_2022-10-7","A9_CviMVP_PlDNA_1_SG.sharedLotterhosPuritz_1766_b03cf183",20,"qpcr_pl7","A9_PlDNA1","A09"
"1470","CviMVP_12330","DWS_CB_VA_2022-10-7","A9_CviMVP_PlDNA_1_SG.sharedLotterhosPuritz_1766_b03cf183",20,"qpcr_pl7","A9_PlDNA1","A10"
"1471","CviMVP_12336","DWS_CB_VA_2022-10-7","A7_CviMVP_PlDNA_1_SG.sharedLotterhosPuritz_1768_5fe305a2",20,"qpcr_pl7","A7_PlDNA1","A05"
"1472","CviMVP_12336","DWS_CB_VA_2022-10-7","A7_CviMVP_PlDNA_1_SG.sharedLotterhosPuritz_1768_5fe305a2",20,"qpcr_pl7","A7_PlDNA1","A06"
"1473","CviMVP_12339","DWS_CB_VA_2022-10-7","A7_CviMVP_PlDNA_3_SG.sharedLotterhosPuritz_1769_28e6bcda",20,"qpcr_pl12","A7_PlDNA3","A05"
"1474","CviMVP_12339","DWS_CB_VA_2022-10-7","A7_CviMVP_PlDNA_3_SG.sharedLotterhosPuritz_1769_28e6bcda",20,"qpcr_pl12","A7_PlDNA3","A06"
"1475","CviMVP_12342","DWS_CB_VA_2022-10-7","B4_CviMVP_PlDNA_9_SG.sharedLotterhosPuritz_1770_5603bc09",18,"qpcr_pl1","B4_PlDNA9","B05"
"1476","CviMVP_12342","DWS_CB_VA_2022-10-7","B4_CviMVP_PlDNA_9_SG.sharedLotterhosPuritz_1770_5603bc09",18,"qpcr_pl1","B4_PlDNA9","B06"
"1477","CviMVP_12342","DWS_CB_VA_2022-10-7","B4_CviMVP_PlDNA_9_SG.sharedLotterhosPuritz_1770_5603bc09",18,"qpcr_pl22","B4_PlDNA9","A05"
"1478","CviMVP_12342","DWS_CB_VA_2022-10-7","B4_CviMVP_PlDNA_9_SG.sharedLotterhosPuritz_1770_5603bc09",18,"qpcr_pl22","B4_PlDNA9","A06"
"1479","CviMVP_12345","DWS_CB_VA_2022-10-7","A3_CviMVP_PlDNA_4_SG.sharedLotterhosPuritz_1771_536699ad",20,"qpcr_pl13","A3_PIDNA4","B11"
"1480","CviMVP_12345","DWS_CB_VA_2022-10-7","A3_CviMVP_PlDNA_4_SG.sharedLotterhosPuritz_1771_536699ad",20,"qpcr_pl13","A3_PIDNA4","B12"
"1481","CviMVP_12354","DWS_CB_VA_2022-10-7","H11_CviMVP_PlDNA_1_SG.sharedLotterhosPuritz_1774_28c4bb0c",21,"qpcr_pl8","H11_PlDNA1","H03"
"1482","CviMVP_12354","DWS_CB_VA_2022-10-7","H11_CviMVP_PlDNA_1_SG.sharedLotterhosPuritz_1774_28c4bb0c",21,"qpcr_pl8","H11_PlDNA1","H04"
"1483","CviMVP_12357","DWS_CB_VA_2022-10-7","C6_CviMVP_PlDNA_1_SG.sharedLotterhosPuritz_1775_e5ce5c0f",18,"qpcr_pl7","C6_PlDNA1","C03"
"1484","CviMVP_12357","DWS_CB_VA_2022-10-7","C6_CviMVP_PlDNA_1_SG.sharedLotterhosPuritz_1775_e5ce5c0f",18,"qpcr_pl7","C6_PlDNA1","C04"
"1485","CviMVP_12360","DWS_CB_VA_2022-10-7","D7_CviMVP_PlDNA_4_SG.sharedLotterhosPuritz_1776_3c0d0ba6",20,"qpcr_pl15","D7_PIDNA4","C09"
"1486","CviMVP_12360","DWS_CB_VA_2022-10-7","D7_CviMVP_PlDNA_4_SG.sharedLotterhosPuritz_1776_3c0d0ba6",20,"qpcr_pl15","D7_PIDNA4","C10"
"1487","CviMVP_12360","DWS_CB_VA_2022-10-7","H8_CviMVP_PlDNA_5_SG.sharedLotterhosPuritz_1776_3c0d0ba6",20,"qpcr_pl3","H8_PlDNA5","H03"
"1488","CviMVP_12360","DWS_CB_VA_2022-10-7","H8_CviMVP_PlDNA_5_SG.sharedLotterhosPuritz_1776_3c0d0ba6",20,"qpcr_pl3","H8_PlDNA5","H04"
"1489","CviMVP_12363","DWS_CB_VA_2022-10-7","A10_CviMVP_PlDNA_8_SG.sharedLotterhosPuritz_1777_59910a02",20,"qpcr_pl14","A10_PIDNA8","B11"
"1490","CviMVP_12363","DWS_CB_VA_2022-10-7","A10_CviMVP_PlDNA_8_SG.sharedLotterhosPuritz_1777_59910a02",20,"qpcr_pl14","A10_PIDNA8","B12"
"1491","CviMVP_12538","LCP_UP_MD_2022-10-20","F12_CviMVP_PlDNA_4_SG.sharedLotterhosPuritz_1838_ad7a9a33",20,"qpcr_pl16","F12_PIDNA4","F09"
"1492","CviMVP_12538","LCP_UP_MD_2022-10-20","F12_CviMVP_PlDNA_4_SG.sharedLotterhosPuritz_1838_ad7a9a33",20,"qpcr_pl16","F12_PIDNA4","F10"
"1493","CviMVP_12544","LCP_UP_MD_2022-10-20","F8_CviMVP_PlDNA_4_SG.sharedLotterhosPuritz_1840_92caafa7",21,"qpcr_pl15","F8_PIDNA4","G07"
"1494","CviMVP_12544","LCP_UP_MD_2022-10-20","F8_CviMVP_PlDNA_4_SG.sharedLotterhosPuritz_1840_92caafa7",21,"qpcr_pl15","F8_PIDNA4","G08"
"1495","CviMVP_12547","LCP_UP_MD_2022-10-20","A6_CviMVP_PlDNA_8_SG.sharedLotterhosPuritz_1841_a851fd66",21,"qpcr_pl5","A6_PlDNA8","A03"
"1496","CviMVP_12547","LCP_UP_MD_2022-10-20","A6_CviMVP_PlDNA_8_SG.sharedLotterhosPuritz_1841_a851fd66",21,"qpcr_pl5","A6_PlDNA8","A04"
"1497","CviMVP_12550","LCP_UP_MD_2022-10-20","C8_CviMVP_PlDNA_4_SG.sharedLotterhosPuritz_1842_1b03335a",21,"qpcr_pl15","C8_PIDNA4","D11"
"1498","CviMVP_12550","LCP_UP_MD_2022-10-20","C8_CviMVP_PlDNA_4_SG.sharedLotterhosPuritz_1842_1b03335a",21,"qpcr_pl15","C8_PIDNA4","D12"
"1499","CviMVP_12559","LCP_UP_MD_2022-10-20","H8_CviMVP_PlDNA_4_SG.sharedLotterhosPuritz_1845_1a32d8b0",20,"qpcr_pl15","H8_PIDNA4","H09"
"1500","CviMVP_12559","LCP_UP_MD_2022-10-20","H8_CviMVP_PlDNA_4_SG.sharedLotterhosPuritz_1845_1a32d8b0",20,"qpcr_pl15","H8_PIDNA4","H10"
"1501","CviMVP_12571","LCP_UP_MD_2022-10-20","B8_CviMVP_PlDNA_4_SG.sharedLotterhosPuritz_1849_21c5f2d5",19,"qpcr_pl15","B8_PIDNA4","C11"
"1502","CviMVP_12571","LCP_UP_MD_2022-10-20","B8_CviMVP_PlDNA_4_SG.sharedLotterhosPuritz_1849_21c5f2d5",19,"qpcr_pl15","B8_PIDNA4","C12"
"1503","CviMVP_12574","LCP_UP_MD_2022-10-20","D8_CviMVP_PlDNA_5_SG.sharedLotterhosPuritz_1850_dfd894f5",22,"qpcr_pl3","D8_PlDNA5","D03"
"1504","CviMVP_12574","LCP_UP_MD_2022-10-20","D8_CviMVP_PlDNA_5_SG.sharedLotterhosPuritz_1850_dfd894f5",22,"qpcr_pl3","D8_PlDNA5","D04"
"1505","CviMVP_12580","LCP_UP_MD_2022-10-20","C12_CviMVP_PlDNA_4_SG.sharedLotterhosPuritz_1852_a4a0a9fb",18,"qpcr_pl16","C12_PIDNA4","C09"
"1506","CviMVP_12580","LCP_UP_MD_2022-10-20","C12_CviMVP_PlDNA_4_SG.sharedLotterhosPuritz_1852_a4a0a9fb",18,"qpcr_pl16","C12_PIDNA4","C10"
"1507","CviMVP_12583","LCP_UP_MD_2022-10-20","C11_CviMVP_PlDNA_5_SG.sharedLotterhosPuritz_1853_a4196b8b",21,"qpcr_pl3","C11_PlDNA5","C07"
"1508","CviMVP_12583","LCP_UP_MD_2022-10-20","C11_CviMVP_PlDNA_5_SG.sharedLotterhosPuritz_1853_a4196b8b",21,"qpcr_pl3","C11_PlDNA5","C08"
"1509","CviMVP_12583","LCP_UP_MD_2022-10-20","C11_CviMVP_PlDNA_5_SG.sharedLotterhosPuritz_1853_a4196b8b",21,"qpcr_pl20","C11_PlDNA5","C11"
"1510","CviMVP_12583","LCP_UP_MD_2022-10-20","C11_CviMVP_PlDNA_5_SG.sharedLotterhosPuritz_1853_a4196b8b",21,"qpcr_pl20","C11_PlDNA5","C12"
"1511","CviMVP_12586","LCP_UP_MD_2022-10-20","F12_CviMVP_PlDNA_2_SG.sharedLotterhosPuritz_1854_49920960",20,"qpcr_pl10","F12_PlDNA2","F09"
"1512","CviMVP_12586","LCP_UP_MD_2022-10-20","F12_CviMVP_PlDNA_2_SG.sharedLotterhosPuritz_1854_49920960",20,"qpcr_pl10","F12_PlDNA2","F10"
"1513","CviMVP_12589","LCP_UP_MD_2022-10-20","A7_CviMVP_PlDNA_7_SG.sharedLotterhosPuritz_1855_c2ef8b63",18,"qpcr_pl14","A7_PIDNA7","G07"
"1514","CviMVP_12589","LCP_UP_MD_2022-10-20","A7_CviMVP_PlDNA_7_SG.sharedLotterhosPuritz_1855_c2ef8b63",18,"qpcr_pl14","A7_PIDNA7","G08"
"1515","CviMVP_12592","LCP_UP_MD_2022-10-20","D12_CviMVP_PlDNA_5_SG.sharedLotterhosPuritz_1856_c5dc6416",22,"qpcr_pl3","D12_PlDNA5","D09"
"1516","CviMVP_12592","LCP_UP_MD_2022-10-20","D12_CviMVP_PlDNA_5_SG.sharedLotterhosPuritz_1856_c5dc6416",22,"qpcr_pl3","D12_PlDNA5","D10"
"1517","CviMVP_12592","LCP_UP_MD_2022-10-20","D12_CviMVP_PlDNA_5_SG.sharedLotterhosPuritz_1856_c5dc6416",22,"qpcr_pl20","D12_PlDNA5","H09"
"1518","CviMVP_12592","LCP_UP_MD_2022-10-20","D12_CviMVP_PlDNA_5_SG.sharedLotterhosPuritz_1856_c5dc6416",22,"qpcr_pl20","D12_PlDNA5","H10"
"1519","CviMVP_12598","LCP_UP_MD_2022-10-20","G12_CviMVP_PlDNA_8_SG.sharedLotterhosPuritz_1858_c4b9118b",20,"qpcr_pl21","G12_PIDNA8","A05"
"1520","CviMVP_12598","LCP_UP_MD_2022-10-20","G12_CviMVP_PlDNA_8_SG.sharedLotterhosPuritz_1858_c4b9118b",20,"qpcr_pl21","G12_PIDNA8","A06"
"1521","CviMVP_12601","LCP_UP_MD_2022-10-20","H9_CviMVP_PlDNA_6_SG.sharedLotterhosPuritz_1859_cd440534",20,NA,NA,NA
"1522","CviMVP_12604","LCP_UP_MD_2022-10-20","G12_CviMVP_PlDNA_5_SG.sharedLotterhosPuritz_1860_6b3c9694",22,"qpcr_pl3","G12_PlDNA5","G09"
"1523","CviMVP_12604","LCP_UP_MD_2022-10-20","G12_CviMVP_PlDNA_5_SG.sharedLotterhosPuritz_1860_6b3c9694",22,"qpcr_pl3","G12_PlDNA5","G10"
"1524","CviMVP_12607","LCP_UP_MD_2022-10-20","A4_CviMVP_PlDNA_3_SG.sharedLotterhosPuritz_1861_4b537e7a",22,"qpcr_pl11","A4_PlDNA3","A09"
"1525","CviMVP_12607","LCP_UP_MD_2022-10-20","A4_CviMVP_PlDNA_3_SG.sharedLotterhosPuritz_1861_4b537e7a",22,"qpcr_pl11","A4_PlDNA3","A10"
"1526","CviMVP_12619","LCP_UP_MD_2022-10-20","B2_CviMVP_PlDNA_10_SG.sharedLotterhosPuritz_1865_d6963291",21,"qpcr_pl19","B2_PIDNA10","B09"
"1527","CviMVP_12619","LCP_UP_MD_2022-10-20","B2_CviMVP_PlDNA_10_SG.sharedLotterhosPuritz_1865_d6963291",21,"qpcr_pl19","B2_PIDNA10","B10"
"1528","CviMVP_12622","LCP_UP_MD_2022-10-20","H4_CviMVP_PlDNA_5_SG.sharedLotterhosPuritz_1866_a98f91ad",21,"qpcr_pl17","H4_PIDNA5","G09"
"1529","CviMVP_12622","LCP_UP_MD_2022-10-20","H4_CviMVP_PlDNA_5_SG.sharedLotterhosPuritz_1866_a98f91ad",21,"qpcr_pl17","H4_PIDNA5","G10"
"1530","CviMVP_12625","LCP_UP_MD_2022-10-20","H4_CviMVP_PlDNA_3_SG.sharedLotterhosPuritz_1867_848c805c",19,"qpcr_pl11","H4_PlDNA3","H09"
"1531","CviMVP_12625","LCP_UP_MD_2022-10-20","H4_CviMVP_PlDNA_3_SG.sharedLotterhosPuritz_1867_848c805c",19,"qpcr_pl11","H4_PlDNA3","H10"
"1532","CviMVP_30000","CS_DB_NJ_2022-9-21","F3_CviMVP_PlDNA_2_SG.sharedLotterhosPuritz_3000_2720f423",19,"qpcr_pl10","F3_PlDNA2","B11"
"1533","CviMVP_30000","CS_DB_NJ_2022-9-21","F3_CviMVP_PlDNA_2_SG.sharedLotterhosPuritz_3000_2720f423",19,"qpcr_pl10","F3_PlDNA2","B12"
"1534","CviMVP_30003","CS_DB_NJ_2022-9-21","A11_CviMVP_PlDNA_4_SG.sharedLotterhosPuritz_3001_63a6096b",21,"qpcr_pl16","A11_PIDNA4","A07"
"1535","CviMVP_30003","CS_DB_NJ_2022-9-21","A11_CviMVP_PlDNA_4_SG.sharedLotterhosPuritz_3001_63a6096b",21,"qpcr_pl16","A11_PIDNA4","A08"
"1536","CviMVP_30009","CS_DB_NJ_2022-9-21","C10_CviMVP_PlDNA_2_SG.sharedLotterhosPuritz_3003_00b9719a",22,"qpcr_pl10","C10_PlDNA2","C05"
"1537","CviMVP_30009","CS_DB_NJ_2022-9-21","C10_CviMVP_PlDNA_2_SG.sharedLotterhosPuritz_3003_00b9719a",22,"qpcr_pl10","C10_PlDNA2","C06"
"1538","CviMVP_30012","CS_DB_NJ_2022-9-21","E7_CviMVP_PlDNA_6_SG.sharedLotterhosPuritz_3004_6049f6a9",22,"qpcr_pl20","E7_PIDNA6","H05"
"1539","CviMVP_30012","CS_DB_NJ_2022-9-21","E7_CviMVP_PlDNA_6_SG.sharedLotterhosPuritz_3004_6049f6a9",22,"qpcr_pl20","E7_PIDNA6","H06"
"1540","CviMVP_30021","CS_DB_NJ_2022-9-21","A6_CviMVP_PlDNA_3_SG.sharedLotterhosPuritz_3007_8a86f2f3",19,"qpcr_pl12","A6_PlDNA3","A03"
"1541","CviMVP_30021","CS_DB_NJ_2022-9-21","A6_CviMVP_PlDNA_3_SG.sharedLotterhosPuritz_3007_8a86f2f3",19,"qpcr_pl12","A6_PlDNA3","A04"
"1542","CviMVP_30030","CS_DB_NJ_2022-9-21","A10_CviMVP_PlDNA_5_SG.sharedLotterhosPuritz_3010_78670ac9",18,"qpcr_pl3","A10_PlDNA5","A05"
"1543","CviMVP_30030","CS_DB_NJ_2022-9-21","A10_CviMVP_PlDNA_5_SG.sharedLotterhosPuritz_3010_78670ac9",18,"qpcr_pl3","A10_PlDNA5","A06"
"1544","CviMVP_30039","CS_DB_NJ_2022-9-21","B3_CviMVP_PlDNA_4_SG.sharedLotterhosPuritz_3013_33dda8a5",21,"qpcr_pl13","B3_PIDNA4","C11"
"1545","CviMVP_30039","CS_DB_NJ_2022-9-21","B3_CviMVP_PlDNA_4_SG.sharedLotterhosPuritz_3013_33dda8a5",21,"qpcr_pl13","B3_PIDNA4","C12"
"1546","CviMVP_30039","CS_DB_NJ_2022-9-21","B3_CviMVP_PlDNA_4_SG.sharedLotterhosPuritz_3013_33dda8a5",21,"qpcr_pl16","B3_PIDNA5","B11"
"1547","CviMVP_30039","CS_DB_NJ_2022-9-21","B3_CviMVP_PlDNA_4_SG.sharedLotterhosPuritz_3013_33dda8a5",21,"qpcr_pl16","B3_PIDNA5","B12"
"1548","CviMVP_30045","CS_DB_NJ_2022-9-21","F10_CviMVP_PlDNA_3_SG.sharedLotterhosPuritz_3015_1562c46c",22,"qpcr_pl13","F10_PIDNA3","F09"
"1549","CviMVP_30045","CS_DB_NJ_2022-9-21","F10_CviMVP_PlDNA_3_SG.sharedLotterhosPuritz_3015_1562c46c",22,"qpcr_pl13","F10_PIDNA3","F10"
"1550","CviMVP_30048","CS_DB_NJ_2022-9-21","H2_CviMVP_PlDNA_7_SG.sharedLotterhosPuritz_3016_ae22d219",19,"qpcr_pl14","H2_PIDNA7","G03"
"1551","CviMVP_30048","CS_DB_NJ_2022-9-21","H2_CviMVP_PlDNA_7_SG.sharedLotterhosPuritz_3016_ae22d219",19,"qpcr_pl14","H2_PIDNA7","G04"
"1552","CviMVP_30051","CS_DB_NJ_2022-9-21","C3_CviMVP_PlDNA_2_SG.sharedLotterhosPuritz_3017_c060f9a6",19,"qpcr_pl10","C3_PlDNA2","H07"
"1553","CviMVP_30051","CS_DB_NJ_2022-9-21","C3_CviMVP_PlDNA_2_SG.sharedLotterhosPuritz_3017_c060f9a6",19,"qpcr_pl10","C3_PlDNA2","H08"
"1554","CviMVP_30054","CS_DB_NJ_2022-9-21","G1_CviMVP_PlDNA_8_SG.sharedLotterhosPuritz_3018_0816a7c7",22,"qpcr_pl4","G1_PlDNA8","G03"
"1555","CviMVP_30054","CS_DB_NJ_2022-9-21","G1_CviMVP_PlDNA_8_SG.sharedLotterhosPuritz_3018_0816a7c7",22,"qpcr_pl4","G1_PlDNA8","G04"
"1556","CviMVP_30054","CS_DB_NJ_2022-9-21","G1_CviMVP_PlDNA_8_SG.sharedLotterhosPuritz_3018_0816a7c7",22,"qpcr_pl22","G1_PlDNA8","F07"
"1557","CviMVP_30054","CS_DB_NJ_2022-9-21","G1_CviMVP_PlDNA_8_SG.sharedLotterhosPuritz_3018_0816a7c7",22,"qpcr_pl22","G1_PlDNA8","F08"
"1558","CviMVP_30057","CS_DB_NJ_2022-9-21","A8_CviMVP_PlDNA_10_SG.sharedLotterhosPuritz_3019_f0dc9509",22,"qpcr_pl21","A8_PIDNA10","A03"
"1559","CviMVP_30057","CS_DB_NJ_2022-9-21","A8_CviMVP_PlDNA_10_SG.sharedLotterhosPuritz_3019_f0dc9509",22,"qpcr_pl21","A8_PIDNA10","A04"
"1560","CviMVP_30063","CS_DB_NJ_2022-9-21","H12_CviMVP_PlDNA_3_SG.sharedLotterhosPuritz_3021_448ac77f",19,"qpcr_pl13","H12_PIDNA3","H05"
"1561","CviMVP_30063","CS_DB_NJ_2022-9-21","H12_CviMVP_PlDNA_3_SG.sharedLotterhosPuritz_3021_448ac77f",19,"qpcr_pl13","H12_PIDNA3","H06"
"1562","CviMVP_30069","CS_DB_NJ_2022-9-21","C3_CviMVP_PlDNA_3_SG.sharedLotterhosPuritz_3023_12b47c5b",20,"qpcr_pl11","C3_PlDNA3","C07"
"1563","CviMVP_30069","CS_DB_NJ_2022-9-21","C3_CviMVP_PlDNA_3_SG.sharedLotterhosPuritz_3023_12b47c5b",20,"qpcr_pl11","C3_PlDNA3","C08"
"1564","CviMVP_30072","CS_DB_NJ_2022-9-21","F10_CviMVP_PlDNA_8_SG.sharedLotterhosPuritz_3024_46a33a07",22,"qpcr_pl14","F10_PIDNA8","C09"
"1565","CviMVP_30072","CS_DB_NJ_2022-9-21","F10_CviMVP_PlDNA_8_SG.sharedLotterhosPuritz_3024_46a33a07",22,"qpcr_pl14","F10_PIDNA8","C10"
"1566","CviMVP_30078","CS_DB_NJ_2022-9-21","A11_CviMVP_PlDNA_5_SG.sharedLotterhosPuritz_3026_80be4f10",22,"qpcr_pl3","A11_PlDNA5","A07"
"1567","CviMVP_30078","CS_DB_NJ_2022-9-21","A11_CviMVP_PlDNA_5_SG.sharedLotterhosPuritz_3026_80be4f10",22,"qpcr_pl3","A11_PlDNA5","A08"
"1568","CviMVP_30078","CS_DB_NJ_2022-9-21","A11_CviMVP_PlDNA_5_SG.sharedLotterhosPuritz_3026_80be4f10",22,"qpcr_pl20","A11_PlDNA5","B11"
"1569","CviMVP_30078","CS_DB_NJ_2022-9-21","A11_CviMVP_PlDNA_5_SG.sharedLotterhosPuritz_3026_80be4f10",22,"qpcr_pl20","A11_PlDNA5","B12"
"1570","CviMVP_30081","CS_DB_NJ_2022-9-21","F10_CviMVP_PlDNA_9_SG.sharedLotterhosPuritz_3027_c7057db0",21,"qpcr_pl18","F10_PIDNA9","H07"
"1571","CviMVP_30081","CS_DB_NJ_2022-9-21","F10_CviMVP_PlDNA_9_SG.sharedLotterhosPuritz_3027_c7057db0",21,"qpcr_pl18","F10_PIDNA9","H08"
"1572","CviMVP_30081","CS_DB_NJ_2022-9-21","F10_CviMVP_PlDNA_9_SG.sharedLotterhosPuritz_3027_c7057db0",21,"qpcr_pl22","F10_PlDNA9","D09"
"1573","CviMVP_30081","CS_DB_NJ_2022-9-21","F10_CviMVP_PlDNA_9_SG.sharedLotterhosPuritz_3027_c7057db0",21,"qpcr_pl22","F10_PlDNA9","D10"
"1574","CviMVP_30084","CS_DB_NJ_2022-9-21","G3_CviMVP_PlDNA_2_SG.sharedLotterhosPuritz_3028_9450ca97",20,"qpcr_pl10","G3_PlDNA2","C11"
"1575","CviMVP_30084","CS_DB_NJ_2022-9-21","G3_CviMVP_PlDNA_2_SG.sharedLotterhosPuritz_3028_9450ca97",20,"qpcr_pl10","G3_PlDNA2","C12"
"1576","CviMVP_30087","CS_DB_NJ_2022-9-21","H6_CviMVP_PlDNA_2_SG.sharedLotterhosPuritz_3029_b178cb91",20,"qpcr_pl9","H6_PlDNA2","G07"
"1577","CviMVP_30087","CS_DB_NJ_2022-9-21","H6_CviMVP_PlDNA_2_SG.sharedLotterhosPuritz_3029_b178cb91",20,"qpcr_pl9","H6_PlDNA2","G08"
"1578","CviMVP_30090","CS_DB_NJ_2022-9-21","G3_CviMVP_PlDNA_5_SG.sharedLotterhosPuritz_3030_5791a206",20,NA,NA,NA
"1579","CviMVP_30093","HC_DB_NJ_2022-9-23","C2_CviMVP_PlDNA_5_SG.sharedLotterhosPuritz_3031_88811f65",22,"qpcr_pl17","C2_PIDNA5","C05"
"1580","CviMVP_30093","HC_DB_NJ_2022-9-23","C2_CviMVP_PlDNA_5_SG.sharedLotterhosPuritz_3031_88811f65",22,"qpcr_pl17","C2_PIDNA5","C06"
"1581","CviMVP_30096","HC_DB_NJ_2022-9-23","E2_CviMVP_PlDNA_3_SG.sharedLotterhosPuritz_3032_9c42b30e",18,NA,NA,NA
"1582","CviMVP_30103","HC_DB_NJ_2022-9-23","B11_CviMVP_PlDNA_5_SG.sharedLotterhosPuritz_3035_b56ac115",19,"qpcr_pl3","B11_PlDNA5","B07"
"1583","CviMVP_30103","HC_DB_NJ_2022-9-23","B11_CviMVP_PlDNA_5_SG.sharedLotterhosPuritz_3035_b56ac115",19,"qpcr_pl3","B11_PlDNA5","B08"
"1584","CviMVP_30105","HC_DB_NJ_2022-9-23","C1_CviMVP_PlDNA_3_SG.sharedLotterhosPuritz_3036_408ed892",21,"qpcr_pl11","C1_PlDNA3","C03"
"1585","CviMVP_30105","HC_DB_NJ_2022-9-23","C1_CviMVP_PlDNA_3_SG.sharedLotterhosPuritz_3036_408ed892",21,"qpcr_pl11","C1_PlDNA3","C04"
"1586","CviMVP_30108","HC_DB_NJ_2022-9-23","G10_CviMVP_PlDNA_9_SG.sharedLotterhosPuritz_3037_a3dbbbac",19,"qpcr_pl18","G10_PIDNA9","G09"
"1587","CviMVP_30108","HC_DB_NJ_2022-9-23","G10_CviMVP_PlDNA_9_SG.sharedLotterhosPuritz_3037_a3dbbbac",19,"qpcr_pl18","G10_PIDNA9","G10"
"1588","CviMVP_30111","HC_DB_NJ_2022-9-23","D5_CviMVP_PlDNA_4_SG.sharedLotterhosPuritz_3038_a4e6ce98",20,"qpcr_pl15","D5_PIDNA4","D05"
"1589","CviMVP_30111","HC_DB_NJ_2022-9-23","D5_CviMVP_PlDNA_4_SG.sharedLotterhosPuritz_3038_a4e6ce98",20,"qpcr_pl15","D5_PIDNA4","D06"
"1590","CviMVP_30126","HC_DB_NJ_2022-9-23","B9_CviMVP_PlDNA_2_SG.sharedLotterhosPuritz_3043_e541bd45",19,"qpcr_pl10","B9_PlDNA2","B03"
"1591","CviMVP_30126","HC_DB_NJ_2022-9-23","B9_CviMVP_PlDNA_2_SG.sharedLotterhosPuritz_3043_e541bd45",19,"qpcr_pl10","B9_PlDNA2","B04"
"1592","CviMVP_30129","HC_DB_NJ_2022-9-23","C5_CviMVP_PlDNA_2_SG.sharedLotterhosPuritz_3044_dfab1eb6",19,"qpcr_pl9","C5_PlDNA2","C05"
"1593","CviMVP_30129","HC_DB_NJ_2022-9-23","C5_CviMVP_PlDNA_2_SG.sharedLotterhosPuritz_3044_dfab1eb6",19,"qpcr_pl9","C5_PlDNA2","C06"
"1594","CviMVP_30135","HC_DB_NJ_2022-9-23","E1_CviMVP_PlDNA_5_SG.sharedLotterhosPuritz_3046_33ba00b5",19,"qpcr_pl17","E1_PIDNA5","E03"
"1595","CviMVP_30135","HC_DB_NJ_2022-9-23","E1_CviMVP_PlDNA_5_SG.sharedLotterhosPuritz_3046_33ba00b5",19,"qpcr_pl17","E1_PIDNA5","E04"
"1596","CviMVP_30138","HC_DB_NJ_2022-9-23","H7_CviMVP_PlDNA_10_SG.sharedLotterhosPuritz_3047_7e0b2539",21,"qpcr_pl19","H7_PIDNA10","H07"
"1597","CviMVP_30138","HC_DB_NJ_2022-9-23","H7_CviMVP_PlDNA_10_SG.sharedLotterhosPuritz_3047_7e0b2539",21,"qpcr_pl19","H7_PIDNA10","H08"
"1598","CviMVP_30138","HC_DB_NJ_2022-9-23","H7_CviMVP_PlDNA_10_SG.sharedLotterhosPuritz_3047_7e0b2539",21,"qpcr_pl19","H7_PIDNA9","H09"
"1599","CviMVP_30138","HC_DB_NJ_2022-9-23","H7_CviMVP_PlDNA_10_SG.sharedLotterhosPuritz_3047_7e0b2539",21,"qpcr_pl19","H7_PIDNA9","H10"
"1600","CviMVP_30144","HC_DB_NJ_2022-9-23","G9_CviMVP_PlDNA_2_SG.sharedLotterhosPuritz_3049_23480dce",22,"qpcr_pl10","G9_PlDNA2","G03"
"1601","CviMVP_30144","HC_DB_NJ_2022-9-23","G9_CviMVP_PlDNA_2_SG.sharedLotterhosPuritz_3049_23480dce",22,"qpcr_pl10","G9_PlDNA2","G04"
"1602","CviMVP_30150","HC_DB_NJ_2022-9-23","D3_CviMVP_PlDNA_8_SG.sharedLotterhosPuritz_3051_0a898d6c",20,"qpcr_pl4","D3_PlDNA8","D07"
"1603","CviMVP_30150","HC_DB_NJ_2022-9-23","D3_CviMVP_PlDNA_8_SG.sharedLotterhosPuritz_3051_0a898d6c",20,"qpcr_pl4","D3_PlDNA8","D08"
"1604","CviMVP_30150","HC_DB_NJ_2022-9-23","D3_CviMVP_PlDNA_8_SG.sharedLotterhosPuritz_3051_0a898d6c",20,"qpcr_pl22","D3_PlDNA8","B09"
"1605","CviMVP_30150","HC_DB_NJ_2022-9-23","D3_CviMVP_PlDNA_8_SG.sharedLotterhosPuritz_3051_0a898d6c",20,"qpcr_pl22","D3_PlDNA8","B10"
"1606","CviMVP_30156","HC_DB_NJ_2022-9-23","H10_CviMVP_PlDNA_3_SG.sharedLotterhosPuritz_3053_b1bf0ddb",21,"qpcr_pl13","H10_PIDNA3","H09"
"1607","CviMVP_30156","HC_DB_NJ_2022-9-23","H10_CviMVP_PlDNA_3_SG.sharedLotterhosPuritz_3053_b1bf0ddb",21,"qpcr_pl13","H10_PIDNA3","H10"
"1608","CviMVP_30159","HC_DB_NJ_2022-9-23","B4_CviMVP_PlDNA_10_SG.sharedLotterhosPuritz_3054_b35976e5",21,"qpcr_pl2","B4_PlDNA10","B05"
"1609","CviMVP_30159","HC_DB_NJ_2022-9-23","B4_CviMVP_PlDNA_10_SG.sharedLotterhosPuritz_3054_b35976e5",21,"qpcr_pl2","B4_PlDNA10","B06"
"1610","CviMVP_30159","HC_DB_NJ_2022-9-23","B4_CviMVP_PlDNA_10_SG.sharedLotterhosPuritz_3054_b35976e5",21,"qpcr_pl21","B4_PlDNA10","H03"
"1611","CviMVP_30159","HC_DB_NJ_2022-9-23","B4_CviMVP_PlDNA_10_SG.sharedLotterhosPuritz_3054_b35976e5",21,"qpcr_pl21","B4_PlDNA10","H04"
"1612","CviMVP_30162","HC_DB_NJ_2022-9-23","E10_CviMVP_PlDNA_3_SG.sharedLotterhosPuritz_3055_e8238a80",20,"qpcr_pl12","E10_PIDNA3","F11"
"1613","CviMVP_30162","HC_DB_NJ_2022-9-23","E10_CviMVP_PlDNA_3_SG.sharedLotterhosPuritz_3055_e8238a80",20,"qpcr_pl12","E10_PIDNA3","F12"
"1614","CviMVP_30165","HC_DB_NJ_2022-9-23","D2_CviMVP_PlDNA_4_SG.sharedLotterhosPuritz_3056_728390bb",18,"qpcr_pl13","D2_PIDNA4","C09"
"1615","CviMVP_30165","HC_DB_NJ_2022-9-23","D2_CviMVP_PlDNA_4_SG.sharedLotterhosPuritz_3056_728390bb",18,"qpcr_pl13","D2_PIDNA4","C10"
"1616","CviMVP_30168","HC_DB_NJ_2022-9-23","A5_CviMVP_PlDNA_5_SG.sharedLotterhosPuritz_3057_d418b8c8",20,"qpcr_pl17","A5_PIDNA5","B11"
"1617","CviMVP_30168","HC_DB_NJ_2022-9-23","A5_CviMVP_PlDNA_5_SG.sharedLotterhosPuritz_3057_d418b8c8",20,"qpcr_pl17","A5_PIDNA5","B12"
"1618","CviMVP_30174","HC_DB_NJ_2022-9-23","E2_CviMVP_PlDNA_6_SG.sharedLotterhosPuritz_3059_85a6ff3b",19,"qpcr_pl20","E2_PIDNA6","E09"
"1619","CviMVP_30174","HC_DB_NJ_2022-9-23","E2_CviMVP_PlDNA_6_SG.sharedLotterhosPuritz_3059_85a6ff3b",19,"qpcr_pl20","E2_PIDNA6","E10"
